	<A>	owl:sameAs	<http://dbpedia.org/resource/A>	
	<Alabama>	owl:sameAs	<http://dbpedia.org/resource/Alabama>	
	<Achilles>	owl:sameAs	<http://dbpedia.org/resource/Achilles>	
	<Abraham_Lincoln>	owl:sameAs	<http://dbpedia.org/resource/Abraham_Lincoln>	
	<Aristotle>	owl:sameAs	<http://dbpedia.org/resource/Aristotle>	
	<An_American_in_Paris>	owl:sameAs	<http://dbpedia.org/resource/An_American_in_Paris>	
	<Academy_Award_for_Best_Art_Direction>	owl:sameAs	<http://dbpedia.org/resource/Academy_Award_for_Best_Art_Direction>	
	<Academy_Award>	owl:sameAs	<http://dbpedia.org/resource/Academy_Award>	
	<Actrius>	owl:sameAs	<http://dbpedia.org/resource/Actrius>	
	<Animalia_(book)>	owl:sameAs	<http://dbpedia.org/resource/Animalia_(book)>	
	<International_Atomic_Time>	owl:sameAs	<http://dbpedia.org/resource/International_Atomic_Time>	
	<Ayn_Rand>	owl:sameAs	<http://dbpedia.org/resource/Ayn_Rand>	
	<Alain_Connes>	owl:sameAs	<http://dbpedia.org/resource/Alain_Connes>	
	<Allan_Dwan>	owl:sameAs	<http://dbpedia.org/resource/Allan_Dwan>	
	<Algeria>	owl:sameAs	<http://dbpedia.org/resource/Algeria>	
	<Amoeboid>	owl:sameAs	<http://dbpedia.org/resource/Amoeboid>	
	<Apollo>	owl:sameAs	<http://dbpedia.org/resource/Apollo>	
	<Andre_Agassi>	owl:sameAs	<http://dbpedia.org/resource/Andre_Agassi>	
	<Austro-Asiatic_languages>	owl:sameAs	<http://dbpedia.org/resource/Austro-Asiatic_languages>	
	<Afroasiatic_languages>	owl:sameAs	<http://dbpedia.org/resource/Afroasiatic_languages>	
	<Andorra>	owl:sameAs	<http://dbpedia.org/resource/Andorra>	
	<American_Football_Conference>	owl:sameAs	<http://dbpedia.org/resource/American_Football_Conference>	
	<Animal_Farm>	owl:sameAs	<http://dbpedia.org/resource/Animal_Farm>	
	<Alaska>	owl:sameAs	<http://dbpedia.org/resource/Alaska>	
	<Aldous_Huxley>	owl:sameAs	<http://dbpedia.org/resource/Aldous_Huxley>	
	<America_the_Beautiful>	owl:sameAs	<http://dbpedia.org/resource/America_the_Beautiful>	
	<American_National_Standards_Institute>	owl:sameAs	<http://dbpedia.org/resource/American_National_Standards_Institute>	
	<A_Modest_Proposal>	owl:sameAs	<http://dbpedia.org/resource/A_Modest_Proposal>	
	<Affirming_the_consequent>	owl:sameAs	<http://dbpedia.org/resource/Affirming_the_consequent>	
	<Andrei_Tarkovsky>	owl:sameAs	<http://dbpedia.org/resource/Andrei_Tarkovsky>	
	<Asia>	owl:sameAs	<http://dbpedia.org/resource/Asia>	
	<Aruba>	owl:sameAs	<http://dbpedia.org/resource/Aruba>	
	<Articles_of_Confederation>	owl:sameAs	<http://dbpedia.org/resource/Articles_of_Confederation>	
	<Arthur_Schopenhauer>	owl:sameAs	<http://dbpedia.org/resource/Arthur_Schopenhauer>	
	<Angola>	owl:sameAs	<http://dbpedia.org/resource/Angola>	
	<Angolan_Armed_Forces>	owl:sameAs	<http://dbpedia.org/resource/Angolan_Armed_Forces>	
	<Albert_Sidney_Johnston>	owl:sameAs	<http://dbpedia.org/resource/Albert_Sidney_Johnston>	
	<Android_(robot)>	owl:sameAs	<http://dbpedia.org/resource/Android_(robot)>	
	<Alberta>	owl:sameAs	<http://dbpedia.org/resource/Alberta>	
	<Arctic_Circle>	owl:sameAs	<http://dbpedia.org/resource/Arctic_Circle>	
	<Albert_Einstein>	owl:sameAs	<http://dbpedia.org/resource/Albert_Einstein>	
	<Afghanistan>	owl:sameAs	<http://dbpedia.org/resource/Afghanistan>	
	<Albania>	owl:sameAs	<http://dbpedia.org/resource/Albania>	
	<Allah>	owl:sameAs	<http://dbpedia.org/resource/Allah>	
	<Azerbaijan>	owl:sameAs	<http://dbpedia.org/resource/Azerbaijan>	
	<Agnostida>	owl:sameAs	<http://dbpedia.org/resource/Agnostida>	
	<American_Revolutionary_War>	owl:sameAs	<http://dbpedia.org/resource/American_Revolutionary_War>	
	<Annual_plant>	owl:sameAs	<http://dbpedia.org/resource/Annual_plant>	
	<Anthophyta>	owl:sameAs	<http://dbpedia.org/resource/Anthophyta>	
	<Alexander_the_Great>	owl:sameAs	<http://dbpedia.org/resource/Alexander_the_Great>	
	<Alfred_Korzybski>	owl:sameAs	<http://dbpedia.org/resource/Alfred_Korzybski>	
	<Asteroids_(video_game)>	owl:sameAs	<http://dbpedia.org/resource/Asteroids_(video_game)>	
	<Asparagales>	owl:sameAs	<http://dbpedia.org/resource/Asparagales>	
	<Alismatales>	owl:sameAs	<http://dbpedia.org/resource/Alismatales>	
	<Apiales>	owl:sameAs	<http://dbpedia.org/resource/Apiales>	
	<Asterales>	owl:sameAs	<http://dbpedia.org/resource/Asterales>	
	<Aries_(constellation)>	owl:sameAs	<http://dbpedia.org/resource/Aries_(constellation)>	
	<Aquarius_(constellation)>	owl:sameAs	<http://dbpedia.org/resource/Aquarius_(constellation)>	
	<Ankara>	owl:sameAs	<http://dbpedia.org/resource/Ankara>	
	<Arabic_language>	owl:sameAs	<http://dbpedia.org/resource/Arabic_language>	
	<Alfred_Hitchcock>	owl:sameAs	<http://dbpedia.org/resource/Alfred_Hitchcock>	
	<Altaic_languages>	owl:sameAs	<http://dbpedia.org/resource/Altaic_languages>	
	<Austrian_German>	owl:sameAs	<http://dbpedia.org/resource/Austrian_German>	
	<Attila>	owl:sameAs	<http://dbpedia.org/resource/Attila>	
	<Aegean_Sea>	owl:sameAs	<http://dbpedia.org/resource/Aegean_Sea>	
	<A_Clockwork_Orange>	owl:sameAs	<http://dbpedia.org/resource/A_Clockwork_Orange>	
	<Amsterdam>	owl:sameAs	<http://dbpedia.org/resource/Amsterdam>	
	<Museum_of_Work>	owl:sameAs	<http://dbpedia.org/resource/Museum_of_Work>	
	<Audi>	owl:sameAs	<http://dbpedia.org/resource/Audi>	
	<Alfred_Nobel>	owl:sameAs	<http://dbpedia.org/resource/Alfred_Nobel>	
	<Alexander_Graham_Bell>	owl:sameAs	<http://dbpedia.org/resource/Alexander_Graham_Bell>	
	<Anatolia>	owl:sameAs	<http://dbpedia.org/resource/Anatolia>	
	<Apple_Inc.>	owl:sameAs	<http://dbpedia.org/resource/Apple_Inc.>	
	<Aberdeenshire>	owl:sameAs	<http://dbpedia.org/resource/Aberdeenshire>	
	<Aztlan_Underground>	owl:sameAs	<http://dbpedia.org/resource/Aztlan_Underground>	
	<American_Civil_War>	owl:sameAs	<http://dbpedia.org/resource/American_Civil_War>	
	<Andy_Warhol>	owl:sameAs	<http://dbpedia.org/resource/Andy_Warhol>	
	<Alp_Arslan>	owl:sameAs	<http://dbpedia.org/resource/Alp_Arslan>	
	<American_Film_Institute>	owl:sameAs	<http://dbpedia.org/resource/American_Film_Institute>	
	<Akira_Kurosawa>	owl:sameAs	<http://dbpedia.org/resource/Akira_Kurosawa>	
	<Ancient_Egypt>	owl:sameAs	<http://dbpedia.org/resource/Ancient_Egypt>	
	<Analog_Brothers>	owl:sameAs	<http://dbpedia.org/resource/Analog_Brothers>	
	<Abugida>	owl:sameAs	<http://dbpedia.org/resource/Abugida>	
	<ABBA>	owl:sameAs	<http://dbpedia.org/resource/ABBA>	
	<MessagePad>	owl:sameAs	<http://dbpedia.org/resource/MessagePad>	
	<A._E._van_Vogt>	owl:sameAs	<http://dbpedia.org/resource/A._E._van_Vogt>	
	<Anna_Kournikova>	owl:sameAs	<http://dbpedia.org/resource/Anna_Kournikova>	
	<Alfons_Maria_Jakob>	owl:sameAs	<http://dbpedia.org/resource/Alfons_Maria_Jakob>	
	<Advanced_Chemistry>	owl:sameAs	<http://dbpedia.org/resource/Advanced_Chemistry>	
	<Anglican_Communion>	owl:sameAs	<http://dbpedia.org/resource/Anglican_Communion>	
	<Arne_Kaijser>	owl:sameAs	<http://dbpedia.org/resource/Arne_Kaijser>	
	<Andrey_Markov>	owl:sameAs	<http://dbpedia.org/resource/Andrey_Markov>	
	<A._A._Milne>	owl:sameAs	<http://dbpedia.org/resource/A._A._Milne>	
	<Asociación_Alumni>	owl:sameAs	<http://dbpedia.org/resource/Asociación_Alumni>	
	<Alvin_Toffler>	owl:sameAs	<http://dbpedia.org/resource/Alvin_Toffler>	
	<The_Amazing_Spider-Man>	owl:sameAs	<http://dbpedia.org/resource/The_Amazing_Spider-Man>	
	<Azincourt>	owl:sameAs	<http://dbpedia.org/resource/Azincourt>	
	<Albert_Speer>	owl:sameAs	<http://dbpedia.org/resource/Albert_Speer>	
	<Asteraceae>	owl:sameAs	<http://dbpedia.org/resource/Asteraceae>	
	<Apiaceae>	owl:sameAs	<http://dbpedia.org/resource/Apiaceae>	
	<Aramaic_alphabet>	owl:sameAs	<http://dbpedia.org/resource/Aramaic_alphabet>	
	<Acute_disseminated_encephalomyelitis>	owl:sameAs	<http://dbpedia.org/resource/Acute_disseminated_encephalomyelitis>	
	<Abdul_Alhazred>	owl:sameAs	<http://dbpedia.org/resource/Abdul_Alhazred>	
	<Ada_Lovelace>	owl:sameAs	<http://dbpedia.org/resource/Ada_Lovelace>	
	<August_Derleth>	owl:sameAs	<http://dbpedia.org/resource/August_Derleth>	
	<Alps>	owl:sameAs	<http://dbpedia.org/resource/Alps>	
	<Albert_Camus>	owl:sameAs	<http://dbpedia.org/resource/Albert_Camus>	
	<Agatha_Christie>	owl:sameAs	<http://dbpedia.org/resource/Agatha_Christie>	
	<The_Plague>	owl:sameAs	<http://dbpedia.org/resource/The_Plague>	
	<Analog_signal>	owl:sameAs	<http://dbpedia.org/resource/Analog_signal>	
	<Hercule_Poirot>	owl:sameAs	<http://dbpedia.org/resource/Hercule_Poirot>	
	<Miss_Marple>	owl:sameAs	<http://dbpedia.org/resource/Miss_Marple>	
	<April>	owl:sameAs	<http://dbpedia.org/resource/April>	
	<August>	owl:sameAs	<http://dbpedia.org/resource/August>	
	<Aaron>	owl:sameAs	<http://dbpedia.org/resource/Aaron>	
	<Achill_Island>	owl:sameAs	<http://dbpedia.org/resource/Achill_Island>	
	<Allen_Ginsberg>	owl:sameAs	<http://dbpedia.org/resource/Allen_Ginsberg>	
	<Anatoly_Karpov>	owl:sameAs	<http://dbpedia.org/resource/Anatoly_Karpov>	
	<Anarcho-capitalism>	owl:sameAs	<http://dbpedia.org/resource/Anarcho-capitalism>	
	<Aristophanes>	owl:sameAs	<http://dbpedia.org/resource/Aristophanes>	
	<Albert_Schweitzer>	owl:sameAs	<http://dbpedia.org/resource/Albert_Schweitzer>	
	<Austrian_School>	owl:sameAs	<http://dbpedia.org/resource/Austrian_School>	
	<Ancient_Pueblo_Peoples>	owl:sameAs	<http://dbpedia.org/resource/Ancient_Pueblo_Peoples>	
	<Aalborg_Municipality>	owl:sameAs	<http://dbpedia.org/resource/Aalborg_Municipality>	
	<Aarhus>	owl:sameAs	<http://dbpedia.org/resource/Aarhus>	
	<Alexis_Carrel>	owl:sameAs	<http://dbpedia.org/resource/Alexis_Carrel>	
	<All_Souls'_Day>	owl:sameAs	<http://dbpedia.org/resource/All_Souls'_Day>	
	<Anatole_France>	owl:sameAs	<http://dbpedia.org/resource/Anatole_France>	
	<André_Gide>	owl:sameAs	<http://dbpedia.org/resource/André_Gide>	
	<Algorithms_for_calculating_variance>	owl:sameAs	<http://dbpedia.org/resource/Algorithms_for_calculating_variance>	
	<Azerbaijani_Armed_Forces>	owl:sameAs	<http://dbpedia.org/resource/Azerbaijani_Armed_Forces>	
	<Armenia>	owl:sameAs	<http://dbpedia.org/resource/Armenia>	
	<Armed_Forces_of_Armenia>	owl:sameAs	<http://dbpedia.org/resource/Armed_Forces_of_Armenia>	
	<Avicenna>	owl:sameAs	<http://dbpedia.org/resource/Avicenna>	
	<The_Ashes>	owl:sameAs	<http://dbpedia.org/resource/The_Ashes>	
	<Abner_Doubleday>	owl:sameAs	<http://dbpedia.org/resource/Abner_Doubleday>	
	<America's_National_Game>	owl:sameAs	<http://dbpedia.org/resource/America's_National_Game>	
	<Augustin-Jean_Fresnel>	owl:sameAs	<http://dbpedia.org/resource/Augustin-Jean_Fresnel>	
	<Ardipithecus>	owl:sameAs	<http://dbpedia.org/resource/Ardipithecus>	
	<Adelaide>	owl:sameAs	<http://dbpedia.org/resource/Adelaide>	
	<Alan_Garner>	owl:sameAs	<http://dbpedia.org/resource/Alan_Garner>	
	<Afro_Celt_Sound_System>	owl:sameAs	<http://dbpedia.org/resource/Afro_Celt_Sound_System>	
	<Anaximander>	owl:sameAs	<http://dbpedia.org/resource/Anaximander>	
	<Aphrodite>	owl:sameAs	<http://dbpedia.org/resource/Aphrodite>	
	<Aleister_Crowley>	owl:sameAs	<http://dbpedia.org/resource/Aleister_Crowley>	
	<Athena>	owl:sameAs	<http://dbpedia.org/resource/Athena>	
	<Amber_Diceless_Roleplaying_Game>	owl:sameAs	<http://dbpedia.org/resource/Amber_Diceless_Roleplaying_Game>	
	<Articles_of_Faith>	owl:sameAs	<http://dbpedia.org/resource/Articles_of_Faith>	
	<American_Sign_Language>	owl:sameAs	<http://dbpedia.org/resource/American_Sign_Language>	
	<Alternate_history>	owl:sameAs	<http://dbpedia.org/resource/Alternate_history>	
	<Atomic_orbital>	owl:sameAs	<http://dbpedia.org/resource/Atomic_orbital>	
	<Alan_Turing>	owl:sameAs	<http://dbpedia.org/resource/Alan_Turing>	
	<Astronomical_unit>	owl:sameAs	<http://dbpedia.org/resource/Astronomical_unit>	
	<Actaeon>	owl:sameAs	<http://dbpedia.org/resource/Actaeon>	
	<Athens>	owl:sameAs	<http://dbpedia.org/resource/Athens>	
	<Anguilla>	owl:sameAs	<http://dbpedia.org/resource/Anguilla>	
	<Telecommunications_in_Anguilla>	owl:sameAs	<http://dbpedia.org/resource/Telecommunications_in_Anguilla>	
	<Alexander_Mackenzie>	owl:sameAs	<http://dbpedia.org/resource/Alexander_Mackenzie>	
	<Ashoka>	owl:sameAs	<http://dbpedia.org/resource/Ashoka>	
	<Ada_(programming_language)>	owl:sameAs	<http://dbpedia.org/resource/Ada_(programming_language)>	
	<Alfonso_Arau>	owl:sameAs	<http://dbpedia.org/resource/Alfonso_Arau>	
	<Alfonso_Cuarón>	owl:sameAs	<http://dbpedia.org/resource/Alfonso_Cuarón>	
	<Arianism>	owl:sameAs	<http://dbpedia.org/resource/Arianism>	
	<Antoninus_Pius>	owl:sameAs	<http://dbpedia.org/resource/Antoninus_Pius>	
	<Advanced_Encryption_Standard>	owl:sameAs	<http://dbpedia.org/resource/Advanced_Encryption_Standard>	
	<Extreme_poverty>	owl:sameAs	<http://dbpedia.org/resource/Extreme_poverty>	
	<Analytical_Engine>	owl:sameAs	<http://dbpedia.org/resource/Analytical_Engine>	
	<Augustus>	owl:sameAs	<http://dbpedia.org/resource/Augustus>	
	<Antarctic_Treaty_System>	owl:sameAs	<http://dbpedia.org/resource/Antarctic_Treaty_System>	
	<Algernon_Swinburne>	owl:sameAs	<http://dbpedia.org/resource/Algernon_Swinburne>	
	<Alfred_Lawson>	owl:sameAs	<http://dbpedia.org/resource/Alfred_Lawson>	
	<Ames,_Iowa>	owl:sameAs	<http://dbpedia.org/resource/Ames,_Iowa>	
	<Abdominal_surgery>	owl:sameAs	<http://dbpedia.org/resource/Abdominal_surgery>	
	<Abensberg>	owl:sameAs	<http://dbpedia.org/resource/Abensberg>	
	<Arminianism>	owl:sameAs	<http://dbpedia.org/resource/Arminianism>	
	<The_Alan_Parsons_Project>	owl:sameAs	<http://dbpedia.org/resource/The_Alan_Parsons_Project>	
	<Annales_School>	owl:sameAs	<http://dbpedia.org/resource/Annales_School>	
	<Casa_Batlló>	owl:sameAs	<http://dbpedia.org/resource/Casa_Batlló>	
	<Park_Güell>	owl:sameAs	<http://dbpedia.org/resource/Park_Güell>	
	<Casa_Milà>	owl:sameAs	<http://dbpedia.org/resource/Casa_Milà>	
	<A.D.>	owl:sameAs	<http://dbpedia.org/resource/A.D.>	
	<Arabian_Prince>	owl:sameAs	<http://dbpedia.org/resource/Arabian_Prince>	
	<Associative_property>	owl:sameAs	<http://dbpedia.org/resource/Associative_property>	
	<Apache_Software_Foundation>	owl:sameAs	<http://dbpedia.org/resource/Apache_Software_Foundation>	
	<Apple_I>	owl:sameAs	<http://dbpedia.org/resource/Apple_I>	
	<Atanasoff–Berry_Computer>	owl:sameAs	<http://dbpedia.org/resource/Atanasoff–Berry_Computer>	
	<Andes>	owl:sameAs	<http://dbpedia.org/resource/Andes>	
	<Anbar_(town)>	owl:sameAs	<http://dbpedia.org/resource/Anbar_(town)>	
	<Anazarbus>	owl:sameAs	<http://dbpedia.org/resource/Anazarbus>	
	<Anadyr_River>	owl:sameAs	<http://dbpedia.org/resource/Anadyr_River>	
	<André-Marie_Ampère>	owl:sameAs	<http://dbpedia.org/resource/André-Marie_Ampère>	
	<Albertosaurus>	owl:sameAs	<http://dbpedia.org/resource/Albertosaurus>	
	<Ambrose>	owl:sameAs	<http://dbpedia.org/resource/Ambrose>	
	<Ambracia>	owl:sameAs	<http://dbpedia.org/resource/Ambracia>	
	<Amalaric>	owl:sameAs	<http://dbpedia.org/resource/Amalaric>	
	<Alphorn>	owl:sameAs	<http://dbpedia.org/resource/Alphorn>	
	<Amos_Bronson_Alcott>	owl:sameAs	<http://dbpedia.org/resource/Amos_Bronson_Alcott>	
	<Ahab>	owl:sameAs	<http://dbpedia.org/resource/Ahab>	
	<Dasyproctidae>	owl:sameAs	<http://dbpedia.org/resource/Dasyproctidae>	
	<Algol>	owl:sameAs	<http://dbpedia.org/resource/Algol>	
	<Amazing_Grace>	owl:sameAs	<http://dbpedia.org/resource/Amazing_Grace>	
	<AOL>	owl:sameAs	<http://dbpedia.org/resource/AOL>	
	<Anno_Domini>	owl:sameAs	<http://dbpedia.org/resource/Anno_Domini>	
	<Alcuin>	owl:sameAs	<http://dbpedia.org/resource/Alcuin>	
	<Angilbert>	owl:sameAs	<http://dbpedia.org/resource/Angilbert>	
	<Antonio_Vivaldi>	owl:sameAs	<http://dbpedia.org/resource/Antonio_Vivaldi>	
	<Aar>	owl:sameAs	<http://dbpedia.org/resource/Aar>	
	<Abbotsford_House>	owl:sameAs	<http://dbpedia.org/resource/Abbotsford_House>	
	<Abraham>	owl:sameAs	<http://dbpedia.org/resource/Abraham>	
	<Abraxas>	owl:sameAs	<http://dbpedia.org/resource/Abraxas>	
	<Absalom>	owl:sameAs	<http://dbpedia.org/resource/Absalom>	
	<Abydos,_Egypt>	owl:sameAs	<http://dbpedia.org/resource/Abydos,_Egypt>	
	<Abydos_(Hellespont)>	owl:sameAs	<http://dbpedia.org/resource/Abydos_(Hellespont)>	
	<Acapulco>	owl:sameAs	<http://dbpedia.org/resource/Acapulco>	
	<Alan_Kay>	owl:sameAs	<http://dbpedia.org/resource/Alan_Kay>	
	<APL_(programming_language)>	owl:sameAs	<http://dbpedia.org/resource/APL_(programming_language)>	
	<ALGOL>	owl:sameAs	<http://dbpedia.org/resource/ALGOL>	
	<AWK>	owl:sameAs	<http://dbpedia.org/resource/AWK>	
	<Asgard>	owl:sameAs	<http://dbpedia.org/resource/Asgard>	
	<Apollo_program>	owl:sameAs	<http://dbpedia.org/resource/Apollo_program>	
	<Álfheimr>	owl:sameAs	<http://dbpedia.org/resource/Álfheimr>	
	<Alain_de_Lille>	owl:sameAs	<http://dbpedia.org/resource/Alain_de_Lille>	
	<Alemanni>	owl:sameAs	<http://dbpedia.org/resource/Alemanni>	
	<American_Stock_Exchange>	owl:sameAs	<http://dbpedia.org/resource/American_Stock_Exchange>	
	<Alfred_Russel_Wallace>	owl:sameAs	<http://dbpedia.org/resource/Alfred_Russel_Wallace>	
	<Australian_Labor_Party>	owl:sameAs	<http://dbpedia.org/resource/Australian_Labor_Party>	
	<Dodo_(Alice's_Adventures_in_Wonderland)>	owl:sameAs	<http://dbpedia.org/resource/Dodo_(Alice's_Adventures_in_Wonderland)>	
	<Eaglet_(Alice's_Adventures_in_Wonderland)>	owl:sameAs	<http://dbpedia.org/resource/Eaglet_(Alice's_Adventures_in_Wonderland)>	
	<Albert_Alcibiades,_Margrave_of_Brandenburg-Kulmbach>	owl:sameAs	<http://dbpedia.org/resource/Albert_Alcibiades,_Margrave_of_Brandenburg-Kulmbach>	
	<Albert_the_Bear>	owl:sameAs	<http://dbpedia.org/resource/Albert_the_Bear>	
	<Albert_of_Mainz>	owl:sameAs	<http://dbpedia.org/resource/Albert_of_Mainz>	
	<Albert,_Duke_of_Prussia>	owl:sameAs	<http://dbpedia.org/resource/Albert,_Duke_of_Prussia>	
	<Aachen>	owl:sameAs	<http://dbpedia.org/resource/Aachen>	
	<Abner>	owl:sameAs	<http://dbpedia.org/resource/Abner>	
	<Ahmed_I>	owl:sameAs	<http://dbpedia.org/resource/Ahmed_I>	
	<Ahmed_II>	owl:sameAs	<http://dbpedia.org/resource/Ahmed_II>	
	<Ahmed_III>	owl:sameAs	<http://dbpedia.org/resource/Ahmed_III>	
	<Ainu_people>	owl:sameAs	<http://dbpedia.org/resource/Ainu_people>	
	<Aeneas>	owl:sameAs	<http://dbpedia.org/resource/Aeneas>	
	<Agapanthus_africanus>	owl:sameAs	<http://dbpedia.org/resource/Agapanthus_africanus>	
	<Agamemnon>	owl:sameAs	<http://dbpedia.org/resource/Agamemnon>	
	<Aga_Khan_I>	owl:sameAs	<http://dbpedia.org/resource/Aga_Khan_I>	
	<Aga_Khan_III>	owl:sameAs	<http://dbpedia.org/resource/Aga_Khan_III>	
	<Alexander_Emanuel_Agassiz>	owl:sameAs	<http://dbpedia.org/resource/Alexander_Emanuel_Agassiz>	
	<Agathon>	owl:sameAs	<http://dbpedia.org/resource/Agathon>	
	<Agesilaus_II>	owl:sameAs	<http://dbpedia.org/resource/Agesilaus_II>	
	<Antonio_Agliardi>	owl:sameAs	<http://dbpedia.org/resource/Antonio_Agliardi>	
	<Agnes_of_Merania>	owl:sameAs	<http://dbpedia.org/resource/Agnes_of_Merania>	
	<Agni>	owl:sameAs	<http://dbpedia.org/resource/Agni>	
	<Agrippina_the_Elder>	owl:sameAs	<http://dbpedia.org/resource/Agrippina_the_Elder>	
	<Agrippina_the_Younger>	owl:sameAs	<http://dbpedia.org/resource/Agrippina_the_Younger>	
	<Ahenobarbus>	owl:sameAs	<http://dbpedia.org/resource/Ahenobarbus>	
	<Ahmad_Shah_Durrani>	owl:sameAs	<http://dbpedia.org/resource/Ahmad_Shah_Durrani>	
	<Arthur_Aikin>	owl:sameAs	<http://dbpedia.org/resource/Arthur_Aikin>	
	<Aimoin>	owl:sameAs	<http://dbpedia.org/resource/Aimoin>	
	<Ajax_the_Lesser>	owl:sameAs	<http://dbpedia.org/resource/Ajax_the_Lesser>	
	<Ajax_(mythology)>	owl:sameAs	<http://dbpedia.org/resource/Ajax_(mythology)>	
	<Alaric_I>	owl:sameAs	<http://dbpedia.org/resource/Alaric_I>	
	<Alaric_II>	owl:sameAs	<http://dbpedia.org/resource/Alaric_II>	
	<Albertus_Magnus>	owl:sameAs	<http://dbpedia.org/resource/Albertus_Magnus>	
	<Alboin>	owl:sameAs	<http://dbpedia.org/resource/Alboin>	
	<Afonso_de_Albuquerque>	owl:sameAs	<http://dbpedia.org/resource/Afonso_de_Albuquerque>	
	<Alcaeus_of_Mytilene>	owl:sameAs	<http://dbpedia.org/resource/Alcaeus_of_Mytilene>	
	<Alcamenes>	owl:sameAs	<http://dbpedia.org/resource/Alcamenes>	
	<Alcmene>	owl:sameAs	<http://dbpedia.org/resource/Alcmene>	
	<Alcidamas>	owl:sameAs	<http://dbpedia.org/resource/Alcidamas>	
	<Aldine_Press>	owl:sameAs	<http://dbpedia.org/resource/Aldine_Press>	
	<Ealdred_(bishop)>	owl:sameAs	<http://dbpedia.org/resource/Ealdred_(bishop)>	
	<Alexander_I_of_Epirus>	owl:sameAs	<http://dbpedia.org/resource/Alexander_I_of_Epirus>	
	<Alexander_Balas>	owl:sameAs	<http://dbpedia.org/resource/Alexander_Balas>	
	<Alexander_of_Pherae>	owl:sameAs	<http://dbpedia.org/resource/Alexander_of_Pherae>	
	<Alexander_II_of_Epirus>	owl:sameAs	<http://dbpedia.org/resource/Alexander_II_of_Epirus>	
	<Alexander_Jagiellon>	owl:sameAs	<http://dbpedia.org/resource/Alexander_Jagiellon>	
	<Alexander_II_of_Russia>	owl:sameAs	<http://dbpedia.org/resource/Alexander_II_of_Russia>	
	<Alexander_III_of_Russia>	owl:sameAs	<http://dbpedia.org/resource/Alexander_III_of_Russia>	
	<Alexander_I_of_Scotland>	owl:sameAs	<http://dbpedia.org/resource/Alexander_I_of_Scotland>	
	<Alexander_II_of_Scotland>	owl:sameAs	<http://dbpedia.org/resource/Alexander_II_of_Scotland>	
	<Alexander_I_of_Serbia>	owl:sameAs	<http://dbpedia.org/resource/Alexander_I_of_Serbia>	
	<Alexander_III_of_Scotland>	owl:sameAs	<http://dbpedia.org/resource/Alexander_III_of_Scotland>	
	<Alexander_of_Aphrodisias>	owl:sameAs	<http://dbpedia.org/resource/Alexander_of_Aphrodisias>	
	<Alexander_Severus>	owl:sameAs	<http://dbpedia.org/resource/Alexander_Severus>	
	<Alexander_Aetolus>	owl:sameAs	<http://dbpedia.org/resource/Alexander_Aetolus>	
	<Alexander_Jannaeus>	owl:sameAs	<http://dbpedia.org/resource/Alexander_Jannaeus>	
	<Alexios_I_Komnenos>	owl:sameAs	<http://dbpedia.org/resource/Alexios_I_Komnenos>	
	<Alexis>	owl:sameAs	<http://dbpedia.org/resource/Alexis>	
	<Alexios_II_Komnenos>	owl:sameAs	<http://dbpedia.org/resource/Alexios_II_Komnenos>	
	<Alexios_III_Angelos>	owl:sameAs	<http://dbpedia.org/resource/Alexios_III_Angelos>	
	<Alexios_V_Doukas>	owl:sameAs	<http://dbpedia.org/resource/Alexios_V_Doukas>	
	<Alexei_Petrovich,_Tsarevich_of_Russia>	owl:sameAs	<http://dbpedia.org/resource/Alexei_Petrovich,_Tsarevich_of_Russia>	
	<Andrew_Jackson>	owl:sameAs	<http://dbpedia.org/resource/Andrew_Jackson>	
	<Andrew_Johnson>	owl:sameAs	<http://dbpedia.org/resource/Andrew_Johnson>	
	<Aleksandr_Solzhenitsyn>	owl:sameAs	<http://dbpedia.org/resource/Aleksandr_Solzhenitsyn>	
	<Aberdeen>	owl:sameAs	<http://dbpedia.org/resource/Aberdeen>	
	<Hymn_to_Proserpine>	owl:sameAs	<http://dbpedia.org/resource/Hymn_to_Proserpine>	
	<The_Triumph_of_Time>	owl:sameAs	<http://dbpedia.org/resource/The_Triumph_of_Time>	
	<Alfred_the_Great>	owl:sameAs	<http://dbpedia.org/resource/Alfred_the_Great>	
	<Alessandro_Algardi>	owl:sameAs	<http://dbpedia.org/resource/Alessandro_Algardi>	
	<Alger_of_Liège>	owl:sameAs	<http://dbpedia.org/resource/Alger_of_Liège>	
	<Algiers>	owl:sameAs	<http://dbpedia.org/resource/Algiers>	
	<Alhazen>	owl:sameAs	<http://dbpedia.org/resource/Alhazen>	
	<Alessandro_Allori>	owl:sameAs	<http://dbpedia.org/resource/Alessandro_Allori>	
	<Almoravid_dynasty>	owl:sameAs	<http://dbpedia.org/resource/Almoravid_dynasty>	
	<Alyattes_of_Lydia>	owl:sameAs	<http://dbpedia.org/resource/Alyattes_of_Lydia>	
	<Alypius_of_Antioch>	owl:sameAs	<http://dbpedia.org/resource/Alypius_of_Antioch>	
	<Amalasuntha>	owl:sameAs	<http://dbpedia.org/resource/Amalasuntha>	
	<Amalric_of_Bena>	owl:sameAs	<http://dbpedia.org/resource/Amalric_of_Bena>	
	<Afonso_I_of_Portugal>	owl:sameAs	<http://dbpedia.org/resource/Afonso_I_of_Portugal>	
	<Afonso_II_of_Portugal>	owl:sameAs	<http://dbpedia.org/resource/Afonso_II_of_Portugal>	
	<Afonso_III_of_Portugal>	owl:sameAs	<http://dbpedia.org/resource/Afonso_III_of_Portugal>	
	<Afonso_IV_of_Portugal>	owl:sameAs	<http://dbpedia.org/resource/Afonso_IV_of_Portugal>	
	<Afonso_V_of_Portugal>	owl:sameAs	<http://dbpedia.org/resource/Afonso_V_of_Portugal>	
	<Afonso_VI_of_Portugal>	owl:sameAs	<http://dbpedia.org/resource/Afonso_VI_of_Portugal>	
	<Alfonso_II_of_Asturias>	owl:sameAs	<http://dbpedia.org/resource/Alfonso_II_of_Asturias>	
	<Amara_Sinha>	owl:sameAs	<http://dbpedia.org/resource/Amara_Sinha>	
	<Alfonso_XII_of_Spain>	owl:sameAs	<http://dbpedia.org/resource/Alfonso_XII_of_Spain>	
	<Alfonso_XIII_of_Spain>	owl:sameAs	<http://dbpedia.org/resource/Alfonso_XIII_of_Spain>	
	<Alphonsus_a_Sancta_Maria>	owl:sameAs	<http://dbpedia.org/resource/Alphonsus_a_Sancta_Maria>	
	<Alfonso_the_Battler>	owl:sameAs	<http://dbpedia.org/resource/Alfonso_the_Battler>	
	<Alfonso_III_of_Aragon>	owl:sameAs	<http://dbpedia.org/resource/Alfonso_III_of_Aragon>	
	<Alfonso_IV_of_Aragon>	owl:sameAs	<http://dbpedia.org/resource/Alfonso_IV_of_Aragon>	
	<Amasis_II>	owl:sameAs	<http://dbpedia.org/resource/Amasis_II>	
	<Alfonso_V_of_Aragon>	owl:sameAs	<http://dbpedia.org/resource/Alfonso_V_of_Aragon>	
	<Amathus>	owl:sameAs	<http://dbpedia.org/resource/Amathus>	
	<Amati>	owl:sameAs	<http://dbpedia.org/resource/Amati>	
	<Amazons>	owl:sameAs	<http://dbpedia.org/resource/Amazons>	
	<Ambiorix>	owl:sameAs	<http://dbpedia.org/resource/Ambiorix>	
	<August_Wilhelm_Ambros>	owl:sameAs	<http://dbpedia.org/resource/August_Wilhelm_Ambros>	
	<Amazon_River>	owl:sameAs	<http://dbpedia.org/resource/Amazon_River>	
	<Alfred_of_Beverley>	owl:sameAs	<http://dbpedia.org/resource/Alfred_of_Beverley>	
	<Autpert_Ambrose>	owl:sameAs	<http://dbpedia.org/resource/Autpert_Ambrose>	
	<Abu_Bakr>	owl:sameAs	<http://dbpedia.org/resource/Abu_Bakr>	
	<St._Ambrose_Traversari>	owl:sameAs	<http://dbpedia.org/resource/St._Ambrose_Traversari>	
	<Ambrosius_Aurelianus>	owl:sameAs	<http://dbpedia.org/resource/Ambrosius_Aurelianus>	
	<Ammon>	owl:sameAs	<http://dbpedia.org/resource/Ammon>	
	<Ammonius_Hermiae>	owl:sameAs	<http://dbpedia.org/resource/Ammonius_Hermiae>	
	<Ammonius_Saccas>	owl:sameAs	<http://dbpedia.org/resource/Ammonius_Saccas>	
	<Book_of_Amos>	owl:sameAs	<http://dbpedia.org/resource/Book_of_Amos>	
	<Amphipolis>	owl:sameAs	<http://dbpedia.org/resource/Amphipolis>	
	<Amram>	owl:sameAs	<http://dbpedia.org/resource/Amram>	
	<Amyntas_I_of_Macedon>	owl:sameAs	<http://dbpedia.org/resource/Amyntas_I_of_Macedon>	
	<Amyntas_III_of_Macedon>	owl:sameAs	<http://dbpedia.org/resource/Amyntas_III_of_Macedon>	
	<Anacharsis>	owl:sameAs	<http://dbpedia.org/resource/Anacharsis>	
	<Anah>	owl:sameAs	<http://dbpedia.org/resource/Anah>	
	<Ananda>	owl:sameAs	<http://dbpedia.org/resource/Ananda>	
	<Anaxagoras>	owl:sameAs	<http://dbpedia.org/resource/Anaxagoras>	
	<Anaxarchus>	owl:sameAs	<http://dbpedia.org/resource/Anaxarchus>	
	<Anaximenes_of_Lampsacus>	owl:sameAs	<http://dbpedia.org/resource/Anaximenes_of_Lampsacus>	
	<Anaximenes_of_Miletus>	owl:sameAs	<http://dbpedia.org/resource/Anaximenes_of_Miletus>	
	<Ancus_Marcius>	owl:sameAs	<http://dbpedia.org/resource/Ancus_Marcius>	
	<Andaman_Islands>	owl:sameAs	<http://dbpedia.org/resource/Andaman_Islands>	
	<Alexander_Anderson_(mathematician)>	owl:sameAs	<http://dbpedia.org/resource/Alexander_Anderson_(mathematician)>	
	<Andocides>	owl:sameAs	<http://dbpedia.org/resource/Andocides>	
	<Andrea_Andreani>	owl:sameAs	<http://dbpedia.org/resource/Andrea_Andreani>	
	<Andrew_II_of_Hungary>	owl:sameAs	<http://dbpedia.org/resource/Andrew_II_of_Hungary>	
	<An_Enquiry_Concerning_Human_Understanding>	owl:sameAs	<http://dbpedia.org/resource/An_Enquiry_Concerning_Human_Understanding>	
	<André_de_Longjumeau>	owl:sameAs	<http://dbpedia.org/resource/André_de_Longjumeau>	
	<Andriscus>	owl:sameAs	<http://dbpedia.org/resource/Andriscus>	
	<Andronikos_III_Palaiologos>	owl:sameAs	<http://dbpedia.org/resource/Andronikos_III_Palaiologos>	
	<Andronikos_II_Palaiologos>	owl:sameAs	<http://dbpedia.org/resource/Andronikos_II_Palaiologos>	
	<Andronikos_I_Komnenos>	owl:sameAs	<http://dbpedia.org/resource/Andronikos_I_Komnenos>	
	<Andronicus_of_Cyrrhus>	owl:sameAs	<http://dbpedia.org/resource/Andronicus_of_Cyrrhus>	
	<Andronicus_of_Rhodes>	owl:sameAs	<http://dbpedia.org/resource/Andronicus_of_Rhodes>	
	<Ammianus_Marcellinus>	owl:sameAs	<http://dbpedia.org/resource/Ammianus_Marcellinus>	
	<Athenian_democracy>	owl:sameAs	<http://dbpedia.org/resource/Athenian_democracy>	
	<Arabic_numerals>	owl:sameAs	<http://dbpedia.org/resource/Arabic_numerals>	
	<Apuleius>	owl:sameAs	<http://dbpedia.org/resource/Apuleius>	
	<Alexander_Selkirk>	owl:sameAs	<http://dbpedia.org/resource/Alexander_Selkirk>	
	<Anti-ballistic_missile>	owl:sameAs	<http://dbpedia.org/resource/Anti-ballistic_missile>	
	<Arnold_Schwarzenegger>	owl:sameAs	<http://dbpedia.org/resource/Arnold_Schwarzenegger>	
	<Actium>	owl:sameAs	<http://dbpedia.org/resource/Actium>	
	<Amway>	owl:sameAs	<http://dbpedia.org/resource/Amway>	
	<Adam_Smith>	owl:sameAs	<http://dbpedia.org/resource/Adam_Smith>	
	<Antoine_Lavoisier>	owl:sameAs	<http://dbpedia.org/resource/Antoine_Lavoisier>	
	<Adolph_Wilhelm_Hermann_Kolbe>	owl:sameAs	<http://dbpedia.org/resource/Adolph_Wilhelm_Hermann_Kolbe>	
	<Amitabh_Bachchan>	owl:sameAs	<http://dbpedia.org/resource/Amitabh_Bachchan>	
	<Agathocles_of_Syracuse>	owl:sameAs	<http://dbpedia.org/resource/Agathocles_of_Syracuse>	
	<Augustin-Louis_Cauchy>	owl:sameAs	<http://dbpedia.org/resource/Augustin-Louis_Cauchy>	
	<Archimedes>	owl:sameAs	<http://dbpedia.org/resource/Archimedes>	
	<Archimedean_solid>	owl:sameAs	<http://dbpedia.org/resource/Archimedean_solid>	
	<Ancient_Greeks>	owl:sameAs	<http://dbpedia.org/resource/Ancient_Greeks>	
	<Approval_voting>	owl:sameAs	<http://dbpedia.org/resource/Approval_voting>	
	<Arizona_State_University>	owl:sameAs	<http://dbpedia.org/resource/Arizona_State_University>	
	<Astoria,_Oregon>	owl:sameAs	<http://dbpedia.org/resource/Astoria,_Oregon>	
	<Alfred_Jarry>	owl:sameAs	<http://dbpedia.org/resource/Alfred_Jarry>	
	<Amalric_I_of_Jerusalem>	owl:sameAs	<http://dbpedia.org/resource/Amalric_I_of_Jerusalem>	
	<Amalric_II_of_Jerusalem>	owl:sameAs	<http://dbpedia.org/resource/Amalric_II_of_Jerusalem>	
	<Anthemius_of_Tralles>	owl:sameAs	<http://dbpedia.org/resource/Anthemius_of_Tralles>	
	<Absalon>	owl:sameAs	<http://dbpedia.org/resource/Absalon>	
	<Adhemar_of_Le_Puy>	owl:sameAs	<http://dbpedia.org/resource/Adhemar_of_Le_Puy>	
	<Alphonse,_Count_of_Poitiers>	owl:sameAs	<http://dbpedia.org/resource/Alphonse,_Count_of_Poitiers>	
	<Alfonso_Jordan>	owl:sameAs	<http://dbpedia.org/resource/Alfonso_Jordan>	
	<American_English>	owl:sameAs	<http://dbpedia.org/resource/American_English>	
	<Albert_Spalding>	owl:sameAs	<http://dbpedia.org/resource/Albert_Spalding>	
	<Africa_Alphabet>	owl:sameAs	<http://dbpedia.org/resource/Africa_Alphabet>	
	<Acquire>	owl:sameAs	<http://dbpedia.org/resource/Acquire>	
	<Australian_English>	owl:sameAs	<http://dbpedia.org/resource/Australian_English>	
	<Abzyme>	owl:sameAs	<http://dbpedia.org/resource/Abzyme>	
	<Antibiotic_resistance>	owl:sameAs	<http://dbpedia.org/resource/Antibiotic_resistance>	
	<Al-Qaeda>	owl:sameAs	<http://dbpedia.org/resource/Al-Qaeda>	
	<Alessandro_Volta>	owl:sameAs	<http://dbpedia.org/resource/Alessandro_Volta>	
	<Argo_Navis>	owl:sameAs	<http://dbpedia.org/resource/Argo_Navis>	
	<Andromeda_(mythology)>	owl:sameAs	<http://dbpedia.org/resource/Andromeda_(mythology)>	
	<Antlia>	owl:sameAs	<http://dbpedia.org/resource/Antlia>	
	<Ara_(constellation)>	owl:sameAs	<http://dbpedia.org/resource/Ara_(constellation)>	
	<Arkansas>	owl:sameAs	<http://dbpedia.org/resource/Arkansas>	
	<Apus>	owl:sameAs	<http://dbpedia.org/resource/Apus>	
	<Abadan,_Iran>	owl:sameAs	<http://dbpedia.org/resource/Abadan,_Iran>	
	<Alexander_Fleming>	owl:sameAs	<http://dbpedia.org/resource/Alexander_Fleming>	
	<Andrew_Carnegie>	owl:sameAs	<http://dbpedia.org/resource/Andrew_Carnegie>	
	<Approximant_consonant>	owl:sameAs	<http://dbpedia.org/resource/Approximant_consonant>	
	<Astronomer_Royal>	owl:sameAs	<http://dbpedia.org/resource/Astronomer_Royal>	
	<Australian_Democrats>	owl:sameAs	<http://dbpedia.org/resource/Australian_Democrats>	
	<Australian_Capital_Territory>	owl:sameAs	<http://dbpedia.org/resource/Australian_Capital_Territory>	
	<Unit_of_alcohol>	owl:sameAs	<http://dbpedia.org/resource/Unit_of_alcohol>	
	<Ally_McBeal>	owl:sameAs	<http://dbpedia.org/resource/Ally_McBeal>	
	<Andreas_Capellanus>	owl:sameAs	<http://dbpedia.org/resource/Andreas_Capellanus>	
	<American_Civil_Liberties_Union>	owl:sameAs	<http://dbpedia.org/resource/American_Civil_Liberties_Union>	
	<Adobe_Systems>	owl:sameAs	<http://dbpedia.org/resource/Adobe_Systems>	
	<Andrea_Alciato>	owl:sameAs	<http://dbpedia.org/resource/Andrea_Alciato>	
	<American_Revolution>	owl:sameAs	<http://dbpedia.org/resource/American_Revolution>	
	<Alan_Ayckbourn>	owl:sameAs	<http://dbpedia.org/resource/Alan_Ayckbourn>	
	<Alpha_Centauri>	owl:sameAs	<http://dbpedia.org/resource/Alpha_Centauri>	
	<Amiga>	owl:sameAs	<http://dbpedia.org/resource/Amiga>	
	<Abel_Tasman>	owl:sameAs	<http://dbpedia.org/resource/Abel_Tasman>	
	<Austin,_Texas>	owl:sameAs	<http://dbpedia.org/resource/Austin,_Texas>	
	<Argument_from_morality>	owl:sameAs	<http://dbpedia.org/resource/Argument_from_morality>	
	<Auschwitz_concentration_camp>	owl:sameAs	<http://dbpedia.org/resource/Auschwitz_concentration_camp>	
	<Alvar_Aalto>	owl:sameAs	<http://dbpedia.org/resource/Alvar_Aalto>	
	<Antarctic_Circumpolar_Current>	owl:sameAs	<http://dbpedia.org/resource/Antarctic_Circumpolar_Current>	
	<Arbor_Day>	owl:sameAs	<http://dbpedia.org/resource/Arbor_Day>	
	<A._J._Ayer>	owl:sameAs	<http://dbpedia.org/resource/A._J._Ayer>	
	<André_Weil>	owl:sameAs	<http://dbpedia.org/resource/André_Weil>	
	<Achaeans_(Homer)>	owl:sameAs	<http://dbpedia.org/resource/Achaeans_(Homer)>	
	<Atle_Selberg>	owl:sameAs	<http://dbpedia.org/resource/Atle_Selberg>	
	<Aeschylus>	owl:sameAs	<http://dbpedia.org/resource/Aeschylus>	
	<Amber_Road>	owl:sameAs	<http://dbpedia.org/resource/Amber_Road>	
	<Crandall_University>	owl:sameAs	<http://dbpedia.org/resource/Crandall_University>	
	<Andrew_Wiles>	owl:sameAs	<http://dbpedia.org/resource/Andrew_Wiles>	
	<Anne_Brontë>	owl:sameAs	<http://dbpedia.org/resource/Anne_Brontë>	
	<Augustine_of_Hippo>	owl:sameAs	<http://dbpedia.org/resource/Augustine_of_Hippo>	
	<Delian_League>	owl:sameAs	<http://dbpedia.org/resource/Delian_League>	
	<August_Horch>	owl:sameAs	<http://dbpedia.org/resource/August_Horch>	
	<Ares>	owl:sameAs	<http://dbpedia.org/resource/Ares>	
	<Alexander_Grothendieck>	owl:sameAs	<http://dbpedia.org/resource/Alexander_Grothendieck>	
	<Alcoholics_Anonymous>	owl:sameAs	<http://dbpedia.org/resource/Alcoholics_Anonymous>	
	<Alpha_compositing>	owl:sameAs	<http://dbpedia.org/resource/Alpha_compositing>	
	<Array_data_structure>	owl:sameAs	<http://dbpedia.org/resource/Array_data_structure>	
	<Advance_Australia_Fair>	owl:sameAs	<http://dbpedia.org/resource/Advance_Australia_Fair>	
	<Automatic_number_announcement_circuit>	owl:sameAs	<http://dbpedia.org/resource/Automatic_number_announcement_circuit>	
	<Amerigo_Vespucci>	owl:sameAs	<http://dbpedia.org/resource/Amerigo_Vespucci>	
	<Aristide_Maillol>	owl:sameAs	<http://dbpedia.org/resource/Aristide_Maillol>	
	<Antonio_Canova>	owl:sameAs	<http://dbpedia.org/resource/Antonio_Canova>	
	<Auguste_Rodin>	owl:sameAs	<http://dbpedia.org/resource/Auguste_Rodin>	
	<Ann_Arbor,_Michigan>	owl:sameAs	<http://dbpedia.org/resource/Ann_Arbor,_Michigan>	
	<Aircraft_hijacking>	owl:sameAs	<http://dbpedia.org/resource/Aircraft_hijacking>	
	<Acropolis_of_Athens>	owl:sameAs	<http://dbpedia.org/resource/Acropolis_of_Athens>	
	<Adam_Weishaupt>	owl:sameAs	<http://dbpedia.org/resource/Adam_Weishaupt>	
	<Acorn_Electron>	owl:sameAs	<http://dbpedia.org/resource/Acorn_Electron>	
	<Autumn_equinox>	owl:sameAs	<http://dbpedia.org/resource/Autumn_equinox>	
	<A_Fire_Upon_the_Deep>	owl:sameAs	<http://dbpedia.org/resource/A_Fire_Upon_the_Deep>	
	<Acts_of_the_Apostles>	owl:sameAs	<http://dbpedia.org/resource/Acts_of_the_Apostles>	
	<Assyria>	owl:sameAs	<http://dbpedia.org/resource/Assyria>	
	<Abijah>	owl:sameAs	<http://dbpedia.org/resource/Abijah>	
	<Abimelech>	owl:sameAs	<http://dbpedia.org/resource/Abimelech>	
	<Andrew_Tridgell>	owl:sameAs	<http://dbpedia.org/resource/Andrew_Tridgell>	
	<Asterix>	owl:sameAs	<http://dbpedia.org/resource/Asterix>	
	<Arizona_Cardinals>	owl:sameAs	<http://dbpedia.org/resource/Arizona_Cardinals>	
	<Atlanta_Falcons>	owl:sameAs	<http://dbpedia.org/resource/Atlanta_Falcons>	
	<Ansible>	owl:sameAs	<http://dbpedia.org/resource/Ansible>	
	<Adalbert_of_Prague>	owl:sameAs	<http://dbpedia.org/resource/Adalbert_of_Prague>	
	<Ælfheah_of_Canterbury>	owl:sameAs	<http://dbpedia.org/resource/Ælfheah_of_Canterbury>	
	<Associative_algebra>	owl:sameAs	<http://dbpedia.org/resource/Associative_algebra>	
	<Axiom_of_regularity>	owl:sameAs	<http://dbpedia.org/resource/Axiom_of_regularity>	
	<AppleTalk>	owl:sameAs	<http://dbpedia.org/resource/AppleTalk>	
	<Apple_II_series>	owl:sameAs	<http://dbpedia.org/resource/Apple_II_series>	
	<Algebraic_extension>	owl:sameAs	<http://dbpedia.org/resource/Algebraic_extension>	
	<Ani_DiFranco>	owl:sameAs	<http://dbpedia.org/resource/Ani_DiFranco>	
	<Anaheim_Angels>	owl:sameAs	<http://dbpedia.org/resource/Anaheim_Angels>	
	<Arizona_Diamondbacks>	owl:sameAs	<http://dbpedia.org/resource/Arizona_Diamondbacks>	
	<Ark_of_the_Covenant>	owl:sameAs	<http://dbpedia.org/resource/Ark_of_the_Covenant>	
	<Angles>	owl:sameAs	<http://dbpedia.org/resource/Angles>	
	<Atlanta_Braves>	owl:sameAs	<http://dbpedia.org/resource/Atlanta_Braves>	
	<Atari_ST>	owl:sameAs	<http://dbpedia.org/resource/Atari_ST>	
	<Aaliyah>	owl:sameAs	<http://dbpedia.org/resource/Aaliyah>	
	<Armoured_fighting_vehicle>	owl:sameAs	<http://dbpedia.org/resource/Armoured_fighting_vehicle>	
	<Anton_Drexler>	owl:sameAs	<http://dbpedia.org/resource/Anton_Drexler>	
	<All_Quiet_on_the_Western_Front>	owl:sameAs	<http://dbpedia.org/resource/All_Quiet_on_the_Western_Front>	
	<Academic_elitism>	owl:sameAs	<http://dbpedia.org/resource/Academic_elitism>	
	<African_American>	owl:sameAs	<http://dbpedia.org/resource/African_American>	
	<Afrikaans>	owl:sameAs	<http://dbpedia.org/resource/Afrikaans>	
	<Aeolus>	owl:sameAs	<http://dbpedia.org/resource/Aeolus>	
	<Autrefois_convict>	owl:sameAs	<http://dbpedia.org/resource/Autrefois_convict>	
	<Autrefois_acquit>	owl:sameAs	<http://dbpedia.org/resource/Autrefois_acquit>	
	<Alford_plea>	owl:sameAs	<http://dbpedia.org/resource/Alford_plea>	
	<Anti-realism>	owl:sameAs	<http://dbpedia.org/resource/Anti-realism>	
	<Arsenal_F.C.>	owl:sameAs	<http://dbpedia.org/resource/Arsenal_F.C.>	
	<Ahmad_Shah_Massoud>	owl:sameAs	<http://dbpedia.org/resource/Ahmad_Shah_Massoud>	
	<Atlantis>	owl:sameAs	<http://dbpedia.org/resource/Atlantis>	
	<Arcadius>	owl:sameAs	<http://dbpedia.org/resource/Arcadius>	
	<Arab_people>	owl:sameAs	<http://dbpedia.org/resource/Arab_people>	
	<Arcology>	owl:sameAs	<http://dbpedia.org/resource/Arcology>	
	<Amstrad_CPC>	owl:sameAs	<http://dbpedia.org/resource/Amstrad_CPC>	
	<Abdulaziz_al-Omari>	owl:sameAs	<http://dbpedia.org/resource/Abdulaziz_al-Omari>	
	<Aage_Bohr>	owl:sameAs	<http://dbpedia.org/resource/Aage_Bohr>	
	<Arabic_alphabet>	owl:sameAs	<http://dbpedia.org/resource/Arabic_alphabet>	
	<Angels_in_art>	owl:sameAs	<http://dbpedia.org/resource/Angels_in_art>	
	<Arctic_fox>	owl:sameAs	<http://dbpedia.org/resource/Arctic_fox>	
	<Sid_Meier's_Alpha_Centauri>	owl:sameAs	<http://dbpedia.org/resource/Sid_Meier's_Alpha_Centauri>	
	<Abu_Sayyaf>	owl:sameAs	<http://dbpedia.org/resource/Abu_Sayyaf>	
	<Armenian_language>	owl:sameAs	<http://dbpedia.org/resource/Armenian_language>	
	<Ad_hominem>	owl:sameAs	<http://dbpedia.org/resource/Ad_hominem>	
	<Ælle_of_Sussex>	owl:sameAs	<http://dbpedia.org/resource/Ælle_of_Sussex>	
	<Atari>	owl:sameAs	<http://dbpedia.org/resource/Atari>	
	<Acadia_University>	owl:sameAs	<http://dbpedia.org/resource/Acadia_University>	
	<Steel-string_acoustic_guitar>	owl:sameAs	<http://dbpedia.org/resource/Steel-string_acoustic_guitar>	
	<Antipope_John_XXIII>	owl:sameAs	<http://dbpedia.org/resource/Antipope_John_XXIII>	
	<Antonio_Salieri>	owl:sameAs	<http://dbpedia.org/resource/Antonio_Salieri>	
	<Cobble_Hill_Tunnel>	owl:sameAs	<http://dbpedia.org/resource/Cobble_Hill_Tunnel>	
	<Annapolis_Valley>	owl:sameAs	<http://dbpedia.org/resource/Annapolis_Valley>	
	<AFC_Ajax>	owl:sameAs	<http://dbpedia.org/resource/AFC_Ajax>	
	<Arthur_Eddington>	owl:sameAs	<http://dbpedia.org/resource/Arthur_Eddington>	
	<Apple_II>	owl:sameAs	<http://dbpedia.org/resource/Apple_II>	
	<Alexis_Korner>	owl:sameAs	<http://dbpedia.org/resource/Alexis_Korner>	
	<Armored_car_(military)>	owl:sameAs	<http://dbpedia.org/resource/Armored_car_(military)>	
	<Self-propelled_anti-aircraft_weapon>	owl:sameAs	<http://dbpedia.org/resource/Self-propelled_anti-aircraft_weapon>	
	<AZ_(football_club)>	owl:sameAs	<http://dbpedia.org/resource/AZ_(football_club)>	
	<American_Media_(publisher)>	owl:sameAs	<http://dbpedia.org/resource/American_Media_(publisher)>	
	<Aramaic_language>	owl:sameAs	<http://dbpedia.org/resource/Aramaic_language>	
	<Saint_Titus>	owl:sameAs	<http://dbpedia.org/resource/Saint_Titus>	
	<Arthur_Miller>	owl:sameAs	<http://dbpedia.org/resource/Arthur_Miller>	
	<Anton_Diabelli>	owl:sameAs	<http://dbpedia.org/resource/Anton_Diabelli>	
	<Anita_Hill>	owl:sameAs	<http://dbpedia.org/resource/Anita_Hill>	
	<Audio_file_format>	owl:sameAs	<http://dbpedia.org/resource/Audio_file_format>	
	<Amdahl's_law>	owl:sameAs	<http://dbpedia.org/resource/Amdahl's_law>	
	<Ayahuasca>	owl:sameAs	<http://dbpedia.org/resource/Ayahuasca>	
	<Alfonso_Leng>	owl:sameAs	<http://dbpedia.org/resource/Alfonso_Leng>	
	<Abbe_number>	owl:sameAs	<http://dbpedia.org/resource/Abbe_number>	
	<Adamic_language>	owl:sameAs	<http://dbpedia.org/resource/Adamic_language>	
	<Avery_Hopwood>	owl:sameAs	<http://dbpedia.org/resource/Avery_Hopwood>	
	<Antipope_Felix_II>	owl:sameAs	<http://dbpedia.org/resource/Antipope_Felix_II>	
	<Archbishop_of_Canterbury>	owl:sameAs	<http://dbpedia.org/resource/Archbishop_of_Canterbury>	
	<Albion,_Michigan>	owl:sameAs	<http://dbpedia.org/resource/Albion,_Michigan>	
	<American_Football_League>	owl:sameAs	<http://dbpedia.org/resource/American_Football_League>	
	<A.S._Roma>	owl:sameAs	<http://dbpedia.org/resource/A.S._Roma>	
	<Alessandro_Scarlatti>	owl:sameAs	<http://dbpedia.org/resource/Alessandro_Scarlatti>	
	<Aston_Martin>	owl:sameAs	<http://dbpedia.org/resource/Aston_Martin>	
	<Albert_Pike>	owl:sameAs	<http://dbpedia.org/resource/Albert_Pike>	
	<Abdul_Rashid_Dostum>	owl:sameAs	<http://dbpedia.org/resource/Abdul_Rashid_Dostum>	
	<Andhra_Pradesh>	owl:sameAs	<http://dbpedia.org/resource/Andhra_Pradesh>	
	<Andreas_Aagesen>	owl:sameAs	<http://dbpedia.org/resource/Andreas_Aagesen>	
	<Aalen>	owl:sameAs	<http://dbpedia.org/resource/Aalen>	
	<Alois_Alzheimer>	owl:sameAs	<http://dbpedia.org/resource/Alois_Alzheimer>	
	<American_Airlines>	owl:sameAs	<http://dbpedia.org/resource/American_Airlines>	
	<Auger_effect>	owl:sameAs	<http://dbpedia.org/resource/Auger_effect>	
	<Akio_Morita>	owl:sameAs	<http://dbpedia.org/resource/Akio_Morita>	
	<Anthony_Hopkins>	owl:sameAs	<http://dbpedia.org/resource/Anthony_Hopkins>	
	<Ardal_O'Hanlon>	owl:sameAs	<http://dbpedia.org/resource/Ardal_O'Hanlon>	
	<Advanced_Micro_Devices>	owl:sameAs	<http://dbpedia.org/resource/Advanced_Micro_Devices>	
	<Albrecht_Dürer>	owl:sameAs	<http://dbpedia.org/resource/Albrecht_Dürer>	
	<Australian_rules_football>	owl:sameAs	<http://dbpedia.org/resource/Australian_rules_football>	
	<Aon_plc>	owl:sameAs	<http://dbpedia.org/resource/Aon_plc>	
	<Alban_Berg>	owl:sameAs	<http://dbpedia.org/resource/Alban_Berg>	
	<Athanasian_Creed>	owl:sameAs	<http://dbpedia.org/resource/Athanasian_Creed>	
	<Alicante>	owl:sameAs	<http://dbpedia.org/resource/Alicante>	
	<Ann_Widdecombe>	owl:sameAs	<http://dbpedia.org/resource/Ann_Widdecombe>	
	<Aurangzeb>	owl:sameAs	<http://dbpedia.org/resource/Aurangzeb>	
	<Alberto_Giacometti>	owl:sameAs	<http://dbpedia.org/resource/Alberto_Giacometti>	
	<Albrecht_Altdorfer>	owl:sameAs	<http://dbpedia.org/resource/Albrecht_Altdorfer>	
	<House_of_Ascania>	owl:sameAs	<http://dbpedia.org/resource/House_of_Ascania>	
	<Anton_Chekhov>	owl:sameAs	<http://dbpedia.org/resource/Anton_Chekhov>	
	<Action_Against_Hunger>	owl:sameAs	<http://dbpedia.org/resource/Action_Against_Hunger>	
	<Anti-globalization_movement>	owl:sameAs	<http://dbpedia.org/resource/Anti-globalization_movement>	
	<Aarau>	owl:sameAs	<http://dbpedia.org/resource/Aarau>	
	<Ababda_people>	owl:sameAs	<http://dbpedia.org/resource/Ababda_people>	
	<American_Quarter_Horse>	owl:sameAs	<http://dbpedia.org/resource/American_Quarter_Horse>	
	<Abacá>	owl:sameAs	<http://dbpedia.org/resource/Abacá>	
	<Abaddon>	owl:sameAs	<http://dbpedia.org/resource/Abaddon>	
	<Abadeh>	owl:sameAs	<http://dbpedia.org/resource/Abadeh>	
	<Abae>	owl:sameAs	<http://dbpedia.org/resource/Abae>	
	<Abakan>	owl:sameAs	<http://dbpedia.org/resource/Abakan>	
	<Arc_de_Triomphe>	owl:sameAs	<http://dbpedia.org/resource/Arc_de_Triomphe>	
	<Ambrosius_Bosschaert>	owl:sameAs	<http://dbpedia.org/resource/Ambrosius_Bosschaert>	
	<Acantharea>	owl:sameAs	<http://dbpedia.org/resource/Acantharea>	
	<African_National_Congress>	owl:sameAs	<http://dbpedia.org/resource/African_National_Congress>	
	<Arnulf_of_Carinthia>	owl:sameAs	<http://dbpedia.org/resource/Arnulf_of_Carinthia>	
	<Alexanderplatz>	owl:sameAs	<http://dbpedia.org/resource/Alexanderplatz>	
	<Asian_Development_Bank>	owl:sameAs	<http://dbpedia.org/resource/Asian_Development_Bank>	
	<Aswan>	owl:sameAs	<http://dbpedia.org/resource/Aswan>	
	<Adelaide_of_Italy>	owl:sameAs	<http://dbpedia.org/resource/Adelaide_of_Italy>	
	<Agostino_Carracci>	owl:sameAs	<http://dbpedia.org/resource/Agostino_Carracci>	
	<Alexander_Kerensky>	owl:sameAs	<http://dbpedia.org/resource/Alexander_Kerensky>	
	<Ansgar>	owl:sameAs	<http://dbpedia.org/resource/Ansgar>	
	<Automated_theorem_proving>	owl:sameAs	<http://dbpedia.org/resource/Automated_theorem_proving>	
	<Agent_Orange>	owl:sameAs	<http://dbpedia.org/resource/Agent_Orange>	
	<Astronomical_year_numbering>	owl:sameAs	<http://dbpedia.org/resource/Astronomical_year_numbering>	
	<Adam_of_Bremen>	owl:sameAs	<http://dbpedia.org/resource/Adam_of_Bremen>	
	<Ab_urbe_condita>	owl:sameAs	<http://dbpedia.org/resource/Ab_urbe_condita>	
	<ARY_Group>	owl:sameAs	<http://dbpedia.org/resource/ARY_Group>	
	<Arapawa_Island>	owl:sameAs	<http://dbpedia.org/resource/Arapawa_Island>	
	<Arthur_Phillip>	owl:sameAs	<http://dbpedia.org/resource/Arthur_Phillip>	
	<Angus>	owl:sameAs	<http://dbpedia.org/resource/Angus>	
	<André_the_Giant>	owl:sameAs	<http://dbpedia.org/resource/André_the_Giant>	
	<Adrastea_(moon)>	owl:sameAs	<http://dbpedia.org/resource/Adrastea_(moon)>	
	<Arbroath_Abbey>	owl:sameAs	<http://dbpedia.org/resource/Arbroath_Abbey>	
	<Adversarial_system>	owl:sameAs	<http://dbpedia.org/resource/Adversarial_system>	
	<Abano_Terme>	owl:sameAs	<http://dbpedia.org/resource/Abano_Terme>	
	<Antoine_Thomson_d'Abbadie>	owl:sameAs	<http://dbpedia.org/resource/Antoine_Thomson_d'Abbadie>	
	<Abba_Mari>	owl:sameAs	<http://dbpedia.org/resource/Abba_Mari>	
	<Abbas_II_of_Egypt>	owl:sameAs	<http://dbpedia.org/resource/Abbas_II_of_Egypt>	
	<Abbas_Mirza>	owl:sameAs	<http://dbpedia.org/resource/Abbas_Mirza>	
	<George_Abbot_(bishop)>	owl:sameAs	<http://dbpedia.org/resource/George_Abbot_(bishop)>	
	<Artemus_Ward>	owl:sameAs	<http://dbpedia.org/resource/Artemus_Ward>	
	<Aeacus>	owl:sameAs	<http://dbpedia.org/resource/Aeacus>	
	<Aeclanum>	owl:sameAs	<http://dbpedia.org/resource/Aeclanum>	
	<Aedesius>	owl:sameAs	<http://dbpedia.org/resource/Aedesius>	
	<Aedicula>	owl:sameAs	<http://dbpedia.org/resource/Aedicula>	
	<Aedui>	owl:sameAs	<http://dbpedia.org/resource/Aedui>	
	<Aegadian_Islands>	owl:sameAs	<http://dbpedia.org/resource/Aegadian_Islands>	
	<Aegean_civilizations>	owl:sameAs	<http://dbpedia.org/resource/Aegean_civilizations>	
	<Aegeus>	owl:sameAs	<http://dbpedia.org/resource/Aegeus>	
	<Aegina>	owl:sameAs	<http://dbpedia.org/resource/Aegina>	
	<Aegisthus>	owl:sameAs	<http://dbpedia.org/resource/Aegisthus>	
	<Aegospotami>	owl:sameAs	<http://dbpedia.org/resource/Aegospotami>	
	<Aelia_Capitolina>	owl:sameAs	<http://dbpedia.org/resource/Aelia_Capitolina>	
	<Aelianus_Tacticus>	owl:sameAs	<http://dbpedia.org/resource/Aelianus_Tacticus>	
	<Agarose>	owl:sameAs	<http://dbpedia.org/resource/Agarose>	
	<Atomic_absorption_spectroscopy>	owl:sameAs	<http://dbpedia.org/resource/Atomic_absorption_spectroscopy>	
	<Arthur_St._Clair>	owl:sameAs	<http://dbpedia.org/resource/Arthur_St._Clair>	
	<Ajaccio>	owl:sameAs	<http://dbpedia.org/resource/Ajaccio>	
	<Ajaigarh>	owl:sameAs	<http://dbpedia.org/resource/Ajaigarh>	
	<Ajanta_Caves>	owl:sameAs	<http://dbpedia.org/resource/Ajanta_Caves>	
	<Ajmer>	owl:sameAs	<http://dbpedia.org/resource/Ajmer>	
	<Ajmer-Merwara>	owl:sameAs	<http://dbpedia.org/resource/Ajmer-Merwara>	
	<Affiliation_(family_law)>	owl:sameAs	<http://dbpedia.org/resource/Affiliation_(family_law)>	
	<Afghan_Turkestan>	owl:sameAs	<http://dbpedia.org/resource/Afghan_Turkestan>	
	<Afyonkarahisar>	owl:sameAs	<http://dbpedia.org/resource/Afyonkarahisar>	
	<Abd_al-Latif_al-Baghdadi_(medieval_writer)>	owl:sameAs	<http://dbpedia.org/resource/Abd_al-Latif_al-Baghdadi_(medieval_writer)>	
	<Abd_al-Rahman_I>	owl:sameAs	<http://dbpedia.org/resource/Abd_al-Rahman_I>	
	<Abd_ar-Rahman_II>	owl:sameAs	<http://dbpedia.org/resource/Abd_ar-Rahman_II>	
	<Abd-ar-Rahman_III>	owl:sameAs	<http://dbpedia.org/resource/Abd-ar-Rahman_III>	
	<Abd_ar-Rahman_IV>	owl:sameAs	<http://dbpedia.org/resource/Abd_ar-Rahman_IV>	
	<Abd_ar-Rahman_V>	owl:sameAs	<http://dbpedia.org/resource/Abd_ar-Rahman_V>	
	<Abdülaziz>	owl:sameAs	<http://dbpedia.org/resource/Abdülaziz>	
	<Abdera,_Spain>	owl:sameAs	<http://dbpedia.org/resource/Abdera,_Spain>	
	<Abdera,_Thrace>	owl:sameAs	<http://dbpedia.org/resource/Abdera,_Thrace>	
	<Apollos>	owl:sameAs	<http://dbpedia.org/resource/Apollos>	
	<Áed_mac_Cináeda>	owl:sameAs	<http://dbpedia.org/resource/Áed_mac_Cináeda>	
	<Abdul_Hamid_I>	owl:sameAs	<http://dbpedia.org/resource/Abdul_Hamid_I>	
	<Abdur_Rahman_Khan>	owl:sameAs	<http://dbpedia.org/resource/Abdur_Rahman_Khan>	
	<Aberavon_(UK_Parliament_constituency)>	owl:sameAs	<http://dbpedia.org/resource/Aberavon_(UK_Parliament_constituency)>	
	<Abercarn>	owl:sameAs	<http://dbpedia.org/resource/Abercarn>	
	<Aberdare>	owl:sameAs	<http://dbpedia.org/resource/Aberdare>	
	<Amy_Grant>	owl:sameAs	<http://dbpedia.org/resource/Amy_Grant>	
	<Arthur_William_à_Beckett>	owl:sameAs	<http://dbpedia.org/resource/Arthur_William_à_Beckett>	
	<Aberdeen,_South_Dakota>	owl:sameAs	<http://dbpedia.org/resource/Aberdeen,_South_Dakota>	
	<Aberdour>	owl:sameAs	<http://dbpedia.org/resource/Aberdour>	
	<Aberfoyle,_Stirling>	owl:sameAs	<http://dbpedia.org/resource/Aberfoyle,_Stirling>	
	<Abergavenny>	owl:sameAs	<http://dbpedia.org/resource/Abergavenny>	
	<Abersychan>	owl:sameAs	<http://dbpedia.org/resource/Abersychan>	
	<Abertillery>	owl:sameAs	<http://dbpedia.org/resource/Abertillery>	
	<Anders_Celsius>	owl:sameAs	<http://dbpedia.org/resource/Anders_Celsius>	
	<Adam_Carolla>	owl:sameAs	<http://dbpedia.org/resource/Adam_Carolla>	
	<Arthur_J._Stone>	owl:sameAs	<http://dbpedia.org/resource/Arthur_J._Stone>	
	<Au_file_format>	owl:sameAs	<http://dbpedia.org/resource/Au_file_format>	
	<Andalusia>	owl:sameAs	<http://dbpedia.org/resource/Andalusia>	
	<Abhorrers>	owl:sameAs	<http://dbpedia.org/resource/Abhorrers>	
	<Abiathar>	owl:sameAs	<http://dbpedia.org/resource/Abiathar>	
	<Abigail>	owl:sameAs	<http://dbpedia.org/resource/Abigail>	
	<Azad_Kashmir>	owl:sameAs	<http://dbpedia.org/resource/Azad_Kashmir>	
	<AutoCAD_DXF>	owl:sameAs	<http://dbpedia.org/resource/AutoCAD_DXF>	
	<Aelbert_Cuyp>	owl:sameAs	<http://dbpedia.org/resource/Aelbert_Cuyp>	
	<Allene>	owl:sameAs	<http://dbpedia.org/resource/Allene>	
	<AbiWord>	owl:sameAs	<http://dbpedia.org/resource/AbiWord>	
	<Ames_test>	owl:sameAs	<http://dbpedia.org/resource/Ames_test>	
	<ACE_inhibitor>	owl:sameAs	<http://dbpedia.org/resource/ACE_inhibitor>	
	<Anatomical_Therapeutic_Chemical_Classification_System>	owl:sameAs	<http://dbpedia.org/resource/Anatomical_Therapeutic_Chemical_Classification_System>	
	<Parallel_ATA>	owl:sameAs	<http://dbpedia.org/resource/Parallel_ATA>	
	<Atari_Jaguar>	owl:sameAs	<http://dbpedia.org/resource/Atari_Jaguar>	
	<Atari_Lynx>	owl:sameAs	<http://dbpedia.org/resource/Atari_Lynx>	
	<Annals_of_Mathematics>	owl:sameAs	<http://dbpedia.org/resource/Annals_of_Mathematics>	
	<Andrei_Sakharov>	owl:sameAs	<http://dbpedia.org/resource/Andrei_Sakharov>	
	<Air_show>	owl:sameAs	<http://dbpedia.org/resource/Air_show>	
	<Anthropic_principle>	owl:sameAs	<http://dbpedia.org/resource/Anthropic_principle>	
	<American_Registry_for_Internet_Numbers>	owl:sameAs	<http://dbpedia.org/resource/American_Registry_for_Internet_Numbers>	
	<Akihabara>	owl:sameAs	<http://dbpedia.org/resource/Akihabara>	
	<Active_Directory>	owl:sameAs	<http://dbpedia.org/resource/Active_Directory>	
	<Aldona_of_Lithuania>	owl:sameAs	<http://dbpedia.org/resource/Aldona_of_Lithuania>	
	<Aron_Nimzowitsch>	owl:sameAs	<http://dbpedia.org/resource/Aron_Nimzowitsch>	
	<Aragonese_language>	owl:sameAs	<http://dbpedia.org/resource/Aragonese_language>	
	<Advanced_Mobile_Phone_System>	owl:sameAs	<http://dbpedia.org/resource/Advanced_Mobile_Phone_System>	
	<Andreas_Schlüter>	owl:sameAs	<http://dbpedia.org/resource/Andreas_Schlüter>	
	<Antiderivative>	owl:sameAs	<http://dbpedia.org/resource/Antiderivative>	
	<Alphabet_song>	owl:sameAs	<http://dbpedia.org/resource/Alphabet_song>	
	<Antigonid_dynasty>	owl:sameAs	<http://dbpedia.org/resource/Antigonid_dynasty>	
	<A_Vindication_of_the_Rights_of_Woman>	owl:sameAs	<http://dbpedia.org/resource/A_Vindication_of_the_Rights_of_Woman>	
	<Afghan_Hound>	owl:sameAs	<http://dbpedia.org/resource/Afghan_Hound>	
	<Azawakh>	owl:sameAs	<http://dbpedia.org/resource/Azawakh>	
	<Plum_pudding_model>	owl:sameAs	<http://dbpedia.org/resource/Plum_pudding_model>	
	<Aung_San_Suu_Kyi>	owl:sameAs	<http://dbpedia.org/resource/Aung_San_Suu_Kyi>	
	<Abraham_Joshua_Heschel>	owl:sameAs	<http://dbpedia.org/resource/Abraham_Joshua_Heschel>	
	<Aberdeen_Bestiary>	owl:sameAs	<http://dbpedia.org/resource/Aberdeen_Bestiary>	
	<Latin_American_Integration_Association>	owl:sameAs	<http://dbpedia.org/resource/Latin_American_Integration_Association>	
	<Aircraft_spotting>	owl:sameAs	<http://dbpedia.org/resource/Aircraft_spotting>	
	<AI-complete>	owl:sameAs	<http://dbpedia.org/resource/AI-complete>	
	<Archaeoastronomy>	owl:sameAs	<http://dbpedia.org/resource/Archaeoastronomy>	
	<Andrzej_Sapkowski>	owl:sameAs	<http://dbpedia.org/resource/Andrzej_Sapkowski>	
	<Amanda_Hesser>	owl:sameAs	<http://dbpedia.org/resource/Amanda_Hesser>	
	<Archduke_Charles,_Duke_of_Teschen>	owl:sameAs	<http://dbpedia.org/resource/Archduke_Charles,_Duke_of_Teschen>	
	<Augustine_of_Canterbury>	owl:sameAs	<http://dbpedia.org/resource/Augustine_of_Canterbury>	
	<Alexander_of_Hales>	owl:sameAs	<http://dbpedia.org/resource/Alexander_of_Hales>	
	<Amorphous_solid>	owl:sameAs	<http://dbpedia.org/resource/Amorphous_solid>	
	<A_Wizard_of_Earthsea>	owl:sameAs	<http://dbpedia.org/resource/A_Wizard_of_Earthsea>	
	<Alex_Lifeson>	owl:sameAs	<http://dbpedia.org/resource/Alex_Lifeson>	
	<File_archiver>	owl:sameAs	<http://dbpedia.org/resource/File_archiver>	
	<Artemis>	owl:sameAs	<http://dbpedia.org/resource/Artemis>	
	<Axayacatl>	owl:sameAs	<http://dbpedia.org/resource/Axayacatl>	
	<Ahuitzotl>	owl:sameAs	<http://dbpedia.org/resource/Ahuitzotl>	
	<Amr_Diab>	owl:sameAs	<http://dbpedia.org/resource/Amr_Diab>	
	<Anaïs_Nin>	owl:sameAs	<http://dbpedia.org/resource/Anaïs_Nin>	
	<Ackermann_function>	owl:sameAs	<http://dbpedia.org/resource/Ackermann_function>	
	<Albanians>	owl:sameAs	<http://dbpedia.org/resource/Albanians>	
	<Association_for_Computing_Machinery>	owl:sameAs	<http://dbpedia.org/resource/Association_for_Computing_Machinery>	
	<Southeast_Alaska>	owl:sameAs	<http://dbpedia.org/resource/Southeast_Alaska>	
	<Algemeen_Nijmeegs_Studentenblad>	owl:sameAs	<http://dbpedia.org/resource/Algemeen_Nijmeegs_Studentenblad>	
	<Alaska_Interior>	owl:sameAs	<http://dbpedia.org/resource/Alaska_Interior>	
	<And_did_those_feet_in_ancient_time>	owl:sameAs	<http://dbpedia.org/resource/And_did_those_feet_in_ancient_time>	
	<The_Bush_(Alaska)>	owl:sameAs	<http://dbpedia.org/resource/The_Bush_(Alaska)>	
	<A_Little_Night_Music>	owl:sameAs	<http://dbpedia.org/resource/A_Little_Night_Music>	
	<Ariel_Sharon>	owl:sameAs	<http://dbpedia.org/resource/Ariel_Sharon>	
	<Agner_Krarup_Erlang>	owl:sameAs	<http://dbpedia.org/resource/Agner_Krarup_Erlang>	
	<Anyone_Can_Whistle>	owl:sameAs	<http://dbpedia.org/resource/Anyone_Can_Whistle>	
	<Ain't_I_a_Woman?_(book)>	owl:sameAs	<http://dbpedia.org/resource/Ain't_I_a_Woman?_(book)>	
	<Audio_CD>	owl:sameAs	<http://dbpedia.org/resource/Audio_CD>	
	<Abelian_group>	owl:sameAs	<http://dbpedia.org/resource/Abelian_group>	
	<Anti-Ballistic_Missile_Treaty>	owl:sameAs	<http://dbpedia.org/resource/Anti-Ballistic_Missile_Treaty>	
	<Austria-Hungary>	owl:sameAs	<http://dbpedia.org/resource/Austria-Hungary>	
	<Arthur_Laurents>	owl:sameAs	<http://dbpedia.org/resource/Arthur_Laurents>	
	<Adrian_Lamo>	owl:sameAs	<http://dbpedia.org/resource/Adrian_Lamo>	
	<Associate_Justice_of_the_Supreme_Court_of_the_United_States>	owl:sameAs	<http://dbpedia.org/resource/Associate_Justice_of_the_Supreme_Court_of_the_United_States>	
	<Alan_Jay_Lerner>	owl:sameAs	<http://dbpedia.org/resource/Alan_Jay_Lerner>	
	<Al_Capp>	owl:sameAs	<http://dbpedia.org/resource/Al_Capp>	
	<Ann_Druyan>	owl:sameAs	<http://dbpedia.org/resource/Ann_Druyan>	
	<Analcime>	owl:sameAs	<http://dbpedia.org/resource/Analcime>	
	<Alexey_Pajitnov>	owl:sameAs	<http://dbpedia.org/resource/Alexey_Pajitnov>	
	<`Abdu'l-Bahá>	owl:sameAs	<http://dbpedia.org/resource/`Abdu'l-Bahá>	
	<Ambrose_of_Alexandria>	owl:sameAs	<http://dbpedia.org/resource/Ambrose_of_Alexandria>	
	<Autonomous_building>	owl:sameAs	<http://dbpedia.org/resource/Autonomous_building>	
	<Anubis>	owl:sameAs	<http://dbpedia.org/resource/Anubis>	
	<Arthur_Jensen>	owl:sameAs	<http://dbpedia.org/resource/Arthur_Jensen>	
	<A_Funny_Thing_Happened_on_the_Way_to_the_Forum>	owl:sameAs	<http://dbpedia.org/resource/A_Funny_Thing_Happened_on_the_Way_to_the_Forum>	
	<Aleut_people>	owl:sameAs	<http://dbpedia.org/resource/Aleut_people>	
	<Alaska_Native_Claims_Settlement_Act>	owl:sameAs	<http://dbpedia.org/resource/Alaska_Native_Claims_Settlement_Act>	
	<Adoptionism>	owl:sameAs	<http://dbpedia.org/resource/Adoptionism>	
	<Acid–base_reaction>	owl:sameAs	<http://dbpedia.org/resource/Acid–base_reaction>	
	<Abu_al-Faraj_al-Isfahani>	owl:sameAs	<http://dbpedia.org/resource/Abu_al-Faraj_al-Isfahani>	
	<Alcobaça,_Portugal>	owl:sameAs	<http://dbpedia.org/resource/Alcobaça,_Portugal>	
	<Amyl_nitrite>	owl:sameAs	<http://dbpedia.org/resource/Amyl_nitrite>	
	<Alameda,_California>	owl:sameAs	<http://dbpedia.org/resource/Alameda,_California>	
	<Alpha_helix>	owl:sameAs	<http://dbpedia.org/resource/Alpha_helix>	
	<Accrington>	owl:sameAs	<http://dbpedia.org/resource/Accrington>	
	<Armageddon>	owl:sameAs	<http://dbpedia.org/resource/Armageddon>	
	<Athlon>	owl:sameAs	<http://dbpedia.org/resource/Athlon>	
	<Amnon>	owl:sameAs	<http://dbpedia.org/resource/Amnon>	
	<Amu_Darya>	owl:sameAs	<http://dbpedia.org/resource/Amu_Darya>	
	<Islamic_conquest_of_Afghanistan>	owl:sameAs	<http://dbpedia.org/resource/Islamic_conquest_of_Afghanistan>	
	<Durrani_Empire>	owl:sameAs	<http://dbpedia.org/resource/Durrani_Empire>	
	<Aimaq_people>	owl:sameAs	<http://dbpedia.org/resource/Aimaq_people>	
	<Arcturus>	owl:sameAs	<http://dbpedia.org/resource/Arcturus>	
	<Androphagi>	owl:sameAs	<http://dbpedia.org/resource/Androphagi>	
	<Albert_Brooks>	owl:sameAs	<http://dbpedia.org/resource/Albert_Brooks>	
	<Antares>	owl:sameAs	<http://dbpedia.org/resource/Antares>	
	<Aldebaran>	owl:sameAs	<http://dbpedia.org/resource/Aldebaran>	
	<Altair>	owl:sameAs	<http://dbpedia.org/resource/Altair>	
	<Australian_Broadcasting_Corporation>	owl:sameAs	<http://dbpedia.org/resource/Australian_Broadcasting_Corporation>	
	<Alexandria>	owl:sameAs	<http://dbpedia.org/resource/Alexandria>	
	<Alexandria,_Indiana>	owl:sameAs	<http://dbpedia.org/resource/Alexandria,_Indiana>	
	<Alexandria,_Louisiana>	owl:sameAs	<http://dbpedia.org/resource/Alexandria,_Louisiana>	
	<Alexandria_Troas>	owl:sameAs	<http://dbpedia.org/resource/Alexandria_Troas>	
	<Alexandria,_West_Dunbartonshire>	owl:sameAs	<http://dbpedia.org/resource/Alexandria,_West_Dunbartonshire>	
	<Alexandria,_Romania>	owl:sameAs	<http://dbpedia.org/resource/Alexandria,_Romania>	
	<Angela_Vincent>	owl:sameAs	<http://dbpedia.org/resource/Angela_Vincent>	
	<Arithmetic-geometric_mean>	owl:sameAs	<http://dbpedia.org/resource/Arithmetic-geometric_mean>	
	<Akira_Toriyama>	owl:sameAs	<http://dbpedia.org/resource/Akira_Toriyama>	
	<Epsilon_Ursae_Majoris>	owl:sameAs	<http://dbpedia.org/resource/Epsilon_Ursae_Majoris>	
	<Andrew_S._Tanenbaum>	owl:sameAs	<http://dbpedia.org/resource/Andrew_S._Tanenbaum>	
	<Arianespace>	owl:sameAs	<http://dbpedia.org/resource/Arianespace>	
	<Accumulator_(computing)>	owl:sameAs	<http://dbpedia.org/resource/Accumulator_(computing)>	
	<Abu_Zubaydah>	owl:sameAs	<http://dbpedia.org/resource/Abu_Zubaydah>	
	<Andersonville,_Georgia>	owl:sameAs	<http://dbpedia.org/resource/Andersonville,_Georgia>	
	<Agra_Canal>	owl:sameAs	<http://dbpedia.org/resource/Agra_Canal>	
	<Amakusa>	owl:sameAs	<http://dbpedia.org/resource/Amakusa>	
	<Ammonius_Grammaticus>	owl:sameAs	<http://dbpedia.org/resource/Ammonius_Grammaticus>	
	<Algebraic_closure>	owl:sameAs	<http://dbpedia.org/resource/Algebraic_closure>	
	<Adolphe_Sax>	owl:sameAs	<http://dbpedia.org/resource/Adolphe_Sax>	
	<Arteriovenous_malformation>	owl:sameAs	<http://dbpedia.org/resource/Arteriovenous_malformation>	
	<Atlanta>	owl:sameAs	<http://dbpedia.org/resource/Atlanta>	
	<A_Doll's_House>	owl:sameAs	<http://dbpedia.org/resource/A_Doll's_House>	
	<Alternative_algebra>	owl:sameAs	<http://dbpedia.org/resource/Alternative_algebra>	
	<ACF_Fiorentina>	owl:sameAs	<http://dbpedia.org/resource/ACF_Fiorentina>	
	<Afrobeat>	owl:sameAs	<http://dbpedia.org/resource/Afrobeat>	
	<Arithmetic_function>	owl:sameAs	<http://dbpedia.org/resource/Arithmetic_function>	
	<ANSI_C>	owl:sameAs	<http://dbpedia.org/resource/ANSI_C>	
	<Adin_Steinsaltz>	owl:sameAs	<http://dbpedia.org/resource/Adin_Steinsaltz>	
	<A._E._Housman>	owl:sameAs	<http://dbpedia.org/resource/A._E._Housman>	
	<Attribution_of_recent_climate_change>	owl:sameAs	<http://dbpedia.org/resource/Attribution_of_recent_climate_change>	
	<Achduart>	owl:sameAs	<http://dbpedia.org/resource/Achduart>	
	<Achiltibuie>	owl:sameAs	<http://dbpedia.org/resource/Achiltibuie>	
	<Mexican_tetra>	owl:sameAs	<http://dbpedia.org/resource/Mexican_tetra>	
	<Atom_probe>	owl:sameAs	<http://dbpedia.org/resource/Atom_probe>	
	<Al_Capone>	owl:sameAs	<http://dbpedia.org/resource/Al_Capone>	
	<Army_of_Darkness>	owl:sameAs	<http://dbpedia.org/resource/Army_of_Darkness>	
	<Ahmed_al-Nami>	owl:sameAs	<http://dbpedia.org/resource/Ahmed_al-Nami>	
	<Ahmed_al-Haznawi>	owl:sameAs	<http://dbpedia.org/resource/Ahmed_al-Haznawi>	
	<Athanasius_of_Alexandria>	owl:sameAs	<http://dbpedia.org/resource/Athanasius_of_Alexandria>	
	<Azores>	owl:sameAs	<http://dbpedia.org/resource/Azores>	
	<Absolute_Infinite>	owl:sameAs	<http://dbpedia.org/resource/Absolute_Infinite>	
	<Archbishopric_of_Riga>	owl:sameAs	<http://dbpedia.org/resource/Archbishopric_of_Riga>	
	<Albert_Frederick,_Duke_of_Prussia>	owl:sameAs	<http://dbpedia.org/resource/Albert_Frederick,_Duke_of_Prussia>	
	<National_Alliance_(Italy)>	owl:sameAs	<http://dbpedia.org/resource/National_Alliance_(Italy)>	
	<Arno>	owl:sameAs	<http://dbpedia.org/resource/Arno>	
	<Aveiro,_Portugal>	owl:sameAs	<http://dbpedia.org/resource/Aveiro,_Portugal>	
	<Anthony_the_Great>	owl:sameAs	<http://dbpedia.org/resource/Anthony_the_Great>	
	<Amblypoda>	owl:sameAs	<http://dbpedia.org/resource/Amblypoda>	
	<Running_amok>	owl:sameAs	<http://dbpedia.org/resource/Running_amok>	
	<Apostles'_Creed>	owl:sameAs	<http://dbpedia.org/resource/Apostles'_Creed>	
	<Amicable_numbers>	owl:sameAs	<http://dbpedia.org/resource/Amicable_numbers>	
	<Anthony_of_Saxony>	owl:sameAs	<http://dbpedia.org/resource/Anthony_of_Saxony>	
	<Albert_III,_Duke_of_Saxony>	owl:sameAs	<http://dbpedia.org/resource/Albert_III,_Duke_of_Saxony>	
	<Arlo_Guthrie>	owl:sameAs	<http://dbpedia.org/resource/Arlo_Guthrie>	
	<Book_of_Alma>	owl:sameAs	<http://dbpedia.org/resource/Book_of_Alma>	
	<Bonn>	owl:sameAs	<http://dbpedia.org/resource/Bonn>	
	<The_Birth_of_a_Nation>	owl:sameAs	<http://dbpedia.org/resource/The_Birth_of_a_Nation>	
	<Baltic_Sea>	owl:sameAs	<http://dbpedia.org/resource/Baltic_Sea>	
	<The_Bronx>	owl:sameAs	<http://dbpedia.org/resource/The_Bronx>	
	<Belgium>	owl:sameAs	<http://dbpedia.org/resource/Belgium>	
	<Berlin>	owl:sameAs	<http://dbpedia.org/resource/Berlin>	
	<Benjamin_Lee_Whorf>	owl:sameAs	<http://dbpedia.org/resource/Benjamin_Lee_Whorf>	
	<Bill_Clinton>	owl:sameAs	<http://dbpedia.org/resource/Bill_Clinton>	
	<Boron_nitride>	owl:sameAs	<http://dbpedia.org/resource/Boron_nitride>	
	<Blood_on_the_Tracks>	owl:sameAs	<http://dbpedia.org/resource/Blood_on_the_Tracks>	
	<The_Beverly_Hillbillies>	owl:sameAs	<http://dbpedia.org/resource/The_Beverly_Hillbillies>	
	<Britney_Spears>	owl:sameAs	<http://dbpedia.org/resource/Britney_Spears>	
	<Brazil>	owl:sameAs	<http://dbpedia.org/resource/Brazil>	
	<Black_Forest>	owl:sameAs	<http://dbpedia.org/resource/Black_Forest>	
	<Black_Sea>	owl:sameAs	<http://dbpedia.org/resource/Black_Sea>	
	<Bible>	owl:sameAs	<http://dbpedia.org/resource/Bible>	
	<British_Columbia>	owl:sameAs	<http://dbpedia.org/resource/British_Columbia>	
	<Gautama_Buddha>	owl:sameAs	<http://dbpedia.org/resource/Gautama_Buddha>	
	<Branchiopoda>	owl:sameAs	<http://dbpedia.org/resource/Branchiopoda>	
	<Baruch_Spinoza>	owl:sameAs	<http://dbpedia.org/resource/Baruch_Spinoza>	
	<...Baby_One_More_Time>	owl:sameAs	<http://dbpedia.org/resource/...Baby_One_More_Time>	
	<Bulgaria>	owl:sameAs	<http://dbpedia.org/resource/Bulgaria>	
	<Bryozoa>	owl:sameAs	<http://dbpedia.org/resource/Bryozoa>	
	<Biennial_plant>	owl:sameAs	<http://dbpedia.org/resource/Biennial_plant>	
	<Burgess_Shale>	owl:sameAs	<http://dbpedia.org/resource/Burgess_Shale>	
	<Bromeliales>	owl:sameAs	<http://dbpedia.org/resource/Bromeliales>	
	<Brassicales>	owl:sameAs	<http://dbpedia.org/resource/Brassicales>	
	<Cue_sports>	owl:sameAs	<http://dbpedia.org/resource/Cue_sports>	
	<Bursa>	owl:sameAs	<http://dbpedia.org/resource/Bursa>	
	<The_Bahamas>	owl:sameAs	<http://dbpedia.org/resource/The_Bahamas>	
	<Baker_Island>	owl:sameAs	<http://dbpedia.org/resource/Baker_Island>	
	<Bangladesh>	owl:sameAs	<http://dbpedia.org/resource/Bangladesh>	
	<Barbados>	owl:sameAs	<http://dbpedia.org/resource/Barbados>	
	<Bassas_da_India>	owl:sameAs	<http://dbpedia.org/resource/Bassas_da_India>	
	<Belarus>	owl:sameAs	<http://dbpedia.org/resource/Belarus>	
	<Belize>	owl:sameAs	<http://dbpedia.org/resource/Belize>	
	<Benin>	owl:sameAs	<http://dbpedia.org/resource/Benin>	
	<Bermuda>	owl:sameAs	<http://dbpedia.org/resource/Bermuda>	
	<Bolivia>	owl:sameAs	<http://dbpedia.org/resource/Bolivia>	
	<Botswana>	owl:sameAs	<http://dbpedia.org/resource/Botswana>	
	<Brunei>	owl:sameAs	<http://dbpedia.org/resource/Brunei>	
	<British_Virgin_Islands>	owl:sameAs	<http://dbpedia.org/resource/British_Virgin_Islands>	
	<Burkina_Faso>	owl:sameAs	<http://dbpedia.org/resource/Burkina_Faso>	
	<Government_of_Barbados>	owl:sameAs	<http://dbpedia.org/resource/Government_of_Barbados>	
	<Telecommunications_in_Belarus>	owl:sameAs	<http://dbpedia.org/resource/Telecommunications_in_Belarus>	
	<Armed_Forces_of_Belarus>	owl:sameAs	<http://dbpedia.org/resource/Armed_Forces_of_Belarus>	
	<Telecommunications_in_Belgium>	owl:sameAs	<http://dbpedia.org/resource/Telecommunications_in_Belgium>	
	<Lhop_people>	owl:sameAs	<http://dbpedia.org/resource/Lhop_people>	
	<Telecommunications_in_Botswana>	owl:sameAs	<http://dbpedia.org/resource/Telecommunications_in_Botswana>	
	<Telecommunications_in_Brazil>	owl:sameAs	<http://dbpedia.org/resource/Telecommunications_in_Brazil>	
	<Brazilian_Armed_Forces>	owl:sameAs	<http://dbpedia.org/resource/Brazilian_Armed_Forces>	
	<Telecommunications_in_Bulgaria>	owl:sameAs	<http://dbpedia.org/resource/Telecommunications_in_Bulgaria>	
	<Telecommunications_in_Burkina_Faso>	owl:sameAs	<http://dbpedia.org/resource/Telecommunications_in_Burkina_Faso>	
	<Burundi>	owl:sameAs	<http://dbpedia.org/resource/Burundi>	
	<Communications_in_Burundi>	owl:sameAs	<http://dbpedia.org/resource/Communications_in_Burundi>	
	<Bosphorus>	owl:sameAs	<http://dbpedia.org/resource/Bosphorus>	
	<Brussels>	owl:sameAs	<http://dbpedia.org/resource/Brussels>	
	<Bell_Labs>	owl:sameAs	<http://dbpedia.org/resource/Bell_Labs>	
	<Bjarne_Stroustrup>	owl:sameAs	<http://dbpedia.org/resource/Bjarne_Stroustrup>	
	<Byzantium>	owl:sameAs	<http://dbpedia.org/resource/Byzantium>	
	<Berlin_Wall>	owl:sameAs	<http://dbpedia.org/resource/Berlin_Wall>	
	<Bass_music>	owl:sameAs	<http://dbpedia.org/resource/Bass_music>	
	<Burning_glass>	owl:sameAs	<http://dbpedia.org/resource/Burning_glass>	
	<Bhangra_(music)>	owl:sameAs	<http://dbpedia.org/resource/Bhangra_(music)>	
	<Beastie_Boys>	owl:sameAs	<http://dbpedia.org/resource/Beastie_Boys>	
	<Basque_language>	owl:sameAs	<http://dbpedia.org/resource/Basque_language>	
	<Björn_Ulvaeus>	owl:sameAs	<http://dbpedia.org/resource/Björn_Ulvaeus>	
	<Benny_Andersson>	owl:sameAs	<http://dbpedia.org/resource/Benny_Andersson>	
	<Bluetooth>	owl:sameAs	<http://dbpedia.org/resource/Bluetooth>	
	<Bluetooth_Special_Interest_Group>	owl:sameAs	<http://dbpedia.org/resource/Bluetooth_Special_Interest_Group>	
	<Boney_M.>	owl:sameAs	<http://dbpedia.org/resource/Boney_M.>	
	<Blade_Runner>	owl:sameAs	<http://dbpedia.org/resource/Blade_Runner>	
	<Bill_Gates>	owl:sameAs	<http://dbpedia.org/resource/Bill_Gates>	
	<Belgian_Blue>	owl:sameAs	<http://dbpedia.org/resource/Belgian_Blue>	
	<Bavaria>	owl:sameAs	<http://dbpedia.org/resource/Bavaria>	
	<Brandenburg>	owl:sameAs	<http://dbpedia.org/resource/Brandenburg>	
	<Bundestag>	owl:sameAs	<http://dbpedia.org/resource/Bundestag>	
	<BMW>	owl:sameAs	<http://dbpedia.org/resource/BMW>	
	<Bornholm>	owl:sameAs	<http://dbpedia.org/resource/Bornholm>	
	<Bal_Thackeray>	owl:sameAs	<http://dbpedia.org/resource/Bal_Thackeray>	
	<Bille_August>	owl:sameAs	<http://dbpedia.org/resource/Bille_August>	
	<Bitola>	owl:sameAs	<http://dbpedia.org/resource/Bitola>	
	<Battle_of_Bosworth_Field>	owl:sameAs	<http://dbpedia.org/resource/Battle_of_Bosworth_Field>	
	<Brassicaceae>	owl:sameAs	<http://dbpedia.org/resource/Brassicaceae>	
	<Hit_by_pitch>	owl:sameAs	<http://dbpedia.org/resource/Hit_by_pitch>	
	<Hit_(baseball)>	owl:sameAs	<http://dbpedia.org/resource/Hit_(baseball)>	
	<Boogie_Down_Productions>	owl:sameAs	<http://dbpedia.org/resource/Boogie_Down_Productions>	
	<Binary-coded_decimal>	owl:sameAs	<http://dbpedia.org/resource/Binary-coded_decimal>	
	<Bumin_Qaghan>	owl:sameAs	<http://dbpedia.org/resource/Bumin_Qaghan>	
	<Bilge_Qaghan>	owl:sameAs	<http://dbpedia.org/resource/Bilge_Qaghan>	
	<Bauhaus>	owl:sameAs	<http://dbpedia.org/resource/Bauhaus>	
	<Beowulf>	owl:sameAs	<http://dbpedia.org/resource/Beowulf>	
	<Barb_Wire>	owl:sameAs	<http://dbpedia.org/resource/Barb_Wire>	
	<Blazing_Saddles>	owl:sameAs	<http://dbpedia.org/resource/Blazing_Saddles>	
	<Bruce_Sterling>	owl:sameAs	<http://dbpedia.org/resource/Bruce_Sterling>	
	<Brain_abscess>	owl:sameAs	<http://dbpedia.org/resource/Brain_abscess>	
	<Bud_Spencer>	owl:sameAs	<http://dbpedia.org/resource/Bud_Spencer>	
	<Brigitte_Bardot>	owl:sameAs	<http://dbpedia.org/resource/Brigitte_Bardot>	
	<Baseball_positions>	owl:sameAs	<http://dbpedia.org/resource/Baseball_positions>	
	<Major_League_Baseball_Most_Valuable_Player_Award>	owl:sameAs	<http://dbpedia.org/resource/Major_League_Baseball_Most_Valuable_Player_Award>	
	<Major_League_Baseball_Rookie_of_the_Year_Award>	owl:sameAs	<http://dbpedia.org/resource/Major_League_Baseball_Rookie_of_the_Year_Award>	
	<Bluetongue_disease>	owl:sameAs	<http://dbpedia.org/resource/Bluetongue_disease>	
	<Bruce_Perens>	owl:sameAs	<http://dbpedia.org/resource/Bruce_Perens>	
	<Bundle_theory>	owl:sameAs	<http://dbpedia.org/resource/Bundle_theory>	
	<Herman_Boerhaave>	owl:sameAs	<http://dbpedia.org/resource/Herman_Boerhaave>	
	<Benjamin_Disraeli>	owl:sameAs	<http://dbpedia.org/resource/Benjamin_Disraeli>	
	<Business_statistics>	owl:sameAs	<http://dbpedia.org/resource/Business_statistics>	
	<Braille>	owl:sameAs	<http://dbpedia.org/resource/Braille>	
	<Bastille_Day>	owl:sameAs	<http://dbpedia.org/resource/Bastille_Day>	
	<Blowfish_(cipher)>	owl:sameAs	<http://dbpedia.org/resource/Blowfish_(cipher)>	
	<Bijection>	owl:sameAs	<http://dbpedia.org/resource/Bijection>	
	<Blue_Velvet_(film)>	owl:sameAs	<http://dbpedia.org/resource/Blue_Velvet_(film)>	
	<Bagpipes>	owl:sameAs	<http://dbpedia.org/resource/Bagpipes>	
	<Bedrock_Records>	owl:sameAs	<http://dbpedia.org/resource/Bedrock_Records>	
	<Boolean_algebra_(structure)>	owl:sameAs	<http://dbpedia.org/resource/Boolean_algebra_(structure)>	
	<Banca_d'Italia>	owl:sameAs	<http://dbpedia.org/resource/Banca_d'Italia>	
	<Bill_Joy>	owl:sameAs	<http://dbpedia.org/resource/Bill_Joy>	
	<Bodhisattva>	owl:sameAs	<http://dbpedia.org/resource/Bodhisattva>	
	<Buckingham_Palace>	owl:sameAs	<http://dbpedia.org/resource/Buckingham_Palace>	
	<British_Airways>	owl:sameAs	<http://dbpedia.org/resource/British_Airways>	
	<Biopolymer>	owl:sameAs	<http://dbpedia.org/resource/Biopolymer>	
	<Book_of_Mormon>	owl:sameAs	<http://dbpedia.org/resource/Book_of_Mormon>	
	<Bernie_Federko>	owl:sameAs	<http://dbpedia.org/resource/Bernie_Federko>	
	<Buffalo,_New_York>	owl:sameAs	<http://dbpedia.org/resource/Buffalo,_New_York>	
	<Benjamin_Franklin>	owl:sameAs	<http://dbpedia.org/resource/Benjamin_Franklin>	
	<Banach_space>	owl:sameAs	<http://dbpedia.org/resource/Banach_space>	
	<Bram_Stoker>	owl:sameAs	<http://dbpedia.org/resource/Bram_Stoker>	
	<Benoit_Mandelbrot>	owl:sameAs	<http://dbpedia.org/resource/Benoit_Mandelbrot>	
	<Benedict_of_Nursia>	owl:sameAs	<http://dbpedia.org/resource/Benedict_of_Nursia>	
	<Battle_of_Pharsalus>	owl:sameAs	<http://dbpedia.org/resource/Battle_of_Pharsalus>	
	<Bigfoot>	owl:sameAs	<http://dbpedia.org/resource/Bigfoot>	
	<Bing_Crosby>	owl:sameAs	<http://dbpedia.org/resource/Bing_Crosby>	
	<Basel_Convention>	owl:sameAs	<http://dbpedia.org/resource/Basel_Convention>	
	<Bar_Kokhba_(album)>	owl:sameAs	<http://dbpedia.org/resource/Bar_Kokhba_(album)>	
	<BASIC>	owl:sameAs	<http://dbpedia.org/resource/BASIC>	
	<B.C.E.>	owl:sameAs	<http://dbpedia.org/resource/B.C.E.>	
	<Borland>	owl:sameAs	<http://dbpedia.org/resource/Borland>	
	<Buckminster_Fuller>	owl:sameAs	<http://dbpedia.org/resource/Buckminster_Fuller>	
	<Bill_Watterson>	owl:sameAs	<http://dbpedia.org/resource/Bill_Watterson>	
	<Bletchley_Park>	owl:sameAs	<http://dbpedia.org/resource/Bletchley_Park>	
	<Bede>	owl:sameAs	<http://dbpedia.org/resource/Bede>	
	<Battle_of_Blenheim>	owl:sameAs	<http://dbpedia.org/resource/Battle_of_Blenheim>	
	<Battle_of_Ramillies>	owl:sameAs	<http://dbpedia.org/resource/Battle_of_Ramillies>	
	<Brian_Kernighan>	owl:sameAs	<http://dbpedia.org/resource/Brian_Kernighan>	
	<BCPL>	owl:sameAs	<http://dbpedia.org/resource/BCPL>	
	<Bifröst>	owl:sameAs	<http://dbpedia.org/resource/Bifröst>	
	<Bob_Hawke>	owl:sameAs	<http://dbpedia.org/resource/Bob_Hawke>	
	<Baldr>	owl:sameAs	<http://dbpedia.org/resource/Baldr>	
	<Breidablik>	owl:sameAs	<http://dbpedia.org/resource/Breidablik>	
	<Bilskirnir>	owl:sameAs	<http://dbpedia.org/resource/Bilskirnir>	
	<Brísingamen>	owl:sameAs	<http://dbpedia.org/resource/Brísingamen>	
	<Borsuk–Ulam_theorem>	owl:sameAs	<http://dbpedia.org/resource/Borsuk–Ulam_theorem>	
	<Blaise_Pascal>	owl:sameAs	<http://dbpedia.org/resource/Blaise_Pascal>	
	<Brythonic_languages>	owl:sameAs	<http://dbpedia.org/resource/Brythonic_languages>	
	<Bronski_Beat>	owl:sameAs	<http://dbpedia.org/resource/Bronski_Beat>	
	<Binary_prefix>	owl:sameAs	<http://dbpedia.org/resource/Binary_prefix>	
	<Bounded-error_probabilistic_polynomial>	owl:sameAs	<http://dbpedia.org/resource/Bounded-error_probabilistic_polynomial>	
	<BQP>	owl:sameAs	<http://dbpedia.org/resource/BQP>	
	<Brainfuck>	owl:sameAs	<http://dbpedia.org/resource/Brainfuck>	
	<Bartolomeo_Ammannati>	owl:sameAs	<http://dbpedia.org/resource/Bartolomeo_Ammannati>	
	<Bertrand_Andrieu>	owl:sameAs	<http://dbpedia.org/resource/Bertrand_Andrieu>	
	<Bordeaux>	owl:sameAs	<http://dbpedia.org/resource/Bordeaux>	
	<Puzzle_Bobble>	owl:sameAs	<http://dbpedia.org/resource/Puzzle_Bobble>	
	<Bretwalda>	owl:sameAs	<http://dbpedia.org/resource/Bretwalda>	
	<Brouwer_fixed-point_theorem>	owl:sameAs	<http://dbpedia.org/resource/Brouwer_fixed-point_theorem>	
	<Boltzmann_distribution>	owl:sameAs	<http://dbpedia.org/resource/Boltzmann_distribution>	
	<Blythe_Danner>	owl:sameAs	<http://dbpedia.org/resource/Blythe_Danner>	
	<Bioleaching>	owl:sameAs	<http://dbpedia.org/resource/Bioleaching>	
	<Bantu_languages>	owl:sameAs	<http://dbpedia.org/resource/Bantu_languages>	
	<Branco_River>	owl:sameAs	<http://dbpedia.org/resource/Branco_River>	
