	<Elizabeth_Fretwell>	rdf:type	<wikicategory_Australian_opera_singers>	
	<Elizabeth_Fretwell>	rdf:type	<wikicategory_Australian_sopranos>	
	<Elizabeth_Fretwell>	rdf:type	<wikicategory_Officers_of_the_Order_of_the_British_Empire>	
	<Elizabeth_Fretwell>	rdf:type	<wikicategory_Operatic_sopranos>	
	<Elizabeth_Fretwell>	rdf:type	<wikicategory_Singers_from_Melbourne>	
	<Elizabeth_Fretwell>	rdf:type	<wordnet_artist_109812338>	
	<Elizabeth_Fretwell>	rdf:type	<wordnet_causal_agent_100007347>	
	<Elizabeth_Fretwell>	rdf:type	<wordnet_creator_109614315>	
	<Elizabeth_Fretwell>	rdf:type	<wordnet_entertainer_109616922>	
	<Elizabeth_Fretwell>	rdf:type	<wordnet_living_thing_100004258>	
	<Elizabeth_Fretwell>	rdf:type	<wordnet_military_officer_110317007>	
	<Elizabeth_Fretwell>	rdf:type	<wordnet_musician_110339966>	
	<Elizabeth_Fretwell>	rdf:type	<wordnet_musician_110340312>	
	<Elizabeth_Fretwell>	rdf:type	<wordnet_object_100002684>	
	<Elizabeth_Fretwell>	rdf:type	<wordnet_organism_100004475>	
	<Elizabeth_Fretwell>	rdf:type	<wordnet_performer_110415638>	
	<Elizabeth_Fretwell>	rdf:type	<wordnet_person_100007846>	
	<Elizabeth_Fretwell>	rdf:type	<wordnet_physical_entity_100001930>	
	<Elizabeth_Fretwell>	rdf:type	<wordnet_serviceman_110582746>	
	<Elizabeth_Fretwell>	rdf:type	<wordnet_singer_110599806>	
	<Elizabeth_Fretwell>	rdf:type	<wordnet_skilled_worker_110605985>	
	<Elizabeth_Fretwell>	rdf:type	<wordnet_soprano_110625546>	
	<Elizabeth_Fretwell>	rdf:type	<wordnet_whole_100003553>	
	<Elizabeth_Fretwell>	rdf:type	<wordnet_worker_109632518>	
	<Elizabeth_Fretwell>	rdf:type	<yagoLegalActor>	
	<Elizabeth_Fretwell>	rdf:type	<yagoLegalActorGeo>	
	<Elizabeth_Fretwell>	rdf:type	owl:Thing	
	<Stephen_Lytle>	rdf:type	<wikicategory_Living_people>	
	<Stephen_Lytle>	rdf:type	<wikicategory_People_from_Baltimore,_Maryland>	
	<Stephen_Lytle>	rdf:type	<wordnet_causal_agent_100007347>	
	<Stephen_Lytle>	rdf:type	<wordnet_living_thing_100004258>	
	<Stephen_Lytle>	rdf:type	<wordnet_object_100002684>	
	<Stephen_Lytle>	rdf:type	<wordnet_organism_100004475>	
	<Stephen_Lytle>	rdf:type	<wordnet_person_100007846>	
	<Stephen_Lytle>	rdf:type	<wordnet_physical_entity_100001930>	
	<Stephen_Lytle>	rdf:type	<wordnet_whole_100003553>	
	<Stephen_Lytle>	rdf:type	<yagoLegalActor>	
	<Stephen_Lytle>	rdf:type	<yagoLegalActorGeo>	
	<Stephen_Lytle>	rdf:type	owl:Thing	
	<Ricky_Sánchez>	rdf:type	<wikicategory_Baloncesto_Superior_Nacional_players>	
	<Ricky_Sánchez>	rdf:type	<wikicategory_Basketball_players_at_the_2007_Pan_American_Games>	
	<Ricky_Sánchez>	rdf:type	<wikicategory_Living_people>	
	<Ricky_Sánchez>	rdf:type	<wikicategory_National_Basketball_Association_high_school_draftees>	
	<Ricky_Sánchez>	rdf:type	<wikicategory_Puerto_Rican_basketball_players>	
	<Ricky_Sánchez>	rdf:type	<wordnet_athlete_109820263>	
	<Ricky_Sánchez>	rdf:type	<wordnet_basketball_player_109842047>	
	<Ricky_Sánchez>	rdf:type	<wordnet_causal_agent_100007347>	
	<Ricky_Sánchez>	rdf:type	<wordnet_contestant_109613191>	
	<Ricky_Sánchez>	rdf:type	<wordnet_draftee_110028765>	
	<Ricky_Sánchez>	rdf:type	<wordnet_living_thing_100004258>	
	<Ricky_Sánchez>	rdf:type	<wordnet_object_100002684>	
	<Ricky_Sánchez>	rdf:type	<wordnet_organism_100004475>	
	<Ricky_Sánchez>	rdf:type	<wordnet_person_100007846>	
	<Ricky_Sánchez>	rdf:type	<wordnet_physical_entity_100001930>	
	<Ricky_Sánchez>	rdf:type	<wordnet_player_110439851>	
	<Ricky_Sánchez>	rdf:type	<wordnet_serviceman_110582746>	
	<Ricky_Sánchez>	rdf:type	<wordnet_skilled_worker_110605985>	
	<Ricky_Sánchez>	rdf:type	<wordnet_whole_100003553>	
	<Ricky_Sánchez>	rdf:type	<wordnet_worker_109632518>	
	<Ricky_Sánchez>	rdf:type	<yagoLegalActor>	
	<Ricky_Sánchez>	rdf:type	<yagoLegalActorGeo>	
	<Ricky_Sánchez>	rdf:type	owl:Thing	
	<Cheap_Sweaty_Fun_&_TJ's_Xmas>	rdf:type	<wikicategory_Girls_Against_Boys_albums>	
	<Cheap_Sweaty_Fun_&_TJ's_Xmas>	rdf:type	<wikicategory_Man_or_Astro-man?_albums>	
	<Cheap_Sweaty_Fun_&_TJ's_Xmas>	rdf:type	<wordnet_album_106591815>	
	<Cheap_Sweaty_Fun_&_TJ's_Xmas>	rdf:type	<wordnet_artifact_100021939>	
	<Cheap_Sweaty_Fun_&_TJ's_Xmas>	rdf:type	<wordnet_instrumentality_103575240>	
	<Cheap_Sweaty_Fun_&_TJ's_Xmas>	rdf:type	<wordnet_medium_106254669>	
	<Cheap_Sweaty_Fun_&_TJ's_Xmas>	rdf:type	<wordnet_object_100002684>	
	<Cheap_Sweaty_Fun_&_TJ's_Xmas>	rdf:type	<wordnet_physical_entity_100001930>	
	<Cheap_Sweaty_Fun_&_TJ's_Xmas>	rdf:type	<wordnet_whole_100003553>	
	<Cheap_Sweaty_Fun_&_TJ's_Xmas>	rdf:type	owl:Thing	
	<Miquel_Nelom>	rdf:type	<wikicategory_Dutch_footballers>	
	<Miquel_Nelom>	rdf:type	<wikicategory_Eerste_Divisie_players>	
	<Miquel_Nelom>	rdf:type	<wikicategory_Eredivisie_players>	
	<Miquel_Nelom>	rdf:type	<wikicategory_Excelsior_Rotterdam_players>	
	<Miquel_Nelom>	rdf:type	<wikicategory_Living_people>	
	<Miquel_Nelom>	rdf:type	<wikicategory_People_from_Rotterdam>	
	<Miquel_Nelom>	rdf:type	<wordnet_athlete_109820263>	
	<Miquel_Nelom>	rdf:type	<wordnet_causal_agent_100007347>	
	<Miquel_Nelom>	rdf:type	<wordnet_contestant_109613191>	
	<Miquel_Nelom>	rdf:type	<wordnet_football_player_110101634>	
	<Miquel_Nelom>	rdf:type	<wordnet_living_thing_100004258>	
	<Miquel_Nelom>	rdf:type	<wordnet_object_100002684>	
	<Miquel_Nelom>	rdf:type	<wordnet_organism_100004475>	
	<Miquel_Nelom>	rdf:type	<wordnet_person_100007846>	
	<Miquel_Nelom>	rdf:type	<wordnet_physical_entity_100001930>	
	<Miquel_Nelom>	rdf:type	<wordnet_player_110439851>	
	<Miquel_Nelom>	rdf:type	<wordnet_whole_100003553>	
	<Miquel_Nelom>	rdf:type	<yagoLegalActor>	
	<Miquel_Nelom>	rdf:type	<yagoLegalActorGeo>	
	<Miquel_Nelom>	rdf:type	owl:Thing	
	<Ali_bin_Ali_Douha>	rdf:type	<wordnet_causal_agent_100007347>	
	<Ali_bin_Ali_Douha>	rdf:type	<wordnet_living_thing_100004258>	
	<Ali_bin_Ali_Douha>	rdf:type	<wordnet_object_100002684>	
	<Ali_bin_Ali_Douha>	rdf:type	<wordnet_organism_100004475>	
	<Ali_bin_Ali_Douha>	rdf:type	<wordnet_person_100007846>	
	<Ali_bin_Ali_Douha>	rdf:type	<wordnet_physical_entity_100001930>	
	<Ali_bin_Ali_Douha>	rdf:type	<wordnet_whole_100003553>	
	<Ali_bin_Ali_Douha>	rdf:type	<yagoLegalActor>	
	<Ali_bin_Ali_Douha>	rdf:type	<yagoLegalActorGeo>	
	<Ali_bin_Ali_Douha>	rdf:type	owl:Thing	
	<Enter_My_Religion_(album)>	rdf:type	<wikicategory_2006_albums>	
	<Enter_My_Religion_(album)>	rdf:type	<wikicategory_Liv_Kristine_albums>	
	<Enter_My_Religion_(album)>	rdf:type	<wikicategory_Roadrunner_Records_albums>	
	<Enter_My_Religion_(album)>	rdf:type	<wordnet_album_106591815>	
	<Enter_My_Religion_(album)>	rdf:type	<wordnet_artifact_100021939>	
	<Enter_My_Religion_(album)>	rdf:type	<wordnet_instrumentality_103575240>	
	<Enter_My_Religion_(album)>	rdf:type	<wordnet_medium_106254669>	
	<Enter_My_Religion_(album)>	rdf:type	<wordnet_object_100002684>	
	<Enter_My_Religion_(album)>	rdf:type	<wordnet_physical_entity_100001930>	
	<Enter_My_Religion_(album)>	rdf:type	<wordnet_whole_100003553>	
	<Enter_My_Religion_(album)>	rdf:type	owl:Thing	
	<The_Lepore_Extrusion>	rdf:type	<wikicategory_2006_albums>	
	<The_Lepore_Extrusion>	rdf:type	<wikicategory_Industrial_albums>	
	<The_Lepore_Extrusion>	rdf:type	<wordnet_album_106591815>	
	<The_Lepore_Extrusion>	rdf:type	<wordnet_artifact_100021939>	
	<The_Lepore_Extrusion>	rdf:type	<wordnet_instrumentality_103575240>	
	<The_Lepore_Extrusion>	rdf:type	<wordnet_medium_106254669>	
	<The_Lepore_Extrusion>	rdf:type	<wordnet_object_100002684>	
	<The_Lepore_Extrusion>	rdf:type	<wordnet_physical_entity_100001930>	
	<The_Lepore_Extrusion>	rdf:type	<wordnet_whole_100003553>	
	<The_Lepore_Extrusion>	rdf:type	owl:Thing	
	<Wallingford_Castle>	rdf:type	<wikicategory_Castles_in_Oxfordshire>	
	<Wallingford_Castle>	rdf:type	<wikicategory_Grade_I_listed_buildings_in_Oxfordshire>	
	<Wallingford_Castle>	rdf:type	<wikicategory_Grade_I_listed_castles>	
	<Wallingford_Castle>	rdf:type	<wordnet_artifact_100021939>	
	<Wallingford_Castle>	rdf:type	<wordnet_building_102913152>	
	<Wallingford_Castle>	rdf:type	<wordnet_dwelling_103259505>	
	<Wallingford_Castle>	rdf:type	<wordnet_house_103544360>	
	<Wallingford_Castle>	rdf:type	<wordnet_housing_103546340>	
	<Wallingford_Castle>	rdf:type	<wordnet_mansion_103719053>	
	<Wallingford_Castle>	rdf:type	<wordnet_object_100002684>	
	<Wallingford_Castle>	rdf:type	<wordnet_palace_103878066>	
	<Wallingford_Castle>	rdf:type	<wordnet_physical_entity_100001930>	
	<Wallingford_Castle>	rdf:type	<wordnet_structure_104341686>	
	<Wallingford_Castle>	rdf:type	<wordnet_whole_100003553>	
	<Wallingford_Castle>	rdf:type	<yagoGeoEntity>	
	<Wallingford_Castle>	rdf:type	<yagoPermanentlyLocatedEntity>	
	<Wallingford_Castle>	rdf:type	owl:Thing	
	<Eleanor_Farjeon>	rdf:type	<wikicategory_Converts_to_Roman_Catholicism_from_Anglicanism>	
	<Eleanor_Farjeon>	rdf:type	<wikicategory_English_children's_writers>	
	<Eleanor_Farjeon>	rdf:type	<wikicategory_English_poets>	
	<Eleanor_Farjeon>	rdf:type	<wikicategory_English_socialists>	
	<Eleanor_Farjeon>	rdf:type	<wikicategory_English_women_writers>	
	<Eleanor_Farjeon>	rdf:type	<wikicategory_Women_poets>	
	<Eleanor_Farjeon>	rdf:type	<wikicategory_Writers_from_London>	
	<Eleanor_Farjeon>	rdf:type	<wordnet_causal_agent_100007347>	
	<Eleanor_Farjeon>	rdf:type	<wordnet_communicator_109610660>	
	<Eleanor_Farjeon>	rdf:type	<wordnet_convert_109962414>	
	<Eleanor_Farjeon>	rdf:type	<wordnet_leader_109623038>	
	<Eleanor_Farjeon>	rdf:type	<wordnet_living_thing_100004258>	
	<Eleanor_Farjeon>	rdf:type	<wordnet_object_100002684>	
	<Eleanor_Farjeon>	rdf:type	<wordnet_organism_100004475>	
	<Eleanor_Farjeon>	rdf:type	<wordnet_person_100007846>	
	<Eleanor_Farjeon>	rdf:type	<wordnet_physical_entity_100001930>	
	<Eleanor_Farjeon>	rdf:type	<wordnet_poet_110444194>	
	<Eleanor_Farjeon>	rdf:type	<wordnet_politician_110450303>	
	<Eleanor_Farjeon>	rdf:type	<wordnet_socialist_110618848>	
	<Eleanor_Farjeon>	rdf:type	<wordnet_whole_100003553>	
	<Eleanor_Farjeon>	rdf:type	<wordnet_writer_110794014>	
	<Eleanor_Farjeon>	rdf:type	<yagoLegalActor>	
	<Eleanor_Farjeon>	rdf:type	<yagoLegalActorGeo>	
	<Eleanor_Farjeon>	rdf:type	owl:Thing	
	<How_We_Roll_(Loick_Essien_song)>	rdf:type	<wikicategory_2011_singles>	
	<How_We_Roll_(Loick_Essien_song)>	rdf:type	<wordnet_artifact_100021939>	
	<How_We_Roll_(Loick_Essien_song)>	rdf:type	<wordnet_instrumentality_103575240>	
	<How_We_Roll_(Loick_Essien_song)>	rdf:type	<wordnet_medium_106254669>	
	<How_We_Roll_(Loick_Essien_song)>	rdf:type	<wordnet_object_100002684>	
	<How_We_Roll_(Loick_Essien_song)>	rdf:type	<wordnet_physical_entity_100001930>	
	<How_We_Roll_(Loick_Essien_song)>	rdf:type	<wordnet_whole_100003553>	
	<How_We_Roll_(Loick_Essien_song)>	rdf:type	owl:Thing	
	<Suemori_Castle>	rdf:type	<wikicategory_Castles_in_Nagoya>	
	<Suemori_Castle>	rdf:type	<wordnet_artifact_100021939>	
	<Suemori_Castle>	rdf:type	<wordnet_building_102913152>	
	<Suemori_Castle>	rdf:type	<wordnet_dwelling_103259505>	
	<Suemori_Castle>	rdf:type	<wordnet_house_103544360>	
	<Suemori_Castle>	rdf:type	<wordnet_housing_103546340>	
	<Suemori_Castle>	rdf:type	<wordnet_mansion_103719053>	
	<Suemori_Castle>	rdf:type	<wordnet_object_100002684>	
	<Suemori_Castle>	rdf:type	<wordnet_palace_103878066>	
	<Suemori_Castle>	rdf:type	<wordnet_physical_entity_100001930>	
	<Suemori_Castle>	rdf:type	<wordnet_structure_104341686>	
	<Suemori_Castle>	rdf:type	<wordnet_whole_100003553>	
	<Suemori_Castle>	rdf:type	<yagoGeoEntity>	
	<Suemori_Castle>	rdf:type	<yagoPermanentlyLocatedEntity>	
	<Suemori_Castle>	rdf:type	owl:Thing	
	<Kidda>	rdf:type	<wikicategory_British_electronic_musicians>	
	<Kidda>	rdf:type	<wikicategory_British_record_producers>	
	<Kidda>	rdf:type	<wikicategory_Living_people>	
	<Kidda>	rdf:type	<wordnet_artist_109812338>	
	<Kidda>	rdf:type	<wordnet_causal_agent_100007347>	
	<Kidda>	rdf:type	<wordnet_creator_109614315>	
	<Kidda>	rdf:type	<wordnet_living_thing_100004258>	
	<Kidda>	rdf:type	<wordnet_maker_110284064>	
	<Kidda>	rdf:type	<wordnet_manufacturer_110292316>	
	<Kidda>	rdf:type	<wordnet_musician_110339966>	
	<Kidda>	rdf:type	<wordnet_object_100002684>	
	<Kidda>	rdf:type	<wordnet_organism_100004475>	
	<Kidda>	rdf:type	<wordnet_person_100007846>	
	<Kidda>	rdf:type	<wordnet_physical_entity_100001930>	
	<Kidda>	rdf:type	<wordnet_whole_100003553>	
	<Kidda>	rdf:type	<yagoLegalActor>	
	<Kidda>	rdf:type	<yagoLegalActorGeo>	
	<Kidda>	rdf:type	owl:Thing	
	<Second_Sumatran_Expedition>	rdf:type	<wikicategory_Battles_involving_the_United_States>	
	<Second_Sumatran_Expedition>	rdf:type	<wikicategory_Military_expeditions_of_the_United_States>	
	<Second_Sumatran_Expedition>	rdf:type	<wikicategory_Naval_battles_involving_the_United_States>	
	<Second_Sumatran_Expedition>	rdf:type	<wikicategory_Punitive_expeditions_and_landings_in_Asia/Pacific_(1800-1899)_of_the_United_States>	
	<Second_Sumatran_Expedition>	rdf:type	<wordnet_abstraction_100002137>	
	<Second_Sumatran_Expedition>	rdf:type	<wordnet_act_100030358>	
	<Second_Sumatran_Expedition>	rdf:type	<wordnet_activity_100407535>	
	<Second_Sumatran_Expedition>	rdf:type	<wordnet_battle_100953559>	
	<Second_Sumatran_Expedition>	rdf:type	<wordnet_campaign_100968155>	
	<Second_Sumatran_Expedition>	rdf:type	<wordnet_event_100029378>	
	<Second_Sumatran_Expedition>	rdf:type	<wordnet_expedition_100968479>	
	<Second_Sumatran_Expedition>	rdf:type	<wordnet_group_action_101080366>	
	<Second_Sumatran_Expedition>	rdf:type	<wordnet_military_action_100952963>	
	<Second_Sumatran_Expedition>	rdf:type	<wordnet_naval_battle_100958477>	
	<Second_Sumatran_Expedition>	rdf:type	<wordnet_operation_100955060>	
	<Second_Sumatran_Expedition>	rdf:type	<wordnet_psychological_feature_100023100>	
	<Second_Sumatran_Expedition>	rdf:type	<yagoPermanentlyLocatedEntity>	
	<Second_Sumatran_Expedition>	rdf:type	owl:Thing	
	<Monument_to_the_Heroes_of_the_Air>	rdf:type	<wikicategory_Buildings_and_structures_in_Bucharest>	
	<Monument_to_the_Heroes_of_the_Air>	rdf:type	<wordnet_artifact_100021939>	
	<Monument_to_the_Heroes_of_the_Air>	rdf:type	<wordnet_building_102913152>	
	<Monument_to_the_Heroes_of_the_Air>	rdf:type	<wordnet_object_100002684>	
	<Monument_to_the_Heroes_of_the_Air>	rdf:type	<wordnet_physical_entity_100001930>	
	<Monument_to_the_Heroes_of_the_Air>	rdf:type	<wordnet_structure_104341686>	
	<Monument_to_the_Heroes_of_the_Air>	rdf:type	<wordnet_whole_100003553>	
	<Monument_to_the_Heroes_of_the_Air>	rdf:type	<yagoGeoEntity>	
	<Monument_to_the_Heroes_of_the_Air>	rdf:type	<yagoPermanentlyLocatedEntity>	
	<Monument_to_the_Heroes_of_the_Air>	rdf:type	owl:Thing	
	<Melanie_Blatt>	rdf:type	<wikicategory_Alumni_of_the_Sylvia_Young_Theatre_School>	
	<Melanie_Blatt>	rdf:type	<wikicategory_English_female_singers>	
	<Melanie_Blatt>	rdf:type	<wikicategory_English_film_actors>	
	<Melanie_Blatt>	rdf:type	<wikicategory_English_people_of_French_descent>	
	<Melanie_Blatt>	rdf:type	<wikicategory_English_people_of_Jewish_descent>	
	<Melanie_Blatt>	rdf:type	<wikicategory_English_people_of_Polish_descent>	
	<Melanie_Blatt>	rdf:type	<wikicategory_English_people_of_Russian_descent>	
	<Melanie_Blatt>	rdf:type	<wikicategory_English_pop_singers>	
	<Melanie_Blatt>	rdf:type	<wikicategory_Living_people>	
	<Melanie_Blatt>	rdf:type	<wikicategory_People_from_Camden_Town>	
	<Melanie_Blatt>	rdf:type	<wordnet_actor_109765278>	
	<Melanie_Blatt>	rdf:type	<wordnet_alumnus_109786338>	
	<Melanie_Blatt>	rdf:type	<wordnet_artist_109812338>	
	<Melanie_Blatt>	rdf:type	<wordnet_causal_agent_100007347>	
	<Melanie_Blatt>	rdf:type	<wordnet_creator_109614315>	
	<Melanie_Blatt>	rdf:type	<wordnet_entertainer_109616922>	
	<Melanie_Blatt>	rdf:type	<wordnet_intellectual_109621545>	
	<Melanie_Blatt>	rdf:type	<wordnet_living_thing_100004258>	
	<Melanie_Blatt>	rdf:type	<wordnet_musician_110339966>	
	<Melanie_Blatt>	rdf:type	<wordnet_musician_110340312>	
	<Melanie_Blatt>	rdf:type	<wordnet_object_100002684>	
	<Melanie_Blatt>	rdf:type	<wordnet_organism_100004475>	
	<Melanie_Blatt>	rdf:type	<wordnet_performer_110415638>	
	<Melanie_Blatt>	rdf:type	<wordnet_person_100007846>	
	<Melanie_Blatt>	rdf:type	<wordnet_physical_entity_100001930>	
	<Melanie_Blatt>	rdf:type	<wordnet_scholar_110557854>	
	<Melanie_Blatt>	rdf:type	<wordnet_singer_110599806>	
	<Melanie_Blatt>	rdf:type	<wordnet_whole_100003553>	
	<Melanie_Blatt>	rdf:type	<yagoLegalActor>	
	<Melanie_Blatt>	rdf:type	<yagoLegalActorGeo>	
	<Melanie_Blatt>	rdf:type	owl:Thing	
	<Lisinopril/hydrochlorothiazide>	rdf:type	<wikicategory_Antihypertensive_agents>	
	<Lisinopril/hydrochlorothiazide>	rdf:type	<wikicategory_Combination_drugs>	
	<Lisinopril/hydrochlorothiazide>	rdf:type	<wordnet_agent_109190918>	
	<Lisinopril/hydrochlorothiazide>	rdf:type	<wordnet_agent_114778436>	
	<Lisinopril/hydrochlorothiazide>	rdf:type	<wordnet_causal_agent_100007347>	
	<Lisinopril/hydrochlorothiazide>	rdf:type	<wordnet_drug_103247620>	
	<Lisinopril/hydrochlorothiazide>	rdf:type	<wordnet_matter_100020827>	
	<Lisinopril/hydrochlorothiazide>	rdf:type	<wordnet_physical_entity_100001930>	
	<Lisinopril/hydrochlorothiazide>	rdf:type	<wordnet_substance_100020090>	
	<Lisinopril/hydrochlorothiazide>	rdf:type	owl:Thing	
	<Norman_Cooley>	rdf:type	<wikicategory_Bedfordshire_cricketers>	
	<Norman_Cooley>	rdf:type	<wikicategory_English_cricketers>	
	<Norman_Cooley>	rdf:type	<wikicategory_English_wicket-keepers>	
	<Norman_Cooley>	rdf:type	<wikicategory_Living_people>	
	<Norman_Cooley>	rdf:type	<wikicategory_People_from_Central_Bedfordshire_(district)>	
	<Norman_Cooley>	rdf:type	<wordnet_athlete_109820263>	
	<Norman_Cooley>	rdf:type	<wordnet_causal_agent_100007347>	
	<Norman_Cooley>	rdf:type	<wordnet_contestant_109613191>	
	<Norman_Cooley>	rdf:type	<wordnet_cricketer_109977326>	
	<Norman_Cooley>	rdf:type	<wordnet_living_thing_100004258>	
	<Norman_Cooley>	rdf:type	<wordnet_object_100002684>	
	<Norman_Cooley>	rdf:type	<wordnet_organism_100004475>	
	<Norman_Cooley>	rdf:type	<wordnet_person_100007846>	
	<Norman_Cooley>	rdf:type	<wordnet_physical_entity_100001930>	
	<Norman_Cooley>	rdf:type	<wordnet_whole_100003553>	
	<Norman_Cooley>	rdf:type	<wordnet_wicket-keeper_110780185>	
	<Norman_Cooley>	rdf:type	<yagoLegalActor>	
	<Norman_Cooley>	rdf:type	<yagoLegalActorGeo>	
	<Norman_Cooley>	rdf:type	owl:Thing	
	<Spencer_Myrick>	rdf:type	<wikicategory_Louisiana_State_Senators>	
	<Spencer_Myrick>	rdf:type	<wikicategory_People_from_Baton_Rouge,_Louisiana>	
	<Spencer_Myrick>	rdf:type	<wikicategory_People_from_Simpson_County,_Mississippi>	
	<Spencer_Myrick>	rdf:type	<wikicategory_People_from_West_Carroll_Parish,_Louisiana>	
	<Spencer_Myrick>	rdf:type	<wordnet_causal_agent_100007347>	
	<Spencer_Myrick>	rdf:type	<wordnet_holder_110180178>	
	<Spencer_Myrick>	rdf:type	<wordnet_lawgiver_110249270>	
	<Spencer_Myrick>	rdf:type	<wordnet_leader_109623038>	
	<Spencer_Myrick>	rdf:type	<wordnet_legislator_110253995>	
	<Spencer_Myrick>	rdf:type	<wordnet_living_thing_100004258>	
	<Spencer_Myrick>	rdf:type	<wordnet_object_100002684>	
	<Spencer_Myrick>	rdf:type	<wordnet_officeholder_110371450>	
	<Spencer_Myrick>	rdf:type	<wordnet_official_110372373>	
	<Spencer_Myrick>	rdf:type	<wordnet_organism_100004475>	
	<Spencer_Myrick>	rdf:type	<wordnet_owner_110389398>	
	<Spencer_Myrick>	rdf:type	<wordnet_person_100007846>	
	<Spencer_Myrick>	rdf:type	<wordnet_physical_entity_100001930>	
	<Spencer_Myrick>	rdf:type	<wordnet_politician_110451263>	
	<Spencer_Myrick>	rdf:type	<wordnet_senator_110578471>	
	<Spencer_Myrick>	rdf:type	<wordnet_skilled_worker_110605985>	
	<Spencer_Myrick>	rdf:type	<wordnet_state_senator_110650076>	
	<Spencer_Myrick>	rdf:type	<wordnet_whole_100003553>	
	<Spencer_Myrick>	rdf:type	<wordnet_worker_109632518>	
	<Spencer_Myrick>	rdf:type	<yagoLegalActor>	
	<Spencer_Myrick>	rdf:type	<yagoLegalActorGeo>	
	<Spencer_Myrick>	rdf:type	owl:Thing	
	<Rilmenidine>	rdf:type	<wikicategory_Antihypertensive_agents>	
	<Rilmenidine>	rdf:type	<wordnet_agent_109190918>	
	<Rilmenidine>	rdf:type	<wordnet_causal_agent_100007347>	
	<Rilmenidine>	rdf:type	<wordnet_physical_entity_100001930>	
	<Rilmenidine>	rdf:type	owl:Thing	
	<Kim_Myeong-hui>	rdf:type	<wikicategory_Joseon_Dynasty_people>	
	<Kim_Myeong-hui>	rdf:type	<wikicategory_Korean_artists>	
	<Kim_Myeong-hui>	rdf:type	<wordnet_artist_109812338>	
	<Kim_Myeong-hui>	rdf:type	<wordnet_causal_agent_100007347>	
	<Kim_Myeong-hui>	rdf:type	<wordnet_creator_109614315>	
	<Kim_Myeong-hui>	rdf:type	<wordnet_living_thing_100004258>	
	<Kim_Myeong-hui>	rdf:type	<wordnet_object_100002684>	
	<Kim_Myeong-hui>	rdf:type	<wordnet_organism_100004475>	
	<Kim_Myeong-hui>	rdf:type	<wordnet_person_100007846>	
	<Kim_Myeong-hui>	rdf:type	<wordnet_physical_entity_100001930>	
	<Kim_Myeong-hui>	rdf:type	<wordnet_whole_100003553>	
	<Kim_Myeong-hui>	rdf:type	<yagoLegalActor>	
	<Kim_Myeong-hui>	rdf:type	<yagoLegalActorGeo>	
	<Kim_Myeong-hui>	rdf:type	owl:Thing	
	<Band_Ohne_Namen>	rdf:type	<wikicategory_German_pop_music_groups>	
	<Band_Ohne_Namen>	rdf:type	<wordnet_abstraction_100002137>	
	<Band_Ohne_Namen>	rdf:type	<wordnet_group_100031264>	
	<Band_Ohne_Namen>	rdf:type	owl:Thing	
	<Shinjuku_Incident>	rdf:type	<wikicategory_2000s_action_films>	
	<Shinjuku_Incident>	rdf:type	<wikicategory_2000s_crime_films>	
	<Shinjuku_Incident>	rdf:type	<wikicategory_2000s_drama_films>	
	<Shinjuku_Incident>	rdf:type	<wikicategory_2000s_thriller_films>	
	<Shinjuku_Incident>	rdf:type	<wikicategory_2009_films>	
	<Shinjuku_Incident>	rdf:type	<wikicategory_Action_thriller_films>	
	<Shinjuku_Incident>	rdf:type	<wikicategory_Cantonese-language_films>	
	<Shinjuku_Incident>	rdf:type	<wikicategory_Crime_drama_films>	
	<Shinjuku_Incident>	rdf:type	<wikicategory_Crime_thriller_films>	
	<Shinjuku_Incident>	rdf:type	<wikicategory_Films_directed_by_Derek_Yee>	
	<Shinjuku_Incident>	rdf:type	<wikicategory_Hong_Kong_action_films>	
	<Shinjuku_Incident>	rdf:type	<wikicategory_Hong_Kong_films>	
	<Shinjuku_Incident>	rdf:type	<wikicategory_Japanese-language_films>	
	<Shinjuku_Incident>	rdf:type	<wikicategory_Mandarin-language_films>	
	<Shinjuku_Incident>	rdf:type	<wordnet_abstraction_100002137>	
	<Shinjuku_Incident>	rdf:type	<wordnet_artifact_100021939>	
	<Shinjuku_Incident>	rdf:type	<wordnet_creation_103129123>	
	<Shinjuku_Incident>	rdf:type	<wordnet_event_100029378>	
	<Shinjuku_Incident>	rdf:type	<wordnet_movie_106613686>	
	<Shinjuku_Incident>	rdf:type	<wordnet_object_100002684>	
	<Shinjuku_Incident>	rdf:type	<wordnet_physical_entity_100001930>	
	<Shinjuku_Incident>	rdf:type	<wordnet_product_104007894>	
	<Shinjuku_Incident>	rdf:type	<wordnet_psychological_feature_100023100>	
	<Shinjuku_Incident>	rdf:type	<wordnet_show_106619065>	
	<Shinjuku_Incident>	rdf:type	<wordnet_social_event_107288639>	
	<Shinjuku_Incident>	rdf:type	<wordnet_whole_100003553>	
	<Shinjuku_Incident>	rdf:type	<yagoPermanentlyLocatedEntity>	
	<Shinjuku_Incident>	rdf:type	owl:Thing	
	<Anhong_Subdistrict>	rdf:type	<wordnet_administrative_district_108491826>	
	<Anhong_Subdistrict>	rdf:type	<wordnet_district_108552138>	
	<Anhong_Subdistrict>	rdf:type	<wordnet_location_100027167>	
	<Anhong_Subdistrict>	rdf:type	<wordnet_object_100002684>	
	<Anhong_Subdistrict>	rdf:type	<wordnet_physical_entity_100001930>	
	<Anhong_Subdistrict>	rdf:type	<wordnet_region_108630985>	
	<Anhong_Subdistrict>	rdf:type	<yagoGeoEntity>	
	<Anhong_Subdistrict>	rdf:type	<yagoLegalActorGeo>	
	<Anhong_Subdistrict>	rdf:type	<yagoPermanentlyLocatedEntity>	
	<Anhong_Subdistrict>	rdf:type	owl:Thing	
	<Karishma_Kaa_Karishma>	rdf:type	<wordnet_artifact_100021939>	
	<Karishma_Kaa_Karishma>	rdf:type	<wordnet_broadcasting_106276697>	
	<Karishma_Kaa_Karishma>	rdf:type	<wordnet_instrumentality_103575240>	
	<Karishma_Kaa_Karishma>	rdf:type	<wordnet_medium_106254669>	
	<Karishma_Kaa_Karishma>	rdf:type	<wordnet_object_100002684>	
	<Karishma_Kaa_Karishma>	rdf:type	<wordnet_physical_entity_100001930>	
	<Karishma_Kaa_Karishma>	rdf:type	<wordnet_telecommunication_106271778>	
	<Karishma_Kaa_Karishma>	rdf:type	<wordnet_television_106277280>	
	<Karishma_Kaa_Karishma>	rdf:type	<wordnet_whole_100003553>	
	<Karishma_Kaa_Karishma>	rdf:type	owl:Thing	
	<Liquid_crystal_thermometer>	rdf:type	<wikicategory_Thermometers>	
	<Liquid_crystal_thermometer>	rdf:type	<wordnet_artifact_100021939>	
	<Liquid_crystal_thermometer>	rdf:type	<wordnet_device_103183080>	
	<Liquid_crystal_thermometer>	rdf:type	<wordnet_instrument_103574816>	
	<Liquid_crystal_thermometer>	rdf:type	<wordnet_instrumentality_103575240>	
	<Liquid_crystal_thermometer>	rdf:type	<wordnet_measuring_instrument_103733925>	
	<Liquid_crystal_thermometer>	rdf:type	<wordnet_object_100002684>	
	<Liquid_crystal_thermometer>	rdf:type	<wordnet_physical_entity_100001930>	
	<Liquid_crystal_thermometer>	rdf:type	<wordnet_thermometer_104421872>	
	<Liquid_crystal_thermometer>	rdf:type	<wordnet_whole_100003553>	
	<Liquid_crystal_thermometer>	rdf:type	owl:Thing	
	<Florida_Strawberry_Festival>	rdf:type	<wikicategory_Festivals_in_Florida>	
	<Florida_Strawberry_Festival>	rdf:type	<wikicategory_Food_festivals_in_the_United_States>	
	<Florida_Strawberry_Festival>	rdf:type	<wikicategory_Visitor_attractions_in_Hillsborough_County,_Florida>	
	<Florida_Strawberry_Festival>	rdf:type	<wordnet_abstraction_100002137>	
	<Florida_Strawberry_Festival>	rdf:type	<wordnet_attraction_106615561>	
	<Florida_Strawberry_Festival>	rdf:type	<wordnet_event_100029378>	
	<Florida_Strawberry_Festival>	rdf:type	<wordnet_festival_115162388>	
	<Florida_Strawberry_Festival>	rdf:type	<wordnet_fundamental_quantity_113575869>	
	<Florida_Strawberry_Festival>	rdf:type	<wordnet_measure_100033615>	
	<Florida_Strawberry_Festival>	rdf:type	<wordnet_psychological_feature_100023100>	
	<Florida_Strawberry_Festival>	rdf:type	<wordnet_show_106619065>	
	<Florida_Strawberry_Festival>	rdf:type	<wordnet_social_event_107288639>	
	<Florida_Strawberry_Festival>	rdf:type	<wordnet_time_period_115113229>	
	<Florida_Strawberry_Festival>	rdf:type	<yagoPermanentlyLocatedEntity>	
	<Florida_Strawberry_Festival>	rdf:type	owl:Thing	
	<Mahesh_Shankar>	rdf:type	<wikicategory_Living_people>	
	<Mahesh_Shankar>	rdf:type	<wikicategory_Telugu_film_score_composers>	
	<Mahesh_Shankar>	rdf:type	<wordnet_artist_109812338>	
	<Mahesh_Shankar>	rdf:type	<wordnet_causal_agent_100007347>	
	<Mahesh_Shankar>	rdf:type	<wordnet_composer_109947232>	
	<Mahesh_Shankar>	rdf:type	<wordnet_creator_109614315>	
	<Mahesh_Shankar>	rdf:type	<wordnet_living_thing_100004258>	
	<Mahesh_Shankar>	rdf:type	<wordnet_musician_110339966>	
	<Mahesh_Shankar>	rdf:type	<wordnet_object_100002684>	
	<Mahesh_Shankar>	rdf:type	<wordnet_organism_100004475>	
	<Mahesh_Shankar>	rdf:type	<wordnet_person_100007846>	
	<Mahesh_Shankar>	rdf:type	<wordnet_physical_entity_100001930>	
	<Mahesh_Shankar>	rdf:type	<wordnet_whole_100003553>	
	<Mahesh_Shankar>	rdf:type	<yagoLegalActor>	
	<Mahesh_Shankar>	rdf:type	<yagoLegalActorGeo>	
	<Mahesh_Shankar>	rdf:type	owl:Thing	
	<Gramling,_South_Carolina>	rdf:type	<wikicategory_Census-designated_places_in_South_Carolina>	
	<Gramling,_South_Carolina>	rdf:type	<wikicategory_Populated_places_in_Spartanburg_County,_South_Carolina>	
	<Gramling,_South_Carolina>	rdf:type	<wordnet_administrative_district_108491826>	
	<Gramling,_South_Carolina>	rdf:type	<wordnet_district_108552138>	
	<Gramling,_South_Carolina>	rdf:type	<wordnet_geographical_area_108574314>	
	<Gramling,_South_Carolina>	rdf:type	<wordnet_location_100027167>	
	<Gramling,_South_Carolina>	rdf:type	<wordnet_object_100002684>	
	<Gramling,_South_Carolina>	rdf:type	<wordnet_physical_entity_100001930>	
	<Gramling,_South_Carolina>	rdf:type	<wordnet_region_108630985>	
	<Gramling,_South_Carolina>	rdf:type	<wordnet_site_108651247>	
	<Gramling,_South_Carolina>	rdf:type	<wordnet_tract_108673395>	
	<Gramling,_South_Carolina>	rdf:type	<yagoGeoEntity>	
	<Gramling,_South_Carolina>	rdf:type	<yagoLegalActorGeo>	
	<Gramling,_South_Carolina>	rdf:type	<yagoPermanentlyLocatedEntity>	
	<Gramling,_South_Carolina>	rdf:type	owl:Thing	
	<Jodhpur_Park_Boys_School>	rdf:type	<wikicategory_Boys'_schools_in_India>	
	<Jodhpur_Park_Boys_School>	rdf:type	<wikicategory_Educational_institutions_established_in_1969>	
	<Jodhpur_Park_Boys_School>	rdf:type	<wikicategory_High_schools_in_India>	
	<Jodhpur_Park_Boys_School>	rdf:type	<wikicategory_Schools_in_Kolkata>	
	<Jodhpur_Park_Boys_School>	rdf:type	<wikicategory_Schools_in_West_Bengal>	
	<Jodhpur_Park_Boys_School>	rdf:type	<wordnet_abstraction_100002137>	
	<Jodhpur_Park_Boys_School>	rdf:type	<wordnet_educational_institution_108276342>	
	<Jodhpur_Park_Boys_School>	rdf:type	<wordnet_group_100031264>	
	<Jodhpur_Park_Boys_School>	rdf:type	<wordnet_institution_108053576>	
	<Jodhpur_Park_Boys_School>	rdf:type	<wordnet_organization_108008335>	
	<Jodhpur_Park_Boys_School>	rdf:type	<wordnet_school_108276720>	
	<Jodhpur_Park_Boys_School>	rdf:type	<wordnet_secondary_school_108284481>	
	<Jodhpur_Park_Boys_School>	rdf:type	<wordnet_senior_high_school_108409617>	
	<Jodhpur_Park_Boys_School>	rdf:type	<wordnet_social_group_107950920>	
	<Jodhpur_Park_Boys_School>	rdf:type	<yagoLegalActor>	
	<Jodhpur_Park_Boys_School>	rdf:type	<yagoLegalActorGeo>	
	<Jodhpur_Park_Boys_School>	rdf:type	<yagoPermanentlyLocatedEntity>	
	<Jodhpur_Park_Boys_School>	rdf:type	owl:Thing	
	<Sremska_Mitrovica_prison>	rdf:type	<wikicategory_Serbian_war_crimes>	
	<Sremska_Mitrovica_prison>	rdf:type	<wikicategory_War_crimes_in_former_Yugoslavia>	
	<Sremska_Mitrovica_prison>	rdf:type	<wordnet_abstraction_100002137>	
	<Sremska_Mitrovica_prison>	rdf:type	<wordnet_act_100030358>	
	<Sremska_Mitrovica_prison>	rdf:type	<wordnet_activity_100407535>	
	<Sremska_Mitrovica_prison>	rdf:type	<wordnet_crime_100766234>	
	<Sremska_Mitrovica_prison>	rdf:type	<wordnet_event_100029378>	
	<Sremska_Mitrovica_prison>	rdf:type	<wordnet_psychological_feature_100023100>	
	<Sremska_Mitrovica_prison>	rdf:type	<wordnet_transgression_100745005>	
	<Sremska_Mitrovica_prison>	rdf:type	<wordnet_war_crime_100782518>	
	<Sremska_Mitrovica_prison>	rdf:type	<wordnet_wrongdoing_100732746>	
	<Sremska_Mitrovica_prison>	rdf:type	<yagoPermanentlyLocatedEntity>	
	<Sremska_Mitrovica_prison>	rdf:type	owl:Thing	
	<George_Adam_Clare>	rdf:type	<wikicategory_Mayors_of_places_in_Ontario>	
	<George_Adam_Clare>	rdf:type	<wordnet_authority_109824609>	
	<George_Adam_Clare>	rdf:type	<wordnet_causal_agent_100007347>	
	<George_Adam_Clare>	rdf:type	<wordnet_civil_authority_110541833>	
	<George_Adam_Clare>	rdf:type	<wordnet_holder_110180178>	
	<George_Adam_Clare>	rdf:type	<wordnet_leader_109623038>	
	<George_Adam_Clare>	rdf:type	<wordnet_living_thing_100004258>	
	<George_Adam_Clare>	rdf:type	<wordnet_mayor_110303814>	
	<George_Adam_Clare>	rdf:type	<wordnet_object_100002684>	
	<George_Adam_Clare>	rdf:type	<wordnet_officeholder_110371450>	
	<George_Adam_Clare>	rdf:type	<wordnet_official_110372373>	
	<George_Adam_Clare>	rdf:type	<wordnet_organism_100004475>	
	<George_Adam_Clare>	rdf:type	<wordnet_owner_110389398>	
	<George_Adam_Clare>	rdf:type	<wordnet_person_100007846>	
	<George_Adam_Clare>	rdf:type	<wordnet_physical_entity_100001930>	
	<George_Adam_Clare>	rdf:type	<wordnet_politician_110451263>	
	<George_Adam_Clare>	rdf:type	<wordnet_skilled_worker_110605985>	
	<George_Adam_Clare>	rdf:type	<wordnet_whole_100003553>	
	<George_Adam_Clare>	rdf:type	<wordnet_worker_109632518>	
	<George_Adam_Clare>	rdf:type	<yagoLegalActor>	
	<George_Adam_Clare>	rdf:type	<yagoLegalActorGeo>	
	<George_Adam_Clare>	rdf:type	owl:Thing	
	<SS_Saar>	rdf:type	<wikicategory_1937_ships>	
	<SS_Saar>	rdf:type	<wikicategory_Empire_ships>	
	<SS_Saar>	rdf:type	<wikicategory_Merchant_ships_of_Germany>	
	<SS_Saar>	rdf:type	<wikicategory_Merchant_ships_of_the_Soviet_Union>	
	<SS_Saar>	rdf:type	<wikicategory_Merchant_ships_of_the_United_Kingdom>	
	<SS_Saar>	rdf:type	<wikicategory_Steamships_of_Germany>	
	<SS_Saar>	rdf:type	<wikicategory_Steamships_of_the_Soviet_Union>	
	<SS_Saar>	rdf:type	<wikicategory_Steamships_of_the_United_Kingdom>	
	<SS_Saar>	rdf:type	<wikicategory_World_War_II_merchant_ships_of_Germany>	
	<SS_Saar>	rdf:type	<wordnet_artifact_100021939>	
	<SS_Saar>	rdf:type	<wordnet_bottom_102878222>	
	<SS_Saar>	rdf:type	<wordnet_cargo_ship_102965300>	
	<SS_Saar>	rdf:type	<wordnet_conveyance_103100490>	
	<SS_Saar>	rdf:type	<wordnet_craft_103125870>	
	<SS_Saar>	rdf:type	<wordnet_instrumentality_103575240>	
	<SS_Saar>	rdf:type	<wordnet_object_100002684>	
	<SS_Saar>	rdf:type	<wordnet_physical_entity_100001930>	
	<SS_Saar>	rdf:type	<wordnet_ship_104194289>	
	<SS_Saar>	rdf:type	<wordnet_steamer_104309348>	
	<SS_Saar>	rdf:type	<wordnet_vehicle_104524313>	
	<SS_Saar>	rdf:type	<wordnet_vessel_104530566>	
	<SS_Saar>	rdf:type	<wordnet_whole_100003553>	
	<SS_Saar>	rdf:type	owl:Thing	
	<Leland_Ryken>	rdf:type	<wikicategory_American_academics_of_English_literature>	
	<Leland_Ryken>	rdf:type	<wikicategory_Living_people>	
	<Leland_Ryken>	rdf:type	<wikicategory_People_from_Wheaton,_Illinois>	
	<Leland_Ryken>	rdf:type	<wordnet_academician_109759069>	
	<Leland_Ryken>	rdf:type	<wordnet_adult_109605289>	
	<Leland_Ryken>	rdf:type	<wordnet_causal_agent_100007347>	
	<Leland_Ryken>	rdf:type	<wordnet_educator_110045713>	
	<Leland_Ryken>	rdf:type	<wordnet_living_thing_100004258>	
	<Leland_Ryken>	rdf:type	<wordnet_object_100002684>	
	<Leland_Ryken>	rdf:type	<wordnet_organism_100004475>	
	<Leland_Ryken>	rdf:type	<wordnet_person_100007846>	
	<Leland_Ryken>	rdf:type	<wordnet_physical_entity_100001930>	
	<Leland_Ryken>	rdf:type	<wordnet_professional_110480253>	
	<Leland_Ryken>	rdf:type	<wordnet_whole_100003553>	
	<Leland_Ryken>	rdf:type	<yagoLegalActor>	
	<Leland_Ryken>	rdf:type	<yagoLegalActorGeo>	
	<Leland_Ryken>	rdf:type	owl:Thing	
	<Overwhelming_exception>	rdf:type	<wikicategory_Inductive_fallacies>	
	<Overwhelming_exception>	rdf:type	<wordnet_abstraction_100002137>	
	<Overwhelming_exception>	rdf:type	<wordnet_cognition_100023271>	
	<Overwhelming_exception>	rdf:type	<wordnet_content_105809192>	
	<Overwhelming_exception>	rdf:type	<wordnet_fallacy_105893916>	
	<Overwhelming_exception>	rdf:type	<wordnet_idea_105833840>	
	<Overwhelming_exception>	rdf:type	<wordnet_misconception_105893653>	
	<Overwhelming_exception>	rdf:type	<wordnet_psychological_feature_100023100>	
	<Overwhelming_exception>	rdf:type	owl:Thing	
	<Edward_Scofield>	rdf:type	<wikicategory_Governors_of_Wisconsin>	
	<Edward_Scofield>	rdf:type	<wikicategory_People_from_Clearfield_County,_Pennsylvania>	
	<Edward_Scofield>	rdf:type	<wikicategory_People_from_Oconto_County,_Wisconsin>	
	<Edward_Scofield>	rdf:type	<wikicategory_People_of_Pennsylvania_in_the_American_Civil_War>	
	<Edward_Scofield>	rdf:type	<wikicategory_Union_Army_officers>	
	<Edward_Scofield>	rdf:type	<wikicategory_Wisconsin_State_Senators>	
	<Edward_Scofield>	rdf:type	<wordnet_army_officer_109809749>	
	<Edward_Scofield>	rdf:type	<wordnet_causal_agent_100007347>	
	<Edward_Scofield>	rdf:type	<wordnet_governor_110140314>	
	<Edward_Scofield>	rdf:type	<wordnet_holder_110180178>	
	<Edward_Scofield>	rdf:type	<wordnet_lawgiver_110249270>	
	<Edward_Scofield>	rdf:type	<wordnet_leader_109623038>	
	<Edward_Scofield>	rdf:type	<wordnet_legislator_110253995>	
	<Edward_Scofield>	rdf:type	<wordnet_living_thing_100004258>	
	<Edward_Scofield>	rdf:type	<wordnet_military_officer_110317007>	
	<Edward_Scofield>	rdf:type	<wordnet_object_100002684>	
	<Edward_Scofield>	rdf:type	<wordnet_officeholder_110371450>	
	<Edward_Scofield>	rdf:type	<wordnet_official_110372373>	
	<Edward_Scofield>	rdf:type	<wordnet_organism_100004475>	
	<Edward_Scofield>	rdf:type	<wordnet_owner_110389398>	
	<Edward_Scofield>	rdf:type	<wordnet_person_100007846>	
	<Edward_Scofield>	rdf:type	<wordnet_physical_entity_100001930>	
	<Edward_Scofield>	rdf:type	<wordnet_politician_110451263>	
	<Edward_Scofield>	rdf:type	<wordnet_senator_110578471>	
	<Edward_Scofield>	rdf:type	<wordnet_serviceman_110582746>	
	<Edward_Scofield>	rdf:type	<wordnet_skilled_worker_110605985>	
	<Edward_Scofield>	rdf:type	<wordnet_state_senator_110650076>	
	<Edward_Scofield>	rdf:type	<wordnet_whole_100003553>	
	<Edward_Scofield>	rdf:type	<wordnet_worker_109632518>	
	<Edward_Scofield>	rdf:type	<yagoLegalActor>	
	<Edward_Scofield>	rdf:type	<yagoLegalActorGeo>	
	<Edward_Scofield>	rdf:type	owl:Thing	
	<Multi-chip_module>	rdf:type	<wikicategory_Chip_carriers>	
	<Multi-chip_module>	rdf:type	<wordnet_carrier_109897696>	
	<Multi-chip_module>	rdf:type	<wordnet_causal_agent_100007347>	
	<Multi-chip_module>	rdf:type	<wordnet_living_thing_100004258>	
	<Multi-chip_module>	rdf:type	<wordnet_object_100002684>	
	<Multi-chip_module>	rdf:type	<wordnet_organism_100004475>	
	<Multi-chip_module>	rdf:type	<wordnet_person_100007846>	
	<Multi-chip_module>	rdf:type	<wordnet_physical_entity_100001930>	
	<Multi-chip_module>	rdf:type	<wordnet_traveler_109629752>	
	<Multi-chip_module>	rdf:type	<wordnet_whole_100003553>	
	<Multi-chip_module>	rdf:type	<yagoLegalActor>	
	<Multi-chip_module>	rdf:type	<yagoLegalActorGeo>	
	<Multi-chip_module>	rdf:type	owl:Thing	
	<Agboville_Department>	rdf:type	<wikicategory_Departments_of_Côte_d'Ivoire>	
	<Agboville_Department>	rdf:type	<wordnet_abstraction_100002137>	
	<Agboville_Department>	rdf:type	<wordnet_administrative_unit_108077292>	
	<Agboville_Department>	rdf:type	<wordnet_department_108114861>	
	<Agboville_Department>	rdf:type	<wordnet_division_108220714>	
	<Agboville_Department>	rdf:type	<wordnet_group_100031264>	
	<Agboville_Department>	rdf:type	<wordnet_organization_108008335>	
	<Agboville_Department>	rdf:type	<wordnet_social_group_107950920>	
	<Agboville_Department>	rdf:type	<wordnet_unit_108189659>	
	<Agboville_Department>	rdf:type	<yagoLegalActor>	
	<Agboville_Department>	rdf:type	<yagoLegalActorGeo>	
	<Agboville_Department>	rdf:type	<yagoPermanentlyLocatedEntity>	
	<Agboville_Department>	rdf:type	owl:Thing	
	<Bheema>	rdf:type	<wikicategory_2008_films>	
	<Bheema>	rdf:type	<wikicategory_Indian_films>	
	<Bheema>	rdf:type	<wikicategory_Tamil-language_films>	
	<Bheema>	rdf:type	<wordnet_abstraction_100002137>	
	<Bheema>	rdf:type	<wordnet_album_106591815>	
	<Bheema>	rdf:type	<wordnet_artifact_100021939>	
	<Bheema>	rdf:type	<wordnet_creation_103129123>	
	<Bheema>	rdf:type	<wordnet_event_100029378>	
	<Bheema>	rdf:type	<wordnet_instrumentality_103575240>	
	<Bheema>	rdf:type	<wordnet_medium_106254669>	
	<Bheema>	rdf:type	<wordnet_movie_106613686>	
	<Bheema>	rdf:type	<wordnet_object_100002684>	
	<Bheema>	rdf:type	<wordnet_physical_entity_100001930>	
	<Bheema>	rdf:type	<wordnet_product_104007894>	
	<Bheema>	rdf:type	<wordnet_psychological_feature_100023100>	
	<Bheema>	rdf:type	<wordnet_show_106619065>	
	<Bheema>	rdf:type	<wordnet_social_event_107288639>	
	<Bheema>	rdf:type	<wordnet_whole_100003553>	
	<Bheema>	rdf:type	<yagoPermanentlyLocatedEntity>	
	<Bheema>	rdf:type	owl:Thing	
	<Elizabeth_de_Badlesmere,_Countess_of_Northampton>	rdf:type	<wikicategory_14th-century_women>	
	<Elizabeth_de_Badlesmere,_Countess_of_Northampton>	rdf:type	<wikicategory_Daughters_of_barons>	
	<Elizabeth_de_Badlesmere,_Countess_of_Northampton>	rdf:type	<wikicategory_English_countesses>	
	<Elizabeth_de_Badlesmere,_Countess_of_Northampton>	rdf:type	<wikicategory_Prisoners_in_the_Tower_of_London>	
	<Elizabeth_de_Badlesmere,_Countess_of_Northampton>	rdf:type	<wikicategory_Women_of_medieval_England>	
	<Elizabeth_de_Badlesmere,_Countess_of_Northampton>	rdf:type	<wordnet_adult_109605289>	
	<Elizabeth_de_Badlesmere,_Countess_of_Northampton>	rdf:type	<wordnet_aristocrat_109807754>	
	<Elizabeth_de_Badlesmere,_Countess_of_Northampton>	rdf:type	<wordnet_causal_agent_100007347>	
	<Elizabeth_de_Badlesmere,_Countess_of_Northampton>	rdf:type	<wordnet_child_109918248>	
	<Elizabeth_de_Badlesmere,_Countess_of_Northampton>	rdf:type	<wordnet_countess_109970402>	
	<Elizabeth_de_Badlesmere,_Countess_of_Northampton>	rdf:type	<wordnet_daughter_109992837>	
	<Elizabeth_de_Badlesmere,_Countess_of_Northampton>	rdf:type	<wordnet_female_109619168>	
	<Elizabeth_de_Badlesmere,_Countess_of_Northampton>	rdf:type	<wordnet_female_aristocrat_110083823>	
	<Elizabeth_de_Badlesmere,_Countess_of_Northampton>	rdf:type	<wordnet_female_offspring_110084043>	
	<Elizabeth_de_Badlesmere,_Countess_of_Northampton>	rdf:type	<wordnet_leader_109623038>	
	<Elizabeth_de_Badlesmere,_Countess_of_Northampton>	rdf:type	<wordnet_living_thing_100004258>	
	<Elizabeth_de_Badlesmere,_Countess_of_Northampton>	rdf:type	<wordnet_noblewoman_110242791>	
	<Elizabeth_de_Badlesmere,_Countess_of_Northampton>	rdf:type	<wordnet_object_100002684>	
	<Elizabeth_de_Badlesmere,_Countess_of_Northampton>	rdf:type	<wordnet_offspring_110373998>	
	<Elizabeth_de_Badlesmere,_Countess_of_Northampton>	rdf:type	<wordnet_organism_100004475>	
	<Elizabeth_de_Badlesmere,_Countess_of_Northampton>	rdf:type	<wordnet_person_100007846>	
	<Elizabeth_de_Badlesmere,_Countess_of_Northampton>	rdf:type	<wordnet_physical_entity_100001930>	
	<Elizabeth_de_Badlesmere,_Countess_of_Northampton>	rdf:type	<wordnet_prisoner_110476086>	
	<Elizabeth_de_Badlesmere,_Countess_of_Northampton>	rdf:type	<wordnet_relative_110235549>	
	<Elizabeth_de_Badlesmere,_Countess_of_Northampton>	rdf:type	<wordnet_unfortunate_109630641>	
	<Elizabeth_de_Badlesmere,_Countess_of_Northampton>	rdf:type	<wordnet_whole_100003553>	
	<Elizabeth_de_Badlesmere,_Countess_of_Northampton>	rdf:type	<wordnet_woman_110787470>	
	<Elizabeth_de_Badlesmere,_Countess_of_Northampton>	rdf:type	<yagoLegalActor>	
	<Elizabeth_de_Badlesmere,_Countess_of_Northampton>	rdf:type	<yagoLegalActorGeo>	
	<Elizabeth_de_Badlesmere,_Countess_of_Northampton>	rdf:type	owl:Thing	
	<Desmond_H._Collins>	rdf:type	<wikicategory_Canadian_paleontologists>	
	<Desmond_H._Collins>	rdf:type	<wikicategory_Living_people>	
	<Desmond_H._Collins>	rdf:type	<wordnet_causal_agent_100007347>	
	<Desmond_H._Collins>	rdf:type	<wordnet_living_thing_100004258>	
	<Desmond_H._Collins>	rdf:type	<wordnet_object_100002684>	
	<Desmond_H._Collins>	rdf:type	<wordnet_organism_100004475>	
	<Desmond_H._Collins>	rdf:type	<wordnet_paleontologist_110394786>	
	<Desmond_H._Collins>	rdf:type	<wordnet_person_100007846>	
	<Desmond_H._Collins>	rdf:type	<wordnet_physical_entity_100001930>	
	<Desmond_H._Collins>	rdf:type	<wordnet_scientist_110560637>	
	<Desmond_H._Collins>	rdf:type	<wordnet_whole_100003553>	
	<Desmond_H._Collins>	rdf:type	<yagoLegalActor>	
	<Desmond_H._Collins>	rdf:type	<yagoLegalActorGeo>	
	<Desmond_H._Collins>	rdf:type	owl:Thing	
	<Dart_(comics)>	rdf:type	<wikicategory_Characters_created_by_Erik_Larsen>	
	<Dart_(comics)>	rdf:type	<wikicategory_Comics_characters_introduced_in_1993>	
	<Dart_(comics)>	rdf:type	<wikicategory_Image_Comics_characters>	
	<Dart_(comics)>	rdf:type	<wikicategory_Savage_Dragon_characters>	
	<Dart_(comics)>	rdf:type	<wordnet_ability_105616246>	
	<Dart_(comics)>	rdf:type	<wordnet_abstraction_100002137>	
	<Dart_(comics)>	rdf:type	<wordnet_cognition_100023271>	
	<Dart_(comics)>	rdf:type	<wordnet_creativity_105624700>	
	<Dart_(comics)>	rdf:type	<wordnet_fictional_character_109587565>	
	<Dart_(comics)>	rdf:type	<wordnet_imaginary_being_109483738>	
	<Dart_(comics)>	rdf:type	<wordnet_imagination_105625465>	
	<Dart_(comics)>	rdf:type	<wordnet_psychological_feature_100023100>	
	<Dart_(comics)>	rdf:type	owl:Thing	
	<John_III,_Count_of_Auvergne>	rdf:type	<wikicategory_15th-century_French_people>	
	<John_III,_Count_of_Auvergne>	rdf:type	<wikicategory_Dukes_of_Auvergne>	
	<John_III,_Count_of_Auvergne>	rdf:type	<wordnet_aristocrat_109807754>	
	<John_III,_Count_of_Auvergne>	rdf:type	<wordnet_causal_agent_100007347>	
	<John_III,_Count_of_Auvergne>	rdf:type	<wordnet_duke_110038620>	
	<John_III,_Count_of_Auvergne>	rdf:type	<wordnet_leader_109623038>	
	<John_III,_Count_of_Auvergne>	rdf:type	<wordnet_living_thing_100004258>	
	<John_III,_Count_of_Auvergne>	rdf:type	<wordnet_male_aristocrat_110285135>	
	<John_III,_Count_of_Auvergne>	rdf:type	<wordnet_noble_110271677>	
	<John_III,_Count_of_Auvergne>	rdf:type	<wordnet_object_100002684>	
	<John_III,_Count_of_Auvergne>	rdf:type	<wordnet_organism_100004475>	
	<John_III,_Count_of_Auvergne>	rdf:type	<wordnet_peer_110412910>	
	<John_III,_Count_of_Auvergne>	rdf:type	<wordnet_person_100007846>	
	<John_III,_Count_of_Auvergne>	rdf:type	<wordnet_physical_entity_100001930>	
	<John_III,_Count_of_Auvergne>	rdf:type	<wordnet_whole_100003553>	
	<John_III,_Count_of_Auvergne>	rdf:type	<yagoLegalActor>	
	<John_III,_Count_of_Auvergne>	rdf:type	<yagoLegalActorGeo>	
	<John_III,_Count_of_Auvergne>	rdf:type	owl:Thing	
	<Hero_Honda_Karizma_R>	rdf:type	<wikicategory_Hero_Honda_motorcycles>	
	<Hero_Honda_Karizma_R>	rdf:type	<wikicategory_Indian_Motorcycles>	
	<Hero_Honda_Karizma_R>	rdf:type	<wordnet_artifact_100021939>	
	<Hero_Honda_Karizma_R>	rdf:type	<wordnet_container_103094503>	
	<Hero_Honda_Karizma_R>	rdf:type	<wordnet_conveyance_103100490>	
	<Hero_Honda_Karizma_R>	rdf:type	<wordnet_instrumentality_103575240>	
	<Hero_Honda_Karizma_R>	rdf:type	<wordnet_motor_vehicle_103791235>	
	<Hero_Honda_Karizma_R>	rdf:type	<wordnet_motorcycle_103790512>	
	<Hero_Honda_Karizma_R>	rdf:type	<wordnet_object_100002684>	
	<Hero_Honda_Karizma_R>	rdf:type	<wordnet_physical_entity_100001930>	
	<Hero_Honda_Karizma_R>	rdf:type	<wordnet_self-propelled_vehicle_104170037>	
	<Hero_Honda_Karizma_R>	rdf:type	<wordnet_vehicle_104524313>	
	<Hero_Honda_Karizma_R>	rdf:type	<wordnet_wheeled_vehicle_104576211>	
	<Hero_Honda_Karizma_R>	rdf:type	<wordnet_whole_100003553>	
	<Hero_Honda_Karizma_R>	rdf:type	owl:Thing	
	<Lloyd,_New_York>	rdf:type	<wikicategory_Populated_places_in_Ulster_County,_New_York>	
	<Lloyd,_New_York>	rdf:type	<wikicategory_Populated_places_on_the_Hudson_River>	
	<Lloyd,_New_York>	rdf:type	<wikicategory_Towns_in_New_York>	
	<Lloyd,_New_York>	rdf:type	<wordnet_administrative_district_108491826>	
	<Lloyd,_New_York>	rdf:type	<wordnet_district_108552138>	
	<Lloyd,_New_York>	rdf:type	<wordnet_geographical_area_108574314>	
	<Lloyd,_New_York>	rdf:type	<wordnet_location_100027167>	
	<Lloyd,_New_York>	rdf:type	<wordnet_municipality_108626283>	
	<Lloyd,_New_York>	rdf:type	<wordnet_object_100002684>	
	<Lloyd,_New_York>	rdf:type	<wordnet_physical_entity_100001930>	
	<Lloyd,_New_York>	rdf:type	<wordnet_region_108630985>	
	<Lloyd,_New_York>	rdf:type	<wordnet_site_108651247>	
	<Lloyd,_New_York>	rdf:type	<wordnet_town_108665504>	
	<Lloyd,_New_York>	rdf:type	<wordnet_tract_108673395>	
	<Lloyd,_New_York>	rdf:type	<wordnet_urban_area_108675967>	
	<Lloyd,_New_York>	rdf:type	<yagoGeoEntity>	
	<Lloyd,_New_York>	rdf:type	<yagoLegalActorGeo>	
	<Lloyd,_New_York>	rdf:type	<yagoPermanentlyLocatedEntity>	
	<Lloyd,_New_York>	rdf:type	owl:Thing	
	<The_Big_Fellow_(novel)>	rdf:type	<wordnet_artifact_100021939>	
	<The_Big_Fellow_(novel)>	rdf:type	<wordnet_book_106410904>	
	<The_Big_Fellow_(novel)>	rdf:type	<wordnet_creation_103129123>	
	<The_Big_Fellow_(novel)>	rdf:type	<wordnet_object_100002684>	
	<The_Big_Fellow_(novel)>	rdf:type	<wordnet_physical_entity_100001930>	
	<The_Big_Fellow_(novel)>	rdf:type	<wordnet_product_104007894>	
	<The_Big_Fellow_(novel)>	rdf:type	<wordnet_publication_106589574>	
	<The_Big_Fellow_(novel)>	rdf:type	<wordnet_whole_100003553>	
	<The_Big_Fellow_(novel)>	rdf:type	<wordnet_work_104599396>	
	<The_Big_Fellow_(novel)>	rdf:type	owl:Thing	
	<Robert_Connell>	rdf:type	<wikicategory_Canadian_Anglican_priests>	
	<Robert_Connell>	rdf:type	<wikicategory_Canadian_Christian_socialists>	
	<Robert_Connell>	rdf:type	<wikicategory_Leaders_of_the_British_Columbia_CCF/NDP>	
	<Robert_Connell>	rdf:type	<wordnet_causal_agent_100007347>	
	<Robert_Connell>	rdf:type	<wordnet_clergyman_109927451>	
	<Robert_Connell>	rdf:type	<wordnet_leader_109623038>	
	<Robert_Connell>	rdf:type	<wordnet_living_thing_100004258>	
	<Robert_Connell>	rdf:type	<wordnet_object_100002684>	
	<Robert_Connell>	rdf:type	<wordnet_organism_100004475>	
	<Robert_Connell>	rdf:type	<wordnet_person_100007846>	
	<Robert_Connell>	rdf:type	<wordnet_physical_entity_100001930>	
	<Robert_Connell>	rdf:type	<wordnet_politician_110450303>	
	<Robert_Connell>	rdf:type	<wordnet_priest_110470779>	
	<Robert_Connell>	rdf:type	<wordnet_socialist_110618848>	
	<Robert_Connell>	rdf:type	<wordnet_spiritual_leader_109505153>	
	<Robert_Connell>	rdf:type	<wordnet_whole_100003553>	
	<Robert_Connell>	rdf:type	<yagoLegalActor>	
	<Robert_Connell>	rdf:type	<yagoLegalActorGeo>	
	<Robert_Connell>	rdf:type	owl:Thing	
	<Ed_Shuttlesworth>	rdf:type	<wikicategory_Living_people>	
	<Ed_Shuttlesworth>	rdf:type	<wikicategory_Michigan_Wolverines_football_players>	
	<Ed_Shuttlesworth>	rdf:type	<wikicategory_Toronto_Argonauts_players>	
	<Ed_Shuttlesworth>	rdf:type	<wordnet_athlete_109820263>	
	<Ed_Shuttlesworth>	rdf:type	<wordnet_causal_agent_100007347>	
	<Ed_Shuttlesworth>	rdf:type	<wordnet_contestant_109613191>	
	<Ed_Shuttlesworth>	rdf:type	<wordnet_football_player_110101634>	
	<Ed_Shuttlesworth>	rdf:type	<wordnet_living_thing_100004258>	
	<Ed_Shuttlesworth>	rdf:type	<wordnet_object_100002684>	
	<Ed_Shuttlesworth>	rdf:type	<wordnet_organism_100004475>	
	<Ed_Shuttlesworth>	rdf:type	<wordnet_person_100007846>	
	<Ed_Shuttlesworth>	rdf:type	<wordnet_physical_entity_100001930>	
	<Ed_Shuttlesworth>	rdf:type	<wordnet_player_110439851>	
	<Ed_Shuttlesworth>	rdf:type	<wordnet_whole_100003553>	
	<Ed_Shuttlesworth>	rdf:type	<yagoLegalActor>	
	<Ed_Shuttlesworth>	rdf:type	<yagoLegalActorGeo>	
	<Ed_Shuttlesworth>	rdf:type	owl:Thing	
	<Jimmy_McPartland>	rdf:type	<wikicategory_Dixieland_jazz_musicians>	
	<Jimmy_McPartland>	rdf:type	<wordnet_artist_109812338>	
	<Jimmy_McPartland>	rdf:type	<wordnet_causal_agent_100007347>	
	<Jimmy_McPartland>	rdf:type	<wordnet_creator_109614315>	
	<Jimmy_McPartland>	rdf:type	<wordnet_entertainer_109616922>	
	<Jimmy_McPartland>	rdf:type	<wordnet_jazz_musician_110220486>	
	<Jimmy_McPartland>	rdf:type	<wordnet_living_thing_100004258>	
	<Jimmy_McPartland>	rdf:type	<wordnet_musician_110339966>	
	<Jimmy_McPartland>	rdf:type	<wordnet_musician_110340312>	
	<Jimmy_McPartland>	rdf:type	<wordnet_object_100002684>	
	<Jimmy_McPartland>	rdf:type	<wordnet_organism_100004475>	
	<Jimmy_McPartland>	rdf:type	<wordnet_performer_110415638>	
	<Jimmy_McPartland>	rdf:type	<wordnet_person_100007846>	
	<Jimmy_McPartland>	rdf:type	<wordnet_physical_entity_100001930>	
	<Jimmy_McPartland>	rdf:type	<wordnet_whole_100003553>	
	<Jimmy_McPartland>	rdf:type	<yagoLegalActor>	
	<Jimmy_McPartland>	rdf:type	<yagoLegalActorGeo>	
	<Jimmy_McPartland>	rdf:type	owl:Thing	
	<Index_(economics)>	rdf:type	<wikicategory_Economic_theories>	
	<Index_(economics)>	rdf:type	<wikicategory_Index_numbers>	
	<Index_(economics)>	rdf:type	<wordnet_abstraction_100002137>	
	<Index_(economics)>	rdf:type	<wordnet_cognition_100023271>	
	<Index_(economics)>	rdf:type	<wordnet_communication_100033020>	
	<Index_(economics)>	rdf:type	<wordnet_economic_theory_105994935>	
	<Index_(economics)>	rdf:type	<wordnet_explanation_105793000>	
	<Index_(economics)>	rdf:type	<wordnet_fact_106636259>	
	<Index_(economics)>	rdf:type	<wordnet_higher_cognitive_process_105770664>	
	<Index_(economics)>	rdf:type	<wordnet_index_106639674>	
	<Index_(economics)>	rdf:type	<wordnet_information_106634376>	
	<Index_(economics)>	rdf:type	<wordnet_message_106598915>	
	<Index_(economics)>	rdf:type	<wordnet_process_105701363>	
	<Index_(economics)>	rdf:type	<wordnet_psychological_feature_100023100>	
	<Index_(economics)>	rdf:type	<wordnet_theory_105989479>	
	<Index_(economics)>	rdf:type	<wordnet_thinking_105770926>	
	<Index_(economics)>	rdf:type	owl:Thing	
	<D'Iberville,_Mississippi>	rdf:type	<wikicategory_Cities_in_Mississippi>	
	<D'Iberville,_Mississippi>	rdf:type	<wikicategory_Populated_places_in_Harrison_County,_Mississippi>	
	<D'Iberville,_Mississippi>	rdf:type	<wordnet_administrative_district_108491826>	
	<D'Iberville,_Mississippi>	rdf:type	<wordnet_city_108524735>	
	<D'Iberville,_Mississippi>	rdf:type	<wordnet_district_108552138>	
	<D'Iberville,_Mississippi>	rdf:type	<wordnet_geographical_area_108574314>	
	<D'Iberville,_Mississippi>	rdf:type	<wordnet_location_100027167>	
	<D'Iberville,_Mississippi>	rdf:type	<wordnet_municipality_108626283>	
	<D'Iberville,_Mississippi>	rdf:type	<wordnet_object_100002684>	
	<D'Iberville,_Mississippi>	rdf:type	<wordnet_physical_entity_100001930>	
	<D'Iberville,_Mississippi>	rdf:type	<wordnet_region_108630985>	
	<D'Iberville,_Mississippi>	rdf:type	<wordnet_site_108651247>	
	<D'Iberville,_Mississippi>	rdf:type	<wordnet_tract_108673395>	
	<D'Iberville,_Mississippi>	rdf:type	<wordnet_urban_area_108675967>	
	<D'Iberville,_Mississippi>	rdf:type	<yagoGeoEntity>	
	<D'Iberville,_Mississippi>	rdf:type	<yagoLegalActorGeo>	
	<D'Iberville,_Mississippi>	rdf:type	<yagoPermanentlyLocatedEntity>	
	<D'Iberville,_Mississippi>	rdf:type	owl:Thing	
	<Ray_Barbuti>	rdf:type	<wikicategory_American_sprinters>	
	<Ray_Barbuti>	rdf:type	<wikicategory_Olympic_gold_medalists_for_the_United_States>	
	<Ray_Barbuti>	rdf:type	<wikicategory_Olympic_medalists_in_athletics_(track_and_field)>	
	<Ray_Barbuti>	rdf:type	<wikicategory_People_from_Long_Island>	
	<Ray_Barbuti>	rdf:type	<wordnet_athlete_109820263>	
	<Ray_Barbuti>	rdf:type	<wordnet_causal_agent_100007347>	
	<Ray_Barbuti>	rdf:type	<wordnet_contestant_109613191>	
	<Ray_Barbuti>	rdf:type	<wordnet_living_thing_100004258>	
	<Ray_Barbuti>	rdf:type	<wordnet_medalist_110305062>	
	<Ray_Barbuti>	rdf:type	<wordnet_object_100002684>	
	<Ray_Barbuti>	rdf:type	<wordnet_organism_100004475>	
	<Ray_Barbuti>	rdf:type	<wordnet_person_100007846>	
	<Ray_Barbuti>	rdf:type	<wordnet_physical_entity_100001930>	
	<Ray_Barbuti>	rdf:type	<wordnet_runner_110542888>	
	<Ray_Barbuti>	rdf:type	<wordnet_sprinter_110641413>	
	<Ray_Barbuti>	rdf:type	<wordnet_whole_100003553>	
	<Ray_Barbuti>	rdf:type	<wordnet_winner_110782940>	
	<Ray_Barbuti>	rdf:type	<yagoLegalActor>	
	<Ray_Barbuti>	rdf:type	<yagoLegalActorGeo>	
	<Ray_Barbuti>	rdf:type	owl:Thing	
	<James_Valitchka>	rdf:type	<wikicategory_American_non-fiction_writers>	
	<James_Valitchka>	rdf:type	<wikicategory_American_novelists>	
	<James_Valitchka>	rdf:type	<wikicategory_Canadian_non-fiction_writers>	
	<James_Valitchka>	rdf:type	<wikicategory_Canadian_novelists>	
	<James_Valitchka>	rdf:type	<wikicategory_Living_people>	
	<James_Valitchka>	rdf:type	<wordnet_causal_agent_100007347>	
	<James_Valitchka>	rdf:type	<wordnet_communicator_109610660>	
	<James_Valitchka>	rdf:type	<wordnet_living_thing_100004258>	
	<James_Valitchka>	rdf:type	<wordnet_novelist_110363573>	
	<James_Valitchka>	rdf:type	<wordnet_object_100002684>	
	<James_Valitchka>	rdf:type	<wordnet_organism_100004475>	
	<James_Valitchka>	rdf:type	<wordnet_person_100007846>	
	<James_Valitchka>	rdf:type	<wordnet_physical_entity_100001930>	
	<James_Valitchka>	rdf:type	<wordnet_whole_100003553>	
	<James_Valitchka>	rdf:type	<wordnet_writer_110794014>	
	<James_Valitchka>	rdf:type	<yagoLegalActor>	
	<James_Valitchka>	rdf:type	<yagoLegalActorGeo>	
	<James_Valitchka>	rdf:type	owl:Thing	
	<John_Stevens_(scholar)>	rdf:type	<wikicategory_American_martial_artists>	
	<John_Stevens_(scholar)>	rdf:type	<wikicategory_American_martial_arts_writers>	
	<John_Stevens_(scholar)>	rdf:type	<wikicategory_Buddhist_writers>	
	<John_Stevens_(scholar)>	rdf:type	<wikicategory_Living_people>	
	<John_Stevens_(scholar)>	rdf:type	<wikicategory_Modern_Buddhist_writers>	
	<John_Stevens_(scholar)>	rdf:type	<wikicategory_People_from_Evanston,_Illinois>	
	<John_Stevens_(scholar)>	rdf:type	<wordnet_artist_109812338>	
	<John_Stevens_(scholar)>	rdf:type	<wordnet_causal_agent_100007347>	
	<John_Stevens_(scholar)>	rdf:type	<wordnet_communicator_109610660>	
	<John_Stevens_(scholar)>	rdf:type	<wordnet_creator_109614315>	
	<John_Stevens_(scholar)>	rdf:type	<wordnet_living_thing_100004258>	
	<John_Stevens_(scholar)>	rdf:type	<wordnet_object_100002684>	
	<John_Stevens_(scholar)>	rdf:type	<wordnet_organism_100004475>	
	<John_Stevens_(scholar)>	rdf:type	<wordnet_person_100007846>	
	<John_Stevens_(scholar)>	rdf:type	<wordnet_physical_entity_100001930>	
	<John_Stevens_(scholar)>	rdf:type	<wordnet_whole_100003553>	
	<John_Stevens_(scholar)>	rdf:type	<wordnet_writer_110794014>	
	<John_Stevens_(scholar)>	rdf:type	<yagoLegalActor>	
	<John_Stevens_(scholar)>	rdf:type	<yagoLegalActorGeo>	
	<John_Stevens_(scholar)>	rdf:type	owl:Thing	
	<Adam_Taggart>	rdf:type	<wikicategory_A-League_players>	
	<Adam_Taggart>	rdf:type	<wikicategory_Australian_soccer_players>	
	<Adam_Taggart>	rdf:type	<wikicategory_Living_people>	
	<Adam_Taggart>	rdf:type	<wikicategory_People_from_Perth,_Western_Australia>	
	<Adam_Taggart>	rdf:type	<wikicategory_Perth_Glory_FC_players>	
	<Adam_Taggart>	rdf:type	<wordnet_athlete_109820263>	
	<Adam_Taggart>	rdf:type	<wordnet_causal_agent_100007347>	
	<Adam_Taggart>	rdf:type	<wordnet_contestant_109613191>	
	<Adam_Taggart>	rdf:type	<wordnet_living_thing_100004258>	
	<Adam_Taggart>	rdf:type	<wordnet_object_100002684>	
	<Adam_Taggart>	rdf:type	<wordnet_organism_100004475>	
	<Adam_Taggart>	rdf:type	<wordnet_person_100007846>	
	<Adam_Taggart>	rdf:type	<wordnet_physical_entity_100001930>	
	<Adam_Taggart>	rdf:type	<wordnet_player_110439851>	
	<Adam_Taggart>	rdf:type	<wordnet_soccer_player_110618342>	
	<Adam_Taggart>	rdf:type	<wordnet_whole_100003553>	
	<Adam_Taggart>	rdf:type	<yagoLegalActor>	
	<Adam_Taggart>	rdf:type	<yagoLegalActorGeo>	
	<Adam_Taggart>	rdf:type	owl:Thing	
	<Masaki_Kaji>	rdf:type	<wikicategory_Japanese_actors>	
	<Masaki_Kaji>	rdf:type	<wikicategory_Living_people>	
	<Masaki_Kaji>	rdf:type	<wordnet_actor_109765278>	
	<Masaki_Kaji>	rdf:type	<wordnet_causal_agent_100007347>	
	<Masaki_Kaji>	rdf:type	<wordnet_entertainer_109616922>	
	<Masaki_Kaji>	rdf:type	<wordnet_living_thing_100004258>	
	<Masaki_Kaji>	rdf:type	<wordnet_object_100002684>	
	<Masaki_Kaji>	rdf:type	<wordnet_organism_100004475>	
	<Masaki_Kaji>	rdf:type	<wordnet_performer_110415638>	
	<Masaki_Kaji>	rdf:type	<wordnet_person_100007846>	
	<Masaki_Kaji>	rdf:type	<wordnet_physical_entity_100001930>	
	<Masaki_Kaji>	rdf:type	<wordnet_whole_100003553>	
	<Masaki_Kaji>	rdf:type	<yagoLegalActor>	
	<Masaki_Kaji>	rdf:type	<yagoLegalActorGeo>	
	<Masaki_Kaji>	rdf:type	owl:Thing	
	<Wilder_W._Hartley>	rdf:type	<wikicategory_People_from_Reno,_Nevada>	
	<Wilder_W._Hartley>	rdf:type	<wordnet_causal_agent_100007347>	
	<Wilder_W._Hartley>	rdf:type	<wordnet_living_thing_100004258>	
	<Wilder_W._Hartley>	rdf:type	<wordnet_object_100002684>	
	<Wilder_W._Hartley>	rdf:type	<wordnet_organism_100004475>	
	<Wilder_W._Hartley>	rdf:type	<wordnet_person_100007846>	
	<Wilder_W._Hartley>	rdf:type	<wordnet_physical_entity_100001930>	
	<Wilder_W._Hartley>	rdf:type	<wordnet_whole_100003553>	
	<Wilder_W._Hartley>	rdf:type	<yagoLegalActor>	
	<Wilder_W._Hartley>	rdf:type	<yagoLegalActorGeo>	
	<Wilder_W._Hartley>	rdf:type	owl:Thing	
	<Savigliano>	rdf:type	<wikicategory_Cities_and_towns_in_Piedmont>	
	<Savigliano>	rdf:type	<wordnet_administrative_district_108491826>	
	<Savigliano>	rdf:type	<wordnet_city_108524735>	
	<Savigliano>	rdf:type	<wordnet_district_108552138>	
	<Savigliano>	rdf:type	<wordnet_geographical_area_108574314>	
	<Savigliano>	rdf:type	<wordnet_location_100027167>	
	<Savigliano>	rdf:type	<wordnet_municipality_108626283>	
	<Savigliano>	rdf:type	<wordnet_object_100002684>	
	<Savigliano>	rdf:type	<wordnet_physical_entity_100001930>	
	<Savigliano>	rdf:type	<wordnet_region_108630985>	
	<Savigliano>	rdf:type	<wordnet_urban_area_108675967>	
	<Savigliano>	rdf:type	<yagoGeoEntity>	
	<Savigliano>	rdf:type	<yagoLegalActorGeo>	
	<Savigliano>	rdf:type	<yagoPermanentlyLocatedEntity>	
	<Savigliano>	rdf:type	owl:Thing	
	<De_Poelen,_Dronrijp>	rdf:type	<wikicategory_Windmills_in_Friesland>	
	<De_Poelen,_Dronrijp>	rdf:type	<wordnet_artifact_100021939>	
	<De_Poelen,_Dronrijp>	rdf:type	<wordnet_device_103183080>	
	<De_Poelen,_Dronrijp>	rdf:type	<wordnet_instrumentality_103575240>	
	<De_Poelen,_Dronrijp>	rdf:type	<wordnet_machine_103699975>	
	<De_Poelen,_Dronrijp>	rdf:type	<wordnet_machinery_103701640>	
	<De_Poelen,_Dronrijp>	rdf:type	<wordnet_mill_103765561>	
	<De_Poelen,_Dronrijp>	rdf:type	<wordnet_object_100002684>	
	<De_Poelen,_Dronrijp>	rdf:type	<wordnet_physical_entity_100001930>	
	<De_Poelen,_Dronrijp>	rdf:type	<wordnet_whole_100003553>	
	<De_Poelen,_Dronrijp>	rdf:type	<wordnet_windmill_104587559>	
	<De_Poelen,_Dronrijp>	rdf:type	owl:Thing	
	<Sir_Thomas_Green>	rdf:type	<wikicategory_15th-century_English_people>	
	<Sir_Thomas_Green>	rdf:type	<wikicategory_16th-century_English_people>	
	<Sir_Thomas_Green>	rdf:type	<wikicategory_English_knights>	
	<Sir_Thomas_Green>	rdf:type	<wikicategory_People_from_Northamptonshire>	
	<Sir_Thomas_Green>	rdf:type	<wikicategory_People_of_the_Tudor_period>	
	<Sir_Thomas_Green>	rdf:type	<wikicategory_Prisoners_in_the_Tower_of_London>	
	<Sir_Thomas_Green>	rdf:type	<wordnet_aristocrat_109807754>	
	<Sir_Thomas_Green>	rdf:type	<wordnet_causal_agent_100007347>	
	<Sir_Thomas_Green>	rdf:type	<wordnet_knight_110238375>	
	<Sir_Thomas_Green>	rdf:type	<wordnet_leader_109623038>	
	<Sir_Thomas_Green>	rdf:type	<wordnet_living_thing_100004258>	
	<Sir_Thomas_Green>	rdf:type	<wordnet_male_aristocrat_110285135>	
	<Sir_Thomas_Green>	rdf:type	<wordnet_object_100002684>	
	<Sir_Thomas_Green>	rdf:type	<wordnet_organism_100004475>	
	<Sir_Thomas_Green>	rdf:type	<wordnet_person_100007846>	
	<Sir_Thomas_Green>	rdf:type	<wordnet_physical_entity_100001930>	
	<Sir_Thomas_Green>	rdf:type	<wordnet_prisoner_110476086>	
	<Sir_Thomas_Green>	rdf:type	<wordnet_unfortunate_109630641>	
	<Sir_Thomas_Green>	rdf:type	<wordnet_whole_100003553>	
	<Sir_Thomas_Green>	rdf:type	<yagoLegalActor>	
	<Sir_Thomas_Green>	rdf:type	<yagoLegalActorGeo>	
	<Sir_Thomas_Green>	rdf:type	owl:Thing	
	<Love_it!>	rdf:type	<wikicategory_British_women's_magazines>	
	<Love_it!>	rdf:type	<wikicategory_Magazines_established_in_2006>	
	<Love_it!>	rdf:type	<wikicategory_Weekly_magazines>	
	<Love_it!>	rdf:type	<wordnet_artifact_100021939>	
	<Love_it!>	rdf:type	<wordnet_creation_103129123>	
	<Love_it!>	rdf:type	<wordnet_instrumentality_103575240>	
	<Love_it!>	rdf:type	<wordnet_magazine_106595351>	
	<Love_it!>	rdf:type	<wordnet_medium_106254669>	
	<Love_it!>	rdf:type	<wordnet_object_100002684>	
	<Love_it!>	rdf:type	<wordnet_physical_entity_100001930>	
	<Love_it!>	rdf:type	<wordnet_press_106263369>	
	<Love_it!>	rdf:type	<wordnet_print_media_106263609>	
	<Love_it!>	rdf:type	<wordnet_product_104007894>	
