	owl:Thing	<hasSynsetId>	"100001740"	
	<wordnet_physical_entity_100001930>	<hasSynsetId>	"100001930"	
	<wordnet_abstraction_100002137>	<hasSynsetId>	"100002137"	
	<wordnet_thing_100002452>	<hasSynsetId>	"100002452"	
	<wordnet_object_100002684>	<hasSynsetId>	"100002684"	
	<wordnet_whole_100003553>	<hasSynsetId>	"100003553"	
	<wordnet_congener_100003993>	<hasSynsetId>	"100003993"	
	<wordnet_living_thing_100004258>	<hasSynsetId>	"100004258"	
	<wordnet_organism_100004475>	<hasSynsetId>	"100004475"	
	<wordnet_benthos_100005787>	<hasSynsetId>	"100005787"	
	<wordnet_dwarf_100005930>	<hasSynsetId>	"100005930"	
	<wordnet_heterotroph_100006024>	<hasSynsetId>	"100006024"	
	<wordnet_parent_100006150>	<hasSynsetId>	"100006150"	
	<wordnet_life_100006269>	<hasSynsetId>	"100006269"	
	<wordnet_biont_100006400>	<hasSynsetId>	"100006400"	
	<wordnet_cell_100006484>	<hasSynsetId>	"100006484"	
	<wordnet_causal_agent_100007347>	<hasSynsetId>	"100007347"	
	<wordnet_person_100007846>	<hasSynsetId>	"100007846"	
	<wordnet_animal_100015388>	<hasSynsetId>	"100015388"	
	<wordnet_plant_100017222>	<hasSynsetId>	"100017222"	
	<wordnet_native_100019046>	<hasSynsetId>	"100019046"	
	<wordnet_natural_object_100019128>	<hasSynsetId>	"100019128"	
	<wordnet_substance_100019613>	<hasSynsetId>	"100019613"	
	<wordnet_substance_100020090>	<hasSynsetId>	"100020090"	
	<wordnet_matter_100020827>	<hasSynsetId>	"100020827"	
	<wordnet_food_100021265>	<hasSynsetId>	"100021265"	
	<wordnet_nutrient_100021734>	<hasSynsetId>	"100021734"	
	<wordnet_artifact_100021939>	<hasSynsetId>	"100021939"	
	<wordnet_article_100022903>	<hasSynsetId>	"100022903"	
	<wordnet_psychological_feature_100023100>	<hasSynsetId>	"100023100"	
	<wordnet_cognition_100023271>	<hasSynsetId>	"100023271"	
	<wordnet_motivation_100023773>	<hasSynsetId>	"100023773"	
	<wordnet_attribute_100024264>	<hasSynsetId>	"100024264"	
	<wordnet_state_100024720>	<hasSynsetId>	"100024720"	
	<wordnet_feeling_100026192>	<hasSynsetId>	"100026192"	
	<wordnet_location_100027167>	<hasSynsetId>	"100027167"	
	<wordnet_shape_100027807>	<hasSynsetId>	"100027807"	
	<wordnet_time_100028270>	<hasSynsetId>	"100028270"	
	<wordnet_space_100028651>	<hasSynsetId>	"100028651"	
	<wordnet_absolute_space_100029007>	<hasSynsetId>	"100029007"	
	<wordnet_phase_space_100029114>	<hasSynsetId>	"100029114"	
	<wordnet_event_100029378>	<hasSynsetId>	"100029378"	
	<wordnet_process_100029677>	<hasSynsetId>	"100029677"	
	<wordnet_act_100030358>	<hasSynsetId>	"100030358"	
	<wordnet_group_100031264>	<hasSynsetId>	"100031264"	
	<wordnet_relation_100031921>	<hasSynsetId>	"100031921"	
	<wordnet_possession_100032613>	<hasSynsetId>	"100032613"	
	<wordnet_social_relation_100032823>	<hasSynsetId>	"100032823"	
	<wordnet_communication_100033020>	<hasSynsetId>	"100033020"	
	<wordnet_measure_100033615>	<hasSynsetId>	"100033615"	
	<wordnet_phenomenon_100034213>	<hasSynsetId>	"100034213"	
	<wordnet_thing_100034479>	<hasSynsetId>	"100034479"	
	<wordnet_kindness_100034574>	<hasSynsetId>	"100034574"	
	<wordnet_abdominoplasty_100034777>	<hasSynsetId>	"100034777"	
	<wordnet_abort_100034939>	<hasSynsetId>	"100034939"	
	<wordnet_accomplishment_100035189>	<hasSynsetId>	"100035189"	
	<wordnet_agon_100035697>	<hasSynsetId>	"100035697"	
	<wordnet_alienation_100035891>	<hasSynsetId>	"100035891"	
	<wordnet_application_100036061>	<hasSynsetId>	"100036061"	
	<wordnet_beachhead_100036299>	<hasSynsetId>	"100036299"	
	<wordnet_cakewalk_100036580>	<hasSynsetId>	"100036580"	
	<wordnet_feat_100036762>	<hasSynsetId>	"100036762"	
	<wordnet_masterpiece_100037006>	<hasSynsetId>	"100037006"	
	<wordnet_masterstroke_100037090>	<hasSynsetId>	"100037090"	
	<wordnet_credit_100037200>	<hasSynsetId>	"100037200"	
	<wordnet_action_100037396>	<hasSynsetId>	"100037396"	
	<wordnet_res_gestae_100038175>	<hasSynsetId>	"100038175"	
	<wordnet_course_100038262>	<hasSynsetId>	"100038262"	
	<wordnet_blind_alley_100038573>	<hasSynsetId>	"100038573"	
	<wordnet_collision_course_100038863>	<hasSynsetId>	"100038863"	
	<wordnet_interaction_100039021>	<hasSynsetId>	"100039021"	
	<wordnet_interplay_100039211>	<hasSynsetId>	"100039211"	
	<wordnet_contact_100039297>	<hasSynsetId>	"100039297"	
	<wordnet_brush_100039545>	<hasSynsetId>	"100039545"	
	<wordnet_eye_contact_100039740>	<hasSynsetId>	"100039740"	
	<wordnet_fetch_100039916>	<hasSynsetId>	"100039916"	
	<wordnet_placement_100039990>	<hasSynsetId>	"100039990"	
	<wordnet_interchange_100040152>	<hasSynsetId>	"100040152"	
	<wordnet_reciprocity_100040420>	<hasSynsetId>	"100040420"	
	<wordnet_cross-fertilization_100040545>	<hasSynsetId>	"100040545"	
	<wordnet_dealings_100040804>	<hasSynsetId>	"100040804"	
	<wordnet_relation_100040962>	<hasSynsetId>	"100040962"	
	<wordnet_playing_100041188>	<hasSynsetId>	"100041188"	
	<wordnet_play_100041468>	<hasSynsetId>	"100041468"	
	<wordnet_boondoggle_100041614>	<hasSynsetId>	"100041614"	
	<wordnet_bowling_100041740>	<hasSynsetId>	"100041740"	
	<wordnet_acquiring_100041899>	<hasSynsetId>	"100041899"	
	<wordnet_causing_100042311>	<hasSynsetId>	"100042311"	
	<wordnet_delivery_100042541>	<hasSynsetId>	"100042541"	
	<wordnet_departure_100042757>	<hasSynsetId>	"100042757"	
	<wordnet_derring-do_100043116>	<hasSynsetId>	"100043116"	
	<wordnet_discovery_100043195>	<hasSynsetId>	"100043195"	
	<wordnet_disposal_100043609>	<hasSynsetId>	"100043609"	
	<wordnet_hit_100043902>	<hasSynsetId>	"100043902"	
	<wordnet_implementation_100044150>	<hasSynsetId>	"100044150"	
	<wordnet_egress_100044455>	<hasSynsetId>	"100044455"	
	<wordnet_equalization_100044673>	<hasSynsetId>	"100044673"	
	<wordnet_exhumation_100044900>	<hasSynsetId>	"100044900"	
	<wordnet_mitzvah_100045114>	<hasSynsetId>	"100045114"	
	<wordnet_propulsion_100045250>	<hasSynsetId>	"100045250"	
	<wordnet_rally_100045646>	<hasSynsetId>	"100045646"	
	<wordnet_recovery_100045907>	<hasSynsetId>	"100045907"	
	<wordnet_running_away_100046177>	<hasSynsetId>	"100046177"	
	<wordnet_stunt_100046344>	<hasSynsetId>	"100046344"	
	<wordnet_touch_100046522>	<hasSynsetId>	"100046522"	
	<wordnet_tour_de_force_100047018>	<hasSynsetId>	"100047018"	
	<wordnet_performance_100047106>	<hasSynsetId>	"100047106"	
	<wordnet_overachievement_100047356>	<hasSynsetId>	"100047356"	
	<wordnet_underachievement_100047550>	<hasSynsetId>	"100047550"	
	<wordnet_record_100047745>	<hasSynsetId>	"100047745"	
	<wordnet_fait_accompli_100047941>	<hasSynsetId>	"100047941"	
	<wordnet_going_100048051>	<hasSynsetId>	"100048051"	
	<wordnet_arrival_100048225>	<hasSynsetId>	"100048225"	
	<wordnet_arrival_100048374>	<hasSynsetId>	"100048374"	
	<wordnet_attainment_100048656>	<hasSynsetId>	"100048656"	
	<wordnet_advent_100048828>	<hasSynsetId>	"100048828"	
	<wordnet_entrance_100049003>	<hasSynsetId>	"100049003"	
	<wordnet_incursion_100049344>	<hasSynsetId>	"100049344"	
	<wordnet_intrusion_100049530>	<hasSynsetId>	"100049530"	
	<wordnet_irruption_100049636>	<hasSynsetId>	"100049636"	
	<wordnet_entree_100049789>	<hasSynsetId>	"100049789"	
	<wordnet_entail_100049909>	<hasSynsetId>	"100049909"	
	<wordnet_registration_100050037>	<hasSynsetId>	"100050037"	
	<wordnet_appearance_100050195>	<hasSynsetId>	"100050195"	
	<wordnet_apparition_100050484>	<hasSynsetId>	"100050484"	
	<wordnet_emergence_100050693>	<hasSynsetId>	"100050693"	
	<wordnet_reappearance_100050887>	<hasSynsetId>	"100050887"	
	<wordnet_comeback_100051077>	<hasSynsetId>	"100051077"	
	<wordnet_return_100051192>	<hasSynsetId>	"100051192"	
	<wordnet_repatriation_100051385>	<hasSynsetId>	"100051385"	
	<wordnet_penetration_100051525>	<hasSynsetId>	"100051525"	
	<wordnet_interpenetration_100051712>	<hasSynsetId>	"100051712"	
	<wordnet_market_penetration_100051897>	<hasSynsetId>	"100051897"	
	<wordnet_anchorage_100052052>	<hasSynsetId>	"100052052"	
	<wordnet_docking_100052146>	<hasSynsetId>	"100052146"	
	<wordnet_landing_100052334>	<hasSynsetId>	"100052334"	
	<wordnet_landing_100052500>	<hasSynsetId>	"100052500"	
	<wordnet_forced_landing_100052791>	<hasSynsetId>	"100052791"	
	<wordnet_breaking_away_100053020>	<hasSynsetId>	"100053020"	
	<wordnet_farewell_100053097>	<hasSynsetId>	"100053097"	
	<wordnet_valediction_100053525>	<hasSynsetId>	"100053525"	
	<wordnet_disappearance_100053609>	<hasSynsetId>	"100053609"	
	<wordnet_vanishing_100053806>	<hasSynsetId>	"100053806"	
	<wordnet_withdrawal_100053913>	<hasSynsetId>	"100053913"	
	<wordnet_effacement_100054328>	<hasSynsetId>	"100054328"	
	<wordnet_retreat_100054483>	<hasSynsetId>	"100054483"	
	<wordnet_retirement_100054652>	<hasSynsetId>	"100054652"	
	<wordnet_evacuation_100054821>	<hasSynsetId>	"100054821"	
	<wordnet_medical_evacuation_100055038>	<hasSynsetId>	"100055038"	
	<wordnet_decampment_100055227>	<hasSynsetId>	"100055227"	
	<wordnet_desertion_100055315>	<hasSynsetId>	"100055315"	
	<wordnet_abscondment_100055633>	<hasSynsetId>	"100055633"	
	<wordnet_absence_without_leave_100055793>	<hasSynsetId>	"100055793"	
	<wordnet_deviationism_100055932>	<hasSynsetId>	"100055932"	
	<wordnet_emigration_100056087>	<hasSynsetId>	"100056087"	
	<wordnet_immigration_100056311>	<hasSynsetId>	"100056311"	
	<wordnet_aliyah_100056551>	<hasSynsetId>	"100056551"	
	<wordnet_pullback_100056688>	<hasSynsetId>	"100056688"	
	<wordnet_retreat_100056912>	<hasSynsetId>	"100056912"	
	<wordnet_standdown_100057162>	<hasSynsetId>	"100057162"	
	<wordnet_disengagement_100057306>	<hasSynsetId>	"100057306"	
	<wordnet_receding_100057486>	<hasSynsetId>	"100057486"	
	<wordnet_sailing_100057657>	<hasSynsetId>	"100057657"	
	<wordnet_amphibious_landing_100057748>	<hasSynsetId>	"100057748"	
	<wordnet_debarkation_100058002>	<hasSynsetId>	"100058002"	
	<wordnet_going_ashore_100058247>	<hasSynsetId>	"100058247"	
	<wordnet_boarding_100058337>	<hasSynsetId>	"100058337"	
	<wordnet_exit_100058519>	<hasSynsetId>	"100058519"	
	<wordnet_elopement_100058608>	<hasSynsetId>	"100058608"	
	<wordnet_escape_100058743>	<hasSynsetId>	"100058743"	
	<wordnet_evasion_100059127>	<hasSynsetId>	"100059127"	
	<wordnet_slip_100059376>	<hasSynsetId>	"100059376"	
	<wordnet_maneuver_100059552>	<hasSynsetId>	"100059552"	
	<wordnet_clinch_100059728>	<hasSynsetId>	"100059728"	
	<wordnet_dodge_100059895>	<hasSynsetId>	"100059895"	
	<wordnet_break_100059989>	<hasSynsetId>	"100059989"	
	<wordnet_getaway_100060201>	<hasSynsetId>	"100060201"	
	<wordnet_exodus_100060414>	<hasSynsetId>	"100060414"	
	<wordnet_skedaddle_100060747>	<hasSynsetId>	"100060747"	
	<wordnet_close_call_100061014>	<hasSynsetId>	"100061014"	
	<wordnet_surfacing_100061171>	<hasSynsetId>	"100061171"	
	<wordnet_dispatch_100061290>	<hasSynsetId>	"100061290"	
	<wordnet_reshipment_100061453>	<hasSynsetId>	"100061453"	
	<wordnet_consummation_100061598>	<hasSynsetId>	"100061598"	
	<wordnet_consummation_100061792>	<hasSynsetId>	"100061792"	
	<wordnet_realization_100061917>	<hasSynsetId>	"100061917"	
	<wordnet_orgasm_100062133>	<hasSynsetId>	"100062133"	
	<wordnet_male_orgasm_100062331>	<hasSynsetId>	"100062331"	
	<wordnet_fulfillment_100062451>	<hasSynsetId>	"100062451"	
	<wordnet_self-fulfillment_100062671>	<hasSynsetId>	"100062671"	
	<wordnet_attainment_100062806>	<hasSynsetId>	"100062806"	
	<wordnet_record_100063014>	<hasSynsetId>	"100063014"	
	<wordnet_track_record_100063310>	<hasSynsetId>	"100063310"	
	<wordnet_world_record_100063559>	<hasSynsetId>	"100063559"	
	<wordnet_success_100063652>	<hasSynsetId>	"100063652"	
	<wordnet_winning_100064018>	<hasSynsetId>	"100064018"	
	<wordnet_blockbuster_100064151>	<hasSynsetId>	"100064151"	
	<wordnet_sleeper_100064370>	<hasSynsetId>	"100064370"	
	<wordnet_hit_100064504>	<hasSynsetId>	"100064504"	
	<wordnet_bell_ringer_100064789>	<hasSynsetId>	"100064789"	
	<wordnet_ennoblement_100065098>	<hasSynsetId>	"100065098"	
	<wordnet_conquest_100065216>	<hasSynsetId>	"100065216"	
	<wordnet_coup_100065336>	<hasSynsetId>	"100065336"	
	<wordnet_flying_colors_100065418>	<hasSynsetId>	"100065418"	
	<wordnet_passing_100065575>	<hasSynsetId>	"100065575"	
	<wordnet_credit_100065855>	<hasSynsetId>	"100065855"	
	<wordnet_semester_hour_100066075>	<hasSynsetId>	"100066075"	
	<wordnet_nonaccomplishment_100066216>	<hasSynsetId>	"100066216"	
	<wordnet_failure_100066397>	<hasSynsetId>	"100066397"	
	<wordnet_failure_100066636>	<hasSynsetId>	"100066636"	
	<wordnet_failing_100066901>	<hasSynsetId>	"100066901"	
	<wordnet_naught_100067153>	<hasSynsetId>	"100067153"	
	<wordnet_cut_100067254>	<hasSynsetId>	"100067254"	
	<wordnet_default_100067397>	<hasSynsetId>	"100067397"	
	<wordnet_loss_100067526>	<hasSynsetId>	"100067526"	
	<wordnet_capitulation_100067707>	<hasSynsetId>	"100067707"	
	<wordnet_frustration_100067990>	<hasSynsetId>	"100067990"	
	<wordnet_overturn_100068170>	<hasSynsetId>	"100068170"	
	<wordnet_backsliding_100068333>	<hasSynsetId>	"100068333"	
	<wordnet_recidivism_100068617>	<hasSynsetId>	"100068617"	
	<wordnet_disappointment_100068755>	<hasSynsetId>	"100068755"	
	<wordnet_breach_100068901>	<hasSynsetId>	"100068901"	
	<wordnet_copout_100069060>	<hasSynsetId>	"100069060"	
	<wordnet_breach_of_contract_100069173>	<hasSynsetId>	"100069173"	
	<wordnet_anticipatory_breach_100069444>	<hasSynsetId>	"100069444"	
	<wordnet_breach_of_duty_100069604>	<hasSynsetId>	"100069604"	
	<wordnet_breach_of_the_covenant_of_warranty_100069685>	<hasSynsetId>	"100069685"	
	<wordnet_breach_of_promise_100069815>	<hasSynsetId>	"100069815"	
	<wordnet_breach_of_trust_100069918>	<hasSynsetId>	"100069918"	
	<wordnet_breach_of_trust_with_fraudulent_intent_100070077>	<hasSynsetId>	"100070077"	
	<wordnet_breach_of_warranty_100070215>	<hasSynsetId>	"100070215"	
	<wordnet_leaning_100070363>	<hasSynsetId>	"100070363"	
	<wordnet_material_breach_100070462>	<hasSynsetId>	"100070462"	
	<wordnet_motivation_100070641>	<hasSynsetId>	"100070641"	
	<wordnet_partial_breach_100070807>	<hasSynsetId>	"100070807"	
	<wordnet_mistake_100070965>	<hasSynsetId>	"100070965"	
	<wordnet_double_fault_100071546>	<hasSynsetId>	"100071546"	
	<wordnet_footfault_100071700>	<hasSynsetId>	"100071700"	
	<wordnet_bobble_100071864>	<hasSynsetId>	"100071864"	
	<wordnet_error_100072068>	<hasSynsetId>	"100072068"	
	<wordnet_blot_100072261>	<hasSynsetId>	"100072261"	
	<wordnet_confusion_100072473>	<hasSynsetId>	"100072473"	
	<wordnet_incursion_100072691>	<hasSynsetId>	"100072691"	
	<wordnet_miscalculation_100072808>	<hasSynsetId>	"100072808"	
	<wordnet_backfire_100073032>	<hasSynsetId>	"100073032"	
	<wordnet_rounding_100073177>	<hasSynsetId>	"100073177"	
	<wordnet_truncation_error_100073525>	<hasSynsetId>	"100073525"	
	<wordnet_distortion_100073713>	<hasSynsetId>	"100073713"	
	<wordnet_slip_100073828>	<hasSynsetId>	"100073828"	
	<wordnet_offside_100074324>	<hasSynsetId>	"100074324"	
	<wordnet_oversight_100074524>	<hasSynsetId>	"100074524"	
	<wordnet_omission_100074624>	<hasSynsetId>	"100074624"	
	<wordnet_blunder_100074790>	<hasSynsetId>	"100074790"	
	<wordnet_snafu_100075283>	<hasSynsetId>	"100075283"	
	<wordnet_spectacle_100075471>	<hasSynsetId>	"100075471"	
	<wordnet_ballup_100075618>	<hasSynsetId>	"100075618"	
	<wordnet_bull_100075790>	<hasSynsetId>	"100075790"	
	<wordnet_fumble_100075912>	<hasSynsetId>	"100075912"	
	<wordnet_fluff_100076072>	<hasSynsetId>	"100076072"	
	<wordnet_faux_pas_100076196>	<hasSynsetId>	"100076196"	
	<wordnet_howler_100076323>	<hasSynsetId>	"100076323"	
	<wordnet_clanger_100076393>	<hasSynsetId>	"100076393"	
	<wordnet_trip_100076563>	<hasSynsetId>	"100076563"	
	<wordnet_spill_100076884>	<hasSynsetId>	"100076884"	
	<wordnet_pratfall_100077169>	<hasSynsetId>	"100077169"	
	<wordnet_wipeout_100077249>	<hasSynsetId>	"100077249"	
	<wordnet_acquisition_100077419>	<hasSynsetId>	"100077419"	
	<wordnet_obtainment_100077856>	<hasSynsetId>	"100077856"	
	<wordnet_catching_100077981>	<hasSynsetId>	"100077981"	
	<wordnet_incurring_100078217>	<hasSynsetId>	"100078217"	
	<wordnet_moneymaking_100078393>	<hasSynsetId>	"100078393"	
	<wordnet_annexation_100078536>	<hasSynsetId>	"100078536"	
	<wordnet_pork-barreling_100078821>	<hasSynsetId>	"100078821"	
	<wordnet_purchase_100079018>	<hasSynsetId>	"100079018"	
	<wordnet_redemption_100079212>	<hasSynsetId>	"100079212"	
	<wordnet_trading_100079398>	<hasSynsetId>	"100079398"	
	<wordnet_bond_trading_100079603>	<hasSynsetId>	"100079603"	
	<wordnet_program_trading_100079752>	<hasSynsetId>	"100079752"	
	<wordnet_short_sale_100079908>	<hasSynsetId>	"100079908"	
	<wordnet_short_covering_100080096>	<hasSynsetId>	"100080096"	
	<wordnet_insider_trading_100080242>	<hasSynsetId>	"100080242"	
	<wordnet_naked_option_100080474>	<hasSynsetId>	"100080474"	
	<wordnet_covered_option_100080619>	<hasSynsetId>	"100080619"	
	<wordnet_call_option_100080743>	<hasSynsetId>	"100080743"	
	<wordnet_put_option_100080968>	<hasSynsetId>	"100080968"	
	<wordnet_straddle_100081174>	<hasSynsetId>	"100081174"	
	<wordnet_incentive_option_100081395>	<hasSynsetId>	"100081395"	
	<wordnet_buying_100081572>	<hasSynsetId>	"100081572"	
	<wordnet_shopping_100081836>	<hasSynsetId>	"100081836"	
	<wordnet_marketing_100082081>	<hasSynsetId>	"100082081"	
	<wordnet_mail-order_buying_100082223>	<hasSynsetId>	"100082223"	
	<wordnet_viatication_100082347>	<hasSynsetId>	"100082347"	
	<wordnet_acceptance_100082525>	<hasSynsetId>	"100082525"	
	<wordnet_succession_100082754>	<hasSynsetId>	"100082754"	
	<wordnet_assumption_100082870>	<hasSynsetId>	"100082870"	
	<wordnet_assumption_100083260>	<hasSynsetId>	"100083260"	
	<wordnet_position_100083448>	<hasSynsetId>	"100083448"	
	<wordnet_inheritance_100083585>	<hasSynsetId>	"100083585"	
	<wordnet_procurement_100083729>	<hasSynsetId>	"100083729"	
	<wordnet_appropriation_100083975>	<hasSynsetId>	"100083975"	
	<wordnet_borrowing_100084371>	<hasSynsetId>	"100084371"	
	<wordnet_naturalization_100084642>	<hasSynsetId>	"100084642"	
	<wordnet_misappropriation_100084895>	<hasSynsetId>	"100084895"	
	<wordnet_preemption_100085041>	<hasSynsetId>	"100085041"	
	<wordnet_seizure_100085219>	<hasSynsetId>	"100085219"	
	<wordnet_usurpation_100085432>	<hasSynsetId>	"100085432"	
	<wordnet_confiscation_100085678>	<hasSynsetId>	"100085678"	
	<wordnet_distress_100085829>	<hasSynsetId>	"100085829"	
	<wordnet_expropriation_100086140>	<hasSynsetId>	"100086140"	
	<wordnet_impoundment_100086297>	<hasSynsetId>	"100086297"	
	<wordnet_drug_bust_100086547>	<hasSynsetId>	"100086547"	
	<wordnet_impress_100086654>	<hasSynsetId>	"100086654"	
	<wordnet_occupation_100086809>	<hasSynsetId>	"100086809"	
	<wordnet_preoccupancy_100087073>	<hasSynsetId>	"100087073"	
	<wordnet_sequestration_100087218>	<hasSynsetId>	"100087218"	
	<wordnet_grant_100087423>	<hasSynsetId>	"100087423"	
	<wordnet_award_100087663>	<hasSynsetId>	"100087663"	
	<wordnet_addiction_100087849>	<hasSynsetId>	"100087849"	
	<wordnet_block_grant_100088154>	<hasSynsetId>	"100088154"	
	<wordnet_grant-in-aid_100088367>	<hasSynsetId>	"100088367"	
	<wordnet_capture_100088481>	<hasSynsetId>	"100088481"	
	<wordnet_apprehension_100088725>	<hasSynsetId>	"100088725"	
	<wordnet_conquest_100089027>	<hasSynsetId>	"100089027"	
	<wordnet_enslavement_100089234>	<hasSynsetId>	"100089234"	
	<wordnet_restitution_100089351>	<hasSynsetId>	"100089351"	
	<wordnet_clawback_100089657>	<hasSynsetId>	"100089657"	
	<wordnet_repossession_100089891>	<hasSynsetId>	"100089891"	
	<wordnet_foreclosure_100090076>	<hasSynsetId>	"100090076"	
	<wordnet_reception_100090253>	<hasSynsetId>	"100090253"	
	<wordnet_appointment_100090393>	<hasSynsetId>	"100090393"	
	<wordnet_comb-out_100090610>	<hasSynsetId>	"100090610"	
	<wordnet_giving_100090779>	<hasSynsetId>	"100090779"	
	<wordnet_abandonment_100091013>	<hasSynsetId>	"100091013"	
	<wordnet_discard_100091234>	<hasSynsetId>	"100091234"	
	<wordnet_staging_100091404>	<hasSynsetId>	"100091404"	
	<wordnet_discard_100091503>	<hasSynsetId>	"100091503"	
	<wordnet_mine_disposal_100091670>	<hasSynsetId>	"100091670"	
	<wordnet_minesweeping_100091779>	<hasSynsetId>	"100091779"	
	<wordnet_sewage_disposal_100091893>	<hasSynsetId>	"100091893"	
	<wordnet_bait_and_switch_100091977>	<hasSynsetId>	"100091977"	
	<wordnet_private_treaty_100092212>	<hasSynsetId>	"100092212"	
	<wordnet_auction_100092366>	<hasSynsetId>	"100092366"	
	<wordnet_bootlegging_100092663>	<hasSynsetId>	"100092663"	
	<wordnet_bootlegging_100092847>	<hasSynsetId>	"100092847"	
	<wordnet_capitalization_100093006>	<hasSynsetId>	"100093006"	
	<wordnet_overcapitalization_100093127>	<hasSynsetId>	"100093127"	
	<wordnet_reclamation_100093354>	<hasSynsetId>	"100093354"	
	<wordnet_rescue_100093483>	<hasSynsetId>	"100093483"	
	<wordnet_lifesaving_100093874>	<hasSynsetId>	"100093874"	
	<wordnet_redemption_100094001>	<hasSynsetId>	"100094001"	
	<wordnet_absolution_100094240>	<hasSynsetId>	"100094240"	
	<wordnet_indulgence_100094500>	<hasSynsetId>	"100094500"	
	<wordnet_conversion_100094788>	<hasSynsetId>	"100094788"	
	<wordnet_proselytism_100094954>	<hasSynsetId>	"100094954"	
	<wordnet_expiation_100095121>	<hasSynsetId>	"100095121"	
	<wordnet_reparation_100095329>	<hasSynsetId>	"100095329"	
	<wordnet_liberation_100095502>	<hasSynsetId>	"100095502"	
	<wordnet_jail_delivery_100095873>	<hasSynsetId>	"100095873"	
	<wordnet_reclamation_100095971>	<hasSynsetId>	"100095971"	
	<wordnet_salvage_100096211>	<hasSynsetId>	"100096211"	
	<wordnet_salvage_100096343>	<hasSynsetId>	"100096343"	
	<wordnet_salvation_100096513>	<hasSynsetId>	"100096513"	
	<wordnet_search_and_rescue_mission_100096720>	<hasSynsetId>	"100096720"	
	<wordnet_ransom_100096851>	<hasSynsetId>	"100096851"	
	<wordnet_recapture_100096969>	<hasSynsetId>	"100096969"	
	<wordnet_recapture_100097122>	<hasSynsetId>	"100097122"	
	<wordnet_invocation_100097244>	<hasSynsetId>	"100097244"	
	<wordnet_instrumentation_100097348>	<hasSynsetId>	"100097348"	
	<wordnet_performance_100097504>	<hasSynsetId>	"100097504"	
	<wordnet_specific_performance_100097923>	<hasSynsetId>	"100097923"	
	<wordnet_linguistic_performance_100098051>	<hasSynsetId>	"100098051"	
	<wordnet_mechanism_100098385>	<hasSynsetId>	"100098385"	
	<wordnet_service_100098625>	<hasSynsetId>	"100098625"	
	<wordnet_curb_service_100098822>	<hasSynsetId>	"100098822"	
	<wordnet_self-service_100098939>	<hasSynsetId>	"100098939"	
	<wordnet_valet_parking_100099061>	<hasSynsetId>	"100099061"	
	<wordnet_dramatic_production_100099267>	<hasSynsetId>	"100099267"	
	<wordnet_encore_100099439>	<hasSynsetId>	"100099439"	
	<wordnet_extemporization_100099588>	<hasSynsetId>	"100099588"	
	<wordnet_juggle_100099799>	<hasSynsetId>	"100099799"	
	<wordnet_magic_trick_100099951>	<hasSynsetId>	"100099951"	
	<wordnet_musical_performance_100100253>	<hasSynsetId>	"100100253"	
	<wordnet_one-night_stand_100100437>	<hasSynsetId>	"100100437"	
	<wordnet_rendition_100100543>	<hasSynsetId>	"100100543"	
	<wordnet_reinterpretation_100100889>	<hasSynsetId>	"100100889"	
	<wordnet_spin_100101003>	<hasSynsetId>	"100101003"	
	<wordnet_playing_100101191>	<hasSynsetId>	"100101191"	
	<wordnet_bowing_100101410>	<hasSynsetId>	"100101410"	
	<wordnet_spiccato_100101570>	<hasSynsetId>	"100101570"	
	<wordnet_piping_100101708>	<hasSynsetId>	"100101708"	
	<wordnet_stopping_100101809>	<hasSynsetId>	"100101809"	
	<wordnet_double_stopping_100102039>	<hasSynsetId>	"100102039"	
	<wordnet_transposition_100102162>	<hasSynsetId>	"100102162"	
	<wordnet_jam_session_100102374>	<hasSynsetId>	"100102374"	
	<wordnet_automation_100102457>	<hasSynsetId>	"100102457"	
	<wordnet_computerization_100102779>	<hasSynsetId>	"100102779"	
	<wordnet_motorization_100102927>	<hasSynsetId>	"100102927"	
	<wordnet_launching_100103140>	<hasSynsetId>	"100103140"	
	<wordnet_launching_100103291>	<hasSynsetId>	"100103291"	
	<wordnet_rocket_firing_100103419>	<hasSynsetId>	"100103419"	
	<wordnet_blastoff_100103590>	<hasSynsetId>	"100103590"	
	<wordnet_moon_shot_100103737>	<hasSynsetId>	"100103737"	
	<wordnet_drive_100103834>	<hasSynsetId>	"100103834"	
	<wordnet_firewall_100104088>	<hasSynsetId>	"100104088"	
	<wordnet_impulse_100104249>	<hasSynsetId>	"100104249"	
	<wordnet_roll_100104409>	<hasSynsetId>	"100104409"	
	<wordnet_throw_100104539>	<hasSynsetId>	"100104539"	
	<wordnet_bowling_100104976>	<hasSynsetId>	"100104976"	
	<wordnet_fling_100105164>	<hasSynsetId>	"100105164"	
	<wordnet_heave_100105271>	<hasSynsetId>	"100105271"	
	<wordnet_hurl_100105479>	<hasSynsetId>	"100105479"	
	<wordnet_leaner_100105624>	<hasSynsetId>	"100105624"	
	<wordnet_pass_100105820>	<hasSynsetId>	"100105820"	
	<wordnet_pitch_100106104>	<hasSynsetId>	"100106104"	
	<wordnet_pitch_100106272>	<hasSynsetId>	"100106272"	
	<wordnet_ringer_100106726>	<hasSynsetId>	"100106726"	
	<wordnet_shy_100106888>	<hasSynsetId>	"100106888"	
	<wordnet_slinging_100107016>	<hasSynsetId>	"100107016"	
	<wordnet_throw-in_100107137>	<hasSynsetId>	"100107137"	
	<wordnet_balk_100107279>	<hasSynsetId>	"100107279"	
	<wordnet_ball_100107400>	<hasSynsetId>	"100107400"	
	<wordnet_beanball_100107551>	<hasSynsetId>	"100107551"	
	<wordnet_change-up_100107684>	<hasSynsetId>	"100107684"	
	<wordnet_curve_100107875>	<hasSynsetId>	"100107875"	
	<wordnet_duster_100108081>	<hasSynsetId>	"100108081"	
	<wordnet_fastball_100108181>	<hasSynsetId>	"100108181"	
	<wordnet_knuckleball_100108427>	<hasSynsetId>	"100108427"	
	<wordnet_overhand_pitch_100108545>	<hasSynsetId>	"100108545"	
	<wordnet_passed_ball_100108665>	<hasSynsetId>	"100108665"	
	<wordnet_screwball_100108818>	<hasSynsetId>	"100108818"	
	<wordnet_sinker_100108965>	<hasSynsetId>	"100108965"	
	<wordnet_slider_100109081>	<hasSynsetId>	"100109081"	
	<wordnet_spitball_100109227>	<hasSynsetId>	"100109227"	
	<wordnet_strike_100109414>	<hasSynsetId>	"100109414"	
	<wordnet_submarine_ball_100109771>	<hasSynsetId>	"100109771"	
	<wordnet_wild_pitch_100109892>	<hasSynsetId>	"100109892"	
	<wordnet_basketball_shot_100110057>	<hasSynsetId>	"100110057"	
	<wordnet_bank_shot_100110415>	<hasSynsetId>	"100110415"	
	<wordnet_dunk_100110554>	<hasSynsetId>	"100110554"	
	<wordnet_slam_dunk_100110745>	<hasSynsetId>	"100110745"	
	<wordnet_finger-roll_100110834>	<hasSynsetId>	"100110834"	
	<wordnet_foul_shot_100110964>	<hasSynsetId>	"100110964"	
	<wordnet_one-and-one_100111222>	<hasSynsetId>	"100111222"	
	<wordnet_hook_shot_100111358>	<hasSynsetId>	"100111358"	
	<wordnet_jumper_100111503>	<hasSynsetId>	"100111503"	
	<wordnet_lay-up_100111660>	<hasSynsetId>	"100111660"	
	<wordnet_pivot_shot_100111839>	<hasSynsetId>	"100111839"	
	<wordnet_set_shot_100111962>	<hasSynsetId>	"100111962"	
	<wordnet_scoop_shot_100112072>	<hasSynsetId>	"100112072"	
	<wordnet_tip_in_100112185>	<hasSynsetId>	"100112185"	
	<wordnet_push_100112312>	<hasSynsetId>	"100112312"	
	<wordnet_depression_100112674>	<hasSynsetId>	"100112674"	
	<wordnet_click_100112828>	<hasSynsetId>	"100112828"	
	<wordnet_nudge_100112997>	<hasSynsetId>	"100112997"	
	<wordnet_press_100113113>	<hasSynsetId>	"100113113"	
	<wordnet_impression_100113532>	<hasSynsetId>	"100113532"	
	<wordnet_shove_100113726>	<hasSynsetId>	"100113726"	
	<wordnet_bundling_100113954>	<hasSynsetId>	"100113954"	
	<wordnet_jostle_100114095>	<hasSynsetId>	"100114095"	
	<wordnet_elbowing_100114298>	<hasSynsetId>	"100114298"	
	<wordnet_pull_100114431>	<hasSynsetId>	"100114431"	
	<wordnet_drag_100114871>	<hasSynsetId>	"100114871"	
	<wordnet_draw_100115036>	<hasSynsetId>	"100115036"	
	<wordnet_tow_100115292>	<hasSynsetId>	"100115292"	
	<wordnet_tug_100115500>	<hasSynsetId>	"100115500"	
	<wordnet_draft_100115667>	<hasSynsetId>	"100115667"	
	<wordnet_extirpation_100115803>	<hasSynsetId>	"100115803"	
	<wordnet_pluck_100116008>	<hasSynsetId>	"100116008"	
	<wordnet_traction_100116122>	<hasSynsetId>	"100116122"	
	<wordnet_lift_100116376>	<hasSynsetId>	"100116376"	
	<wordnet_expulsion_100116687>	<hasSynsetId>	"100116687"	
	<wordnet_defenestration_100116989>	<hasSynsetId>	"100116989"	
	<wordnet_accommodation_reflex_100117124>	<hasSynsetId>	"100117124"	
	<wordnet_belch_100117578>	<hasSynsetId>	"100117578"	
	<wordnet_belching_100117810>	<hasSynsetId>	"100117810"	
	<wordnet_blink_100117959>	<hasSynsetId>	"100117959"	
	<wordnet_blush_100118268>	<hasSynsetId>	"100118268"	
	<wordnet_coughing_up_100118445>	<hasSynsetId>	"100118445"	
	<wordnet_spit_100118552>	<hasSynsetId>	"100118552"	
	<wordnet_vomit_100118733>	<hasSynsetId>	"100118733"	
	<wordnet_rumination_100119079>	<hasSynsetId>	"100119079"	
	<wordnet_hematemesis_100119210>	<hasSynsetId>	"100119210"	
	<wordnet_hyperemesis_100119297>	<hasSynsetId>	"100119297"	
	<wordnet_hyperemesis_gravidarum_100119402>	<hasSynsetId>	"100119402"	
	<wordnet_jump_100119568>	<hasSynsetId>	"100119568"	
	<wordnet_header_100119893>	<hasSynsetId>	"100119893"	
	<wordnet_hop_100120010>	<hasSynsetId>	"100120010"	
	<wordnet_leap_100120202>	<hasSynsetId>	"100120202"	
	<wordnet_vault_100120515>	<hasSynsetId>	"100120515"	
	<wordnet_jumping_up_and_down_100120647>	<hasSynsetId>	"100120647"	
	<wordnet_lob_100120804>	<hasSynsetId>	"100120804"	
	<wordnet_centering_100120943>	<hasSynsetId>	"100120943"	
	<wordnet_sending_100121166>	<hasSynsetId>	"100121166"	
	<wordnet_transmission_100121366>	<hasSynsetId>	"100121366"	
	<wordnet_forwarding_100121645>	<hasSynsetId>	"100121645"	
	<wordnet_referral_100121904>	<hasSynsetId>	"100121904"	
	<wordnet_remission_100122106>	<hasSynsetId>	"100122106"	
	<wordnet_mailing_100122338>	<hasSynsetId>	"100122338"	
	<wordnet_wheeling_100122530>	<hasSynsetId>	"100122530"	
	<wordnet_shooting_100122661>	<hasSynsetId>	"100122661"	
	<wordnet_shoot_100122954>	<hasSynsetId>	"100122954"	
	<wordnet_countershot_100123143>	<hasSynsetId>	"100123143"	
	<wordnet_discharge_100123234>	<hasSynsetId>	"100123234"	
	<wordnet_gun_100123430>	<hasSynsetId>	"100123430"	
	<wordnet_fire_control_100123652>	<hasSynsetId>	"100123652"	
	<wordnet_gunfire_100123783>	<hasSynsetId>	"100123783"	
	<wordnet_enfilade_100124008>	<hasSynsetId>	"100124008"	
	<wordnet_snipe_100124151>	<hasSynsetId>	"100124151"	
	<wordnet_headshot_100124256>	<hasSynsetId>	"100124256"	
	<wordnet_skeet_100124342>	<hasSynsetId>	"100124342"	
	<wordnet_shellfire_100124536>	<hasSynsetId>	"100124536"	
	<wordnet_gunfight_100124617>	<hasSynsetId>	"100124617"	
	<wordnet_potshot_100124766>	<hasSynsetId>	"100124766"	
	<wordnet_contact_100124880>	<hasSynsetId>	"100124880"	
	<wordnet_rub_100125126>	<hasSynsetId>	"100125126"	
	<wordnet_scuff_100125315>	<hasSynsetId>	"100125315"	
	<wordnet_tap_100125436>	<hasSynsetId>	"100125436"	
	<wordnet_hit_100125629>	<hasSynsetId>	"100125629"	
	<wordnet_contusion_100126100>	<hasSynsetId>	"100126100"	
	<wordnet_crash_100126236>	<hasSynsetId>	"100126236"	
	<wordnet_impingement_100126447>	<hasSynsetId>	"100126447"	
	<wordnet_batting_100126584>	<hasSynsetId>	"100126584"	
	<wordnet_fielding_100126721>	<hasSynsetId>	"100126721"	
	<wordnet_catching_100126886>	<hasSynsetId>	"100126886"	
	<wordnet_golfing_100127021>	<hasSynsetId>	"100127021"	
	<wordnet_pitching_100127151>	<hasSynsetId>	"100127151"	
	<wordnet_base_on_balls_100127286>	<hasSynsetId>	"100127286"	
	<wordnet_best_100127531>	<hasSynsetId>	"100127531"	
	<wordnet_worst_100127672>	<hasSynsetId>	"100127672"	
	<wordnet_fair_ball_100127866>	<hasSynsetId>	"100127866"	
	<wordnet_foul_ball_100128091>	<hasSynsetId>	"100128091"	
	<wordnet_snick_100128324>	<hasSynsetId>	"100128324"	
	<wordnet_bunt_100128477>	<hasSynsetId>	"100128477"	
	<wordnet_fly_100128638>	<hasSynsetId>	"100128638"	
	<wordnet_blast_100128867>	<hasSynsetId>	"100128867"	
	<wordnet_pop_fly_100128976>	<hasSynsetId>	"100128976"	
	<wordnet_grounder_100129089>	<hasSynsetId>	"100129089"	
	<wordnet_chop_100129317>	<hasSynsetId>	"100129317"	
	<wordnet_roller_100129435>	<hasSynsetId>	"100129435"	
	<wordnet_out_100129527>	<hasSynsetId>	"100129527"	
	<wordnet_force_out_100129743>	<hasSynsetId>	"100129743"	
	<wordnet_putout_100130093>	<hasSynsetId>	"100130093"	
	<wordnet_strikeout_100130347>	<hasSynsetId>	"100130347"	
	<wordnet_whiff_100130512>	<hasSynsetId>	"100130512"	
	<wordnet_fielder's_choice_100130673>	<hasSynsetId>	"100130673"	
	<wordnet_sacrifice_100130846>	<hasSynsetId>	"100130846"	
	<wordnet_sacrifice_fly_100130987>	<hasSynsetId>	"100130987"	
	<wordnet_base_hit_100131090>	<hasSynsetId>	"100131090"	
	<wordnet_daisy_cutter_100131347>	<hasSynsetId>	"100131347"	
	<wordnet_header_100131485>	<hasSynsetId>	"100131485"	
	<wordnet_liner_100131608>	<hasSynsetId>	"100131608"	
	<wordnet_scorcher_100131791>	<hasSynsetId>	"100131791"	
	<wordnet_line-drive_single_100131877>	<hasSynsetId>	"100131877"	
	<wordnet_line-drive_double_100131991>	<hasSynsetId>	"100131991"	
	<wordnet_line-drive_triple_100132105>	<hasSynsetId>	"100132105"	
	<wordnet_plunk_100132219>	<hasSynsetId>	"100132219"	
	<wordnet_homer_100132355>	<hasSynsetId>	"100132355"	
	<wordnet_solo_homer_100132497>	<hasSynsetId>	"100132497"	
	<wordnet_single_100132601>	<hasSynsetId>	"100132601"	
	<wordnet_double_100132756>	<hasSynsetId>	"100132756"	
	<wordnet_triple_100132982>	<hasSynsetId>	"100132982"	
	<wordnet_backhander_100133160>	<hasSynsetId>	"100133160"	
	<wordnet_clip_100133234>	<hasSynsetId>	"100133234"	
	<wordnet_knock_100133338>	<hasSynsetId>	"100133338"	
	<wordnet_thwack_100133567>	<hasSynsetId>	"100133567"	
	<wordnet_smack_100133668>	<hasSynsetId>	"100133668"	
	<wordnet_smacker_100133875>	<hasSynsetId>	"100133875"	
	<wordnet_knockdown_100133981>	<hasSynsetId>	"100133981"	
	<wordnet_knockout_100134099>	<hasSynsetId>	"100134099"	
	<wordnet_technical_knockout_100134246>	<hasSynsetId>	"100134246"	
	<wordnet_swat_100134391>	<hasSynsetId>	"100134391"	
	<wordnet_spank_100134472>	<hasSynsetId>	"100134472"	
	<wordnet_whip_100134574>	<hasSynsetId>	"100134574"	
	<wordnet_punch_100134780>	<hasSynsetId>	"100134780"	
	<wordnet_box_100135148>	<hasSynsetId>	"100135148"	
	<wordnet_dig_100135311>	<hasSynsetId>	"100135311"	
	<wordnet_counterpunch_100135504>	<hasSynsetId>	"100135504"	
	<wordnet_haymaker_100135637>	<hasSynsetId>	"100135637"	
	<wordnet_hook_100135799>	<hasSynsetId>	"100135799"	
	<wordnet_jab_100135952>	<hasSynsetId>	"100135952"	
	<wordnet_rabbit_punch_100136048>	<hasSynsetId>	"100136048"	
	<wordnet_sucker_punch_100136152>	<hasSynsetId>	"100136152"	
	<wordnet_roundhouse_100136230>	<hasSynsetId>	"100136230"	
	<wordnet_kick_100136329>	<hasSynsetId>	"100136329"	
	<wordnet_goal-kick_100136691>	<hasSynsetId>	"100136691"	
	<wordnet_goal-kick_100136876>	<hasSynsetId>	"100136876"	
	<wordnet_punt_100136984>	<hasSynsetId>	"100136984"	
	<wordnet_place_kick_100137279>	<hasSynsetId>	"100137279"	
	<wordnet_free_kick_100137534>	<hasSynsetId>	"100137534"	
	<wordnet_corner_kick_100137709>	<hasSynsetId>	"100137709"	
	<wordnet_dropkick_100137877>	<hasSynsetId>	"100137877"	
	<wordnet_kiss_100138078>	<hasSynsetId>	"100138078"	
	<wordnet_kiss_100138221>	<hasSynsetId>	"100138221"	
	<wordnet_laying_on_100138441>	<hasSynsetId>	"100138441"	
	<wordnet_smack_100138599>	<hasSynsetId>	"100138599"	
	<wordnet_smacker_100138734>	<hasSynsetId>	"100138734"	
	<wordnet_soul_kiss_100138799>	<hasSynsetId>	"100138799"	
	<wordnet_catch_100138956>	<hasSynsetId>	"100138956"	
	<wordnet_fair_catch_100139544>	<hasSynsetId>	"100139544"	
	<wordnet_interception_100139758>	<hasSynsetId>	"100139758"	
	<wordnet_reception_100139919>	<hasSynsetId>	"100139919"	
	<wordnet_rebound_100140112>	<hasSynsetId>	"100140112"	
	<wordnet_shoestring_catch_100140264>	<hasSynsetId>	"100140264"	
	<wordnet_mesh_100140393>	<hasSynsetId>	"100140393"	
	<wordnet_handling_100140652>	<hasSynsetId>	"100140652"	
	<wordnet_fingering_100140900>	<hasSynsetId>	"100140900"	
	<wordnet_grope_100141027>	<hasSynsetId>	"100141027"	
	<wordnet_audit_100141176>	<hasSynsetId>	"100141176"	
	<wordnet_autopsy_100141396>	<hasSynsetId>	"100141396"	
	<wordnet_check-in_100141669>	<hasSynsetId>	"100141669"	
	<wordnet_check_100141806>	<hasSynsetId>	"100141806"	
	<wordnet_spot_check_100142140>	<hasSynsetId>	"100142140"	
	<wordnet_checkup_100142361>	<hasSynsetId>	"100142361"	
	<wordnet_comparison_100142665>	<hasSynsetId>	"100142665"	
	<wordnet_fine-tooth_comb_100143057>	<hasSynsetId>	"100143057"	
	<wordnet_follow-up_100143251>	<hasSynsetId>	"100143251"	
	<wordnet_going-over_100143536>	<hasSynsetId>	"100143536"	
	<wordnet_once-over_100143626>	<hasSynsetId>	"100143626"	
	<wordnet_ophthalmoscopy_100143763>	<hasSynsetId>	"100143763"	
	<wordnet_palpation_100143885>	<hasSynsetId>	"100143885"	
	<wordnet_ballottement_100144182>	<hasSynsetId>	"100144182"	
	<wordnet_tickle_100144445>	<hasSynsetId>	"100144445"	
	<wordnet_stroke_100144632>	<hasSynsetId>	"100144632"	
	<wordnet_caress_100144778>	<hasSynsetId>	"100144778"	
	<wordnet_tag_100145024>	<hasSynsetId>	"100145024"	
	<wordnet_joining_100145218>	<hasSynsetId>	"100145218"	
	<wordnet_hit_100145779>	<hasSynsetId>	"100145779"	
	<wordnet_interconnection_100145929>	<hasSynsetId>	"100145929"	
	<wordnet_intersection_100146111>	<hasSynsetId>	"100146111"	
	<wordnet_approximation_100146277>	<hasSynsetId>	"100146277"	
	<wordnet_concatenation_100146443>	<hasSynsetId>	"100146443"	
	<wordnet_convergence_100146572>	<hasSynsetId>	"100146572"	
	<wordnet_merging_100146856>	<hasSynsetId>	"100146856"	
	<wordnet_concourse_100147091>	<hasSynsetId>	"100147091"	
	<wordnet_encounter_100147187>	<hasSynsetId>	"100147187"	
	<wordnet_articulation_100147314>	<hasSynsetId>	"100147314"	
	<wordnet_junction_100147454>	<hasSynsetId>	"100147454"	
	<wordnet_fastening_100147595>	<hasSynsetId>	"100147595"	
	<wordnet_loosening_100147862>	<hasSynsetId>	"100147862"	
	<wordnet_tightening_100148057>	<hasSynsetId>	"100148057"	
	<wordnet_ligation_100148242>	<hasSynsetId>	"100148242"	
	<wordnet_tubal_ligation_100148446>	<hasSynsetId>	"100148446"	
	<wordnet_bonding_100148653>	<hasSynsetId>	"100148653"	
	<wordnet_doweling_100148762>	<hasSynsetId>	"100148762"	
	<wordnet_grounding_100148836>	<hasSynsetId>	"100148836"	
	<wordnet_linkage_100148978>	<hasSynsetId>	"100148978"	
	<wordnet_tying_100149084>	<hasSynsetId>	"100149084"	
	<wordnet_untying_100149262>	<hasSynsetId>	"100149262"	
	<wordnet_welding_100149508>	<hasSynsetId>	"100149508"	
	<wordnet_butt_welding_100149699>	<hasSynsetId>	"100149699"	
	<wordnet_spot_welding_100149895>	<hasSynsetId>	"100149895"	
	<wordnet_flare_100150097>	<hasSynsetId>	"100150097"	
	<wordnet_flash_welding_100150379>	<hasSynsetId>	"100150379"	
	<wordnet_lick_100150591>	<hasSynsetId>	"100150591"	
	<wordnet_grazing_100150762>	<hasSynsetId>	"100150762"	
	<wordnet_tracing_100150932>	<hasSynsetId>	"100150932"	
	<wordnet_detection_100151087>	<hasSynsetId>	"100151087"	
	<wordnet_self-discovery_100151314>	<hasSynsetId>	"100151314"	
	<wordnet_breakthrough_100151409>	<hasSynsetId>	"100151409"	
	<wordnet_determination_100151497>	<hasSynsetId>	"100151497"	
	<wordnet_rediscovery_100151914>	<hasSynsetId>	"100151914"	
	<wordnet_designation_100152018>	<hasSynsetId>	"100152018"	
	<wordnet_fingerprinting_100152338>	<hasSynsetId>	"100152338"	
	<wordnet_genetic_profiling_100152519>	<hasSynsetId>	"100152519"	
	<wordnet_diagnosis_100152727>	<hasSynsetId>	"100152727"	
	<wordnet_blood_typing_100152990>	<hasSynsetId>	"100152990"	
	<wordnet_medical_diagnosis_100153105>	<hasSynsetId>	"100153105"	
	<wordnet_prenatal_diagnosis_100153288>	<hasSynsetId>	"100153288"	
	<wordnet_differential_diagnosis_100153499>	<hasSynsetId>	"100153499"	
	<wordnet_prognosis_100153665>	<hasSynsetId>	"100153665"	
	<wordnet_resolution_100153809>	<hasSynsetId>	"100153809"	
	<wordnet_validation_100153961>	<hasSynsetId>	"100153961"	
	<wordnet_authentication_100154233>	<hasSynsetId>	"100154233"	
	<wordnet_documentation_100154433>	<hasSynsetId>	"100154433"	
	<wordnet_monetization_100154689>	<hasSynsetId>	"100154689"	
	<wordnet_probate_100154894>	<hasSynsetId>	"100154894"	
	<wordnet_demonetization_100155085>	<hasSynsetId>	"100155085"	
	<wordnet_falsification_100155298>	<hasSynsetId>	"100155298"	
	<wordnet_localization_100155487>	<hasSynsetId>	"100155487"	
	<wordnet_echolocation_100155797>	<hasSynsetId>	"100155797"	
	<wordnet_predetermination_100155970>	<hasSynsetId>	"100155970"	
	<wordnet_rectification_100156119>	<hasSynsetId>	"100156119"	
	<wordnet_redetermination_100156293>	<hasSynsetId>	"100156293"	
	<wordnet_trigger_100156390>	<hasSynsetId>	"100156390"	
	<wordnet_fomentation_100156625>	<hasSynsetId>	"100156625"	
	<wordnet_compulsion_100156812>	<hasSynsetId>	"100156812"	
	<wordnet_influence_100157081>	<hasSynsetId>	"100157081"	
	<wordnet_cross-pollination_100157318>	<hasSynsetId>	"100157318"	
	<wordnet_exposure_100157463>	<hasSynsetId>	"100157463"	
	<wordnet_overexposure_100157687>	<hasSynsetId>	"100157687"	
	<wordnet_underexposure_100157877>	<hasSynsetId>	"100157877"	
	<wordnet_impingement_100157957>	<hasSynsetId>	"100157957"	
	<wordnet_manipulation_100158185>	<hasSynsetId>	"100158185"	
	<wordnet_mind_game_100158443>	<hasSynsetId>	"100158443"	
	<wordnet_autosuggestion_100158805>	<hasSynsetId>	"100158805"	
	<wordnet_hypnotism_100158996>	<hasSynsetId>	"100158996"	
	<wordnet_inducement_100159177>	<hasSynsetId>	"100159177"	
	<wordnet_corruption_100159396>	<hasSynsetId>	"100159396"	
	<wordnet_enticement_100159620>	<hasSynsetId>	"100159620"	
	<wordnet_blandishment_100159899>	<hasSynsetId>	"100159899"	
	<wordnet_ingratiation_100160073>	<hasSynsetId>	"100160073"	
	<wordnet_leading_astray_100160297>	<hasSynsetId>	"100160297"	
	<wordnet_seduction_100160415>	<hasSynsetId>	"100160415"	
	<wordnet_seduction_100160532>	<hasSynsetId>	"100160532"	
	<wordnet_sexual_conquest_100160688>	<hasSynsetId>	"100160688"	
	<wordnet_cuckoldry_100160922>	<hasSynsetId>	"100160922"	
	<wordnet_solicitation_100161044>	<hasSynsetId>	"100161044"	
	<wordnet_choice_100161243>	<hasSynsetId>	"100161243"	
	<wordnet_casting_100161603>	<hasSynsetId>	"100161603"	
	<wordnet_coloration_100161739>	<hasSynsetId>	"100161739"	
	<wordnet_sampling_100161888>	<hasSynsetId>	"100161888"	
	<wordnet_random_sampling_100162055>	<hasSynsetId>	"100162055"	
	<wordnet_lucky_dip_100162236>	<hasSynsetId>	"100162236"	
	<wordnet_stratified_sampling_100162417>	<hasSynsetId>	"100162417"	
	<wordnet_decision_100162632>	<hasSynsetId>	"100162632"	
	<wordnet_volition_100163047>	<hasSynsetId>	"100163047"	
	<wordnet_intention_100163233>	<hasSynsetId>	"100163233"	
	<wordnet_about-face_100163406>	<hasSynsetId>	"100163406"	
	<wordnet_adulteration_100163630>	<hasSynsetId>	"100163630"	
	<wordnet_appointment_100163779>	<hasSynsetId>	"100163779"	
	<wordnet_nomination_100164152>	<hasSynsetId>	"100164152"	
	<wordnet_assignment_100164345>	<hasSynsetId>	"100164345"	
	<wordnet_allocation_100164579>	<hasSynsetId>	"100164579"	
	<wordnet_call_100164801>	<hasSynsetId>	"100164801"	
	<wordnet_co-option_100164999>	<hasSynsetId>	"100164999"	
	<wordnet_delegacy_100165178>	<hasSynsetId>	"100165178"	
	<wordnet_ordination_100165298>	<hasSynsetId>	"100165298"	
	<wordnet_recognition_100165563>	<hasSynsetId>	"100165563"	
	<wordnet_laying_on_of_hands_100165793>	<hasSynsetId>	"100165793"	
	<wordnet_move_100165942>	<hasSynsetId>	"100165942"	
	<wordnet_move_100166172>	<hasSynsetId>	"100166172"	
	<wordnet_chess_move_100166355>	<hasSynsetId>	"100166355"	
	<wordnet_castle_100166552>	<hasSynsetId>	"100166552"	
	<wordnet_capture_100166702>	<hasSynsetId>	"100166702"	
	<wordnet_en_passant_100166865>	<hasSynsetId>	"100166865"	
	<wordnet_exchange_100167063>	<hasSynsetId>	"100167063"	
	<wordnet_exchange_100167278>	<hasSynsetId>	"100167278"	
	<wordnet_check_100167446>	<hasSynsetId>	"100167446"	
	<wordnet_discovered_check_100167580>	<hasSynsetId>	"100167580"	
	<wordnet_checkmate_100167764>	<hasSynsetId>	"100167764"	
	<wordnet_gambit_100167950>	<hasSynsetId>	"100167950"	
	<wordnet_demarche_100168121>	<hasSynsetId>	"100168121"	
	<wordnet_maneuver_100168237>	<hasSynsetId>	"100168237"	
	<wordnet_parking_100168505>	<hasSynsetId>	"100168505"	
	<wordnet_move_100168658>	<hasSynsetId>	"100168658"	
	<wordnet_flit_100168911>	<hasSynsetId>	"100168911"	
	<wordnet_downshift_100169047>	<hasSynsetId>	"100169047"	
	<wordnet_downshift_100169147>	<hasSynsetId>	"100169147"	
	<wordnet_bank_100169305>	<hasSynsetId>	"100169305"	
	<wordnet_vertical_bank_100169522>	<hasSynsetId>	"100169522"	
	<wordnet_chandelle_100169651>	<hasSynsetId>	"100169651"	
	<wordnet_loop_100169811>	<hasSynsetId>	"100169811"	
	<wordnet_inside_loop_100170005>	<hasSynsetId>	"100170005"	
	<wordnet_outside_loop_100170172>	<hasSynsetId>	"100170172"	
	<wordnet_roll_100170340>	<hasSynsetId>	"100170340"	
	<wordnet_barrel_roll_100170536>	<hasSynsetId>	"100170536"	
	<wordnet_snap_roll_100170643>	<hasSynsetId>	"100170643"	
	<wordnet_slip_100170710>	<hasSynsetId>	"100170710"	
	<wordnet_flight_maneuver_100170844>	<hasSynsetId>	"100170844"	
	<wordnet_straight-arm_100171050>	<hasSynsetId>	"100171050"	
	<wordnet_device_100171249>	<hasSynsetId>	"100171249"	
	<wordnet_mnemonic_100171507>	<hasSynsetId>	"100171507"	
	<wordnet_trick_100171618>	<hasSynsetId>	"100171618"	
	<wordnet_shtik_100171882>	<hasSynsetId>	"100171882"	
	<wordnet_feint_100172073>	<hasSynsetId>	"100172073"	
	<wordnet_juke_100172217>	<hasSynsetId>	"100172217"	
	<wordnet_footwork_100172347>	<hasSynsetId>	"100172347"	
	<wordnet_ploy_100172490>	<hasSynsetId>	"100172490"	
	<wordnet_ruse_100172598>	<hasSynsetId>	"100172598"	
	<wordnet_means_100172710>	<hasSynsetId>	"100172710"	
	<wordnet_dint_100173172>	<hasSynsetId>	"100173172"	
	<wordnet_escape_100173283>	<hasSynsetId>	"100173283"	
	<wordnet_fast_track_100173487>	<hasSynsetId>	"100173487"	
	<wordnet_instrument_100173761>	<hasSynsetId>	"100173761"	
	<wordnet_road_100174003>	<hasSynsetId>	"100174003"	
	<wordnet_royal_road_100174127>	<hasSynsetId>	"100174127"	
	<wordnet_stepping_stone_100174260>	<hasSynsetId>	"100174260"	
	<wordnet_measure_100174412>	<hasSynsetId>	"100174412"	
	<wordnet_countermeasure_100174663>	<hasSynsetId>	"100174663"	
	<wordnet_bear_hug_100174782>	<hasSynsetId>	"100174782"	
	<wordnet_proxy_fight_100174950>	<hasSynsetId>	"100174950"	
	<wordnet_leveraged_buyout_100175174>	<hasSynsetId>	"100175174"	
	<wordnet_bust-up_takeover_100175433>	<hasSynsetId>	"100175433"	
	<wordnet_shark_repellent_100175605>	<hasSynsetId>	"100175605"	
	<wordnet_golden_parachute_100175875>	<hasSynsetId>	"100175875"	
	<wordnet_greenmail_100176052>	<hasSynsetId>	"100176052"	
	<wordnet_pac-man_strategy_100176312>	<hasSynsetId>	"100176312"	
	<wordnet_poison_pill_100176449>	<hasSynsetId>	"100176449"	
	<wordnet_suicide_pill_100176609>	<hasSynsetId>	"100176609"	
	<wordnet_safe_harbor_100176766>	<hasSynsetId>	"100176766"	
	<wordnet_scorched-earth_policy_100176994>	<hasSynsetId>	"100176994"	
	<wordnet_diagnostic_procedure_100177127>	<hasSynsetId>	"100177127"	
	<wordnet_expedient_100177448>	<hasSynsetId>	"100177448"	
	<wordnet_backstop_100177638>	<hasSynsetId>	"100177638"	
	<wordnet_emergency_procedure_100177783>	<hasSynsetId>	"100177783"	
	<wordnet_experimental_procedure_100178024>	<hasSynsetId>	"100178024"	
	<wordnet_double-blind_procedure_100178177>	<hasSynsetId>	"100178177"	
	<wordnet_makeshift_100178551>	<hasSynsetId>	"100178551"	
	<wordnet_crutch_100178700>	<hasSynsetId>	"100178700"	
	<wordnet_improvisation_100178832>	<hasSynsetId>	"100178832"	
	<wordnet_pis_aller_100178972>	<hasSynsetId>	"100178972"	
	<wordnet_desperate_measure_100179125>	<hasSynsetId>	"100179125"	
	<wordnet_open_sesame_100179275>	<hasSynsetId>	"100179275"	
	<wordnet_salvation_100179380>	<hasSynsetId>	"100179380"	
	<wordnet_tooth_100179576>	<hasSynsetId>	"100179576"	
	<wordnet_voice_100179683>	<hasSynsetId>	"100179683"	
	<wordnet_wings_100179916>	<hasSynsetId>	"100179916"	
	<wordnet_casting_lots_100180054>	<hasSynsetId>	"100180054"	
	<wordnet_resolution_100180228>	<hasSynsetId>	"100180228"	
	<wordnet_adoption_100180413>	<hasSynsetId>	"100180413"	
	<wordnet_embrace_100180770>	<hasSynsetId>	"100180770"	
	<wordnet_election_100180962>	<hasSynsetId>	"100180962"	
	<wordnet_co-option_100181191>	<hasSynsetId>	"100181191"	
	<wordnet_reelection_100181373>	<hasSynsetId>	"100181373"	
	<wordnet_plebiscite_100181495>	<hasSynsetId>	"100181495"	
	<wordnet_referendum_100181640>	<hasSynsetId>	"100181640"	
	<wordnet_election_100181781>	<hasSynsetId>	"100181781"	
	<wordnet_vote_100182213>	<hasSynsetId>	"100182213"	
	<wordnet_general_election_100182435>	<hasSynsetId>	"100182435"	
	<wordnet_primary_100182571>	<hasSynsetId>	"100182571"	
	<wordnet_direct_primary_100182723>	<hasSynsetId>	"100182723"	
	<wordnet_closed_primary_100182897>	<hasSynsetId>	"100182897"	
	<wordnet_open_primary_100183084>	<hasSynsetId>	"100183084"	
	<wordnet_by-election_100183240>	<hasSynsetId>	"100183240"	
	<wordnet_runoff_100183357>	<hasSynsetId>	"100183357"	
	<wordnet_vote_100183505>	<hasSynsetId>	"100183505"	
	<wordnet_block_vote_100183995>	<hasSynsetId>	"100183995"	
	<wordnet_cumulative_vote_100184135>	<hasSynsetId>	"100184135"	
	<wordnet_secret_ballot_100184362>	<hasSynsetId>	"100184362"	
	<wordnet_split_ticket_100184501>	<hasSynsetId>	"100184501"	
	<wordnet_straight_ticket_100184652>	<hasSynsetId>	"100184652"	
	<wordnet_multiple_voting_100184802>	<hasSynsetId>	"100184802"	
	<wordnet_casting_vote_100184981>	<hasSynsetId>	"100184981"	
	<wordnet_reconciliation_100185104>	<hasSynsetId>	"100185104"	
	<wordnet_equation_100185307>	<hasSynsetId>	"100185307"	
	<wordnet_breech_delivery_100185438>	<hasSynsetId>	"100185438"	
	<wordnet_frank_breech_100185612>	<hasSynsetId>	"100185612"	
	<wordnet_cesarean_delivery_100185778>	<hasSynsetId>	"100185778"	
	<wordnet_forceps_delivery_100186251>	<hasSynsetId>	"100186251"	
	<wordnet_midwifery_100186549>	<hasSynsetId>	"100186549"	
	<wordnet_score_100186634>	<hasSynsetId>	"100186634"	
	<wordnet_bowling_score_100187056>	<hasSynsetId>	"100187056"	
	<wordnet_bull's_eye_100187144>	<hasSynsetId>	"100187144"	
	<wordnet_goal_100187337>	<hasSynsetId>	"100187337"	
	<wordnet_own_goal_100187499>	<hasSynsetId>	"100187499"	
	<wordnet_strike_100187710>	<hasSynsetId>	"100187710"	
	<wordnet_spare_100187890>	<hasSynsetId>	"100187890"	
	<wordnet_open_frame_100188007>	<hasSynsetId>	"100188007"	
	<wordnet_audible_100188183>	<hasSynsetId>	"100188183"	
	<wordnet_football_score_100188341>	<hasSynsetId>	"100188341"	
	<wordnet_touchback_100188449>	<hasSynsetId>	"100188449"	
	<wordnet_safety_100188620>	<hasSynsetId>	"100188620"	
	<wordnet_touchdown_100188766>	<hasSynsetId>	"100188766"	
	<wordnet_field_goal_100188934>	<hasSynsetId>	"100188934"	
	<wordnet_conversion_100189106>	<hasSynsetId>	"100189106"	
	<wordnet_point_after_100189257>	<hasSynsetId>	"100189257"	
	<wordnet_baseball_score_100189476>	<hasSynsetId>	"100189476"	
	<wordnet_run_100189565>	<hasSynsetId>	"100189565"	
	<wordnet_earned_run_100189896>	<hasSynsetId>	"100189896"	
	<wordnet_unearned_run_100190040>	<hasSynsetId>	"100190040"	
	<wordnet_run_batted_in_100190180>	<hasSynsetId>	"100190180"	
	<wordnet_basketball_score_100190338>	<hasSynsetId>	"100190338"	
	<wordnet_basket_100190431>	<hasSynsetId>	"100190431"	
	<wordnet_hat_trick_100190579>	<hasSynsetId>	"100190579"	
	<wordnet_solution_100190783>	<hasSynsetId>	"100190783"	
	<wordnet_change_100191142>	<hasSynsetId>	"100191142"	
	<wordnet_filtration_100191980>	<hasSynsetId>	"100191980"	
	<wordnet_percolation_100192149>	<hasSynsetId>	"100192149"	
	<wordnet_reduction_100192300>	<hasSynsetId>	"100192300"	
	<wordnet_schematization_100192457>	<hasSynsetId>	"100192457"	
	<wordnet_economy_100192613>	<hasSynsetId>	"100192613"	
	<wordnet_retrenchment_100192910>	<hasSynsetId>	"100192910"	
	<wordnet_economy_of_scale_100193099>	<hasSynsetId>	"100193099"	
	<wordnet_accommodation_100193225>	<hasSynsetId>	"100193225"	
	<wordnet_adaptation_100193406>	<hasSynsetId>	"100193406"	
	<wordnet_dark_adaptation_100193622>	<hasSynsetId>	"100193622"	
	<wordnet_light_adaptation_100193811>	<hasSynsetId>	"100193811"	
	<wordnet_take-up_100194005>	<hasSynsetId>	"100194005"	
	<wordnet_readjustment_100194127>	<hasSynsetId>	"100194127"	
	<wordnet_domestication_100194257>	<hasSynsetId>	"100194257"	
	<wordnet_decimalization_100194414>	<hasSynsetId>	"100194414"	
	<wordnet_metrification_100194645>	<hasSynsetId>	"100194645"	
	<wordnet_habituation_100194831>	<hasSynsetId>	"100194831"	
	<wordnet_variation_100194969>	<hasSynsetId>	"100194969"	
	<wordnet_variation_100195194>	<hasSynsetId>	"100195194"	
	<wordnet_turning_100195415>	<hasSynsetId>	"100195415"	
	<wordnet_diversification_100195569>	<hasSynsetId>	"100195569"	
	<wordnet_flux_100195938>	<hasSynsetId>	"100195938"	
	<wordnet_switch_100196084>	<hasSynsetId>	"100196084"	
	<wordnet_switcheroo_100196402>	<hasSynsetId>	"100196402"	
	<wordnet_substitution_100196485>	<hasSynsetId>	"100196485"	
	<wordnet_novation_100196848>	<hasSynsetId>	"100196848"	
	<wordnet_pitching_change_100197136>	<hasSynsetId>	"100197136"	
	<wordnet_superannuation_100197229>	<hasSynsetId>	"100197229"	
	<wordnet_supersedure_100197419>	<hasSynsetId>	"100197419"	
	<wordnet_supplanting_100197610>	<hasSynsetId>	"100197610"	
	<wordnet_replacement_100197772>	<hasSynsetId>	"100197772"	
	<wordnet_subrogation_100198118>	<hasSynsetId>	"100198118"	
	<wordnet_weaning_100198270>	<hasSynsetId>	"100198270"	
	<wordnet_promotion_100198451>	<hasSynsetId>	"100198451"	
	<wordnet_preferment_100198631>	<hasSynsetId>	"100198631"	
	<wordnet_demotion_100198793>	<hasSynsetId>	"100198793"	
	<wordnet_investment_100198919>	<hasSynsetId>	"100198919"	
	<wordnet_change_of_state_100199130>	<hasSynsetId>	"100199130"	
	<wordnet_alteration_100199707>	<hasSynsetId>	"100199707"	
	<wordnet_distraction_100200041>	<hasSynsetId>	"100200041"	
	<wordnet_aeration_100200244>	<hasSynsetId>	"100200244"	
	<wordnet_modulation_100200379>	<hasSynsetId>	"100200379"	
	<wordnet_qualification_100200563>	<hasSynsetId>	"100200563"	
	<wordnet_reorganization_100200768>	<hasSynsetId>	"100200768"	
	<wordnet_passage_100201058>	<hasSynsetId>	"100201058"	
	<wordnet_fossilization_100201269>	<hasSynsetId>	"100201269"	
	<wordnet_segue_100201397>	<hasSynsetId>	"100201397"	
	<wordnet_meddling_100201516>	<hasSynsetId>	"100201516"	
	<wordnet_transfer_100201671>	<hasSynsetId>	"100201671"	
	<wordnet_prohibition_100201923>	<hasSynsetId>	"100201923"	
	<wordnet_resistance_100202284>	<hasSynsetId>	"100202284"	
	<wordnet_lockout_100202620>	<hasSynsetId>	"100202620"	
	<wordnet_reaction_100202816>	<hasSynsetId>	"100202816"	
	<wordnet_backlash_100203020>	<hasSynsetId>	"100203020"	
	<wordnet_whitelash_100203208>	<hasSynsetId>	"100203208"	
	<wordnet_rejection_100203342>	<hasSynsetId>	"100203342"	
	<wordnet_brush-off_100203649>	<hasSynsetId>	"100203649"	
	<wordnet_avoidance_100203753>	<hasSynsetId>	"100203753"	
	<wordnet_aversion_100204022>	<hasSynsetId>	"100204022"	
	<wordnet_escape_100204199>	<hasSynsetId>	"100204199"	
	<wordnet_near_thing_100204334>	<hasSynsetId>	"100204334"	
	<wordnet_abandonment_100204439>	<hasSynsetId>	"100204439"	
	<wordnet_exposure_100204659>	<hasSynsetId>	"100204659"	
	<wordnet_apostasy_100204814>	<hasSynsetId>	"100204814"	
	<wordnet_bolt_100204943>	<hasSynsetId>	"100204943"	
	<wordnet_renunciation_100205079>	<hasSynsetId>	"100205079"	
	<wordnet_nonacceptance_100205349>	<hasSynsetId>	"100205349"	
	<wordnet_forsaking_100205543>	<hasSynsetId>	"100205543"	
	<wordnet_abnegation_100205649>	<hasSynsetId>	"100205649"	
	<wordnet_forfeit_100205891>	<hasSynsetId>	"100205891"	
	<wordnet_boycott_100206130>	<hasSynsetId>	"100206130"	
	<wordnet_banishment_100206302>	<hasSynsetId>	"100206302"	
	<wordnet_anathematization_100206600>	<hasSynsetId>	"100206600"	
	<wordnet_disbarment_100206779>	<hasSynsetId>	"100206779"	
	<wordnet_ejection_100206927>	<hasSynsetId>	"100206927"	
	<wordnet_deportation_100207306>	<hasSynsetId>	"100207306"	
	<wordnet_ostracism_100207434>	<hasSynsetId>	"100207434"	
	<wordnet_barring_100207622>	<hasSynsetId>	"100207622"	
	<wordnet_exile_100207761>	<hasSynsetId>	"100207761"	
	<wordnet_excommunication_100208277>	<hasSynsetId>	"100208277"	
	<wordnet_relegation_100208521>	<hasSynsetId>	"100208521"	
	<wordnet_rustication_100208694>	<hasSynsetId>	"100208694"	
	<wordnet_ouster_100208797>	<hasSynsetId>	"100208797"	
	<wordnet_deposition_100208943>	<hasSynsetId>	"100208943"	
	<wordnet_suspension_100209132>	<hasSynsetId>	"100209132"	
	<wordnet_rustication_100209301>	<hasSynsetId>	"100209301"	
	<wordnet_displacement_100209446>	<hasSynsetId>	"100209446"	
	<wordnet_veto_100209546>	<hasSynsetId>	"100209546"	
	<wordnet_pocket_veto_100209680>	<hasSynsetId>	"100209680"	
	<wordnet_write-in_100209789>	<hasSynsetId>	"100209789"	
	<wordnet_termination_100209943>	<hasSynsetId>	"100209943"	
	<wordnet_finish_100210518>	<hasSynsetId>	"100210518"	
	<wordnet_finale_100210797>	<hasSynsetId>	"100210797"	
	<wordnet_release_100210940>	<hasSynsetId>	"100210940"	
	<wordnet_completion_100211110>	<hasSynsetId>	"100211110"	
	<wordnet_finalization_100211462>	<hasSynsetId>	"100211462"	
	<wordnet_follow-through_100211593>	<hasSynsetId>	"100211593"	
	<wordnet_follow-through_100211776>	<hasSynsetId>	"100211776"	
	<wordnet_graduation_100212065>	<hasSynsetId>	"100212065"	
	<wordnet_retirement_100212205>	<hasSynsetId>	"100212205"	
	<wordnet_hibernation_100212377>	<hasSynsetId>	"100212377"	
	<wordnet_rustication_100212551>	<hasSynsetId>	"100212551"	
	<wordnet_swan_song_100212678>	<hasSynsetId>	"100212678"	
	<wordnet_relinquishment_100212808>	<hasSynsetId>	"100212808"	
	<wordnet_cession_100213052>	<hasSynsetId>	"100213052"	
	<wordnet_handover_100213186>	<hasSynsetId>	"100213186"	
	<wordnet_surrender_100213343>	<hasSynsetId>	"100213343"	
	<wordnet_extradition_100213482>	<hasSynsetId>	"100213482"	
	<wordnet_release_100213694>	<hasSynsetId>	"100213694"	
	<wordnet_exemption_100213903>	<hasSynsetId>	"100213903"	
	<wordnet_fix_100214148>	<hasSynsetId>	"100214148"	
	<wordnet_official_immunity_100214315>	<hasSynsetId>	"100214315"	
	<wordnet_sovereign_immunity_100214526>	<hasSynsetId>	"100214526"	
	<wordnet_transactional_immunity_100214794>	<hasSynsetId>	"100214794"	
	<wordnet_use_immunity_100215013>	<hasSynsetId>	"100215013"	
	<wordnet_dissolution_100215314>	<hasSynsetId>	"100215314"	
	<wordnet_splitsville_100215534>	<hasSynsetId>	"100215534"	
	<wordnet_overthrow_100215683>	<hasSynsetId>	"100215683"	
	<wordnet_subversion_100215838>	<hasSynsetId>	"100215838"	
	<wordnet_adjournment_100216038>	<hasSynsetId>	"100216038"	
	<wordnet_dismissal_100216174>	<hasSynsetId>	"100216174"	
	<wordnet_conge_100216607>	<hasSynsetId>	"100216607"	
	<wordnet_removal_100216723>	<hasSynsetId>	"100216723"	
	<wordnet_purge_100216834>	<hasSynsetId>	"100216834"	
	<wordnet_destruction_100217014>	<hasSynsetId>	"100217014"	
	<wordnet_disaster_100217499>	<hasSynsetId>	"100217499"	
	<wordnet_kill_100217593>	<hasSynsetId>	"100217593"	
	<wordnet_laying_waste_100217773>	<hasSynsetId>	"100217773"	
	<wordnet_razing_100218045>	<hasSynsetId>	"100218045"	
	<wordnet_annihilation_100218208>	<hasSynsetId>	"100218208"	
	<wordnet_decimation_100218427>	<hasSynsetId>	"100218427"	
	<wordnet_atomization_100218602>	<hasSynsetId>	"100218602"	
	<wordnet_pulverization_100218753>	<hasSynsetId>	"100218753"	
	<wordnet_vaporization_100218902>	<hasSynsetId>	"100218902"	
