<id_z2h3a0_1m6_zq43us>	<geoclass_first-order_administrative_division>	rdfs:subClassOf	<yagoGeoEntity>	
<id_s7i3yk_1m6_zq43us>	<geoclass_second-order_administrative_division>	rdfs:subClassOf	<yagoGeoEntity>	
<id_17s72of_1m6_zq43us>	<geoclass_third-order_administrative_division>	rdfs:subClassOf	<yagoGeoEntity>	
<id_1l06z02_1m6_zq43us>	<geoclass_fourth-order_administrative_division>	rdfs:subClassOf	<yagoGeoEntity>	
<id_j8b9k6_1m6_zq43us>	<geoclass_administrative_division>	rdfs:subClassOf	<yagoGeoEntity>	
<id_11oenl6_1m6_zq43us>	<geoclass_leased_area>	rdfs:subClassOf	<yagoGeoEntity>	
<id_97bizh_1m6_zq43us>	<geoclass_political_entity>	rdfs:subClassOf	<yagoGeoEntity>	
<id_mh0zz1_1m6_zq43us>	<geoclass_dependent_political_entity>	rdfs:subClassOf	<yagoGeoEntity>	
<id_704ena_1m6_zq43us>	<geoclass_freely_associated_state>	rdfs:subClassOf	<yagoGeoEntity>	
<id_18nhb7m_1m6_zq43us>	<geoclass_independent_political_entity>	rdfs:subClassOf	<yagoGeoEntity>	
<id_14tncww_1m6_zq43us>	<geoclass_section_of_independent_political_entity>	rdfs:subClassOf	<yagoGeoEntity>	
<id_cul5ox_1m6_zq43us>	<geoclass_semi-independent_political_entity>	rdfs:subClassOf	<yagoGeoEntity>	
<id_ebg8mt_1m6_zq43us>	<geoclass_parish>	rdfs:subClassOf	<yagoGeoEntity>	
<id_9crg6a_1m6_zq43us>	<geoclass_territory>	rdfs:subClassOf	<yagoGeoEntity>	
<id_1ydvwo4_1m6_zq43us>	<geoclass_zone>	rdfs:subClassOf	<yagoGeoEntity>	
<id_1dguspf_1m6_zq43us>	<geoclass_buffer_zone>	rdfs:subClassOf	<yagoGeoEntity>	
<id_j75n7z_1m6_zq43us>	<geoclass_seaplane_landing_area>	rdfs:subClassOf	<yagoGeoEntity>	
<id_17ngek2_1m6_zq43us>	<geoclass_anchorage>	rdfs:subClassOf	<yagoGeoEntity>	
<id_ib4xb6_1m6_zq43us>	<geoclass_bay>	rdfs:subClassOf	<yagoGeoEntity>	
<id_1ydgavl_1m6_zq43us>	<geoclass_bays>	rdfs:subClassOf	<yagoGeoEntity>	
<id_1ensgb8_1m6_zq43us>	<geoclass_bight>	rdfs:subClassOf	<yagoGeoEntity>	
<id_1ydgalw_1m6_zq43us>	<geoclass_bank>	rdfs:subClassOf	<yagoGeoEntity>	
<id_maiihv_1m6_zq43us>	<geoclass_stream_bank>	rdfs:subClassOf	<yagoGeoEntity>	
<id_ohqr4i_1m6_zq43us>	<geoclass_section_of_bank>	rdfs:subClassOf	<yagoGeoEntity>	
<id_ib4xmq_1m6_zq43us>	<geoclass_bog>	rdfs:subClassOf	<yagoGeoEntity>	
<id_b101cv_1m6_zq43us>	<geoclass_icecap>	rdfs:subClassOf	<yagoGeoEntity>	
<id_170jiq3_1m6_zq43us>	<geoclass_channel>	rdfs:subClassOf	<yagoGeoEntity>	
<id_1wwkkwb_1m6_zq43us>	<geoclass_lake_channel>	rdfs:subClassOf	<yagoGeoEntity>	
<id_1nzfzsu_1m6_zq43us>	<geoclass_marine_channel>	rdfs:subClassOf	<yagoGeoEntity>	
<id_r1ei4w_1m6_zq43us>	<geoclass_navigation_channel>	rdfs:subClassOf	<yagoGeoEntity>	
<id_14g78fk_1m6_zq43us>	<geoclass_confluence>	rdfs:subClassOf	<yagoGeoEntity>	
<id_1eo7a0z_1m6_zq43us>	<geoclass_canal>	rdfs:subClassOf	<yagoGeoEntity>	
<id_1vnrx8a_1m6_zq43us>	<geoclass_aqueduct>	rdfs:subClassOf	<yagoGeoEntity>	
<id_u22a2d_1m6_zq43us>	<geoclass_canal_bend>	rdfs:subClassOf	<yagoGeoEntity>	
<id_10kf1a3_1m6_zq43us>	<geoclass_drainage_canal>	rdfs:subClassOf	<yagoGeoEntity>	
<id_s1cphe_1m6_zq43us>	<geoclass_irrigation_canal>	rdfs:subClassOf	<yagoGeoEntity>	
<id_pqvuko_1m6_zq43us>	<geoclass_navigation_canal>	rdfs:subClassOf	<yagoGeoEntity>	
<id_12my7vc_1m6_zq43us>	<geoclass_abandoned_canal>	rdfs:subClassOf	<yagoGeoEntity>	
<id_145168y_1m6_zq43us>	<geoclass_underground_irrigation_canal>	rdfs:subClassOf	<yagoGeoEntity>	
<id_1czglk5_1m6_zq43us>	<geoclass_section_of_canal>	rdfs:subClassOf	<yagoGeoEntity>	
<id_1ydh85v_1m6_zq43us>	<geoclass_cove>	rdfs:subClassOf	<yagoGeoEntity>	
<id_1o897gf_1m6_zq43us>	<geoclass_tidal_creek>	rdfs:subClassOf	<yagoGeoEntity>	
<id_1dfjhfl_1m6_zq43us>	<geoclass_current>	rdfs:subClassOf	<yagoGeoEntity>	
<id_8gwfhh_1m6_zq43us>	<geoclass_cutoff>	rdfs:subClassOf	<yagoGeoEntity>	
<id_1ydhup7_1m6_zq43us>	<geoclass_dock>	rdfs:subClassOf	<yagoGeoEntity>	
<id_a9mb81_1m6_zq43us>	<geoclass_docking_basin>	rdfs:subClassOf	<yagoGeoEntity>	
<id_1vtg98j_1m6_zq43us>	<geoclass_icecap_dome>	rdfs:subClassOf	<yagoGeoEntity>	
<id_3p13a_1m6_zq43us>	<geoclass_icecap_depression>	rdfs:subClassOf	<yagoGeoEntity>	
<id_1eowb0c_1m6_zq43us>	<geoclass_ditch>	rdfs:subClassOf	<yagoGeoEntity>	
<id_10l429g_1m6_zq43us>	<geoclass_drainage_ditch>	rdfs:subClassOf	<yagoGeoEntity>	
<id_s21qgr_1m6_zq43us>	<geoclass_irrigation_ditch>	rdfs:subClassOf	<yagoGeoEntity>	
<id_1kjbhxg_1m6_zq43us>	<geoclass_ditch_mouth>	rdfs:subClassOf	<yagoGeoEntity>	
<id_6ua6e9_1m6_zq43us>	<geoclass_estuary>	rdfs:subClassOf	<yagoGeoEntity>	
<id_9s9qca_1m6_zq43us>	<geoclass_fishing_area>	rdfs:subClassOf	<yagoGeoEntity>	
<id_1eq0ftx_1m6_zq43us>	<geoclass_fjord>	rdfs:subClassOf	<yagoGeoEntity>	
<id_9pwfe6_1m6_zq43us>	<geoclass_fjords>	rdfs:subClassOf	<yagoGeoEntity>	
<id_14t61sq_1m6_zq43us>	<geoclass_waterfall>	rdfs:subClassOf	<yagoGeoEntity>	
<id_we7qkc_1m6_zq43us>	<geoclass_section_of_waterfall>	rdfs:subClassOf	<yagoGeoEntity>	
<id_11x55zo_1m6_zq43us>	<geoclass_mud_flat>	rdfs:subClassOf	<yagoGeoEntity>	
<id_fox2c6_1m6_zq43us>	<geoclass_tidal_flat>	rdfs:subClassOf	<yagoGeoEntity>	
<id_wkzynr_1m6_zq43us>	<geoclass_glacier>	rdfs:subClassOf	<yagoGeoEntity>	
<id_1ydjwbk_1m6_zq43us>	<geoclass_gulf>	rdfs:subClassOf	<yagoGeoEntity>	
<id_a4dhgd_1m6_zq43us>	<geoclass_geyser>	rdfs:subClassOf	<yagoGeoEntity>	
<id_aj3478_1m6_zq43us>	<geoclass_harbor>	rdfs:subClassOf	<yagoGeoEntity>	
<id_t983oi_1m6_zq43us>	<geoclass_section_of_harbor>	rdfs:subClassOf	<yagoGeoEntity>	
<id_1erqb1a_1m6_zq43us>	<geoclass_inlet>	rdfs:subClassOf	<yagoGeoEntity>	
<id_1f8ovls_1m6_zq43us>	<geoclass_former_inlet>	rdfs:subClassOf	<yagoGeoEntity>	
<id_32iog9_1m6_zq43us>	<geoclass_lake_bed>	rdfs:subClassOf	<yagoGeoEntity>	
<id_cf2uk4_1m6_zq43us>	<geoclass_lagoon>	rdfs:subClassOf	<yagoGeoEntity>	
<id_ttw1j3_1m6_zq43us>	<geoclass_lagoons>	rdfs:subClassOf	<yagoGeoEntity>	
<id_v57u1e_1m6_zq43us>	<geoclass_section_of_lagoon>	rdfs:subClassOf	<yagoGeoEntity>	
<id_1ydmoef_1m6_zq43us>	<geoclass_lake>	rdfs:subClassOf	<yagoGeoEntity>	
<id_e84v9j_1m6_zq43us>	<geoclass_crater_lake>	rdfs:subClassOf	<yagoGeoEntity>	
<id_3hqxur_1m6_zq43us>	<geoclass_intermittent_lake>	rdfs:subClassOf	<yagoGeoEntity>	
<id_1drrxpc_1m6_zq43us>	<geoclass_salt_lake>	rdfs:subClassOf	<yagoGeoEntity>	
<id_1x5n3lw_1m6_zq43us>	<geoclass_intermittent_salt_lake>	rdfs:subClassOf	<yagoGeoEntity>	
<id_kql9ol_1m6_zq43us>	<geoclass_oxbow_lake>	rdfs:subClassOf	<yagoGeoEntity>	
<id_1hfiwwx_1m6_zq43us>	<geoclass_intermittent_oxbow_lake>	rdfs:subClassOf	<yagoGeoEntity>	
<id_1et5d8s_1m6_zq43us>	<geoclass_lakes>	rdfs:subClassOf	<yagoGeoEntity>	
<id_o45q7b_1m6_zq43us>	<geoclass_underground_lake>	rdfs:subClassOf	<yagoGeoEntity>	
<id_etilfw_1m6_zq43us>	<geoclass_crater_lakes>	rdfs:subClassOf	<yagoGeoEntity>	
<id_11933lc_1m6_zq43us>	<geoclass_intermittent_lakes>	rdfs:subClassOf	<yagoGeoEntity>	
<id_1f9ovf7_1m6_zq43us>	<geoclass_salt_lakes>	rdfs:subClassOf	<yagoGeoEntity>	
<id_cxigof_1m6_zq43us>	<geoclass_intermittent_salt_lakes>	rdfs:subClassOf	<yagoGeoEntity>	
<id_ohx4x1_1m6_zq43us>	<geoclass_section_of_lake>	rdfs:subClassOf	<yagoGeoEntity>	
<id_9w01xc_1m6_zq43us>	<geoclass_salt_evaporation_ponds>	rdfs:subClassOf	<yagoGeoEntity>	
<id_1p2r9xu_1m6_zq43us>	<geoclass_mangrove_swamp>	rdfs:subClassOf	<yagoGeoEntity>	
<id_1ydnlvh_1m6_zq43us>	<geoclass_moor>	rdfs:subClassOf	<yagoGeoEntity>	
<id_1etpbcr_1m6_zq43us>	<geoclass_marsh>	rdfs:subClassOf	<yagoGeoEntity>	
<id_1fa8tj6_1m6_zq43us>	<geoclass_salt_marsh>	rdfs:subClassOf	<yagoGeoEntity>	
<id_1ncs9og_1m6_zq43us>	<geoclass_narrows>	rdfs:subClassOf	<yagoGeoEntity>	
<id_1eutwg6_1m6_zq43us>	<geoclass_ocean>	rdfs:subClassOf	<yagoGeoEntity>	
<id_vr40i4_1m6_zq43us>	<geoclass_overfalls>	rdfs:subClassOf	<yagoGeoEntity>	
<id_1ydpist_1m6_zq43us>	<geoclass_pond>	rdfs:subClassOf	<yagoGeoEntity>	
<id_3hts95_1m6_zq43us>	<geoclass_intermittent_pond>	rdfs:subClassOf	<yagoGeoEntity>	
<id_1drus3q_1m6_zq43us>	<geoclass_salt_pond>	rdfs:subClassOf	<yagoGeoEntity>	
<id_1x5py0a_1m6_zq43us>	<geoclass_intermittent_salt_pond>	rdfs:subClassOf	<yagoGeoEntity>	
<id_1evljmu_1m6_zq43us>	<geoclass_ponds>	rdfs:subClassOf	<yagoGeoEntity>	
<id_1jyqo26_1m6_zq43us>	<geoclass_fishponds>	rdfs:subClassOf	<yagoGeoEntity>	
<id_11bj9ze_1m6_zq43us>	<geoclass_intermittent_ponds>	rdfs:subClassOf	<yagoGeoEntity>	
<id_1fc51t9_1m6_zq43us>	<geoclass_salt_ponds>	rdfs:subClassOf	<yagoGeoEntity>	
<id_1ydpitw_1m6_zq43us>	<geoclass_pool>	rdfs:subClassOf	<yagoGeoEntity>	
<id_3htsa8_1m6_zq43us>	<geoclass_intermittent_pool>	rdfs:subClassOf	<yagoGeoEntity>	
<id_1ewiha3_1m6_zq43us>	<geoclass_reach>	rdfs:subClassOf	<yagoGeoEntity>	
<id_16obgwb_1m6_zq43us>	<geoclass_icecap_ridge>	rdfs:subClassOf	<yagoGeoEntity>	
<id_uc8d67_1m6_zq43us>	<geoclass_roadstead>	rdfs:subClassOf	<yagoGeoEntity>	
<id_1ydql58_1m6_zq43us>	<geoclass_reef>	rdfs:subClassOf	<yagoGeoEntity>	
<id_azqaqi_1m6_zq43us>	<geoclass_coral_reef>	rdfs:subClassOf	<yagoGeoEntity>	
<id_oi11nu_1m6_zq43us>	<geoclass_section_of_reef>	rdfs:subClassOf	<yagoGeoEntity>	
<id_f9i73j_1m6_zq43us>	<geoclass_rapids>	rdfs:subClassOf	<yagoGeoEntity>	
<id_6ro1yv_1m6_zq43us>	<geoclass_reservoir>	rdfs:subClassOf	<yagoGeoEntity>	
<id_q5j7vf_1m6_zq43us>	<geoclass_intermittent_reservoir>	rdfs:subClassOf	<yagoGeoEntity>	
<id_1lhryq2_1m6_zq43us>	<geoclass_water_tank>	rdfs:subClassOf	<yagoGeoEntity>	
<id_f9m18x_1m6_zq43us>	<geoclass_ravine>	rdfs:subClassOf	<yagoGeoEntity>	
<id_fqax8o_1m6_zq43us>	<geoclass_sabkha>	rdfs:subClassOf	<yagoGeoEntity>	
<id_1ex92tz_1m6_zq43us>	<geoclass_sound>	rdfs:subClassOf	<yagoGeoEntity>	
<id_ib59zr_1m6_zq43us>	<geoclass_sea>	rdfs:subClassOf	<yagoGeoEntity>	
<id_1ex4h65_1m6_zq43us>	<geoclass_shoal>	rdfs:subClassOf	<yagoGeoEntity>	
<id_1ydrb9q_1m6_zq43us>	<geoclass_sill>	rdfs:subClassOf	<yagoGeoEntity>	
<id_fyu0lh_1m6_zq43us>	<geoclass_spring>	rdfs:subClassOf	<yagoGeoEntity>	
<id_bne4f9_1m6_zq43us>	<geoclass_sulphur_spring>	rdfs:subClassOf	<yagoGeoEntity>	
<id_qlushj_1m6_zq43us>	<geoclass_hot_spring>	rdfs:subClassOf	<yagoGeoEntity>	
<id_g113p4_1m6_zq43us>	<geoclass_stream>	rdfs:subClassOf	<yagoGeoEntity>	
<id_bhqwam_1m6_zq43us>	<geoclass_anabranch>	rdfs:subClassOf	<yagoGeoEntity>	
<id_mailgg_1m6_zq43us>	<geoclass_stream_bend>	rdfs:subClassOf	<yagoGeoEntity>	
<id_1v28re4_1m6_zq43us>	<geoclass_canalized_stream>	rdfs:subClassOf	<yagoGeoEntity>	
<id_17we924_1m6_zq43us>	<geoclass_distributary>	rdfs:subClassOf	<yagoGeoEntity>	
<id_1u1ed1w_1m6_zq43us>	<geoclass_headwaters>	rdfs:subClassOf	<yagoGeoEntity>	
<id_lxr4d0_1m6_zq43us>	<geoclass_intermittent_stream>	rdfs:subClassOf	<yagoGeoEntity>	
<id_51zqie_1m6_zq43us>	<geoclass_section_of_intermittent_stream>	rdfs:subClassOf	<yagoGeoEntity>	
<id_1fy89fk_1m6_zq43us>	<geoclass_stream_mouth>	rdfs:subClassOf	<yagoGeoEntity>	
<id_3vn7gv_1m6_zq43us>	<geoclass_abandoned_watercourse>	rdfs:subClassOf	<yagoGeoEntity>	
<id_1yp9uuz_1m6_zq43us>	<geoclass_streams>	rdfs:subClassOf	<yagoGeoEntity>	
<id_1yh9wvd_1m6_zq43us>	<geoclass_lost_river>	rdfs:subClassOf	<yagoGeoEntity>	
<id_yr636e_1m6_zq43us>	<geoclass_section_of_stream>	rdfs:subClassOf	<yagoGeoEntity>	
<id_g110xf_1m6_zq43us>	<geoclass_strait>	rdfs:subClassOf	<yagoGeoEntity>	
<id_1exdrvs_1m6_zq43us>	<geoclass_swamp>	rdfs:subClassOf	<yagoGeoEntity>	
<id_oqlvrc_1m6_zq43us>	<geoclass_irrigation_system>	rdfs:subClassOf	<yagoGeoEntity>	
<id_1jaqlk4_1m6_zq43us>	<geoclass_canal_tunnel>	rdfs:subClassOf	<yagoGeoEntity>	
<id_1ydtp3b_1m6_zq43us>	<geoclass_wadi>	rdfs:subClassOf	<yagoGeoEntity>	
<id_kntlip_1m6_zq43us>	<geoclass_wadi_bend>	rdfs:subClassOf	<yagoGeoEntity>	
<id_1c47m18_1m6_zq43us>	<geoclass_wadi_junction>	rdfs:subClassOf	<yagoGeoEntity>	
<id_1epbdb_1m6_zq43us>	<geoclass_wadi_mouth>	rdfs:subClassOf	<yagoGeoEntity>	
<id_hmin91_1m6_zq43us>	<geoclass_wadies>	rdfs:subClassOf	<yagoGeoEntity>	
<id_oi45lx_1m6_zq43us>	<geoclass_section_of_wadi>	rdfs:subClassOf	<yagoGeoEntity>	
<id_g5j6om_1m6_zq43us>	<geoclass_whirlpool>	rdfs:subClassOf	<yagoGeoEntity>	
<id_1ydts92_1m6_zq43us>	<geoclass_well>	rdfs:subClassOf	<yagoGeoEntity>	
<id_lvm3m9_1m6_zq43us>	<geoclass_abandoned_well>	rdfs:subClassOf	<yagoGeoEntity>	
<id_1ez9oml_1m6_zq43us>	<geoclass_wells>	rdfs:subClassOf	<yagoGeoEntity>	
<id_1fbanyx_1m6_zq43us>	<geoclass_wetland>	rdfs:subClassOf	<yagoGeoEntity>	
<id_led2m5_1m6_zq43us>	<geoclass_intermittent_wetland>	rdfs:subClassOf	<yagoGeoEntity>	
<id_8d1wmy_1m6_zq43us>	<geoclass_watercourse>	rdfs:subClassOf	<yagoGeoEntity>	
<id_14t7m5b_1m6_zq43us>	<geoclass_waterhole>	rdfs:subClassOf	<yagoGeoEntity>	
<id_6m38wy_1m6_zq43us>	<geoclass_agricultural_colony>	rdfs:subClassOf	<yagoGeoEntity>	
<id_chy8mg_1m6_zq43us>	<geoclass_amusement_park>	rdfs:subClassOf	<yagoGeoEntity>	
<id_1ydg005_1m6_zq43us>	<geoclass_area>	rdfs:subClassOf	<yagoGeoEntity>	
<id_10jvcl5_1m6_zq43us>	<geoclass_drainage_basin>	rdfs:subClassOf	<yagoGeoEntity>	
<id_1vo244v_1m6_zq43us>	<geoclass_petroleum_basin>	rdfs:subClassOf	<yagoGeoEntity>	
<id_1i4iqq2_1m6_zq43us>	<geoclass_battlefield>	rdfs:subClassOf	<yagoGeoEntity>	
<id_18ad0q5_1m6_zq43us>	<geoclass_clearing>	rdfs:subClassOf	<yagoGeoEntity>	
<id_8dh5r7_1m6_zq43us>	<geoclass_common>	rdfs:subClassOf	<yagoGeoEntity>	
<id_1jvvf74_1m6_zq43us>	<geoclass_concession_area>	rdfs:subClassOf	<yagoGeoEntity>	
<id_1k4900b_1m6_zq43us>	<geoclass_coalfield>	rdfs:subClassOf	<yagoGeoEntity>	
<id_11o62ws_1m6_zq43us>	<geoclass_continent>	rdfs:subClassOf	<yagoGeoEntity>	
<id_1eofyn2_1m6_zq43us>	<geoclass_coast>	rdfs:subClassOf	<yagoGeoEntity>	
<id_8qk1fg_1m6_zq43us>	<geoclass_business_center>	rdfs:subClassOf	<yagoGeoEntity>	
<id_3qdtgh_1m6_zq43us>	<geoclass_housing_development>	rdfs:subClassOf	<yagoGeoEntity>	
<id_1epzlaa_1m6_zq43us>	<geoclass_field>	rdfs:subClassOf	<yagoGeoEntity>	
<id_1afhr0_1m6_zq43us>	<geoclass_irrigated_field>	rdfs:subClassOf	<yagoGeoEntity>	
<id_4tpn3t_1m6_zq43us>	<geoclass_gasfield>	rdfs:subClassOf	<yagoGeoEntity>	
<id_1a8lw2u_1m6_zq43us>	<geoclass_grazing_area>	rdfs:subClassOf	<yagoGeoEntity>	
<id_l6lufh_1m6_zq43us>	<geoclass_gravel_area>	rdfs:subClassOf	<yagoGeoEntity>	
<id_1o3f197_1m6_zq43us>	<geoclass_industrial_area>	rdfs:subClassOf	<yagoGeoEntity>	
<id_1thjfti_1m6_zq43us>	<geoclass_arctic_land>	rdfs:subClassOf	<yagoGeoEntity>	
<id_1qniuhn_1m6_zq43us>	<geoclass_locality>	rdfs:subClassOf	<yagoGeoEntity>	
<id_feilvv_1m6_zq43us>	<geoclass_military_base>	rdfs:subClassOf	<yagoGeoEntity>	
<id_jwgq04_1m6_zq43us>	<geoclass_mining_area>	rdfs:subClassOf	<yagoGeoEntity>	
<id_1d11i9n_1m6_zq43us>	<geoclass_maneuver_area>	rdfs:subClassOf	<yagoGeoEntity>	
<id_bsq72y_1m6_zq43us>	<geoclass_naval_base>	rdfs:subClassOf	<yagoGeoEntity>	
<id_1eusx1v_1m6_zq43us>	<geoclass_oasis>	rdfs:subClassOf	<yagoGeoEntity>	
<id_1te44ps_1m6_zq43us>	<geoclass_oilfield>	rdfs:subClassOf	<yagoGeoEntity>	
<id_smq4l7_1m6_zq43us>	<geoclass_peat_cutting_area>	rdfs:subClassOf	<yagoGeoEntity>	
<id_1ydp8iq_1m6_zq43us>	<geoclass_park>	rdfs:subClassOf	<yagoGeoEntity>	
<id_1ydpiwp_1m6_zq43us>	<geoclass_port>	rdfs:subClassOf	<yagoGeoEntity>	
<id_1tvclfd_1m6_zq43us>	<geoclass_quicksand>	rdfs:subClassOf	<yagoGeoEntity>	
<id_o8lfpw_1m6_zq43us>	<geoclass_republic>	rdfs:subClassOf	<yagoGeoEntity>	
<id_1cxre4k_1m6_zq43us>	<geoclass_reserve>	rdfs:subClassOf	<yagoGeoEntity>	
<id_1teep5g_1m6_zq43us>	<geoclass_agricultural_reserve>	rdfs:subClassOf	<yagoGeoEntity>	
<id_1twdp8y_1m6_zq43us>	<geoclass_forest_reserve>	rdfs:subClassOf	<yagoGeoEntity>	
<id_wjgktw_1m6_zq43us>	<geoclass_hunting_reserve>	rdfs:subClassOf	<yagoGeoEntity>	
<id_1bcmxlo_1m6_zq43us>	<geoclass_nature_reserve>	rdfs:subClassOf	<yagoGeoEntity>	
<id_69hcpc_1m6_zq43us>	<geoclass_palm_tree_reserve>	rdfs:subClassOf	<yagoGeoEntity>	
<id_14kdcgk_1m6_zq43us>	<geoclass_reservation>	rdfs:subClassOf	<yagoGeoEntity>	
<id_8t0ce3_1m6_zq43us>	<geoclass_wildlife_reserve>	rdfs:subClassOf	<yagoGeoEntity>	
<id_fbjmuk_1m6_zq43us>	<geoclass_region>	rdfs:subClassOf	<yagoGeoEntity>	
<id_1h8zojq_1m6_zq43us>	<geoclass_economic_region>	rdfs:subClassOf	<yagoGeoEntity>	
<id_1c8foz0_1m6_zq43us>	<geoclass_lake_region>	rdfs:subClassOf	<yagoGeoEntity>	
<id_sys0wc_1m6_zq43us>	<geoclass_artillery_range>	rdfs:subClassOf	<yagoGeoEntity>	
<id_1drl9b2_1m6_zq43us>	<geoclass_salt_area>	rdfs:subClassOf	<yagoGeoEntity>	
<id_17uc7of_1m6_zq43us>	<geoclass_snowfield>	rdfs:subClassOf	<yagoGeoEntity>	
<id_133iaia_1m6_zq43us>	<geoclass_tribal_area>	rdfs:subClassOf	<yagoGeoEntity>	
<id_18k8f4e_1m6_zq43us>	<geoclass_master_source_holdings_list>	rdfs:subClassOf	<yagoGeoEntity>	
<id_gr2d3e_1m6_zq43us>	<geoclass_populated_place>	rdfs:subClassOf	<yagoGeoEntity>	
<id_mjf898_1m6_zq43us>	<geoclass_seat_of_a_first-order_administrative_division>	rdfs:subClassOf	<yagoGeoEntity>	
<id_1tzkq54_1m6_zq43us>	<geoclass_seat_of_a_second-order_administrative_division>	rdfs:subClassOf	<yagoGeoEntity>	
<id_v957nn_1m6_zq43us>	<geoclass_seat_of_a_third-order_administrative_division>	rdfs:subClassOf	<yagoGeoEntity>	
<id_nr5j7i_1m6_zq43us>	<geoclass_seat_of_a_fourth-order_administrative_division>	rdfs:subClassOf	<yagoGeoEntity>	
<id_av6wnw_1m6_zq43us>	<geoclass_capital_of_a_political_entity>	rdfs:subClassOf	<yagoGeoEntity>	
<id_2p1nh7_1m6_zq43us>	<geoclass_farm_village>	rdfs:subClassOf	<yagoGeoEntity>	
<id_5f9xab_1m6_zq43us>	<geoclass_seat_of_government_of_a_political_entity>	rdfs:subClassOf	<yagoGeoEntity>	
<id_1q5rohs_1m6_zq43us>	<geoclass_populated_locality>	rdfs:subClassOf	<yagoGeoEntity>	
<id_qrpysf_1m6_zq43us>	<geoclass_abandoned_populated_place>	rdfs:subClassOf	<yagoGeoEntity>	
<id_ef15mu_1m6_zq43us>	<geoclass_religious_populated_place>	rdfs:subClassOf	<yagoGeoEntity>	
<id_m38w6h_1m6_zq43us>	<geoclass_populated_places>	rdfs:subClassOf	<yagoGeoEntity>	
<id_1j1hpr8_1m6_zq43us>	<geoclass_destroyed_populated_place>	rdfs:subClassOf	<yagoGeoEntity>	
<id_1srtlgs_1m6_zq43us>	<geoclass_section_of_populated_place>	rdfs:subClassOf	<yagoGeoEntity>	
<id_1qsao3b_1m6_zq43us>	<geoclass_israeli_settlement>	rdfs:subClassOf	<yagoGeoEntity>	
<id_wqm8gu_1m6_zq43us>	<geoclass_causeway>	rdfs:subClassOf	<yagoGeoEntity>	
<id_3r35oc_1m6_zq43us>	<geoclass_former_causeway>	rdfs:subClassOf	<yagoGeoEntity>	
<id_rbjopz_1m6_zq43us>	<geoclass_oil_pipeline>	rdfs:subClassOf	<yagoGeoEntity>	
<id_uyx3lt_1m6_zq43us>	<geoclass_promenade>	rdfs:subClassOf	<yagoGeoEntity>	
<id_ob4gva_1m6_zq43us>	<geoclass_portage>	rdfs:subClassOf	<yagoGeoEntity>	
<id_1ydqsgo_1m6_zq43us>	<geoclass_road>	rdfs:subClassOf	<yagoGeoEntity>	
<id_1bmfef3_1m6_zq43us>	<geoclass_ancient_road>	rdfs:subClassOf	<yagoGeoEntity>	
<id_u0wzuo_1m6_zq43us>	<geoclass_road_bend>	rdfs:subClassOf	<yagoGeoEntity>	
<id_ll98nv_1m6_zq43us>	<geoclass_road_cut>	rdfs:subClassOf	<yagoGeoEntity>	
<id_1tlwxsr_1m6_zq43us>	<geoclass_road_junction>	rdfs:subClassOf	<yagoGeoEntity>	
<id_b8po09_1m6_zq43us>	<geoclass_railroad_junction>	rdfs:subClassOf	<yagoGeoEntity>	
<id_x454iy_1m6_zq43us>	<geoclass_railroad>	rdfs:subClassOf	<yagoGeoEntity>	
<id_1xcefjp_1m6_zq43us>	<geoclass_abandoned_railroad>	rdfs:subClassOf	<yagoGeoEntity>	
<id_1c5jia0_1m6_zq43us>	<geoclass_caravan_route>	rdfs:subClassOf	<yagoGeoEntity>	
<id_1886zan_1m6_zq43us>	<geoclass_railroad_yard>	rdfs:subClassOf	<yagoGeoEntity>	
<id_g113sr_1m6_zq43us>	<geoclass_street>	rdfs:subClassOf	<yagoGeoEntity>	
<id_1gpegko_1m6_zq43us>	<geoclass_stock_route>	rdfs:subClassOf	<yagoGeoEntity>	
<id_gik5i8_1m6_zq43us>	<geoclass_tunnel>	rdfs:subClassOf	<yagoGeoEntity>	
<id_1ks9706_1m6_zq43us>	<geoclass_natural_tunnel>	rdfs:subClassOf	<yagoGeoEntity>	
<id_oooy5r_1m6_zq43us>	<geoclass_road_tunnel>	rdfs:subClassOf	<yagoGeoEntity>	
<id_o6ovml_1m6_zq43us>	<geoclass_railroad_tunnel>	rdfs:subClassOf	<yagoGeoEntity>	
<id_erkcyb_1m6_zq43us>	<geoclass_tunnels>	rdfs:subClassOf	<yagoGeoEntity>	
<id_1exudfy_1m6_zq43us>	<geoclass_trail>	rdfs:subClassOf	<yagoGeoEntity>	
<id_lhiplo_1m6_zq43us>	<geoclass_administrative_facility>	rdfs:subClassOf	<yagoGeoEntity>	
<id_1gmgrkb_1m6_zq43us>	<geoclass_agricultural_facility>	rdfs:subClassOf	<yagoGeoEntity>	
<id_edx5lv_1m6_zq43us>	<geoclass_airbase>	rdfs:subClassOf	<yagoGeoEntity>	
<id_jv7i3s_1m6_zq43us>	<geoclass_airfield>	rdfs:subClassOf	<yagoGeoEntity>	
<id_i29wkz_1m6_zq43us>	<geoclass_heliport>	rdfs:subClassOf	<yagoGeoEntity>	
<id_ee6dsj_1m6_zq43us>	<geoclass_airport>	rdfs:subClassOf	<yagoGeoEntity>	
<id_1k3gt4j_1m6_zq43us>	<geoclass_abandoned_airfield>	rdfs:subClassOf	<yagoGeoEntity>	
<id_1dneqzo_1m6_zq43us>	<geoclass_amphitheater>	rdfs:subClassOf	<yagoGeoEntity>	
<id_1bmfxeu_1m6_zq43us>	<geoclass_ancient_site>	rdfs:subClassOf	<yagoGeoEntity>	
<id_1ydfzym_1m6_zq43us>	<geoclass_arch>	rdfs:subClassOf	<yagoGeoEntity>	
<id_rvht5r_1m6_zq43us>	<geoclass_astronomical_station>	rdfs:subClassOf	<yagoGeoEntity>	
<id_7hsql1_1m6_zq43us>	<geoclass_asylum>	rdfs:subClassOf	<yagoGeoEntity>	
<id_zmfwqb_1m6_zq43us>	<geoclass_athletic_field>	rdfs:subClassOf	<yagoGeoEntity>	
<id_hm60j6_1m6_zq43us>	<geoclass_automatic_teller_machine>	rdfs:subClassOf	<yagoGeoEntity>	
<id_1ydgalw_1m6_zq43us>	<geoclass_bank>	rdfs:subClassOf	<yagoGeoEntity>	
<id_7qpq64_1m6_zq43us>	<geoclass_beacon>	rdfs:subClassOf	<yagoGeoEntity>	
<id_7y06bl_1m6_zq43us>	<geoclass_bridge>	rdfs:subClassOf	<yagoGeoEntity>	
<id_1ewzzt5_1m6_zq43us>	<geoclass_ruined_bridge>	rdfs:subClassOf	<yagoGeoEntity>	
<id_7k2a0c_1m6_zq43us>	<geoclass_building>	rdfs:subClassOf	<yagoGeoEntity>	
<id_9ba7av_1m6_zq43us>	<geoclass_boundary_marker>	rdfs:subClassOf	<yagoGeoEntity>	
<id_2h8535_1m6_zq43us>	<geoclass_barracks>	rdfs:subClassOf	<yagoGeoEntity>	
<id_1ayxbe8_1m6_zq43us>	<geoclass_breakwater>	rdfs:subClassOf	<yagoGeoEntity>	
<id_zrlyqq_1m6_zq43us>	<geoclass_baling_station>	rdfs:subClassOf	<yagoGeoEntity>	
<id_1lwbb3m_1m6_zq43us>	<geoclass_boatyard>	rdfs:subClassOf	<yagoGeoEntity>	
<id_1ytoe5b_1m6_zq43us>	<geoclass_burial_cave>	rdfs:subClassOf	<yagoGeoEntity>	
<id_kq8bnh_1m6_zq43us>	<geoclass_bus_station>	rdfs:subClassOf	<yagoGeoEntity>	
<id_c3mz89_1m6_zq43us>	<geoclass_bus_stop>	rdfs:subClassOf	<yagoGeoEntity>	
<id_1eo76q7_1m6_zq43us>	<geoclass_cairn>	rdfs:subClassOf	<yagoGeoEntity>	
<id_1ydgxs5_1m6_zq43us>	<geoclass_cave>	rdfs:subClassOf	<yagoGeoEntity>	
<id_1xbb8te_1m6_zq43us>	<geoclass_centre_continuous_learning>	rdfs:subClassOf	<yagoGeoEntity>	
<id_89rswv_1m6_zq43us>	<geoclass_church>	rdfs:subClassOf	<yagoGeoEntity>	
<id_1ydgxkp_1m6_zq43us>	<geoclass_camp>	rdfs:subClassOf	<yagoGeoEntity>	
<id_1j8l42h_1m6_zq43us>	<geoclass_logging_camp>	rdfs:subClassOf	<yagoGeoEntity>	
<id_5bn9ns_1m6_zq43us>	<geoclass_labor_camp>	rdfs:subClassOf	<yagoGeoEntity>	
<id_jwhnko_1m6_zq43us>	<geoclass_mining_camp>	rdfs:subClassOf	<yagoGeoEntity>	
<id_1ta5npi_1m6_zq43us>	<geoclass_oil_camp>	rdfs:subClassOf	<yagoGeoEntity>	
<id_lv98xw_1m6_zq43us>	<geoclass_abandoned_camp>	rdfs:subClassOf	<yagoGeoEntity>	
<id_17f9feb_1m6_zq43us>	<geoclass_refugee_camp>	rdfs:subClassOf	<yagoGeoEntity>	
<id_gfafsa_1m6_zq43us>	<geoclass_cemetery>	rdfs:subClassOf	<yagoGeoEntity>	
<id_14scoye_1m6_zq43us>	<geoclass_communication_center>	rdfs:subClassOf	<yagoGeoEntity>	
<id_8dkg27_1m6_zq43us>	<geoclass_corral>	rdfs:subClassOf	<yagoGeoEntity>	
<id_85vsdp_1m6_zq43us>	<geoclass_casino>	rdfs:subClassOf	<yagoGeoEntity>	
<id_85w0hc_1m6_zq43us>	<geoclass_castle>	rdfs:subClassOf	<yagoGeoEntity>	
<id_1nhlxl7_1m6_zq43us>	<geoclass_customs_house>	rdfs:subClassOf	<yagoGeoEntity>	
<id_1us5vjh_1m6_zq43us>	<geoclass_courthouse>	rdfs:subClassOf	<yagoGeoEntity>	
<id_l6w86p_1m6_zq43us>	<geoclass_atomic_center>	rdfs:subClassOf	<yagoGeoEntity>	
<id_f0x5gj_1m6_zq43us>	<geoclass_community_center>	rdfs:subClassOf	<yagoGeoEntity>	
<id_19l8ird_1m6_zq43us>	<geoclass_facility_center>	rdfs:subClassOf	<yagoGeoEntity>	
<id_1hi1cmz_1m6_zq43us>	<geoclass_medical_center>	rdfs:subClassOf	<yagoGeoEntity>	
<id_1oezpsh_1m6_zq43us>	<geoclass_religious_center>	rdfs:subClassOf	<yagoGeoEntity>	
<id_1jdcmjq_1m6_zq43us>	<geoclass_space_center>	rdfs:subClassOf	<yagoGeoEntity>	
<id_1aj54n3_1m6_zq43us>	<geoclass_convent>	rdfs:subClassOf	<yagoGeoEntity>	
<id_ib4ys8_1m6_zq43us>	<geoclass_dam>	rdfs:subClassOf	<yagoGeoEntity>	
<id_1u79tzk_1m6_zq43us>	<geoclass_ruined_dam>	rdfs:subClassOf	<yagoGeoEntity>	
<id_czzcl5_1m6_zq43us>	<geoclass_sub-surface_dam>	rdfs:subClassOf	<yagoGeoEntity>	
<id_1eoqzbv_1m6_zq43us>	<geoclass_dairy>	rdfs:subClassOf	<yagoGeoEntity>	
<id_sjp48v_1m6_zq43us>	<geoclass_dry_dock>	rdfs:subClassOf	<yagoGeoEntity>	
<id_19blap1_1m6_zq43us>	<geoclass_dockyard>	rdfs:subClassOf	<yagoGeoEntity>	
<id_1ydhqfr_1m6_zq43us>	<geoclass_dike>	rdfs:subClassOf	<yagoGeoEntity>	
<id_sqxdk3_1m6_zq43us>	<geoclass_fuel_depot>	rdfs:subClassOf	<yagoGeoEntity>	
<id_9dvt1g_1m6_zq43us>	<geoclass_estate>	rdfs:subClassOf	<yagoGeoEntity>	
<id_1j763nw_1m6_zq43us>	<geoclass_banana_plantation>	rdfs:subClassOf	<yagoGeoEntity>	
<id_181e3ty_1m6_zq43us>	<geoclass_cotton_plantation>	rdfs:subClassOf	<yagoGeoEntity>	
<id_kwo2ia_1m6_zq43us>	<geoclass_oil_palm_plantation>	rdfs:subClassOf	<yagoGeoEntity>	
<id_gukjxd_1m6_zq43us>	<geoclass_rubber_plantation>	rdfs:subClassOf	<yagoGeoEntity>	
<id_19yit8r_1m6_zq43us>	<geoclass_sugar_plantation>	rdfs:subClassOf	<yagoGeoEntity>	
<id_1ntfohl_1m6_zq43us>	<geoclass_sisal_plantation>	rdfs:subClassOf	<yagoGeoEntity>	
<id_12vylpt_1m6_zq43us>	<geoclass_tea_plantation>	rdfs:subClassOf	<yagoGeoEntity>	
<id_s40siq_1m6_zq43us>	<geoclass_section_of_estate>	rdfs:subClassOf	<yagoGeoEntity>	
<id_13i6nmj_1m6_zq43us>	<geoclass_facility>	rdfs:subClassOf	<yagoGeoEntity>	
<id_jmxcy9_1m6_zq43us>	<geoclass_foundry>	rdfs:subClassOf	<yagoGeoEntity>	
<id_1ydiuni_1m6_zq43us>	<geoclass_farm>	rdfs:subClassOf	<yagoGeoEntity>	
<id_lvb60p_1m6_zq43us>	<geoclass_abandoned_farm>	rdfs:subClassOf	<yagoGeoEntity>	
<id_1epur2d_1m6_zq43us>	<geoclass_farms>	rdfs:subClassOf	<yagoGeoEntity>	
<id_q7n97d_1m6_zq43us>	<geoclass_farmstead>	rdfs:subClassOf	<yagoGeoEntity>	
<id_1ydj51f_1m6_zq43us>	<geoclass_fort>	rdfs:subClassOf	<yagoGeoEntity>	
<id_1epxb4y_1m6_zq43us>	<geoclass_ferry>	rdfs:subClassOf	<yagoGeoEntity>	
<id_1ydjhoj_1m6_zq43us>	<geoclass_gate>	rdfs:subClassOf	<yagoGeoEntity>	
<id_a21j1p_1m6_zq43us>	<geoclass_garden>	rdfs:subClassOf	<yagoGeoEntity>	
<id_jjurnl_1m6_zq43us>	<geoclass_guest_house>	rdfs:subClassOf	<yagoGeoEntity>	
<id_199eqpk_1m6_zq43us>	<geoclass_gas-oil_separator_plant>	rdfs:subClassOf	<yagoGeoEntity>	
<id_1eqp219_1m6_zq43us>	<geoclass_grave>	rdfs:subClassOf	<yagoGeoEntity>	
<id_ajb150_1m6_zq43us>	<geoclass_hermitage>	rdfs:subClassOf	<yagoGeoEntity>	
<id_jmo9u9_1m6_zq43us>	<geoclass_halting_place>	rdfs:subClassOf	<yagoGeoEntity>	
<id_1er7cfc_1m6_zq43us>	<geoclass_house>	rdfs:subClassOf	<yagoGeoEntity>	
<id_iflosf_1m6_zq43us>	<geoclass_country_house>	rdfs:subClassOf	<yagoGeoEntity>	
<id_q7265u_1m6_zq43us>	<geoclass_hospital>	rdfs:subClassOf	<yagoGeoEntity>	
<id_8br8m8_1m6_zq43us>	<geoclass_clinic>	rdfs:subClassOf	<yagoGeoEntity>	
<id_6t8zq0_1m6_zq43us>	<geoclass_dispensary>	rdfs:subClassOf	<yagoGeoEntity>	
<id_1xjpke1_1m6_zq43us>	<geoclass_leprosarium>	rdfs:subClassOf	<yagoGeoEntity>	
<id_afe1ic_1m6_zq43us>	<geoclass_historical_site>	rdfs:subClassOf	<yagoGeoEntity>	
<id_1er7bcs_1m6_zq43us>	<geoclass_hotel>	rdfs:subClassOf	<yagoGeoEntity>	
<id_ib528f_1m6_zq43us>	<geoclass_hut>	rdfs:subClassOf	<yagoGeoEntity>	
<id_1ydkjic_1m6_zq43us>	<geoclass_huts>	rdfs:subClassOf	<yagoGeoEntity>	
<id_108p0hg_1m6_zq43us>	<geoclass_military_installation>	rdfs:subClassOf	<yagoGeoEntity>	
<id_uf7aax_1m6_zq43us>	<geoclass_research_institute>	rdfs:subClassOf	<yagoGeoEntity>	
<id_1es4j1i_1m6_zq43us>	<geoclass_jetty>	rdfs:subClassOf	<yagoGeoEntity>	
<id_txjgdb_1m6_zq43us>	<geoclass_landing>	rdfs:subClassOf	<yagoGeoEntity>	
<id_1teahhp_1m6_zq43us>	<geoclass_leper_colony>	rdfs:subClassOf	<yagoGeoEntity>	
<id_xjjoeb_1m6_zq43us>	<geoclass_library>	rdfs:subClassOf	<yagoGeoEntity>	
<id_4h8dba_1m6_zq43us>	<geoclass_landfill>	rdfs:subClassOf	<yagoGeoEntity>	
<id_1ydmylf_1m6_zq43us>	<geoclass_lock>	rdfs:subClassOf	<yagoGeoEntity>	
<id_lqp3ya_1m6_zq43us>	<geoclass_lighthouse>	rdfs:subClassOf	<yagoGeoEntity>	
<id_1ydnbf0_1m6_zq43us>	<geoclass_mall>	rdfs:subClassOf	<yagoGeoEntity>	
<id_cwbdbq_1m6_zq43us>	<geoclass_marina>	rdfs:subClassOf	<yagoGeoEntity>	
<id_cqietu_1m6_zq43us>	<geoclass_factory>	rdfs:subClassOf	<yagoGeoEntity>	
<id_x4y7ci_1m6_zq43us>	<geoclass_brewery>	rdfs:subClassOf	<yagoGeoEntity>	
<id_13wdbbq_1m6_zq43us>	<geoclass_cannery>	rdfs:subClassOf	<yagoGeoEntity>	
<id_wwmm38_1m6_zq43us>	<geoclass_copper_works>	rdfs:subClassOf	<yagoGeoEntity>	
<id_1eevy99_1m6_zq43us>	<geoclass_limekiln>	rdfs:subClassOf	<yagoGeoEntity>	
<id_s2hf80_1m6_zq43us>	<geoclass_munitions_plant>	rdfs:subClassOf	<yagoGeoEntity>	
<id_pwxayx_1m6_zq43us>	<geoclass_phosphate_works>	rdfs:subClassOf	<yagoGeoEntity>	
<id_pd0s9z_1m6_zq43us>	<geoclass_abandoned_factory>	rdfs:subClassOf	<yagoGeoEntity>	
<id_h6jlcl_1m6_zq43us>	<geoclass_sugar_refinery>	rdfs:subClassOf	<yagoGeoEntity>	
<id_cwbelw_1m6_zq43us>	<geoclass_market>	rdfs:subClassOf	<yagoGeoEntity>	
<id_1ydnhck_1m6_zq43us>	<geoclass_mill>	rdfs:subClassOf	<yagoGeoEntity>	
<id_dum1vz_1m6_zq43us>	<geoclass_ore_treatment_plant>	rdfs:subClassOf	<yagoGeoEntity>	
<id_1nwq8qt_1m6_zq43us>	<geoclass_olive_oil_mill>	rdfs:subClassOf	<yagoGeoEntity>	
<id_xoak1p_1m6_zq43us>	<geoclass_sugar_mill>	rdfs:subClassOf	<yagoGeoEntity>	
<id_lc6jkr_1m6_zq43us>	<geoclass_former_sugar_mill>	rdfs:subClassOf	<yagoGeoEntity>	
<id_1psba4t_1m6_zq43us>	<geoclass_sawmill>	rdfs:subClassOf	<yagoGeoEntity>	
<id_crpzto_1m6_zq43us>	<geoclass_windmill>	rdfs:subClassOf	<yagoGeoEntity>	
<id_1lhnnp8_1m6_zq43us>	<geoclass_water_mill>	rdfs:subClassOf	<yagoGeoEntity>	
<id_1ydnhe3_1m6_zq43us>	<geoclass_mine>	rdfs:subClassOf	<yagoGeoEntity>	
<id_n2x2ze_1m6_zq43us>	<geoclass_gold_mine>	rdfs:subClassOf	<yagoGeoEntity>	
<id_1k0h2tf_1m6_zq43us>	<geoclass_coal_mine>	rdfs:subClassOf	<yagoGeoEntity>	
<id_2xi5xc_1m6_zq43us>	<geoclass_chrome_mine>	rdfs:subClassOf	<yagoGeoEntity>	
<id_sjvsch_1m6_zq43us>	<geoclass_copper_mine>	rdfs:subClassOf	<yagoGeoEntity>	
<id_r4u9pi_1m6_zq43us>	<geoclass_diatomite_mine>	rdfs:subClassOf	<yagoGeoEntity>	
<id_ri3h82_1m6_zq43us>	<geoclass_iron_mine>	rdfs:subClassOf	<yagoGeoEntity>	
<id_pyjjnj_1m6_zq43us>	<geoclass_monument>	rdfs:subClassOf	<yagoGeoEntity>	
<id_1drsqp0_1m6_zq43us>	<geoclass_salt_mine>	rdfs:subClassOf	<yagoGeoEntity>	
<id_xtlvow_1m6_zq43us>	<geoclass_nickel_mine>	rdfs:subClassOf	<yagoGeoEntity>	
<id_1r7rlr2_1m6_zq43us>	<geoclass_lead_mine>	rdfs:subClassOf	<yagoGeoEntity>	
<id_9rqbm7_1m6_zq43us>	<geoclass_placer_mine>	rdfs:subClassOf	<yagoGeoEntity>	
<id_lvfsra_1m6_zq43us>	<geoclass_abandoned_mine>	rdfs:subClassOf	<yagoGeoEntity>	
<id_f372s4_1m6_zq43us>	<geoclass_quarry>	rdfs:subClassOf	<yagoGeoEntity>	
<id_1wabpo1_1m6_zq43us>	<geoclass_tin_mine>	rdfs:subClassOf	<yagoGeoEntity>	
<id_1ydnlsj_1m6_zq43us>	<geoclass_mole>	rdfs:subClassOf	<yagoGeoEntity>	
<id_d41aq0_1m6_zq43us>	<geoclass_mosque>	rdfs:subClassOf	<yagoGeoEntity>	
<id_1chb9jo_1m6_zq43us>	<geoclass_mission>	rdfs:subClassOf	<yagoGeoEntity>	
<id_1p3tmzt_1m6_zq43us>	<geoclass_abandoned_mission>	rdfs:subClassOf	<yagoGeoEntity>	
<id_e191dq_1m6_zq43us>	<geoclass_monastery>	rdfs:subClassOf	<yagoGeoEntity>	
<id_1l4hnrq_1m6_zq43us>	<geoclass_metro_station>	rdfs:subClassOf	<yagoGeoEntity>	
<id_d7bte2_1m6_zq43us>	<geoclass_museum>	rdfs:subClassOf	<yagoGeoEntity>	
<id_ybwwcx_1m6_zq43us>	<geoclass_novitiate>	rdfs:subClassOf	<yagoGeoEntity>	
<id_1wtp50s_1m6_zq43us>	<geoclass_nursery>	rdfs:subClassOf	<yagoGeoEntity>	
<id_d0tyyt_1m6_zq43us>	<geoclass_observation_point>	rdfs:subClassOf	<yagoGeoEntity>	
<id_1wfu10i_1m6_zq43us>	<geoclass_observatory>	rdfs:subClassOf	<yagoGeoEntity>	
<id_1dv60ke_1m6_zq43us>	<geoclass_radio_observatory>	rdfs:subClassOf	<yagoGeoEntity>	
<id_yjxb58_1m6_zq43us>	<geoclass_oil_pipeline_junction>	rdfs:subClassOf	<yagoGeoEntity>	
<id_uhnrfi_1m6_zq43us>	<geoclass_abandoned_oil_well>	rdfs:subClassOf	<yagoGeoEntity>	
<id_lkzni1_1m6_zq43us>	<geoclass_oil_refinery>	rdfs:subClassOf	<yagoGeoEntity>	
<id_18yy22b_1m6_zq43us>	<geoclass_tank_farm>	rdfs:subClassOf	<yagoGeoEntity>	
<id_1taiidv_1m6_zq43us>	<geoclass_oil_well>	rdfs:subClassOf	<yagoGeoEntity>	
<id_1mlpxrw_1m6_zq43us>	<geoclass_opera_house>	rdfs:subClassOf	<yagoGeoEntity>	
<id_ebc8e8_1m6_zq43us>	<geoclass_palace>	rdfs:subClassOf	<yagoGeoEntity>	
<id_eb9bv2_1m6_zq43us>	<geoclass_pagoda>	rdfs:subClassOf	<yagoGeoEntity>	
<id_1ydpe5a_1m6_zq43us>	<geoclass_pier>	rdfs:subClassOf	<yagoGeoEntity>	
<id_11ypnte_1m6_zq43us>	<geoclass_parking_lot>	rdfs:subClassOf	<yagoGeoEntity>	
<id_dvro96_1m6_zq43us>	<geoclass_oil_pumping_station>	rdfs:subClassOf	<yagoGeoEntity>	
<id_gb0dzj_1m6_zq43us>	<geoclass_water_pumping_station>	rdfs:subClassOf	<yagoGeoEntity>	
<id_4mrphf_1m6_zq43us>	<geoclass_post_office>	rdfs:subClassOf	<yagoGeoEntity>	
<id_lq9ktl_1m6_zq43us>	<geoclass_police_post>	rdfs:subClassOf	<yagoGeoEntity>	
<id_h8uvni_1m6_zq43us>	<geoclass_abandoned_police_post>	rdfs:subClassOf	<yagoGeoEntity>	
<id_a5nr7s_1m6_zq43us>	<geoclass_park_gate>	rdfs:subClassOf	<yagoGeoEntity>	
<id_n0e04_1m6_zq43us>	<geoclass_park_headquarters>	rdfs:subClassOf	<yagoGeoEntity>	
<id_ekn75v_1m6_zq43us>	<geoclass_prison>	rdfs:subClassOf	<yagoGeoEntity>	
<id_2tjck4_1m6_zq43us>	<geoclass_reformatory>	rdfs:subClassOf	<yagoGeoEntity>	
<id_1voio5q_1m6_zq43us>	<geoclass_abandoned_prison>	rdfs:subClassOf	<yagoGeoEntity>	
<id_1xe9j0i_1m6_zq43us>	<geoclass_power_station>	rdfs:subClassOf	<yagoGeoEntity>	
<id_16occsw_1m6_zq43us>	<geoclass_hydroelectric_power_station>	rdfs:subClassOf	<yagoGeoEntity>	
<id_7rn9zv_1m6_zq43us>	<geoclass_border_post>	rdfs:subClassOf	<yagoGeoEntity>	
<id_k94jdh_1m6_zq43us>	<geoclass_customs_post>	rdfs:subClassOf	<yagoGeoEntity>	
<id_1hupsmz_1m6_zq43us>	<geoclass_patrol_post>	rdfs:subClassOf	<yagoGeoEntity>	
<id_t18t08_1m6_zq43us>	<geoclass_pyramid>	rdfs:subClassOf	<yagoGeoEntity>	
<id_1bp8bkr_1m6_zq43us>	<geoclass_pyramids>	rdfs:subClassOf	<yagoGeoEntity>	
<id_1ydq9xw_1m6_zq43us>	<geoclass_quay>	rdfs:subClassOf	<yagoGeoEntity>	
<id_193rj4_1m6_zq43us>	<geoclass_golf_course>	rdfs:subClassOf	<yagoGeoEntity>	
<id_btemqq_1m6_zq43us>	<geoclass_racetrack>	rdfs:subClassOf	<yagoGeoEntity>	
<id_1uru27p_1m6_zq43us>	<geoclass_restaurant>	rdfs:subClassOf	<yagoGeoEntity>	
<id_dpq3pw_1m6_zq43us>	<geoclass_resthouse>	rdfs:subClassOf	<yagoGeoEntity>	
<id_1hm3zwb_1m6_zq43us>	<geoclass_rookery>	rdfs:subClassOf	<yagoGeoEntity>	
<id_1ffv6f7_1m6_zq43us>	<geoclass_religious_site>	rdfs:subClassOf	<yagoGeoEntity>	
<id_1cyj7f3_1m6_zq43us>	<geoclass_retreat>	rdfs:subClassOf	<yagoGeoEntity>	
<id_1ewg6z0_1m6_zq43us>	<geoclass_ranch>	rdfs:subClassOf	<yagoGeoEntity>	
<id_niv8qx_1m6_zq43us>	<geoclass_railroad_siding>	rdfs:subClassOf	<yagoGeoEntity>	
<id_nix93x_1m6_zq43us>	<geoclass_railroad_signal>	rdfs:subClassOf	<yagoGeoEntity>	
<id_fbrf7t_1m6_zq43us>	<geoclass_resort>	rdfs:subClassOf	<yagoGeoEntity>	
<id_o3tden_1m6_zq43us>	<geoclass_railroad_station>	rdfs:subClassOf	<yagoGeoEntity>	
<id_1ejou22_1m6_zq43us>	<geoclass_abandoned_railroad_station>	rdfs:subClassOf	<yagoGeoEntity>	
<id_1883jef_1m6_zq43us>	<geoclass_railroad_stop>	rdfs:subClassOf	<yagoGeoEntity>	
<id_1wel0i4_1m6_zq43us>	<geoclass_abandoned_railroad_stop>	rdfs:subClassOf	<yagoGeoEntity>	
<id_1ydqx40_1m6_zq43us>	<geoclass_ruin>	rdfs:subClassOf	<yagoGeoEntity>	
<id_frifho_1m6_zq43us>	<geoclass_school>	rdfs:subClassOf	<yagoGeoEntity>	
<id_e05464_1m6_zq43us>	<geoclass_agricultural_school>	rdfs:subClassOf	<yagoGeoEntity>	
<id_1ahv5en_1m6_zq43us>	<geoclass_college>	rdfs:subClassOf	<yagoGeoEntity>	
<id_1wqm92c_1m6_zq43us>	<geoclass_driving_school>	rdfs:subClassOf	<yagoGeoEntity>	
<id_1ywnkcj_1m6_zq43us>	<geoclass_language_school>	rdfs:subClassOf	<yagoGeoEntity>	
<id_105z7u6_1m6_zq43us>	<geoclass_military_school>	rdfs:subClassOf	<yagoGeoEntity>	
<id_1b4ll37_1m6_zq43us>	<geoclass_maritime_school>	rdfs:subClassOf	<yagoGeoEntity>	
<id_cy5r7y_1m6_zq43us>	<geoclass_technical_school>	rdfs:subClassOf	<yagoGeoEntity>	
<id_6kdunn_1m6_zq43us>	<geoclass_state_exam_prep_centre>	rdfs:subClassOf	<yagoGeoEntity>	
<id_1ywtu90_1m6_zq43us>	<geoclass_sheepfold>	rdfs:subClassOf	<yagoGeoEntity>	
<id_fufnuj_1m6_zq43us>	<geoclass_shrine>	rdfs:subClassOf	<yagoGeoEntity>	
<id_14frejb_1m6_zq43us>	<geoclass_storehouse>	rdfs:subClassOf	<yagoGeoEntity>	
<id_fwoqx3_1m6_zq43us>	<geoclass_sluice>	rdfs:subClassOf	<yagoGeoEntity>	
<id_1h4muyr_1m6_zq43us>	<geoclass_sanatorium>	rdfs:subClassOf	<yagoGeoEntity>	
<id_ib5a98_1m6_zq43us>	<geoclass_spa>	rdfs:subClassOf	<yagoGeoEntity>	
<id_1x0a117_1m6_zq43us>	<geoclass_spillway>	rdfs:subClassOf	<yagoGeoEntity>	
<id_fzfkb9_1m6_zq43us>	<geoclass_square>	rdfs:subClassOf	<yagoGeoEntity>	
<id_g0q6yb_1m6_zq43us>	<geoclass_stable>	rdfs:subClassOf	<yagoGeoEntity>	
<id_1yfwvwl_1m6_zq43us>	<geoclass_stadium>	rdfs:subClassOf	<yagoGeoEntity>	
<id_gnbduf_1m6_zq43us>	<geoclass_scientific_research_base>	rdfs:subClassOf	<yagoGeoEntity>	
<id_l8f8e1_1m6_zq43us>	<geoclass_coast_guard_station>	rdfs:subClassOf	<yagoGeoEntity>	
<id_13fmr1m_1m6_zq43us>	<geoclass_experiment_station>	rdfs:subClassOf	<yagoGeoEntity>	
<id_gdpcp6_1m6_zq43us>	<geoclass_forest_station>	rdfs:subClassOf	<yagoGeoEntity>	
<id_1ui5cdd_1m6_zq43us>	<geoclass_inspection_station>	rdfs:subClassOf	<yagoGeoEntity>	
<id_kefl5f_1m6_zq43us>	<geoclass_meteorological_station>	rdfs:subClassOf	<yagoGeoEntity>	
<id_vulg8o_1m6_zq43us>	<geoclass_radio_station>	rdfs:subClassOf	<yagoGeoEntity>	
<id_2lrbnc_1m6_zq43us>	<geoclass_satellite_station>	rdfs:subClassOf	<yagoGeoEntity>	
<id_ehe3hf_1m6_zq43us>	<geoclass_whaling_station>	rdfs:subClassOf	<yagoGeoEntity>	
<id_1exbxyn_1m6_zq43us>	<geoclass_steps>	rdfs:subClassOf	<yagoGeoEntity>	
<id_s3vel3_1m6_zq43us>	<geoclass_sewage_treatment_plant>	rdfs:subClassOf	<yagoGeoEntity>	
<id_8gt4m1_1m6_zq43us>	<geoclass_theater>	rdfs:subClassOf	<yagoGeoEntity>	
<id_1yds2q0_1m6_zq43us>	<geoclass_tomb>	rdfs:subClassOf	<yagoGeoEntity>	
<id_g9quo5_1m6_zq43us>	<geoclass_temple>	rdfs:subClassOf	<yagoGeoEntity>	
<id_14hzows_1m6_zq43us>	<geoclass_cattle_dipping_tank>	rdfs:subClassOf	<yagoGeoEntity>	
<id_1exswpd_1m6_zq43us>	<geoclass_tower>	rdfs:subClassOf	<yagoGeoEntity>	
<id_ixmig0_1m6_zq43us>	<geoclass_transit_terminal>	rdfs:subClassOf	<yagoGeoEntity>	
<id_7kqznw_1m6_zq43us>	<geoclass_triangulation_station>	rdfs:subClassOf	<yagoGeoEntity>	
<id_iy6y8k_1m6_zq43us>	<geoclass_oil_pipeline_terminal>	rdfs:subClassOf	<yagoGeoEntity>	
<id_13mqt3_1m6_zq43us>	<geoclass_temp_work_office>	rdfs:subClassOf	<yagoGeoEntity>	
<id_1hthad6_1m6_zq43us>	<geoclass_postgrad_&_mba>	rdfs:subClassOf	<yagoGeoEntity>	
<id_1kvy425_1m6_zq43us>	<geoclass_university_prep_school>	rdfs:subClassOf	<yagoGeoEntity>	
<id_s6q39i_1m6_zq43us>	<geoclass_university>	rdfs:subClassOf	<yagoGeoEntity>	
<id_wzi72a_1m6_zq43us>	<geoclass_united_states_government_establishment>	rdfs:subClassOf	<yagoGeoEntity>	
<id_ibakbd_1m6_zq43us>	<geoclass_veterinary_facility>	rdfs:subClassOf	<yagoGeoEntity>	
<id_1ydtpaa_1m6_zq43us>	<geoclass_wall>	rdfs:subClassOf	<yagoGeoEntity>	
<id_1bmib8p_1m6_zq43us>	<geoclass_ancient_wall>	rdfs:subClassOf	<yagoGeoEntity>	
<id_1ydts6n_1m6_zq43us>	<geoclass_weir>	rdfs:subClassOf	<yagoGeoEntity>	
<id_1ezbdkc_1m6_zq43us>	<geoclass_wharf>	rdfs:subClassOf	<yagoGeoEntity>	
<id_1ezhu1m_1m6_zq43us>	<geoclass_wreck>	rdfs:subClassOf	<yagoGeoEntity>	
<id_1luw6kj_1m6_zq43us>	<geoclass_waterworks>	rdfs:subClassOf	<yagoGeoEntity>	
<id_x8h3vm_1m6_zq43us>	<geoclass_free_trade_zone>	rdfs:subClassOf	<yagoGeoEntity>	
<id_ib5ffm_1m6_zq43us>	<geoclass_zoo>	rdfs:subClassOf	<yagoGeoEntity>	
<id_q5azd3_1m6_zq43us>	<geoclass_asphalt_lake>	rdfs:subClassOf	<yagoGeoEntity>	
<id_1enfulg_1m6_zq43us>	<geoclass_atoll>	rdfs:subClassOf	<yagoGeoEntity>	
<id_ib4xaz_1m6_zq43us>	<geoclass_bar>	rdfs:subClassOf	<yagoGeoEntity>	
<id_1enprsb_1m6_zq43us>	<geoclass_beach>	rdfs:subClassOf	<yagoGeoEntity>	
<id_qwt80p_1m6_zq43us>	<geoclass_beaches>	rdfs:subClassOf	<yagoGeoEntity>	
<id_1usexyz_1m6_zq43us>	<geoclass_badlands>	rdfs:subClassOf	<yagoGeoEntity>	
<id_ukypps_1m6_zq43us>	<geoclass_boulder_field>	rdfs:subClassOf	<yagoGeoEntity>	
<id_kj3z6y_1m6_zq43us>	<geoclass_blowhole>	rdfs:subClassOf	<yagoGeoEntity>	
<id_ug6mec_1m6_zq43us>	<geoclass_blowout>	rdfs:subClassOf	<yagoGeoEntity>	
<id_1enq1fc_1m6_zq43us>	<geoclass_bench>	rdfs:subClassOf	<yagoGeoEntity>	
<id_1eo0e2i_1m6_zq43us>	<geoclass_butte>	rdfs:subClassOf	<yagoGeoEntity>	
<id_1ydgxmz_1m6_zq43us>	<geoclass_cape>	rdfs:subClassOf	<yagoGeoEntity>	
<id_1eoe4c2_1m6_zq43us>	<geoclass_cleft>	rdfs:subClassOf	<yagoGeoEntity>	
<id_13v3c92_1m6_zq43us>	<geoclass_caldera>	rdfs:subClassOf	<yagoGeoEntity>	
<id_1eoe7ag_1m6_zq43us>	<geoclass_cliff>	rdfs:subClassOf	<yagoGeoEntity>	
<id_85sxc0_1m6_zq43us>	<geoclass_canyon>	rdfs:subClassOf	<yagoGeoEntity>	
<id_1ydh7yz_1m6_zq43us>	<geoclass_cone>	rdfs:subClassOf	<yagoGeoEntity>	
<id_np7k2q_1m6_zq43us>	<geoclass_corridor>	rdfs:subClassOf	<yagoGeoEntity>	
<id_8a9o8d_1m6_zq43us>	<geoclass_cirque>	rdfs:subClassOf	<yagoGeoEntity>	
<id_17qzpd2_1m6_zq43us>	<geoclass_cirques>	rdfs:subClassOf	<yagoGeoEntity>	
<id_8ex0nb_1m6_zq43us>	<geoclass_crater>	rdfs:subClassOf	<yagoGeoEntity>	
<id_8gmxz9_1m6_zq43us>	<geoclass_cuesta>	rdfs:subClassOf	<yagoGeoEntity>	
<id_1eotlj4_1m6_zq43us>	<geoclass_delta>	rdfs:subClassOf	<yagoGeoEntity>	
<id_1xcdcym_1m6_zq43us>	<geoclass_depression>	rdfs:subClassOf	<yagoGeoEntity>	
<id_8p4ia5_1m6_zq43us>	<geoclass_desert>	rdfs:subClassOf	<yagoGeoEntity>	
<id_1ydhzeo_1m6_zq43us>	<geoclass_dune>	rdfs:subClassOf	<yagoGeoEntity>	
<id_8rdo8h_1m6_zq43us>	<geoclass_divide>	rdfs:subClassOf	<yagoGeoEntity>	
<id_bi5tp3_1m6_zq43us>	<geoclass_sandy_desert>	rdfs:subClassOf	<yagoGeoEntity>	
<id_ib509n_1m6_zq43us>	<geoclass_fan>	rdfs:subClassOf	<yagoGeoEntity>	
<id_1ydj50z_1m6_zq43us>	<geoclass_ford>	rdfs:subClassOf	<yagoGeoEntity>	
<id_grnkx9_1m6_zq43us>	<geoclass_fissure>	rdfs:subClassOf	<yagoGeoEntity>	
<id_ib510e_1m6_zq43us>	<geoclass_gap>	rdfs:subClassOf	<yagoGeoEntity>	
<id_1eqnhbk_1m6_zq43us>	<geoclass_gorge>	rdfs:subClassOf	<yagoGeoEntity>	
<id_cry8ub_1m6_zq43us>	<geoclass_headland>	rdfs:subClassOf	<yagoGeoEntity>	
<id_1ydkaex_1m6_zq43us>	<geoclass_hill>	rdfs:subClassOf	<yagoGeoEntity>	
<id_1er3boa_1m6_zq43us>	<geoclass_hills>	rdfs:subClassOf	<yagoGeoEntity>	
<id_168ofxi_1m6_zq43us>	<geoclass_hammock>	rdfs:subClassOf	<yagoGeoEntity>	
<id_gs6gtz_1m6_zq43us>	<geoclass_rock_desert>	rdfs:subClassOf	<yagoGeoEntity>	
<id_1xnlcoq_1m6_zq43us>	<geoclass_interfluve>	rdfs:subClassOf	<yagoGeoEntity>	
<id_b9x6kt_1m6_zq43us>	<geoclass_island>	rdfs:subClassOf	<yagoGeoEntity>	
<id_1webj9e_1m6_zq43us>	<geoclass_artificial_island>	rdfs:subClassOf	<yagoGeoEntity>	
<id_15s3ig3_1m6_zq43us>	<geoclass_mangrove_island>	rdfs:subClassOf	<yagoGeoEntity>	
<id_1tf4g3q_1m6_zq43us>	<geoclass_islands>	rdfs:subClassOf	<yagoGeoEntity>	
<id_1qu2lbq_1m6_zq43us>	<geoclass_land-tied_island>	rdfs:subClassOf	<yagoGeoEntity>	
<id_u02623_1m6_zq43us>	<geoclass_section_of_island>	rdfs:subClassOf	<yagoGeoEntity>	
<id_1tjn9f9_1m6_zq43us>	<geoclass_isthmus>	rdfs:subClassOf	<yagoGeoEntity>	
<id_w6hvpj_1m6_zq43us>	<geoclass_karst_area>	rdfs:subClassOf	<yagoGeoEntity>	
<id_15mx5p0_1m6_zq43us>	<geoclass_lava_area>	rdfs:subClassOf	<yagoGeoEntity>	
<id_1et85c5_1m6_zq43us>	<geoclass_levee>	rdfs:subClassOf	<yagoGeoEntity>	
<id_1ydneji_1m6_zq43us>	<geoclass_mesa>	rdfs:subClassOf	<yagoGeoEntity>	
<id_1etyb9t_1m6_zq43us>	<geoclass_mound>	rdfs:subClassOf	<yagoGeoEntity>	
<id_1fappiv_1m6_zq43us>	<geoclass_moraine>	rdfs:subClassOf	<yagoGeoEntity>	
<id_t64q2t_1m6_zq43us>	<geoclass_mountain>	rdfs:subClassOf	<yagoGeoEntity>	
<id_1fwpssu_1m6_zq43us>	<geoclass_mountains>	rdfs:subClassOf	<yagoGeoEntity>	
<id_zvgm4q_1m6_zq43us>	<geoclass_meander_neck>	rdfs:subClassOf	<yagoGeoEntity>	
<id_1wr6rl8_1m6_zq43us>	<geoclass_nunatak>	rdfs:subClassOf	<yagoGeoEntity>	
<id_hg43r_1m6_zq43us>	<geoclass_nunataks>	rdfs:subClassOf	<yagoGeoEntity>	
<id_ib57ol_1m6_zq43us>	<geoclass_pan>	rdfs:subClassOf	<yagoGeoEntity>	
<id_1ydp8fi_1m6_zq43us>	<geoclass_pans>	rdfs:subClassOf	<yagoGeoEntity>	
<id_1ydp8jt_1m6_zq43us>	<geoclass_pass>	rdfs:subClassOf	<yagoGeoEntity>	
<id_1u0y95p_1m6_zq43us>	<geoclass_peninsula>	rdfs:subClassOf	<yagoGeoEntity>	
<id_1llzxxb_1m6_zq43us>	<geoclass_section_of_peninsula>	rdfs:subClassOf	<yagoGeoEntity>	
<id_1ydpb2v_1m6_zq43us>	<geoclass_peak>	rdfs:subClassOf	<yagoGeoEntity>	
<id_1evewak_1m6_zq43us>	<geoclass_peaks>	rdfs:subClassOf	<yagoGeoEntity>	
<id_mmn6fm_1m6_zq43us>	<geoclass_plateau>	rdfs:subClassOf	<yagoGeoEntity>	
<id_yw1aic_1m6_zq43us>	<geoclass_section_of_plateau>	rdfs:subClassOf	<yagoGeoEntity>	
<id_ej1ezg_1m6_zq43us>	<geoclass_polder>	rdfs:subClassOf	<yagoGeoEntity>	
<id_1evjd5e_1m6_zq43us>	<geoclass_plain>	rdfs:subClassOf	<yagoGeoEntity>	
<id_1d6sook_1m6_zq43us>	<geoclass_section_of_plain>	rdfs:subClassOf	<yagoGeoEntity>	
<id_15etzcp_1m6_zq43us>	<geoclass_promontory>	rdfs:subClassOf	<yagoGeoEntity>	
<id_1evlg60_1m6_zq43us>	<geoclass_point>	rdfs:subClassOf	<yagoGeoEntity>	
<id_eizpsr_1m6_zq43us>	<geoclass_points>	rdfs:subClassOf	<yagoGeoEntity>	
<id_1lprviv_1m6_zq43us>	<geoclass_beach_ridge>	rdfs:subClassOf	<yagoGeoEntity>	
<id_1ewl3jn_1m6_zq43us>	<geoclass_ridge>	rdfs:subClassOf	<yagoGeoEntity>	
<id_1w376dv_1m6_zq43us>	<geoclass_stony_desert>	rdfs:subClassOf	<yagoGeoEntity>	
<id_1ydqsil_1m6_zq43us>	<geoclass_rock>	rdfs:subClassOf	<yagoGeoEntity>	
<id_mnbgt4_1m6_zq43us>	<geoclass_rockfall>	rdfs:subClassOf	<yagoGeoEntity>	
<id_1ewowty_1m6_zq43us>	<geoclass_rocks>	rdfs:subClassOf	<yagoGeoEntity>	
<id_ijtgw_1m6_zq43us>	<geoclass_sand_area>	rdfs:subClassOf	<yagoGeoEntity>	
<id_1bwn83y_1m6_zq43us>	<geoclass_dry_stream_bed>	rdfs:subClassOf	<yagoGeoEntity>	
<id_nxcnmo_1m6_zq43us>	<geoclass_escarpment>	rdfs:subClassOf	<yagoGeoEntity>	
<id_fqc24f_1m6_zq43us>	<geoclass_saddle>	rdfs:subClassOf	<yagoGeoEntity>	
<id_1ex4hkl_1m6_zq43us>	<geoclass_shore>	rdfs:subClassOf	<yagoGeoEntity>	
<id_13n7p6z_1m6_zq43us>	<geoclass_sinkhole>	rdfs:subClassOf	<yagoGeoEntity>	
<id_1ex6wqh_1m6_zq43us>	<geoclass_slide>	rdfs:subClassOf	<yagoGeoEntity>	
<id_1ex71gz_1m6_zq43us>	<geoclass_slope>	rdfs:subClassOf	<yagoGeoEntity>	
<id_1ydrge8_1m6_zq43us>	<geoclass_spit>	rdfs:subClassOf	<yagoGeoEntity>	
<id_1ydrgoi_1m6_zq43us>	<geoclass_spur>	rdfs:subClassOf	<yagoGeoEntity>	
<id_tbixo1_1m6_zq43us>	<geoclass_talus_slope>	rdfs:subClassOf	<yagoGeoEntity>	
<id_1urpss8_1m6_zq43us>	<geoclass_interdune_trough>	rdfs:subClassOf	<yagoGeoEntity>	
<id_7941ru_1m6_zq43us>	<geoclass_terrace>	rdfs:subClassOf	<yagoGeoEntity>	
<id_gwt9j2_1m6_zq43us>	<geoclass_upland>	rdfs:subClassOf	<yagoGeoEntity>	
<id_h5m6zb_1m6_zq43us>	<geoclass_valley>	rdfs:subClassOf	<yagoGeoEntity>	
<id_7dm1mu_1m6_zq43us>	<geoclass_hanging_valley>	rdfs:subClassOf	<yagoGeoEntity>	
<id_ymbmnw_1m6_zq43us>	<geoclass_valleys>	rdfs:subClassOf	<yagoGeoEntity>	
<id_zvr6gl_1m6_zq43us>	<geoclass_section_of_valley>	rdfs:subClassOf	<yagoGeoEntity>	
<id_158si2i_1m6_zq43us>	<geoclass_volcano>	rdfs:subClassOf	<yagoGeoEntity>	
<id_1endcy2_1m6_zq43us>	<geoclass_apron>	rdfs:subClassOf	<yagoGeoEntity>	
<id_1ydfzym_1m6_zq43us>	<geoclass_arch>	rdfs:subClassOf	<yagoGeoEntity>	
<id_a4rhxt_1m6_zq43us>	<geoclass_arrugado>	rdfs:subClassOf	<yagoGeoEntity>	
<id_1j8xy1b_1m6_zq43us>	<geoclass_borderland>	rdfs:subClassOf	<yagoGeoEntity>	
<id_1ennhof_1m6_zq43us>	<geoclass_banks>	rdfs:subClassOf	<yagoGeoEntity>	
<id_1enq1fc_1m6_zq43us>	<geoclass_bench>	rdfs:subClassOf	<yagoGeoEntity>	
<id_1ydgalw_1m6_zq43us>	<geoclass_bank>	rdfs:subClassOf	<yagoGeoEntity>	
<id_1ennlc1_1m6_zq43us>	<geoclass_basin>	rdfs:subClassOf	<yagoGeoEntity>	
<id_1hstsbl_1m6_zq43us>	<geoclass_cordillera>	rdfs:subClassOf	<yagoGeoEntity>	
<id_13wkjhv_1m6_zq43us>	<geoclass_canyons>	rdfs:subClassOf	<yagoGeoEntity>	
<id_85sxc0_1m6_zq43us>	<geoclass_canyon>	rdfs:subClassOf	<yagoGeoEntity>	
<id_sueu8x_1m6_zq43us>	<geoclass_continental_rise>	rdfs:subClassOf	<yagoGeoEntity>	
<id_1ydhnc4_1m6_zq43us>	<geoclass_deep>	rdfs:subClassOf	<yagoGeoEntity>	
<id_n6dycq_1m6_zq43us>	<geoclass_shelf_edge>	rdfs:subClassOf	<yagoGeoEntity>	
<id_nxcnmo_1m6_zq43us>	<geoclass_escarpment>	rdfs:subClassOf	<yagoGeoEntity>	
<id_ib509n_1m6_zq43us>	<geoclass_fan>	rdfs:subClassOf	<yagoGeoEntity>	
<id_1ydj2ep_1m6_zq43us>	<geoclass_flat>	rdfs:subClassOf	<yagoGeoEntity>	
<id_1ydj516_1m6_zq43us>	<geoclass_fork>	rdfs:subClassOf	<yagoGeoEntity>	
<id_1eq3ou1_1m6_zq43us>	<geoclass_forks>	rdfs:subClassOf	<yagoGeoEntity>	
<id_1mkz0fl_1m6_zq43us>	<geoclass_fracture_zone>	rdfs:subClassOf	<yagoGeoEntity>	
<id_9w035b_1m6_zq43us>	<geoclass_furrow>	rdfs:subClassOf	<yagoGeoEntity>	
<id_ib510e_1m6_zq43us>	<geoclass_gap>	rdfs:subClassOf	<yagoGeoEntity>	
<id_1eqr6xf_1m6_zq43us>	<geoclass_gully>	rdfs:subClassOf	<yagoGeoEntity>	
<id_1ydkaex_1m6_zq43us>	<geoclass_hill>	rdfs:subClassOf	<yagoGeoEntity>	
<id_1er3boa_1m6_zq43us>	<geoclass_hills>	rdfs:subClassOf	<yagoGeoEntity>	
<id_1ydkeuw_1m6_zq43us>	<geoclass_hole>	rdfs:subClassOf	<yagoGeoEntity>	
<id_1estylw_1m6_zq43us>	<geoclass_knoll>	rdfs:subClassOf	<yagoGeoEntity>	
<id_c5blhb_1m6_zq43us>	<geoclass_knolls>	rdfs:subClassOf	<yagoGeoEntity>	
<id_1et7s1d_1m6_zq43us>	<geoclass_ledge>	rdfs:subClassOf	<yagoGeoEntity>	
<id_1et85c5_1m6_zq43us>	<geoclass_levee>	rdfs:subClassOf	<yagoGeoEntity>	
<id_1imgxbw_1m6_zq43us>	<geoclass_median_valley>	rdfs:subClassOf	<yagoGeoEntity>	
<id_1ydneji_1m6_zq43us>	<geoclass_mesa>	rdfs:subClassOf	<yagoGeoEntity>	
<id_1etyb9t_1m6_zq43us>	<geoclass_mound>	rdfs:subClassOf	<yagoGeoEntity>	
<id_1ydnljh_1m6_zq43us>	<geoclass_moat>	rdfs:subClassOf	<yagoGeoEntity>	
<id_1fwpssu_1m6_zq43us>	<geoclass_mountains>	rdfs:subClassOf	<yagoGeoEntity>	
<id_t64q2t_1m6_zq43us>	<geoclass_mountain>	rdfs:subClassOf	<yagoGeoEntity>	
<id_1evewak_1m6_zq43us>	<geoclass_peaks>	rdfs:subClassOf	<yagoGeoEntity>	
<id_1ydpb2v_1m6_zq43us>	<geoclass_peak>	rdfs:subClassOf	<yagoGeoEntity>	
<id_1q7yz1n_1m6_zq43us>	<geoclass_platform>	rdfs:subClassOf	<yagoGeoEntity>	
<id_1evjd5e_1m6_zq43us>	<geoclass_plain>	rdfs:subClassOf	<yagoGeoEntity>	
<id_mmn6fm_1m6_zq43us>	<geoclass_plateau>	rdfs:subClassOf	<yagoGeoEntity>	
<id_o8yzyk_1m6_zq43us>	<geoclass_pinnacle>	rdfs:subClassOf	<yagoGeoEntity>	
<id_evwqzs_1m6_zq43us>	<geoclass_province>	rdfs:subClassOf	<yagoGeoEntity>	
<id_f9m18x_1m6_zq43us>	<geoclass_ravine>	rdfs:subClassOf	<yagoGeoEntity>	
<id_1ewl3jn_1m6_zq43us>	<geoclass_ridge>	rdfs:subClassOf	<yagoGeoEntity>	
<id_fdoujk_1m6_zq43us>	<geoclass_ridges>	rdfs:subClassOf	<yagoGeoEntity>	
<id_1ewikbr_1m6_zq43us>	<geoclass_reefs>	rdfs:subClassOf	<yagoGeoEntity>	
<id_1ydql58_1m6_zq43us>	<geoclass_reef>	rdfs:subClassOf	<yagoGeoEntity>	
<id_1ydqog1_1m6_zq43us>	<geoclass_rise>	rdfs:subClassOf	<yagoGeoEntity>	
<id_1ydqidm_1m6_zq43us>	<geoclass_ramp>	rdfs:subClassOf	<yagoGeoEntity>	
<id_1ewg72d_1m6_zq43us>	<geoclass_range>	rdfs:subClassOf	<yagoGeoEntity>	
<id_8i8gng_1m6_zq43us>	<geoclass_seachannel>	rdfs:subClassOf	<yagoGeoEntity>	
<id_1ely6cn_1m6_zq43us>	<geoclass_seachannels>	rdfs:subClassOf	<yagoGeoEntity>	
<id_fqc24f_1m6_zq43us>	<geoclass_saddle>	rdfs:subClassOf	<yagoGeoEntity>	
<id_1ex4a0i_1m6_zq43us>	<geoclass_shelf>	rdfs:subClassOf	<yagoGeoEntity>	
<id_1ex4h65_1m6_zq43us>	<geoclass_shoal>	rdfs:subClassOf	<yagoGeoEntity>	
<id_fudkx2_1m6_zq43us>	<geoclass_shoals>	rdfs:subClassOf	<yagoGeoEntity>	
<id_1cuggwc_1m6_zq43us>	<geoclass_shelf_valley>	rdfs:subClassOf	<yagoGeoEntity>	
<id_1ydrb9q_1m6_zq43us>	<geoclass_sill>	rdfs:subClassOf	<yagoGeoEntity>	
<id_1ex71gz_1m6_zq43us>	<geoclass_slope>	rdfs:subClassOf	<yagoGeoEntity>	
<id_jk2z5_1m6_zq43us>	<geoclass_seamounts>	rdfs:subClassOf	<yagoGeoEntity>	
<id_19udpr6_1m6_zq43us>	<geoclass_seamount>	rdfs:subClassOf	<yagoGeoEntity>	
<id_1ydrgoi_1m6_zq43us>	<geoclass_spur>	rdfs:subClassOf	<yagoGeoEntity>	
<id_7941ru_1m6_zq43us>	<geoclass_terrace>	rdfs:subClassOf	<yagoGeoEntity>	
<id_bzaa8g_1m6_zq43us>	<geoclass_tablemounts>	rdfs:subClassOf	<yagoGeoEntity>	
<id_dwuir_1m6_zq43us>	<geoclass_tablemount>	rdfs:subClassOf	<yagoGeoEntity>	
<id_gf994s_1m6_zq43us>	<geoclass_tongue>	rdfs:subClassOf	<yagoGeoEntity>	
<id_ggxjy5_1m6_zq43us>	<geoclass_trough>	rdfs:subClassOf	<yagoGeoEntity>	
<id_ggr0sk_1m6_zq43us>	<geoclass_trench>	rdfs:subClassOf	<yagoGeoEntity>	
<id_h5m6zb_1m6_zq43us>	<geoclass_valley>	rdfs:subClassOf	<yagoGeoEntity>	
<id_ymbmnw_1m6_zq43us>	<geoclass_valleys>	rdfs:subClassOf	<yagoGeoEntity>	
<id_1ydgpk0_1m6_zq43us>	<geoclass_bush>	rdfs:subClassOf	<yagoGeoEntity>	
<id_1mfvsgr_1m6_zq43us>	<geoclass_cultivated_area>	rdfs:subClassOf	<yagoGeoEntity>	
<id_9sp21h_1m6_zq43us>	<geoclass_forest>	rdfs:subClassOf	<yagoGeoEntity>	
<id_ysjqg_1m6_zq43us>	<geoclass_fossilized_forest>	rdfs:subClassOf	<yagoGeoEntity>	
<id_qj6ujt_1m6_zq43us>	<geoclass_grassland>	rdfs:subClassOf	<yagoGeoEntity>	
<id_w7zksx_1m6_zq43us>	<geoclass_coconut_grove>	rdfs:subClassOf	<yagoGeoEntity>	
<id_1izqoxj_1m6_zq43us>	<geoclass_olive_grove>	rdfs:subClassOf	<yagoGeoEntity>	
<id_t8ktdq_1m6_zq43us>	<geoclass_palm_grove>	rdfs:subClassOf	<yagoGeoEntity>	
<id_eg7jb0_1m6_zq43us>	<geoclass_pine_grove>	rdfs:subClassOf	<yagoGeoEntity>	
<id_1er0jr4_1m6_zq43us>	<geoclass_heath>	rdfs:subClassOf	<yagoGeoEntity>	
<id_cy7l97_1m6_zq43us>	<geoclass_meadow>	rdfs:subClassOf	<yagoGeoEntity>	
<id_atehcj_1m6_zq43us>	<geoclass_orchard>	rdfs:subClassOf	<yagoGeoEntity>	
<id_1hxvhgi_1m6_zq43us>	<geoclass_scrubland>	rdfs:subClassOf	<yagoGeoEntity>	
<id_1yds4ra_1m6_zq43us>	<geoclass_tree>	rdfs:subClassOf	<yagoGeoEntity>	
<id_gijye6_1m6_zq43us>	<geoclass_tundra>	rdfs:subClassOf	<yagoGeoEntity>	
<id_1izyvdo_1m6_zq43us>	<geoclass_vineyard>	rdfs:subClassOf	<yagoGeoEntity>	
<id_8bpg7_1m6_zq43us>	<geoclass_vineyards>	rdfs:subClassOf	<yagoGeoEntity>	
<id_o4ua5h_1m6_zq43us>	<geoclass_not_available>	rdfs:subClassOf	<yagoGeoEntity>	
