<id_14zh4zu_1cp_savbom>	<id_1r28ncf_1ul_1vjg4px>	<occursUntil>	"1931-##-##"^^xsd:date	1931.0000
<id_d2uwvv_evc_16u1b8m>	<id_puta8i_1xk_xg7bft>	<happenedIn>	<Toyonaka,_Osaka>	
<id_nayluk_1co_1h893s3>	<id_1vob1h1_19y_159pxyg>	<occursSince>	"2005-##-##"^^xsd:date	2005.0000
<id_1k844fp_1cp_juxxpj>	<id_1tc4p6d_ab2_ri66s>	<occursUntil>	"1998-##-##"^^xsd:date	1998.0000
<id_lbv1q7_1co_nvgjc1>	<id_18yynwc_1ul_25b7p0>	<occursSince>	"2003-##-##"^^xsd:date	2003.0000
<id_1gfcj5l_1co_njrwew>	<id_1j4o7c1_1gi_1uhulqm>	<occursSince>	"2011-06-##"^^xsd:date	2011.0600
<id_mmnxoy_1cp_ncafy6>	<id_1mzfucp_1ul_18qi4da>	<occursUntil>	"2011-##-##"^^xsd:date	2011.0000
<id_1dzgh3o_1cp_i18nyd>	<id_13qdk6g_1ul_ymbs4p>	<occursUntil>	"1985-##-##"^^xsd:date	1985.0000
<id_12sjz71_1co_bjxm91>	<id_i665tn_1ul_q2dywb>	<occursSince>	"2007-##-##"^^xsd:date	2007.0000
<id_hjjnwp_1co_whfykt>	<id_cwv7g3_1ul_kstco0>	<occursSince>	"1949-##-##"^^xsd:date	1949.0000
<id_2orii_evc_1ksxdjo>	<id_1a8x4wj_1xk_6h59ly>	<happenedIn>	<Birmingham>	
<id_2o4q5x_1cp_1vwne04>	<id_rbasb7_1ul_1896r5w>	<occursUntil>	"2006-##-##"^^xsd:date	2006.0000
<id_fnchcb_1cp_q8bwh2>	<id_166mljb_1ul_a7s55>	<occursUntil>	"2008-##-##"^^xsd:date	2008.0000
<id_1duuh8c_1co_1h893s3>	<id_1oyhjh7_1ul_12a0ppz>	<occursSince>	"2005-##-##"^^xsd:date	2005.0000
<id_shtk4n_1co_1o0j99p>	<id_mzzino_1ul_1lwypjs>	<occursSince>	"1938-##-##"^^xsd:date	1938.0000
<id_1w2yyr1_1co_juxxpj>	<id_19em9ip_1ul_dtdkn>	<occursSince>	"1998-##-##"^^xsd:date	1998.0000
<id_fh5xdq_1co_q8bwh2>	<id_1f2h3vt_1ul_r5pk8d>	<occursSince>	"2008-##-##"^^xsd:date	2008.0000
<id_2aodmb_1cp_8nw5q5>	<id_1gu9i2j_1ul_n0qm02>	<occursUntil>	"2010-##-##"^^xsd:date	2010.0000
<id_1n479ky_1co_bjxm91>	<id_98iqsc_1ul_zk4qtm>	<occursSince>	"2007-##-##"^^xsd:date	2007.0000
<id_1yylawi_evc_pgfcim>	<id_adiri_1xk_1nwyfd0>	<happenedIn>	<San_Pablo,_Laguna>	
<id_133ypc_1cp_wpmy6e>	<id_1uvgnl7_1ul_679ohk>	<occursUntil>	"1986-##-##"^^xsd:date	1986.0000
<id_1t5i9m6_1bu_1s357hg>	<id_k8e0c1_14p_1ublz3>	<byTransport>	<Iran_Aseman_Airlines>	
<id_13naswc_evc_r5tjls>	<id_p2ia2e_1xk_ukpni8>	<happenedIn>	<Příbram>	
<id_1malrk9_1co_nvgjc1>	<id_ro4167_1ul_1go7d0j>	<occursSince>	"2003-##-##"^^xsd:date	2003.0000
<id_7kmsv3_evc_13370v>	<id_x4a0nm_1xk_1blkm5c>	<happenedIn>	<Calgary>	
<id_1ug4ydd_1cp_q8bwh2>	<id_1eivxuf_1ul_1tudklf>	<occursUntil>	"2008-##-##"^^xsd:date	2008.0000
<id_ztg10v_1co_14wq6p3>	<id_1i5jbm2_1ul_adu0sd>	<occursSince>	"2009-##-##"^^xsd:date	2009.0000
<id_1ru3tkz_1co_8nw5q5>	<id_f0f00q_1ul_19o1s9p>	<occursSince>	"2010-##-##"^^xsd:date	2010.0000
<id_6g53bs_1cp_q8bwh2>	<id_lxhz7b_1ul_13rj8il>	<occursUntil>	"2008-##-##"^^xsd:date	2008.0000
<id_bf6tpf_u5f_1ln16cq>	<id_1qzgon4_oyl_1gy0c5z>	<happenedOnDate>	"1802-02-14"^^xsd:date	1802.0214
<id_mow1uf_u5f_i8reqt>	<id_ij3svg_oyl_10urwp2>	<happenedOnDate>	"1985-08-19"^^xsd:date	1985.0819
<id_2ldvee_1co_972940>	<id_1lmim8p_siu_972940>	<occursSince>	"2002-##-##"^^xsd:date	2002.0000
<id_1kuifea_1co_12jutk2>	<id_1f2oedn_1ul_jzxx0u>	<occursSince>	"2004-##-##"^^xsd:date	2004.0000
<id_15e17n3_1co_q8bwh2>	<id_m8ujvy_1ul_19ja4h1>	<occursSince>	"2008-##-##"^^xsd:date	2008.0000
<id_ijxf6t_1co_1u47rg>	<id_1rna71l_1s2_1sv1248>	<occursSince>	"1926-##-##"^^xsd:date	1926.0000
<id_527fwt_evc_elnwn6>	<id_otqcid_1xk_f4homa>	<happenedIn>	<Liverpool>	
<id_yhhqbu_1co_14wq6p3>	<id_zvshr8_1ul_10aes8m>	<occursSince>	"2009-##-##"^^xsd:date	2009.0000
<id_xv7aj_1cp_1blip7l>	<id_szwknq_19y_bxzt4d>	<occursUntil>	"1987-06-11"^^xsd:date	1987.0611
<id_h3h8vx_1co_8nw5q5>	<id_1n1yzh6_1ul_1cmoi87>	<occursSince>	"2010-##-##"^^xsd:date	2010.0000
<id_tz154o_1cp_bjxm91>	<id_yol9nq_1ul_9284zq>	<occursUntil>	"2007-##-##"^^xsd:date	2007.0000
<id_1gqc987_1bu_lvel6q>	<id_5pzryk_14p_1vis44n>	<byTransport>	<JetBlue_Airways>	
<id_q1vhjh_1co_18hzrvj>	<id_zztgow_1ul_16grm3z>	<occursSince>	"1990-##-##"^^xsd:date	1990.0000
<id_8h9b2u_1co_1vwne04>	<id_13vmo8w_1ul_11i9had>	<occursSince>	"2006-##-##"^^xsd:date	2006.0000
<id_13chu2h_1cp_1pj9f8l>	<id_1sul3t9_1ul_xzy63>	<occursUntil>	"1996-##-##"^^xsd:date	1996.0000
<id_1fcc9v3_1co_14wq6p3>	<id_1fi1xhd_1ul_oxhgqu>	<occursSince>	"2009-##-##"^^xsd:date	2009.0000
<id_1inz8gk_1co_3cudqc>	<id_3b29zd_1ul_wryz06>	<occursSince>	"1984-##-##"^^xsd:date	1984.0000
<id_1crsq6h_1cp_nvgjc1>	<id_1u8sv4y_1ul_1ej033a>	<occursUntil>	"2003-##-##"^^xsd:date	2003.0000
<id_19eb52_1bu_1h6vajt>	<id_e90215_14p_q4kcrj>	<byTransport>	<Hainan_Airlines>	
<id_pgwc3r_1co_q8bwh2>	<id_199geq6_1ul_cdyldq>	<occursSince>	"2008-##-##"^^xsd:date	2008.0000
<id_1a9gi82_1co_972940>	<id_1w8kk8w_1ul_qcn75s>	<occursSince>	"2002-##-##"^^xsd:date	2002.0000
<id_6ncmdl_1cp_j3kuq3>	<id_1v4rla1_1ul_13sfxm4>	<occursUntil>	"1969-##-##"^^xsd:date	1969.0000
<id_xnxih_1co_8nw5q5>	<id_1fi03pz_1ul_1rrlrny>	<occursSince>	"2010-##-##"^^xsd:date	2010.0000
<id_1vcu1ri_u5f_irub60>	<id_1g6kmka_oyl_qizkwt>	<happenedOnDate>	"1977-03-03"^^xsd:date	1977.0303
<id_1qk2wkl_1co_1pj9f8l>	<id_g0xehk_1ul_pkxf5x>	<occursSince>	"1996-##-##"^^xsd:date	1996.0000
<id_1lyafm7_1co_nvgjc1>	<id_1a5ab9v_1ul_194z1vy>	<occursSince>	"2003-##-##"^^xsd:date	2003.0000
<id_e4ovcx_1co_5ppqvd>	<id_63b0s2_1ul_1iitei0>	<occursSince>	"1989-##-##"^^xsd:date	1989.0000
<id_561u3s_1cp_w6gusj>	<id_k07fvh_1ul_cazv1s>	<occursUntil>	"1994-##-##"^^xsd:date	1994.0000
<id_1nebzix_1co_fodatc>	<id_2nzo20_1ul_1syu0fp>	<occursSince>	"1980-##-##"^^xsd:date	1980.0000
<id_16qvjwr_1cp_1be18ef>	<id_10ootoi_1ul_10ao78d>	<occursUntil>	"1987-##-##"^^xsd:date	1987.0000
<id_1op4sw7_1cp_14wq6p3>	<id_9vdwtq_1ul_111z0i>	<occursUntil>	"2009-##-##"^^xsd:date	2009.0000
<id_ibndzl_1co_yjc7xk>	<id_hl23hc_1ul_1ijdy84>	<occursSince>	"1999-##-##"^^xsd:date	1999.0000
<id_3lz04y_u5f_3c5hyd>	<id_13fql0b_oyl_e5lth3>	<happenedOnDate>	"1947-07-23"^^xsd:date	1947.0723
<id_yep71p_1cp_1h893s3>	<id_1xo2odt_1ul_9s6lyq>	<occursUntil>	"2005-##-##"^^xsd:date	2005.0000
<id_5dlvex_1co_1n966a9>	<id_bsx4ag_1ul_5uz5g6>	<occursSince>	"1909-##-##"^^xsd:date	1909.0000
<id_1xukq4r_1cp_12jutk2>	<id_561ero_1ul_xraxx2>	<occursUntil>	"2004-##-##"^^xsd:date	2004.0000
<id_eg790t_u5f_17pxt3a>	<id_191lkxl_oyl_1p37txx>	<happenedOnDate>	"1924-07-14"^^xsd:date	1924.0714
<id_1rw3o71_1cp_1vwne04>	<id_lqgk43_1ul_n0bdsb>	<occursUntil>	"2006-##-##"^^xsd:date	2006.0000
<id_1yt59dl_1co_bjxm91>	<id_5qxje2_1ul_13dzk5r>	<occursSince>	"2007-##-##"^^xsd:date	2007.0000
<id_1gu9fgf_1co_nvgjc1>	<id_150xtqc_1ul_17liwfq>	<occursSince>	"2003-##-##"^^xsd:date	2003.0000
<id_1qpn1a_evc_5ojwas>	<id_1ixd8sd_1xk_1nx29b7>	<happenedIn>	<Sydney>	
<id_11qkh1p_u5f_1mes1zl>	<id_17l5p03_oyl_14h4xmm>	<happenedOnDate>	"1925-11-17"^^xsd:date	1925.1117
<id_1848wq7_1co_1pj9f8l>	<id_jeu39m_1ul_odxoqo>	<occursSince>	"1996-##-##"^^xsd:date	1996.0000
<id_iz3gml_1co_bjxm91>	<id_9ja5d5_1ul_1iitei0>	<occursSince>	"2007-##-##"^^xsd:date	2007.0000
<id_1e45zkf_1co_yjc7xk>	<id_uzb9fk_1ul_1dbeojq>	<occursSince>	"1999-##-##"^^xsd:date	1999.0000
<id_dqd5xl_u5f_17y62ov>	<id_u4ev29_oyl_1q0gfwr>	<happenedOnDate>	"1961-09-27"^^xsd:date	1961.0927
<id_llg2ei_1cp_1q2fimg>	<id_1iyolnc_1ul_19ugn1n>	<occursUntil>	"1988-##-##"^^xsd:date	1988.0000
<id_158r86h_1cp_1tjs0v3>	<id_1s4xxkh_1ul_7r1257>	<occursUntil>	"2001-##-##"^^xsd:date	2001.0000
<id_14k4nt1_1co_1tjs0v3>	<id_139xl84_1ul_vbnera>	<occursSince>	"2001-##-##"^^xsd:date	2001.0000
<id_10zrksd_1co_yjc7xk>	<id_1jleuk4_1ul_fi4icz>	<occursSince>	"1999-##-##"^^xsd:date	1999.0000
<id_18v3fbd_1co_8nw5q5>	<id_ekrm2s_1ul_1fbg751>	<occursSince>	"2010-##-##"^^xsd:date	2010.0000
<id_50gktl_1co_1j53z6>	<id_15dm7dp_1ul_jor22>	<occursSince>	"1971-##-##"^^xsd:date	1971.0000
<id_aacse1_1cp_q8bwh2>	<id_1fnyjw3_1ul_2xto04>	<occursUntil>	"2008-##-##"^^xsd:date	2008.0000
<id_lfhlzp_1co_jn1o0y>	<id_xceov2_siu_jn1o0y>	<occursSince>	"1773-##-##"^^xsd:date	1773.0000
<id_1z0aud1_1co_1f2x4fn>	<id_jfcn4o_19y_12y2556>	<occursSince>	"2000-09-20"^^xsd:date	2000.0920
<id_bczr0u_1cp_1evdqn2>	<id_1fh98yu_1ul_7zr6v1>	<occursUntil>	"2000-##-##"^^xsd:date	2000.0000
<id_dztkmb_1co_1q2fimg>	<id_qwexfc_1ul_82nmiw>	<occursSince>	"1988-##-##"^^xsd:date	1988.0000
<id_iflasl_204_ndnx19>	<id_1rm2g2c_19y_18soiki>	<hasPredecessor>	<Myron_Kowalsky>	
<id_1ns69b7_evc_5ojwas>	<id_ai9o1n_1xk_17y1lqa>	<happenedIn>	<Sydney>	
<id_gr26mi_1co_972940>	<id_th379a_1ul_1sygpjf>	<occursSince>	"2002-##-##"^^xsd:date	2002.0000
<id_vp2m33_u5f_wpeo1a>	<id_fxso2q_oyl_sw0rca>	<happenedOnDate>	"1949-12-13"^^xsd:date	1949.1213
<id_zs247h_1co_1h893s3>	<id_1jbd72r_1ul_u9fs8v>	<occursSince>	"2005-##-##"^^xsd:date	2005.0000
<id_1t04sco_evc_3rux50>	<id_11tceej_1xk_1notcpz>	<happenedIn>	<Oxford>	
<id_17z2rxz_1cp_juxxpj>	<id_1y08j0k_1ul_p9o80p>	<occursUntil>	"1998-##-##"^^xsd:date	1998.0000
<id_1e7xs2n_1cp_yjc7xk>	<id_1jngsq_1ul_xfqd62>	<occursUntil>	"1999-##-##"^^xsd:date	1999.0000
<id_a54koe_1cp_zltrns>	<id_19jc1r4_1ul_fffnv4>	<occursUntil>	"1889-##-##"^^xsd:date	1889.0000
<id_1ktwil6_1cp_1915v9e>	<id_1kti6sr_1ul_1tfl6o0>	<occursUntil>	"1982-##-##"^^xsd:date	1982.0000
<id_1ljuaey_1co_juxxpj>	<id_1wtdu1l_1ul_1fta9s6>	<occursSince>	"1998-##-##"^^xsd:date	1998.0000
<id_1ig8kr4_u5f_fvs7np>	<id_1nwqx8w_oyl_1wq01pt>	<happenedOnDate>	"1980-02-07"^^xsd:date	1980.0207
<id_1xancfd_1co_t28eo2>	<id_1j2f5i0_1ul_3g1ie7>	<occursSince>	"1960-##-##"^^xsd:date	1960.0000
<id_1hpwdn5_1bu_jcuy2e>	<id_i3st4a_14p_1qm39dw>	<byTransport>	<Ryanair>	
<id_7z7il_1co_ncafy6>	<id_1nelybe_1ul_14t91ou>	<occursSince>	"2011-##-##"^^xsd:date	2011.0000
<id_1lto8vh_1cp_1evdqn2>	<id_t5mql4_1ul_z013j>	<occursUntil>	"2000-##-##"^^xsd:date	2000.0000
<id_bp511k_1co_ncafy6>	<id_1o9zmf5_1ul_1g0wtbp>	<occursSince>	"2011-##-##"^^xsd:date	2011.0000
<id_2iodhu_u5f_1q9ufgr>	<id_uwxe1g_oyl_zk2mb5>	<happenedOnDate>	"1988-02-05"^^xsd:date	1988.0205
<id_l4jgth_evc_hqvmbe>	<id_13c3ay5_1xk_17y45q5>	<happenedIn>	<Derbent>	
<id_1c07ukn_1cp_1orwc95>	<id_h42pyj_1ul_reqxb8>	<occursUntil>	"1967-##-##"^^xsd:date	1967.0000
<id_6jvuzp_evc_15whqhq>	<id_r5q6a6_1xk_wovigh>	<happenedIn>	<Le_Mars,_Iowa>	
<id_85c4xi_1co_8nw5q5>	<id_whyhez_1ul_15lgefs>	<occursSince>	"2010-##-##"^^xsd:date	2010.0000
<id_yrw5yy_u5f_43hxwl>	<id_1ybwn0m_oyl_7nlmb2>	<happenedOnDate>	"1976-06-04"^^xsd:date	1976.0604
<id_5i2zxk_u5f_yirf4a>	<id_rnie6u_oyl_1ddi11a>	<happenedOnDate>	"1868-05-17"^^xsd:date	1868.0517
<id_1wh02ws_1co_bjxm91>	<id_raxb2y_1ul_mgadd1>	<occursSince>	"2007-##-##"^^xsd:date	2007.0000
<id_1rndned_1cp_972940>	<id_u5jz8x_1ul_cqz7ks>	<occursUntil>	"2002-##-##"^^xsd:date	2002.0000
<id_h739qk_u5f_1sy8t8i>	<id_1ewqff9_oyl_2p1kvu>	<happenedOnDate>	"1666-08-27"^^xsd:date	1666.0827
<id_10qu6jp_1cp_1o8q8va>	<id_7f278p_1ul_biy06w>	<occursUntil>	"1975-##-##"^^xsd:date	1975.0000
<id_18t5j12_1co_972940>	<id_13yl4ox_1ul_vhftr6>	<occursSince>	"2002-##-##"^^xsd:date	2002.0000
<id_4cux8l_1cp_q8bwh2>	<id_10rdf17_1ul_q3mjkr>	<occursUntil>	"2008-##-##"^^xsd:date	2008.0000
<id_yc66ej_1cp_17qmow3>	<id_euw2ha_1ul_1ywg6fa>	<occursUntil>	"1961-##-##"^^xsd:date	1961.0000
<id_db5qtz_u5f_uc0sa1>	<id_1wx0ptz_oyl_lst4hp>	<happenedOnDate>	"1944-04-16"^^xsd:date	1944.0416
<id_mgnt17_1co_gqphl2>	<id_1o8e4tv_1ul_id7jec>	<occursSince>	"1964-##-##"^^xsd:date	1964.0000
<id_1bt4bhc_u5f_1q9y9ev>	<id_1ofijda_oyl_mfhg2>	<happenedOnDate>	"1988-08-18"^^xsd:date	1988.0818
<id_bk7eol_1cp_nvgjc1>	<id_a2dji4_1ul_1xkjz1b>	<occursUntil>	"2003-##-##"^^xsd:date	2003.0000
<id_1ak37t7_1cp_1o0j99p>	<id_1jdpuv6_1ul_hjuq69>	<occursUntil>	"1938-##-##"^^xsd:date	1938.0000
<id_1rp326r_1co_14wq6p3>	<id_1g5lxi0_1ul_3vbyqb>	<occursSince>	"2009-##-##"^^xsd:date	2009.0000
<id_195sha5_1co_hi2kki>	<id_180xvrh_1ul_up4s4z>	<occursSince>	"1993-##-##"^^xsd:date	1993.0000
<id_ls3r4n_u5f_fvs7om>	<id_b4bgq9_oyl_1u0cnaz>	<happenedOnDate>	"1980-02-19"^^xsd:date	1980.0219
<id_13xs83a_1cp_1evdqn2>	<id_1ts430z_1ul_15dg6i1>	<occursUntil>	"2000-##-##"^^xsd:date	2000.0000
<id_w0xgw5_1cp_1vwne04>	<id_drd1qk_1ul_11bmilp>	<occursUntil>	"2006-##-##"^^xsd:date	2006.0000
<id_16oafew_1co_x8t1k9>	<id_1az1su9_1ul_1a3gv99>	<occursSince>	"1978-##-##"^^xsd:date	1978.0000
<id_7i7bd4_1co_1kwat58>	<id_1tw3bml_16x_yiuumx>	<occursSince>	"1904-##-##"^^xsd:date	1904.0000
<id_in2eop_1co_1n6e23k>	<id_1oknudn_1ul_4hq1hq>	<occursSince>	"1991-##-##"^^xsd:date	1991.0000
<id_mavq9k_u5f_1npale1>	<id_10tx06w_oyl_1t9mpf7>	<happenedOnDate>	"1946-10-20"^^xsd:date	1946.1020
<id_146ltgb_1cp_gqphl2>	<id_1rx2d3d_1ul_1o9079r>	<occursUntil>	"1964-##-##"^^xsd:date	1964.0000
<id_1oeovix_1co_ncafy6>	<id_vigvkt_1ul_drixav>	<occursSince>	"2011-##-##"^^xsd:date	2011.0000
<id_11kbfj5_1co_1b2ski0>	<id_1moe0io_siu_1b2ski0>	<occursSince>	"1995-10-14"^^xsd:date	1995.1014
<id_1z07jyi_1co_120oq67>	<id_13diq49_1ul_s4eknf>	<occursSince>	"2012-##-##"^^xsd:date	2012.0000
<id_1lap6a7_1co_6gio04>	<id_16zbzlc_19y_vivozp>	<occursSince>	"1887-06-04"^^xsd:date	1887.0604
<id_2q09hd_u5f_1blip7o>	<id_ljy5ob_oyl_1bskt2s>	<happenedOnDate>	"1987-06-14"^^xsd:date	1987.0614
<id_crh1lw_u5f_1cnx1ze>	<id_1bj1j2z_oyl_10z3cih>	<happenedOnDate>	"1877-01-04"^^xsd:date	1877.0104
<id_wuvsc7_1cp_nvgjc1>	<id_awgqyy_1ul_ufpz9c>	<occursUntil>	"2003-##-##"^^xsd:date	2003.0000
<id_7lf10c_1co_1vwne04>	<id_197pv49_1ul_qnm5y0>	<occursSince>	"2006-##-##"^^xsd:date	2006.0000
<id_gjy8zn_1bu_1eq4vhv>	<id_1sakgsl_14p_9mfxrn>	<byTransport>	<Air_Europa>	
<id_1f911rf_1cp_1h893s3>	<id_earf1k_1ul_1kcw28g>	<occursUntil>	"2005-##-##"^^xsd:date	2005.0000
<id_1r1pvr_1co_1bx7bsa>	<id_lne9eu_1ul_dxeq9t>	<occursSince>	"1979-##-##"^^xsd:date	1979.0000
<id_1k9s5uo_1co_1bx7bsa>	<id_1q2dzqz_siu_1blynvx>	<occursSince>	"1979-##-##"^^xsd:date	1979.0000
<id_jw8xtl_1co_1be18ef>	<id_1s6oaa3_1ul_djmrwc>	<occursSince>	"1987-##-##"^^xsd:date	1987.0000
<id_wa6hmh_204_v8vboi>	<id_1wy7887_19y_1q74qru>	<hasPredecessor>	<Thomas_Charles_Scanlen>	
<id_1a437j5_1cp_nvgjc1>	<id_2fhz4y_1ul_r7yk36>	<occursUntil>	"2003-##-##"^^xsd:date	2003.0000
<id_1gm8tba_1cp_1npk5hf>	<id_akjf9p_19y_1jwkxp7>	<occursUntil>	"1983-##-##"^^xsd:date	1983.0000
<id_1w5j94g_1cp_8vu873>	<id_17acbfn_19y_nwc5io>	<occursUntil>	"2010-11-13"^^xsd:date	2010.1113
<id_olklrl_1cp_1l4hsqt>	<id_1xvndlv_16x_1tac2q5>	<occursUntil>	"1941-##-##"^^xsd:date	1941.0000
<id_85okjk_1cp_1tjs0v3>	<id_4haq04_1ul_1snmuxn>	<occursUntil>	"2001-##-##"^^xsd:date	2001.0000
<id_u05xl4_1co_1h893s3>	<id_oatiyg_1ul_r6t87z>	<occursSince>	"2005-##-##"^^xsd:date	2005.0000
<id_176rin8_1cp_5x6kck>	<id_qvv4qe_19y_1b74wxe>	<occursUntil>	"1989-05-##"^^xsd:date	1989.0500
<id_5lket5_1cp_njrwrb>	<id_pul92d_19y_1sr9swk>	<occursUntil>	"2011-06-10"^^xsd:date	2011.0610
<id_9bqk1t_1cp_972940>	<id_1jjt7sw_1ul_1207fpu>	<occursUntil>	"2002-##-##"^^xsd:date	2002.0000
<id_1nhinm_evc_i3u1w8>	<id_s6t77z_1xk_h1oldc>	<happenedIn>	<Washington,_D.C.>	
<id_1yzs6pq_1co_ncafy6>	<id_feqsvw_1ul_fufe>	<occursSince>	"2011-##-##"^^xsd:date	2011.0000
<id_1vdj06z_1cp_1n966a9>	<id_1klfvv3_1ul_3kiow9>	<occursUntil>	"1909-##-##"^^xsd:date	1909.0000
<id_mh6gev_evc_1wio54d>	<id_1jo6mhg_1xk_za4rn>	<happenedIn>	<Boston>	
<id_sp0o4l_u5f_1pilte4>	<id_1gc5k23_oyl_sdvlqs>	<happenedOnDate>	"1959-09-09"^^xsd:date	1959.0909
<id_axggm_1cp_16z9lwn>	<id_18hbw07_1ul_15lgefs>	<occursUntil>	"1932-##-##"^^xsd:date	1932.0000
<id_1xlzaf4_1bu_124m8sz>	<id_19305l9_14p_zjru2g>	<byTransport>	<Norwegian_Air_Shuttle>	
<id_15thuje_1co_17ifpai>	<id_h4fyv9_1ul_pjz8xj>	<occursSince>	"1924-##-##"^^xsd:date	1924.0000
<id_4yg4d0_1cp_1evdqn2>	<id_11y016w_1ul_idah4g>	<occursUntil>	"2000-##-##"^^xsd:date	2000.0000
<id_r0b3xj_u5f_1nec4jr>	<id_1fuj3g1_oyl_ftmmi5>	<happenedOnDate>	"1991-11-07"^^xsd:date	1991.1107
<id_17l78gb_u5f_1kkk9n0>	<id_e850no_oyl_1xvemz7>	<happenedOnDate>	"1912-03-28"^^xsd:date	1912.0328
<id_16waqc7_u5f_iry54u>	<id_wh245t_oyl_1le81sm>	<happenedOnDate>	"1977-09-21"^^xsd:date	1977.0921
<id_1sry5mt_x77_r74hkx>	<id_i2qcq0_19y_1xwtz0n>	<hasSuccessor>	<João_Havelange>	
<id_1ximb32_1cp_18hzrvj>	<id_fno6vz_1ul_e6f21s>	<occursUntil>	"1990-##-##"^^xsd:date	1990.0000
<id_tta7x0_u5f_1lcgi7e>	<id_2r6jng_oyl_1joowst>	<happenedOnDate>	"1941-12-17"^^xsd:date	1941.1217
<id_iorm5l_1cp_8nw5q5>	<id_16rw1gf_1ul_1r7824a>	<occursUntil>	"2010-##-##"^^xsd:date	2010.0000
<id_1gsps4w_1cp_dmh1gl>	<id_1qmgw3p_1ul_lidhve>	<occursUntil>	"1930-##-##"^^xsd:date	1930.0000
<id_1y273ic_1co_1o8q8va>	<id_1gnkwch_1ul_4pn0c8>	<occursSince>	"1975-##-##"^^xsd:date	1975.0000
<id_r9hmvx_u5f_5x8hnn>	<id_1yvf8rn_oyl_1c9fzek>	<happenedOnDate>	"1989-08-13"^^xsd:date	1989.0813
<id_1fkwjdk_1cp_56jnhi>	<id_hh4x06_1ul_1w38nkh>	<occursUntil>	"1997-##-##"^^xsd:date	1997.0000
<id_1tigojq_u5f_ta6h4a>	<id_1q1ps68_oyl_1xjr4m8>	<happenedOnDate>	"1960-11-08"^^xsd:date	1960.1108
<id_1amcik7_evc_kvjp3u>	<id_poz16g_1xk_18s8pwy>	<happenedIn>	<Hartford,_Connecticut>	
<id_1c7btiw_1co_unqotn>	<id_1gwjt84_1ul_nl16jl>	<occursSince>	"1936-##-##"^^xsd:date	1936.0000
<id_w6klx7_1cp_56jnhi>	<id_wu9ut8_1ul_1h7e6sq>	<occursUntil>	"1997-##-##"^^xsd:date	1997.0000
<id_1s6zdyd_u5f_z6avd>	<id_1g1kao4_oyl_1net3b>	<happenedOnDate>	"1942-01-15"^^xsd:date	1942.0115
<id_od2elk_evc_1t1te2a>	<id_u63pru_1xk_1au4c9b>	<happenedIn>	<Greensboro,_North_Carolina>	
<id_mpiasr_1cp_rs0zq>	<id_c8v6u_1ul_1ep1ys4>	<occursUntil>	"1942-##-##"^^xsd:date	1942.0000
<id_1ug5exf_1cp_yjc7xk>	<id_17gyna3_1ul_1qtj605>	<occursUntil>	"1999-##-##"^^xsd:date	1999.0000
<id_awlc68_1cp_12jutk2>	<id_17i5fzb_1ul_pyy1u6>	<occursUntil>	"2004-##-##"^^xsd:date	2004.0000
<id_1kpp497_1cp_fodatc>	<id_7hwgn7_1ul_1tudklf>	<occursUntil>	"1980-##-##"^^xsd:date	1980.0000
<id_mqjxeb_1cp_1q2fimg>	<id_1932zwl_1ul_u8i8h7>	<occursUntil>	"1988-##-##"^^xsd:date	1988.0000
<id_1wcroxb_1co_g7je77>	<id_1jb7lnj_1ul_13qh30e>	<occursSince>	"1972-##-##"^^xsd:date	1972.0000
<id_kda1gx_1co_2toach>	<id_1v0vmjg_1ul_1f3uosg>	<occursSince>	"1992-##-##"^^xsd:date	1992.0000
<id_1ffha07_1co_1vwne04>	<id_1xuo9xz_1ul_qhb1v7>	<occursSince>	"2006-##-##"^^xsd:date	2006.0000
<id_paztlo_1co_12jutk2>	<id_39eplc_1ul_1gh8tum>	<occursSince>	"2004-##-##"^^xsd:date	2004.0000
<id_aiy5fd_evc_1cb8ute>	<id_1v8pqa_1xk_hhj1p9>	<happenedIn>	<Istanbul>	
<id_uditkk_1co_120oq67>	<id_i9qlws_1ul_xdwicn>	<occursSince>	"2012-##-##"^^xsd:date	2012.0000
<id_1wdxly5_u5f_unmhou>	<id_1yiu5qj_oyl_1sxk3rw>	<happenedOnDate>	"1805-10-23"^^xsd:date	1805.1023
<id_13wq23c_1co_ncafy6>	<id_14ugtp2_1ul_1mffitx>	<occursSince>	"2011-##-##"^^xsd:date	2011.0000
<id_1u2a98f_1co_1h893s3>	<id_1vgbgbu_1ul_1mbb902>	<occursSince>	"2005-##-##"^^xsd:date	2005.0000
<id_rhj3d6_1cp_1915v9e>	<id_e6j7ur_1ul_tlgs3b>	<occursUntil>	"1982-##-##"^^xsd:date	1982.0000
<id_vpnnj5_evc_sv7exv>	<id_sof0zr_1xk_vml8n4>	<happenedIn>	<Ithaca,_New_York>	
<id_75yuzm_1co_bjxm91>	<id_qxp9qf_1ul_19h3c54>	<occursSince>	"2007-##-##"^^xsd:date	2007.0000
<id_c7ll7n_1co_1be18ef>	<id_1ttovek_1ul_15xrb2m>	<occursSince>	"1987-##-##"^^xsd:date	1987.0000
<id_1h66zow_1co_q8bwh2>	<id_1unlxqj_1ul_13prwn6>	<occursSince>	"2008-##-##"^^xsd:date	2008.0000
<id_3rlyvk_1co_1be18ef>	<id_qquxm7_1ul_gu934w>	<occursSince>	"1987-##-##"^^xsd:date	1987.0000
<id_p27kc1_1co_56jnhi>	<id_jkfbyi_1ul_1dw3mwo>	<occursSince>	"1997-##-##"^^xsd:date	1997.0000
<id_14h7vbs_1co_ta744j>	<id_1femxhx_siu_ta744j>	<occursSince>	"1960-12-13"^^xsd:date	1960.1213
<id_12c1p5g_u5f_t1fox9>	<id_1t4wwgm_oyl_567t7d>	<happenedOnDate>	"1923-01-05"^^xsd:date	1923.0105
<id_oy5ld7_1co_ncafy6>	<id_1ten18e_1ul_1d95imf>	<occursSince>	"2011-##-##"^^xsd:date	2011.0000
<id_1w3y9um_u5f_1r36h1>	<id_xa50g5_oyl_ak2loc>	<happenedOnDate>	"1971-11-25"^^xsd:date	1971.1125
<id_154vdo5_1co_1nhd5vu>	<id_lh1elh_1ul_15jmcml>	<occursSince>	"1946-##-##"^^xsd:date	1946.0000
<id_1qzh7nb_1co_5e0haa>	<id_sshrby_19y_mjqrvg>	<occursSince>	"1997-05-01"^^xsd:date	1997.0501
<id_1kiolmp_1cp_8nw5q5>	<id_16fesdz_1ul_yrvdaf>	<occursUntil>	"2010-##-##"^^xsd:date	2010.0000
<id_9zxaju_evc_1wkcj00>	<id_vg4nm9_1xk_18h8z39>	<happenedIn>	<Bruges>	
<id_z3wr25_1co_q8bwh2>	<id_1jjot8j_1ul_h02so1>	<occursSince>	"2008-##-##"^^xsd:date	2008.0000
<id_6rqkz1_1co_su1f2h>	<id_gc4wkj_1ul_13rj8il>	<occursSince>	"1923-##-##"^^xsd:date	1923.0000
<id_ydex3s_1co_q8bwh2>	<id_10vtatc_1ul_gwv9x6>	<occursSince>	"2008-##-##"^^xsd:date	2008.0000
<id_rcqwqi_u5f_18ph8pj>	<id_1jfv8yq_oyl_1j00ai>	<happenedOnDate>	"1990-06-20"^^xsd:date	1990.0620
<id_1e4x371_1bu_xc0fjo>	<id_185gp4m_14p_3yncdq>	<byTransport>	<Icelandair>	
<id_1l10p93_1co_ncafy6>	<id_3flfkw_1ul_akal0y>	<occursSince>	"2011-##-##"^^xsd:date	2011.0000
<id_dshjhd_1co_hi2kki>	<id_tai1ej_1ul_ragr4c>	<occursSince>	"1993-##-##"^^xsd:date	1993.0000
<id_ktt5yf_u5f_1ndu8xt>	<id_1crdl3a_oyl_z1ygv>	<happenedOnDate>	"1991-04-16"^^xsd:date	1991.0416
<id_12aznm0_1co_972940>	<id_i610g3_1ul_vggnsi>	<occursSince>	"2002-##-##"^^xsd:date	2002.0000
<id_e4jl1l_1cp_ncafy6>	<id_1sez9gk_1ul_1xc40m>	<occursUntil>	"2011-##-##"^^xsd:date	2011.0000
<id_1dj5jua_1cp_1ngkg50>	<id_1706ca7_19y_1oxpl66>	<occursUntil>	"1909-01-04"^^xsd:date	1909.0104
<id_d0bwgq_1co_bjxm91>	<id_1plsfpp_1ul_1gohrfw>	<occursSince>	"2007-##-##"^^xsd:date	2007.0000
<id_e49u1j_1co_1h893s3>	<id_1i87pne_1ul_upfg9j>	<occursSince>	"2005-##-##"^^xsd:date	2005.0000
<id_lxeadq_1co_juxxpj>	<id_1qatjg0_1ul_1y52x0e>	<occursSince>	"1998-##-##"^^xsd:date	1998.0000
<id_radvxu_1cp_bjxm91>	<id_abp9bo_1ul_1mvxmdb>	<occursUntil>	"2007-##-##"^^xsd:date	2007.0000
<id_rip3ib_1co_1h893s3>	<id_x6eebi_1ul_1v33yie>	<occursSince>	"2005-##-##"^^xsd:date	2005.0000
<id_4g5kvm_1co_ey0a>	<id_105yjbt_1s2_xh81eu>	<occursSince>	"1913-##-##"^^xsd:date	1913.0000
<id_d0k8bm_1co_12jutk2>	<id_1hns4w9_1ul_111z0i>	<occursSince>	"2004-##-##"^^xsd:date	2004.0000
<id_13yau5e_1cp_q8bwh2>	<id_ykb65o_1ul_1p5s37u>	<occursUntil>	"2008-##-##"^^xsd:date	2008.0000
<id_1k4sdb7_1co_juxxpj>	<id_15d4ih7_1ul_1q573nv>	<occursSince>	"1998-##-##"^^xsd:date	1998.0000
<id_93cc3a_1cp_1lvmlmt>	<id_1gtn2n_19y_jj8v9t>	<occursUntil>	"1933-12-31"^^xsd:date	1933.1231
<id_k8x3jp_1cp_8nw5q5>	<id_19ah5rq_1ul_1h9s5kq>	<occursUntil>	"2010-##-##"^^xsd:date	2010.0000
<id_11xc7mp_1cp_1be18ef>	<id_1vqmq2u_1ul_11e5i9h>	<occursUntil>	"1987-##-##"^^xsd:date	1987.0000
<id_1mnoq3h_evc_153scop>	<id_nymo9j_1xk_gy88e8>	<happenedIn>	<Scottsbluff,_Nebraska>	
<id_1pljhw2_1co_h9vkyx>	<id_k2in77_1ul_12vdcpt>	<occursSince>	"1956-##-##"^^xsd:date	1956.0000
<id_1mhddq5_1cp_dmh1gl>	<id_2o5hpp_1ul_17liwfq>	<occursUntil>	"1930-##-##"^^xsd:date	1930.0000
<id_p910p_1bu_1ggkn7v>	<id_xshyn9_14p_176r6gr>	<byTransport>	<Kenya_Airways>	
<id_jkmlo3_u5f_1lnnw4o>	<id_krfz97_oyl_192rkkz>	<happenedOnDate>	"1933-##-##"^^xsd:date	1933.0000
<id_ab126c_1cp_1evdqn2>	<id_m9ijoc_1ul_t9tg2m>	<occursUntil>	"2000-##-##"^^xsd:date	2000.0000
<id_1jfpyjq_1co_1h893s3>	<id_1m8pth2_1ul_gw0w8w>	<occursSince>	"2005-##-##"^^xsd:date	2005.0000
<id_tdhe9f_evc_elnwn6>	<id_1n1a32r_1xk_16nkzc6>	<happenedIn>	<Liverpool>	
<id_1rfsv91_evc_zk2qwl>	<id_pg08yh_1xk_5xogb4>	<happenedIn>	<Rome>	
<id_xfofep_1co_14wq6p3>	<id_5i9syh_1ul_1o6m391>	<occursSince>	"2009-##-##"^^xsd:date	2009.0000
<id_145grw9_1co_14wq6p3>	<id_p799po_1ul_vqdc1d>	<occursSince>	"2009-##-##"^^xsd:date	2009.0000
<id_ql0nk8_u5f_1l49iks>	<id_1u1ykl7_oyl_740spb>	<happenedOnDate>	"1904-12-01"^^xsd:date	1904.1201
<id_1sl72ua_1co_1vwne04>	<id_bt9rds_1ul_1ude2d1>	<occursSince>	"2006-##-##"^^xsd:date	2006.0000
<id_12ygsza_1co_1evdqn2>	<id_1j57i61_1ul_8fqg89>	<occursSince>	"2000-##-##"^^xsd:date	2000.0000
<id_8bq15i_1co_w6gusj>	<id_xjixol_1ul_1coa4ga>	<occursSince>	"1994-##-##"^^xsd:date	1994.0000
<id_n4jym4_evc_4vl34g>	<id_lrzfq9_1xk_17y62n7>	<happenedIn>	<Othello,_Washington>	
<id_zyzqvu_u5f_i8rerh>	<id_1us8j42_oyl_5ojwas>	<happenedOnDate>	"1985-08-22"^^xsd:date	1985.0822
<id_19hpdzx_1co_8nw5q5>	<id_lbmsao_1ul_vctpe1>	<occursSince>	"2010-##-##"^^xsd:date	2010.0000
<id_1ohwsu0_1cp_hpirdu>	<id_1sq22td_19y_19j8gqj>	<occursUntil>	"1993-04-04"^^xsd:date	1993.0404
<id_1tbuye8_1cp_2dab5b>	<id_19ehyvl_1ul_10ao78d>	<occursUntil>	"1918-##-##"^^xsd:date	1918.0000
<id_2bmwi7_1bu_d2nj04>	<id_11i6u3o_14p_1xsay4p>	<byTransport>	<TAM_Airlines>	
<id_1s5dw3b_1co_8nw5q5>	<id_1pho9rw_1ul_1ipzzyz>	<occursSince>	"2010-##-##"^^xsd:date	2010.0000
<id_1eyf5at_1co_972940>	<id_opcy7n_1ul_1ru1ita>	<occursSince>	"2002-##-##"^^xsd:date	2002.0000
<id_8ju8mr_1co_q8bwh2>	<id_1d186qh_1ul_9y0y3v>	<occursSince>	"2008-##-##"^^xsd:date	2008.0000
<id_kut2k6_1co_1w42xtx>	<id_7w5p5s_siu_1w42xtx>	<occursSince>	"2006-03-04"^^xsd:date	2006.0304
<id_1p7dk1u_u5f_vmioni>	<id_p5zjxb_oyl_1h6euf2>	<happenedOnDate>	"1965-02-09"^^xsd:date	1965.0209
<id_13rgjkm_1co_1m6tzij>	<id_15ym5zg_1ul_10j3bd0>	<occursSince>	"1925-##-##"^^xsd:date	1925.0000
<id_9s4ajp_1co_14wq6p3>	<id_13w08cq_1ul_1p5s37u>	<occursSince>	"2009-##-##"^^xsd:date	2009.0000
<id_14ln02o_1co_56jnhi>	<id_17jiu6i_1ul_1kqd22d>	<occursSince>	"1997-##-##"^^xsd:date	1997.0000
<id_1qz3n5y_1co_bjxm91>	<id_12tzxfj_1ul_cdyldq>	<occursSince>	"2007-##-##"^^xsd:date	2007.0000
<id_xy6vkd_1co_12jutk2>	<id_8izpbl_1ul_1ub30d7>	<occursSince>	"2004-##-##"^^xsd:date	2004.0000
<id_t9oshe_1co_fodatc>	<id_ane9gv_1ul_1p5s37u>	<occursSince>	"1980-##-##"^^xsd:date	1980.0000
<id_ruuiyh_evc_15as1xb>	<id_cna7mf_1xk_1nx1mca>	<happenedIn>	<Tilburg>	
<id_8afl82_1co_wpmy6e>	<id_1576ya9_1ul_yyc25l>	<occursSince>	"1986-##-##"^^xsd:date	1986.0000
<id_yikr9w_evc_1q0gfwr>	<id_1k4a3in_1xk_g1hgj>	<happenedIn>	<Jacksonville,_Florida>	
<id_3d1cgg_1co_1vwne04>	<id_d9w1da_ab2_1nclfta>	<occursSince>	"2006-##-##"^^xsd:date	2006.0000
<id_a6pgzt_1co_q8bwh2>	<id_woa1nz_1ul_1i7160s>	<occursSince>	"2008-##-##"^^xsd:date	2008.0000
<id_lfc1ys_1co_1w42auh>	<id_1jf8n1r_19y_91cv2n>	<occursSince>	"2006-02-07"^^xsd:date	2006.0207
<id_vhdaoh_1co_bjxm91>	<id_zciw62_1ul_12xdl7h>	<occursSince>	"2007-##-##"^^xsd:date	2007.0000
<id_h9s4pr_1co_1vwne04>	<id_1j10t03_1ul_17ir3cy>	<occursSince>	"2006-##-##"^^xsd:date	2006.0000
<id_1fgbk6h_1cp_1h893s3>	<id_1b1352w_1ul_13q32i7>	<occursUntil>	"2005-##-##"^^xsd:date	2005.0000
<id_6ltl4t_1co_1tjs0v3>	<id_1ewdgch_1ul_1902d7i>	<occursSince>	"2001-##-##"^^xsd:date	2001.0000
<id_m0mudz_1co_bjxm91>	<id_1escmjr_1ul_jc0k8r>	<occursSince>	"2007-##-##"^^xsd:date	2007.0000
<id_1dqlspv_1cp_yjc7xk>	<id_ljwosd_1ul_8sjjur>	<occursUntil>	"1999-##-##"^^xsd:date	1999.0000
<id_17ekkql_u5f_1m3dmip>	<id_75duho_oyl_1mnx11e>	<happenedOnDate>	"1970-08-19"^^xsd:date	1970.0819
<id_193ag8i_1co_nvgjc1>	<id_1nc8aui_1ul_16xoh3p>	<occursSince>	"2003-##-##"^^xsd:date	2003.0000
<id_9oraqx_204_1xoxrvd>	<id_1lv2s3a_19y_zxj0tr>	<hasPredecessor>	<John_O'Leary_(Kerry_politician)>	
<id_5p878j_1co_twdlu7>	<id_17yz6mh_1ul_b0fv1f>	<occursSince>	"1907-##-##"^^xsd:date	1907.0000
<id_1nbodzs_evc_1oovj6e>	<id_ghige4_1xk_1oztrpv>	<happenedIn>	<St._Louis,_Missouri>	
<id_10is7a8_1co_hi2kki>	<id_eynuo3_1ul_1g0rcjr>	<occursSince>	"1993-##-##"^^xsd:date	1993.0000
<id_9dhzqx_1co_ncafy6>	<id_6b6v0h_1ul_zill51>	<occursSince>	"2011-##-##"^^xsd:date	2011.0000
<id_9at0q0_1cp_1vwne04>	<id_us9a8v_1ul_1lev0zl>	<occursUntil>	"2006-##-##"^^xsd:date	2006.0000
<id_12dz9p8_evc_4tm7la>	<id_lvdrmj_1xk_18l2lz8>	<happenedIn>	<Arad,_Romania>	
<id_1bb9gz4_1cp_1vwne04>	<id_urcpcg_1ul_12jsgb9>	<occursUntil>	"2006-##-##"^^xsd:date	2006.0000
<id_g0bv2k_evc_1b4oslt>	<id_1hrbfj2_1xk_1nwz2bs>	<happenedIn>	<Monterrey>	
<id_12s829b_evc_1h9xyha>	<id_16ugiis_1xk_17pyg3l>	<happenedIn>	<Everly,_Iowa>	
<id_bq537m_evc_17flknh>	<id_20wm3u_1xk_ta6h5x>	<happenedIn>	<Augusta,_Georgia>	
<id_d39o67_1cp_nvgjc1>	<id_1b9kiaa_1ul_1m0itcw>	<occursUntil>	"2003-##-##"^^xsd:date	2003.0000
<id_1rg1uxv_1co_5pv3tv>	<id_2d7m84_1ul_tam20s>	<occursSince>	"1895-##-##"^^xsd:date	1895.0000
<id_atvmo_204_syghf5>	<id_1tosn1b_19y_rnk0ek>	<hasPredecessor>	<Lester_Bird>	
<id_125bfdj_evc_27wsag>	<id_11enbsu_1xk_gy8vei>	<happenedIn>	<London>	
<id_1eej59u_1cp_972940>	<id_l8nbh6_1ul_k36aw2>	<occursUntil>	"2002-##-##"^^xsd:date	2002.0000
<id_1e2klau_204_1qynrmf>	<id_55e8hr_19y_1j3o612>	<hasPredecessor>	<Francis_Maude>	
<id_18mi92_u5f_jb11je>	<id_1l4grzn_oyl_a7rgvi>	<happenedOnDate>	"1969-04-03"^^xsd:date	1969.0403
<id_194iow2_1co_8nw5q5>	<id_gdso1t_1ul_1lghslm>	<occursSince>	"2010-##-##"^^xsd:date	2010.0000
<id_6ajfod_evc_4colsa>	<id_1c5wjhv_1xk_w5q215>	<happenedIn>	<Chicago>	
<id_1wi5yzn_u5f_3k9xlv>	<id_g3rjpo_oyl_10q4ixi>	<happenedOnDate>	"1984-03-24"^^xsd:date	1984.0324
<id_h8utw9_1co_q8bwh2>	<id_1ay9ap0_1ul_423hda>	<occursSince>	"2008-##-##"^^xsd:date	2008.0000
<id_1gjps41_evc_14du7po>	<id_c044_1xk_jb2yi2>	<happenedIn>	<Boise,_Idaho>	
<id_oz2y0r_u5f_16nkzb8>	<id_p73f57_oyl_1ftz9qj>	<happenedOnDate>	"1940-06-06"^^xsd:date	1940.0606
<id_1lj7r7e_1co_1tjs0v3>	<id_11grc9s_ab2_1nr6516>	<occursSince>	"2001-##-##"^^xsd:date	2001.0000
<id_1digtcn_evc_10q082k>	<id_ii0ick_1xk_uci0wd>	<happenedIn>	<Kyoto>	
<id_1rp8ldp_u5f_u4geb5>	<id_1s5clex_oyl_1y2i7lb>	<happenedOnDate>	"1813-10-29"^^xsd:date	1813.1029
<id_x39thu_1co_1b2byu9>	<id_z0qq83_siu_1b2byu9>	<occursSince>	"1995-05-13"^^xsd:date	1995.0513
<id_1rp2rzr_1cp_1pj9f8l>	<id_16a3twq_1ul_1tjr2d7>	<occursUntil>	"1996-##-##"^^xsd:date	1996.0000
<id_1ad4nwl_1co_1h893s3>	<id_155vjkv_1ul_mpt2tn>	<occursSince>	"2005-##-##"^^xsd:date	2005.0000
<id_tuc7jc_u5f_1am1fnu>	<id_1xzqenf_oyl_1i3uobv>	<happenedOnDate>	"1827-02-22"^^xsd:date	1827.0222
<id_11fd1ux_1cp_nk8iea>	<id_1k21n6_19y_64wpis>	<occursUntil>	"2011-11-04"^^xsd:date	2011.1104
<id_iag9v6_1co_bjxm91>	<id_gotz15_1ul_5mpu3h>	<occursSince>	"2007-##-##"^^xsd:date	2007.0000
<id_17esqbc_1co_d2ivbd>	<id_1w9o7o7_1xk_d2ivbd>	<occursSince>	"1901-02-02"^^xsd:date	1901.0202
<id_3el1nq_1bu_2gykj8>	<id_1n1c4bn_14p_atb5ws>	<byTransport>	<Volotea>	
<id_q6qfnc_1bu_1jmqtkd>	<id_w2u45x_14p_10u7xrc>	<byTransport>	<Gazpromavia>	
<id_160btb3_1cp_ncafy6>	<id_8nj0zm_1ul_1tbl0cb>	<occursUntil>	"2011-##-##"^^xsd:date	2011.0000
<id_1cxjhco_u5f_wowsdm>	<id_1jm3lfj_oyl_10334hz>	<happenedOnDate>	"1949-05-02"^^xsd:date	1949.0502
<id_hvoki9_1cp_q8bwh2>	<id_1k1jsqb_1ul_1koox62>	<occursUntil>	"2008-##-##"^^xsd:date	2008.0000
<id_1v29oqi_1cp_qg9bxo>	<id_ud27u5_19y_1a0azaw>	<occursUntil>	"2008-10-05"^^xsd:date	2008.1005
<id_1in3kkg_1co_5e0hab>	<id_ytygct_19y_y29ei5>	<occursSince>	"1997-05-02"^^xsd:date	1997.0502
<id_1e7bjgw_evc_mefn83>	<id_1mel46f_1xk_1aayvu4>	<happenedIn>	<Belo_Horizonte>	
<id_jgwm94_1bu_lvel6q>	<id_5pzryk_14p_10axfmm>	<byTransport>	<JetBlue_Airways>	
<id_1044fba_1co_1lddo80>	<id_14d3j6j_1ul_oxa54o>	<occursSince>	"0000-##-##"^^xsd:date	0000.0000
<id_y2vi7q_1co_yjc7xk>	<id_1c6vomi_1ul_14nv2rb>	<occursSince>	"1999-##-##"^^xsd:date	1999.0000
<id_1k3tu6a_u5f_juv0jt>	<id_20twl3_oyl_74xyui>	<happenedOnDate>	"1867-12-24"^^xsd:date	1867.1224
<id_8cb36e_evc_1wd5e4i>	<id_1w8kq8t_1xk_fvvel9>	<happenedIn>	<Berlin>	
<id_14jjjc1_1bu_qr0sd4>	<id_1sakgsl_14p_lbzc7x>	<byTransport>	<Vueling_Airlines>	
<id_1s4fpja_evc_r3wgo8>	<id_64pm5l_1xk_1n6b4w6>	<happenedIn>	<Nolinsk>	
<id_1ew8hco_1cp_17qmow3>	<id_oseena_1ul_1chnt9p>	<occursUntil>	"1961-##-##"^^xsd:date	1961.0000
<id_pa0mp8_1cp_njr9qz>	<id_a4fltz_19y_1iord6c>	<occursUntil>	"2011-05-02"^^xsd:date	2011.0502
<id_jv8pub_1co_1vwne04>	<id_22zdvz_1ul_u9fs8v>	<occursSince>	"2006-##-##"^^xsd:date	2006.0000
<id_17pcgbj_evc_567t7d>	<id_1gspyof_1xk_1m3ccir>	<happenedIn>	<Buenos_Aires>	
<id_f469he_1co_ncafy6>	<id_192hxnv_1ul_1tjr2d7>	<occursSince>	"2011-##-##"^^xsd:date	2011.0000
<id_p7vgux_1cp_1h893s3>	<id_xzy1fx_1ul_crkggo>	<occursUntil>	"2005-##-##"^^xsd:date	2005.0000
<id_o7g6jm_1co_q8bwh2>	<id_8kay7z_1ul_1tpqqwp>	<occursSince>	"2008-##-##"^^xsd:date	2008.0000
<id_1ymex65_1cp_56jnhi>	<id_1k8g5h0_1ul_2xwvtv>	<occursUntil>	"1997-##-##"^^xsd:date	1997.0000
<id_1pz9lqm_1co_2toach>	<id_1lm0a2y_1ul_xplcgv>	<occursSince>	"1992-##-##"^^xsd:date	1992.0000
<id_1fba22q_1co_1tjs0v3>	<id_1btnl8i_1ul_1gh6isx>	<occursSince>	"2001-##-##"^^xsd:date	2001.0000
<id_17057d7_u5f_1kko3j3>	<id_1t0w6yu_oyl_1wd5e4i>	<happenedOnDate>	"1912-09-10"^^xsd:date	1912.0910
<id_bsbukj_evc_n2w2ob>	<id_e8aji3_1xk_hpi4ee>	<happenedIn>	<Barcelona>	
<id_4wfd8t_u5f_i8nkso>	<id_1rshfdz_oyl_cbwm8v>	<happenedOnDate>	"1985-02-05"^^xsd:date	1985.0205
<id_1uso018_1co_14wq6p3>	<id_1hf7phi_1ul_tuxwz5>	<occursSince>	"2009-##-##"^^xsd:date	2009.0000
<id_ehzlix_1co_1pj9f8l>	<id_1kiwsxl_1ul_3varfp>	<occursSince>	"1996-##-##"^^xsd:date	1996.0000
<id_8qaf85_1co_12jutk2>	<id_hocm9t_1ul_1kqqwig>	<occursSince>	"2004-##-##"^^xsd:date	2004.0000
<id_1yc12u1_1cp_q8bwh2>	<id_1i8d6d_1ul_vs03x1>	<occursUntil>	"2008-##-##"^^xsd:date	2008.0000
<id_b24t1v_u5f_1pir6eb>	<id_1n00bs2_oyl_1usrgva>	<happenedOnDate>	"1865-09-28"^^xsd:date	1865.0928
<id_bguet6_evc_1wjtuf4>	<id_1mt64uz_1xk_1nwyfc9>	<happenedIn>	<Los_Angeles>	
<id_19go2uy_evc_1dgefy9>	<id_2bkzxf_1xk_15w5ze0>	<happenedIn>	<Rio_de_Janeiro>	
<id_1bny0th_1cp_12jutk2>	<id_u9i2e8_1ul_veeet8>	<occursUntil>	"2004-##-##"^^xsd:date	2004.0000
<id_k2ntdc_1cp_bjxm91>	<id_z7nyk5_1ul_gj6fz7>	<occursUntil>	"2007-##-##"^^xsd:date	2007.0000
<id_1c1uluk_u5f_198om0t>	<id_1aqpnah_oyl_1swr3uu>	<happenedOnDate>	"1982-08-03"^^xsd:date	1982.0803
<id_lv88o6_1cp_wdzlln>	<id_br22sb_19y_1swhwe1>	<occursUntil>	"1994-08-22"^^xsd:date	1994.0822
<id_fjxoku_1cp_1vwne04>	<id_102enmb_1ul_16j1u3a>	<occursUntil>	"2006-##-##"^^xsd:date	2006.0000
<id_1a4f6z7_x77_t2dzry>	<id_xrorx8_19y_wohw4t>	<hasSuccessor>	<Marilyn_More>	
<id_ogl1do_1cp_3cudqc>	<id_1dir42i_1ul_2x408g>	<occursUntil>	"1984-##-##"^^xsd:date	1984.0000
<id_1arhrjw_1cp_v6ws7i>	<id_1f4a3gx_1ul_1p5s37u>	<occursUntil>	"1928-##-##"^^xsd:date	1928.0000
<id_6hetwx_1co_14wq6p3>	<id_1xb8mtb_1ul_nw4awv>	<occursSince>	"2009-##-##"^^xsd:date	2009.0000
<id_1wzgti5_1co_nd2yg2>	<id_10tzej3_1xk_nd2yg2>	<occursSince>	"1304-04-##"^^xsd:date	1304.0400
<id_1f8sf5h_1co_8nw5q5>	<id_1lwdh3s_1ul_18a0cac>	<occursSince>	"2010-##-##"^^xsd:date	2010.0000
<id_dl6hal_u5f_u3ufn0>	<id_1txk7am_oyl_4colsa>	<happenedOnDate>	"1907-05-02"^^xsd:date	1907.0502
<id_1qhdglz_evc_vbaism>	<id_14mpfp_1xk_tkoz9h>	<happenedIn>	<Montreal>	
<id_vl8msb_1bu_112po92>	<id_ohdogh_14p_gtdmli>	<byTransport>	<Roblex_Aviation>	
<id_107dbjx_204_13edqzf>	<id_x94958_19y_1beybs3>	<hasPredecessor>	<Salva_Kiir_Mayardit>	
<id_cdeilu_1co_q8bwh2>	<id_1cm60aw_1ul_47lfpv>	<occursSince>	"2008-##-##"^^xsd:date	2008.0000
<id_1tavpx_1co_wpmy6e>	<id_1ar8ikb_1ul_nl16jl>	<occursSince>	"1986-##-##"^^xsd:date	1986.0000
<id_1djznrb_1co_1o8q8va>	<id_1htpci4_1ul_20obby>	<occursSince>	"1975-##-##"^^xsd:date	1975.0000
<id_1x2nerj_1co_972940>	<id_20v9os_1ul_1fb1nuw>	<occursSince>	"2002-##-##"^^xsd:date	2002.0000
<id_xg3cj2_1cp_34ne4r>	<id_12u9c9s_1ul_6o8bnw>	<occursUntil>	"1947-##-##"^^xsd:date	1947.0000
<id_1acvy0j_evc_14106og>	<id_snyj9i_1xk_1pikjgk>	<happenedIn>	<Brisbane>	
<id_fkmxb4_u5f_198om3b>	<id_1bkymm8_oyl_5ojwas>	<happenedOnDate>	"1982-08-30"^^xsd:date	1982.0830
<id_lsf65j_u5f_i8rept>	<id_1yuftl_oyl_4fllxf>	<happenedOnDate>	"1985-08-04"^^xsd:date	1985.0804
<id_27o2dv_1co_1tjs0v3>	<id_cnfykd_1ul_1koxa3c>	<occursSince>	"2001-##-##"^^xsd:date	2001.0000
<id_enmw7r_evc_1f09r6>	<id_68zs8z_1xk_4mooch>	<happenedIn>	<Redlands,_California>	
<id_1f0amj_1co_vn2h9n>	<id_1h3gcm0_siu_vn2h9n>	<occursSince>	"1965-12-16"^^xsd:date	1965.1216
<id_1q0unis_u5f_1mmfvye>	<id_rtmm0q_oyl_el926u>	<happenedOnDate>	"1962-02-04"^^xsd:date	1962.0204
<id_1mt8gxz_1bu_b705jg>	<id_1e5abse_14p_1ga2v1j>	<byTransport>	<Air_New_Zealand_Link>	
<id_3ku5rt_1co_8nw5q5>	<id_s61krw_1ul_xdwicn>	<occursSince>	"2010-##-##"^^xsd:date	2010.0000
<id_gystxr_1co_14wq6p3>	<id_1xcfqs2_1ul_iq79gx>	<occursSince>	"2009-##-##"^^xsd:date	2009.0000
<id_18fvya8_1cp_ex07tw>	<id_1oyqr4l_1ul_r5pk8d>	<occursUntil>	"1951-##-##"^^xsd:date	1951.0000
<id_1k3242a_1co_8nw5q5>	<id_1kfsfuh_1ul_6llf82>	<occursSince>	"2010-##-##"^^xsd:date	2010.0000
<id_1drr5os_1cp_ncafy6>	<id_knqy77_1ul_15lgefs>	<occursUntil>	"2011-##-##"^^xsd:date	2011.0000
<id_19dsvz0_1co_i18nyd>	<id_10jboa2_1ul_1nsq0tl>	<occursSince>	"1985-##-##"^^xsd:date	1985.0000
<id_jm3w9k_evc_a05pgy>	<id_kvaf8w_1xk_19rzfdm>	<happenedIn>	<Winchester>	
<id_1pudjq8_evc_5ojwas>	<id_fshdfr_1xk_17px64m>	<happenedIn>	<Sydney>	
<id_116uhey_x77_196auxy>	<id_pxjuao_19y_vivozp>	<hasSuccessor>	<Enrique_Olaya_Herrera>	
<id_1qsbqk5_1cp_hi2kki>	<id_1t11x1v_1ul_1obvd3v>	<occursUntil>	"1993-##-##"^^xsd:date	1993.0000
<id_cvek4a_evc_1swr3uu>	<id_h9cnsj_1xk_h97z58>	<happenedIn>	<Edmonton>	
<id_x0coi0_1co_g7je77>	<id_5ecp52_1ul_12tevgc>	<occursSince>	"1972-##-##"^^xsd:date	1972.0000
<id_1adk0pn_1co_14wq6p3>	<id_1mis4gn_1ul_1rlxmtt>	<occursSince>	"2009-##-##"^^xsd:date	2009.0000
<id_xo4gg7_204_1jtfok3>	<id_1u2ldbu_19y_n0gtww>	<hasPredecessor>	<Bob_Runciman>	
<id_1adpmf5_1co_hi2kki>	<id_pank5x_1ul_11dfc2s>	<occursSince>	"1993-##-##"^^xsd:date	1993.0000
<id_1jxptnk_1cp_1vwne04>	<id_1c0wkde_1ul_1p9njuf>	<occursUntil>	"2006-##-##"^^xsd:date	2006.0000
<id_7gz9nn_1cp_1q2fimg>	<id_jcgqn_1ul_dkp84y>	<occursUntil>	"1988-##-##"^^xsd:date	1988.0000
<id_7ibwvz_1co_1h893s3>	<id_nonyi9_1ul_1yg9ir8>	<occursSince>	"2005-##-##"^^xsd:date	2005.0000
<id_m8sldt_1bu_5bayks>	<id_1bj4sz5_14p_nwdeav>	<byTransport>	<Qantas_Freight>	
<id_gujhzh_1co_gqphl2>	<id_1s88szo_1ul_176img4>	<occursSince>	"1964-##-##"^^xsd:date	1964.0000
<id_miixh7_u5f_ukqain>	<id_bkkauw_oyl_11xzgdq>	<happenedOnDate>	"1981-12-21"^^xsd:date	1981.1221
<id_53jimc_evc_27wsag>	<id_1y16fxy_1xk_jbia8h>	<happenedIn>	<London>	
<id_udhk38_1bu_1pjlscs>	<id_g9ddw4_14p_1ktvl68>	<byTransport>	<Lufthansa>	
<id_13wy_1co_1evdqn2>	<id_t6cnzv_1ul_1tqadm7>	<occursSince>	"2000-##-##"^^xsd:date	2000.0000
<id_1d266pi_1co_1vwne04>	<id_6c6fdy_1ul_aswj1b>	<occursSince>	"2006-##-##"^^xsd:date	2006.0000
<id_15qsg0e_1co_1h893s3>	<id_ihdd89_1ul_1plwl4r>	<occursSince>	"2005-##-##"^^xsd:date	2005.0000
<id_1fv6xip_204_1y3unx8>	<id_eml46f_19y_1pueple>	<hasPredecessor>	<David_Young_(Ontario_politician)>	
<id_1puj5vi_1cp_hi2kki>	<id_1bh8o93_1ul_ub98dd>	<occursUntil>	"1993-##-##"^^xsd:date	1993.0000
<id_3v3xuf_1cp_16z9lwn>	<id_ba1ngd_1ul_1hde83c>	<occursUntil>	"1932-##-##"^^xsd:date	1932.0000
<id_1jl1miq_1co_1evdqn2>	<id_3kwm44_1ul_1r1mvl9>	<occursSince>	"2000-##-##"^^xsd:date	2000.0000
<id_52lm2t_1co_nvgjc1>	<id_d39dyl_1ul_1wn3fsb>	<occursSince>	"2003-##-##"^^xsd:date	2003.0000
<id_1ca85um_1cp_1vwne04>	<id_1vp7gvs_1ul_1pbpru0>	<occursUntil>	"2006-##-##"^^xsd:date	2006.0000
<id_15ri2wu_1cp_vy9v6y>	<id_1ltcu07_1ul_aswj1b>	<occursUntil>	"1957-##-##"^^xsd:date	1957.0000
<id_1vmv9mc_evc_hs9ml7>	<id_19z14vu_1xk_1pip9fq>	<happenedIn>	<Detroit>	
<id_1nv63ex_evc_1nbytdx>	<id_1c0ifhx_1xk_190hmg6>	<happenedIn>	<Belfast>	
<id_b8knc6_1cp_1h893s3>	<id_ennq6u_19y_1kigd91>	<occursUntil>	"2005-##-##"^^xsd:date	2005.0000
<id_hmjl80_1co_1tjs0v3>	<id_7606y9_1ul_5vtts5>	<occursSince>	"2001-##-##"^^xsd:date	2001.0000
<id_4iqroc_evc_12et2h2>	<id_17dz88v_1xk_198nc3n>	<happenedIn>	<Thousand_Oaks,_California>	
<id_1eb8ilj_1cp_1tr7kp0>	<id_13agb6e_19y_1b7hkio>	<occursUntil>	"2001-03-08"^^xsd:date	2001.0308
<id_1lhlj07_1co_1n6e23k>	<id_8exl0j_1ul_zjz2xp>	<occursSince>	"1991-##-##"^^xsd:date	1991.0000
<id_rjiyxm_evc_1xv17jf>	<id_lrqotf_1xk_wxaexm>	<happenedIn>	<Brookfield,_Missouri>	
<id_15pzzuv_1co_ncafy6>	<id_1ag2kv8_1ul_59gcdc>	<occursSince>	"2011-##-##"^^xsd:date	2011.0000
<id_rhlnl9_u5f_43ldyz>	<id_1qrukiv_oyl_ck9kdl>	<happenedOnDate>	"1882-03-30"^^xsd:date	1882.0330
<id_1hjf5h5_1co_120oq67>	<id_1wudybm_1ul_9isl2w>	<occursSince>	"2012-##-##"^^xsd:date	2012.0000
<id_v51lp5_1co_1545q78>	<id_gcze5q_1ug_1545q78>	<occursSince>	"2009-03-##"^^xsd:date	2009.0300
<id_osbips_evc_e6tyup>	<id_10gkoaf_1xk_1o7zg2y>	<happenedIn>	<Ponce,_Puerto_Rico>	
<id_1wpl3ug_u5f_1nxi7z5>	<id_dnhk1y_oyl_zilmlq>	<happenedOnDate>	"1983-11-20"^^xsd:date	1983.1120
<id_cmafw0_1co_1tjs0v3>	<id_1k78yf1_1ul_p7z59v>	<occursSince>	"2001-##-##"^^xsd:date	2001.0000
<id_x5inxu_u5f_198om2i>	<id_p2hgck_oyl_sbhz68>	<happenedOnDate>	"1982-08-22"^^xsd:date	1982.0822
<id_1h0kxx9_1co_1pj9f8l>	<id_1681uwc_1ul_u2yz1y>	<occursSince>	"1996-##-##"^^xsd:date	1996.0000
<id_4cyl2c_evc_dbqu7m>	<id_1kavv31_1xk_fnlv1j>	<happenedIn>	<Meriden,_Connecticut>	
<id_i0ibra_u5f_ewhbz1>	<id_1ucto1t_oyl_1hrjs27>	<happenedOnDate>	"1820-08-11"^^xsd:date	1820.0811
<id_1205mk5_evc_118eb27>	<id_yo88yy_1xk_wozce9>	<happenedIn>	<Bangalore>	
<id_czg1hk_1co_1vwne04>	<id_cdzeu_1ul_sorz1d>	<occursSince>	"2006-##-##"^^xsd:date	2006.0000
<id_1crerkt_1co_bjxm91>	<id_1g96mib_1ul_1fxtsfh>	<occursSince>	"2007-##-##"^^xsd:date	2007.0000
<id_1tvg4b9_1cp_8nw5q5>	<id_1rcj5nj_1ul_vujeyc>	<occursUntil>	"2010-##-##"^^xsd:date	2010.0000
<id_1mx8zoj_1co_1auv50k>	<id_1x2l97o_1ul_1bdet9d>	<occursSince>	"1995-##-##"^^xsd:date	1995.0000
<id_2aeagc_1co_bjxm91>	<id_9lss29_1ul_q3rg0m>	<occursSince>	"2007-##-##"^^xsd:date	2007.0000
<id_exc76j_1co_1j53z6>	<id_z60zrb_1ul_1wv58dh>	<occursSince>	"1971-##-##"^^xsd:date	1971.0000
<id_oqqgwe_1co_ex07tw>	<id_99puzw_1ul_3g1ie7>	<occursSince>	"1951-##-##"^^xsd:date	1951.0000
<id_84ddyz_1co_1bx7bsa>	<id_1g3dpps_1ul_bjivqi>	<occursSince>	"1979-##-##"^^xsd:date	1979.0000
<id_4u3awz_1co_ikerc8>	<id_1asy8q8_ab2_lhdwi5>	<occursSince>	"1977-##-##"^^xsd:date	1977.0000
<id_q4yyh5_1cp_1bx7bsa>	<id_1fbecwh_1ul_17qz54u>	<occursUntil>	"1979-##-##"^^xsd:date	1979.0000
<id_10ykvdo_1co_1n6e23k>	<id_1vjc517_1ul_tz2x3f>	<occursSince>	"1991-##-##"^^xsd:date	1991.0000
<id_aun9k6_1co_1evdqn2>	<id_1uovym5_gar_19gr0nk>	<occursSince>	"2000-##-##"^^xsd:date	2000.0000
<id_qv3g2f_1co_14wq6p3>	<id_jqeeud_1ul_wip3ou>	<occursSince>	"2009-##-##"^^xsd:date	2009.0000
<id_1ri2y2e_1cp_2toach>	<id_1dqcfyj_1ul_1vbp0lm>	<occursUntil>	"1992-##-##"^^xsd:date	1992.0000
<id_3rbgnt_1co_hi2kki>	<id_7u52pr_ab2_1t9dinx>	<occursSince>	"1993-##-##"^^xsd:date	1993.0000
<id_oa7syu_1cp_1vwne04>	<id_9mgvx1_1ul_1ys0um9>	<occursUntil>	"2006-##-##"^^xsd:date	2006.0000
<id_1gw07e2_x77_1ohzwy7>	<id_r0q5ma_19y_19a56wz>	<hasSuccessor>	<Douglas_McKay>	
<id_ijiupo_1cp_56jnhi>	<id_zh7dko_1ul_1jzl9ab>	<occursUntil>	"1997-##-##"^^xsd:date	1997.0000
<id_1x06xng_1co_12jutk2>	<id_1wnq470_1ul_1isgfa9>	<occursSince>	"2004-##-##"^^xsd:date	2004.0000
<id_1wf6epc_u5f_1qacy3w>	<id_6wdbrm_oyl_1t1te2a>	<happenedOnDate>	"1988-10-14"^^xsd:date	1988.1014
<id_ytbojr_1co_972940>	<id_14aoyhd_1ul_dwb808>	<occursSince>	"2002-##-##"^^xsd:date	2002.0000
<id_1w25zlg_evc_1e76n09>	<id_135vp7c_1xk_z87uu>	<happenedIn>	<New_London,_Connecticut>	
<id_r5qrkt_1bu_15txrh4>	<id_rpu2ma_14p_1868hvr>	<byTransport>	<China_Southern_Airlines>	
<id_ld9x8d_evc_g2t2dq>	<id_8scq0s_1xk_1ifl7l>	<happenedIn>	<Wichita_Falls,_Texas>	
<id_1top7ua_1co_1qnut3>	<id_1opm02s_19y_q32zd1>	<occursSince>	"1971-08-30"^^xsd:date	1971.0830
<id_16wx9l4_1co_x8t1k9>	<id_1gkzeop_1ul_yaksx7>	<occursSince>	"1978-##-##"^^xsd:date	1978.0000
<id_trpwz2_1co_bjxm91>	<id_e99d2i_1ul_5f0z0g>	<occursSince>	"2007-##-##"^^xsd:date	2007.0000
<id_vbxz12_1co_12jutk2>	<id_ulpj1h_1ul_ra45tp>	<occursSince>	"2004-##-##"^^xsd:date	2004.0000
<id_1wh3k1v_1cp_12jutk2>	<id_d835op_19y_1kyuo4p>	<occursUntil>	"2004-##-##"^^xsd:date	2004.0000
<id_4t3ual_1cp_1ngkg60>	<id_1eav0z0_19y_11gl0sy>	<occursUntil>	"1909-01-19"^^xsd:date	1909.0119
<id_mojttm_u5f_4yi0uf>	<id_1fweqmh_oyl_1p37txx>	<happenedOnDate>	"1866-##-##"^^xsd:date	1866.0000
<id_5x2jr0_evc_1vtwiok>	<id_1m5jwu1_1xk_fnn52c>	<happenedIn>	<Aarhus>	
<id_dfkypi_1co_q8bwh2>	<id_fztbgh_1ul_11myef2>	<occursSince>	"2008-##-##"^^xsd:date	2008.0000
<id_1nlxxps_1bu_1ade97n>	<id_wej1yv_14p_12vog3q>	<byTransport>	<Bahamasair>	
<id_1uzyfj0_u5f_ed2oqr>	<id_j6k2iy_oyl_1p37txx>	<happenedOnDate>	"1922-03-31"^^xsd:date	1922.0331
<id_ld1wgn_u5f_fodatc>	<id_1c34aez_oyl_q0wr33>	<happenedOnDate>	"1980-##-##"^^xsd:date	1980.0000
<id_1rd6udo_1co_q8bwh2>	<id_sryx5j_1ul_1hfr7by>	<occursSince>	"2008-##-##"^^xsd:date	2008.0000
<id_18a83m4_1co_1h893s3>	<id_itpbc3_1ul_oelgyo>	<occursSince>	"2005-##-##"^^xsd:date	2005.0000
<id_t9e19u_1cp_nvgjc1>	<id_wkfc5p_1ul_id7jec>	<occursUntil>	"2003-##-##"^^xsd:date	2003.0000
<id_d3z10g_1co_bjxm91>	<id_o8gda9_1ul_5qr7mx>	<occursSince>	"2007-##-##"^^xsd:date	2007.0000
<id_1e5towb_1cp_1pj9f8l>	<id_1i4k8dd_1ul_19iays>	<occursUntil>	"1996-##-##"^^xsd:date	1996.0000
<id_156csd0_evc_10w8s0k>	<id_67tfbp_1xk_4mnebq>	<happenedIn>	<Weesp>	
<id_3vupdm_1cp_1915v9e>	<id_rheq6a_1ul_15xrb2m>	<occursUntil>	"1982-##-##"^^xsd:date	1982.0000
<id_13zn7gr_1cp_1evdqn2>	<id_162bpjq_1ul_ts43la>	<occursUntil>	"2000-##-##"^^xsd:date	2000.0000
<id_2zp0sa_1cp_2toach>	<id_1dv2xu4_19y_1w0aqgp>	<occursUntil>	"1992-##-##"^^xsd:date	1992.0000
<id_1loxmsa_1cp_q8bwh2>	<id_1q0sc3w_1ul_ron52r>	<occursUntil>	"2008-##-##"^^xsd:date	2008.0000
<id_7xeimu_1co_x8t1k9>	<id_c5rg18_1ul_1dl8wgi>	<occursSince>	"1978-##-##"^^xsd:date	1978.0000
<id_80rz3h_1co_8nw5q5>	<id_103i96t_1ul_ro8pp0>	<occursSince>	"2010-##-##"^^xsd:date	2010.0000
<id_atrk4k_1co_1vwne04>	<id_140kx7g_1ul_5vioan>	<occursSince>	"2006-##-##"^^xsd:date	2006.0000
<id_1hejil_evc_1w20qdl>	<id_g1slc9_1xk_1xfak23>	<happenedIn>	<Lorain,_Ohio>	
<id_oafuu7_1co_1vwne04>	<id_1uuyuhc_1ul_1vygpxl>	<occursSince>	"2006-##-##"^^xsd:date	2006.0000
<id_93dw3f_204_7dl7lk>	<id_1cjcafl_19y_18imdul>	<hasPredecessor>	<Joseph_Deiss>	
<id_1hwq0md_1cp_1h893s3>	<id_i8ldi3_1ul_15d0ee6>	<occursUntil>	"2005-##-##"^^xsd:date	2005.0000
<id_1mezd5w_1cp_12jutk2>	<id_xy2egb_1ul_uu023r>	<occursUntil>	"2004-##-##"^^xsd:date	2004.0000
<id_3qekmu_1co_12whqi>	<id_1iqoavi_1c7_1nywq8w>	<occursSince>	"1803-##-##"^^xsd:date	1803.0000
<id_69bm30_1co_w6gusj>	<id_14w5rt1_1ul_1uxhq0k>	<occursSince>	"1994-##-##"^^xsd:date	1994.0000
<id_14ftdhf_u5f_e5n4ug>	<id_uopu3k_oyl_1ld2olj>	<happenedOnDate>	"1922-##-##"^^xsd:date	1922.0000
<id_1jd7z74_1co_w6gusj>	<id_1l86fz3_16x_1djsxkh>	<occursSince>	"1994-##-##"^^xsd:date	1994.0000
<id_409iug_1cp_1mf0z44>	<id_mxam1m_1ul_vpzy6f>	<occursUntil>	"1962-##-##"^^xsd:date	1962.0000
<id_kn5226_u5f_isc6ui>	<id_18w1umu_oyl_11xzgdq>	<happenedOnDate>	"1977-10-23"^^xsd:date	1977.1023
<id_1muevy2_u5f_1og6fom>	<id_fxeyvs_oyl_19ne07u>	<happenedOnDate>	"1975-04-04"^^xsd:date	1975.0404
<id_sz4t31_1co_1bx7bsa>	<id_14373fc_1ul_1c32g2j>	<occursSince>	"1979-##-##"^^xsd:date	1979.0000
<id_3ha37e_evc_1yqat9c>	<id_5if3hg_1xk_1sney7g>	<happenedIn>	<Geneva>	
<id_dopkns_1co_120oq67>	<id_1qka08d_1ul_1anvtzj>	<occursSince>	"2012-##-##"^^xsd:date	2012.0000
<id_1jwtog8_1cp_w6gusj>	<id_1nd547m_19y_13hxz4i>	<occursUntil>	"1994-##-##"^^xsd:date	1994.0000
<id_1rb6r0z_1cp_bjxm91>	<id_17yt73g_1ul_ozvype>	<occursUntil>	"2007-##-##"^^xsd:date	2007.0000
<id_y9muvr_u5f_1blynwo>	<id_d5evgj_oyl_170o4up>	<happenedOnDate>	"1987-10-22"^^xsd:date	1987.1022
<id_56qlh7_u5f_1og7poi>	<id_1plcr1s_oyl_5ojwas>	<happenedOnDate>	"1975-06-13"^^xsd:date	1975.0613
<id_rsogp3_1co_w6gusj>	<id_1y1fwe9_19y_1nzu0zl>	<occursSince>	"1994-##-##"^^xsd:date	1994.0000
<id_7exohi_evc_13g5j8e>	<id_1pmc3e4_1xk_h9vkyx>	<happenedIn>	<Sibsagar>	
<id_ut9gh8_evc_1wd5e4i>	<id_1ojs987_1xk_18939ij>	<happenedIn>	<Berlin>	
<id_wr5eoe_1cp_8nw5q5>	<id_8vjsm6_1ul_1198tgb>	<occursUntil>	"2010-##-##"^^xsd:date	2010.0000
<id_54xtw6_1cp_juxxpj>	<id_6lqhya_1ul_utrpie>	<occursUntil>	"1998-##-##"^^xsd:date	1998.0000
<id_7fjgi5_1co_120oq67>	<id_ljutru_1ul_1e1b4yi>	<occursSince>	"2012-##-##"^^xsd:date	2012.0000
<id_9ho4ak_1cp_12jutk2>	<id_1d5rvb1_1ul_erh15v>	<occursUntil>	"2004-##-##"^^xsd:date	2004.0000
<id_11sbuox_1cp_1915v9e>	<id_7f7hga_1ul_56dqyt>	<occursUntil>	"1982-##-##"^^xsd:date	1982.0000
<id_1gujopr_1cp_14wq6p3>	<id_1681uwc_1ul_sezpzz>	<occursUntil>	"2009-##-##"^^xsd:date	2009.0000
<id_3c6xna_u5f_1ozam4n>	<id_jgn3ae_oyl_5fjd7p>	<happenedOnDate>	"1967-01-10"^^xsd:date	1967.0110
<id_tl8eox_u5f_1bdh2jn>	<id_d4c2p6_oyl_1oovj6e>	<happenedOnDate>	"1856-06-01"^^xsd:date	1856.0601
<id_1ssdpbr_1cp_bjxm91>	<id_15hwu32_1ul_1trar8h>	<occursUntil>	"2007-##-##"^^xsd:date	2007.0000
<id_krcckb_1co_1m6tzij>	<id_1cfjebw_1ul_1w0scax>	<occursSince>	"1925-##-##"^^xsd:date	1925.0000
<id_olhgct_1cp_19kbyn9>	<id_1h36b3w_1ul_uou6t8>	<occursUntil>	"1974-##-##"^^xsd:date	1974.0000
<id_1xezoxh_1cp_1h893s3>	<id_1huqtyo_1ul_gx3554>	<occursUntil>	"2005-##-##"^^xsd:date	2005.0000
<id_5heldp_1co_1m6tzij>	<id_qbehsq_1ul_38g5mw>	<occursSince>	"1925-##-##"^^xsd:date	1925.0000
<id_nk6cxk_1co_12jutk2>	<id_16hggtv_1ul_1nsq0tl>	<occursSince>	"2004-##-##"^^xsd:date	2004.0000
<id_1hujwxy_1cp_1vwne04>	<id_1khr5p5_1ul_51u30x>	<occursUntil>	"2006-##-##"^^xsd:date	2006.0000
<id_h5ycen_1cp_w6gusj>	<id_42ugxl_1ul_sl90yj>	<occursUntil>	"1994-##-##"^^xsd:date	1994.0000
<id_gh6mdn_evc_zk0ww7>	<id_byq22y_1xk_6zm7hn>	<happenedIn>	<Oslo>	
<id_rrtow7_1cp_1vwne04>	<id_1lhwcwm_1ul_18qi4da>	<occursUntil>	"2006-##-##"^^xsd:date	2006.0000
<id_r4pc9y_1cp_1be18ef>	<id_4k4psz_1ul_ws01bs>	<occursUntil>	"1987-##-##"^^xsd:date	1987.0000
<id_8ckfwd_1co_1tjs0v3>	<id_1lvegnv_1ul_1isgfa9>	<occursSince>	"2001-##-##"^^xsd:date	2001.0000
<id_4xsx77_1co_bjxm91>	<id_1081fj4_1ul_omdw7w>	<occursSince>	"2007-##-##"^^xsd:date	2007.0000
<id_ctkm8n_evc_1rrbdq1>	<id_1rc12qc_1xk_uk74w2>	<happenedIn>	<Zushi,_Kanagawa>	
<id_1s7z8zv_u5f_r3s5k>	<id_1cszl1b_oyl_1e76tci>	<happenedOnDate>	"1905-08-03"^^xsd:date	1905.0803
<id_nxp18t_1co_irwv48>	<id_1dna8zw_19y_2m93oe>	<occursSince>	"1977-07-07"^^xsd:date	1977.0707
<id_14r3a3m_1co_1h893s3>	<id_10mut4u_1ul_h5rqh2>	<occursSince>	"2005-##-##"^^xsd:date	2005.0000
<id_3nfb41_1co_154o96t>	<id_g0ny3c_siu_154o96t>	<occursSince>	"2009-11-20"^^xsd:date	2009.1120
<id_wgkl1f_1co_1evdqn2>	<id_1ifps05_1ul_1ozxhpk>	<occursSince>	"2000-##-##"^^xsd:date	2000.0000
<id_1l95u4h_1co_wpmy6e>	<id_1bx4tco_1ul_ekoxcn>	<occursSince>	"1986-##-##"^^xsd:date	1986.0000
<id_1vp8pfj_evc_fd5p73>	<id_1gjko1d_1xk_17y0ysi>	<happenedIn>	<Luxembourg_(city)>	
<id_1i4pjsd_1co_yjc7xk>	<id_g80p3d_1ul_ny2zh2>	<occursSince>	"1999-##-##"^^xsd:date	1999.0000
<id_bddeyr_u5f_1au5m85>	<id_1pa3kcm_oyl_s0llxb>	<happenedOnDate>	"1958-06-11"^^xsd:date	1958.0611
<id_8j1vim_1cp_fg6b7r>	<id_zgr901_1ul_9rhkvk>	<occursUntil>	"1943-##-##"^^xsd:date	1943.0000
<id_x8tgji_1co_i18nyd>	<id_gbixio_1ul_mo0f48>	<occursSince>	"1985-##-##"^^xsd:date	1985.0000
<id_qpkg5y_u5f_1k1e68y>	<id_g5i6gw_oyl_1tdxof1>	<happenedOnDate>	"1920-03-21"^^xsd:date	1920.0321
<id_19o48fq_1cp_12jutk2>	<id_1xr1nee_1ul_c8c156>	<occursUntil>	"2004-##-##"^^xsd:date	2004.0000
<id_fm6mop_u5f_fvsun7>	<id_1fph1vk_oyl_g6wwps>	<happenedOnDate>	"1980-03-06"^^xsd:date	1980.0306
<id_269a3l_1cp_12jutk2>	<id_t3h7z_1ul_1ynrzvw>	<occursUntil>	"2004-##-##"^^xsd:date	2004.0000
<id_1m8q70b_u5f_3k9akp>	<id_tmjcje_oyl_5yqtkt>	<happenedOnDate>	"1984-02-07"^^xsd:date	1984.0207
<id_us03m4_evc_hp2t8l>	<id_1q7zso7_1xk_2a9wtm>	<happenedIn>	<Texarkana,_Texas>	
<id_1fgdfx0_1cp_ikerc8>	<id_3djkw7_1ul_7a7ayy>	<occursUntil>	"1977-##-##"^^xsd:date	1977.0000
<id_5d363k_1co_8nw5q5>	<id_qxp9qf_1ul_15n3cd7>	<occursSince>	"2010-##-##"^^xsd:date	2010.0000
<id_1fvxoze_1co_ncafy6>	<id_xo6m22_1ul_15rqqvf>	<occursSince>	"2011-##-##"^^xsd:date	2011.0000
<id_1laoh4e_1cp_q8bwh2>	<id_iblps6_1ul_12tevgc>	<occursUntil>	"2008-##-##"^^xsd:date	2008.0000
<id_lj9kqa_1co_1npk5hf>	<id_13ps7qf_1ul_10aes8m>	<occursSince>	"1983-##-##"^^xsd:date	1983.0000
<id_i8l68v_1co_56jnhi>	<id_1uxdamn_1ul_si3q0s>	<occursSince>	"1997-##-##"^^xsd:date	1997.0000
<id_1ni46ks_evc_14t0g58>	<id_kg2ldz_1xk_181r5mv>	<happenedIn>	<North_Platte,_Nebraska>	
<id_ymfwhb_u5f_1k1et7q>	<id_1xmnaaf_oyl_17tuii8>	<happenedOnDate>	"1920-04-15"^^xsd:date	1920.0415
<id_1aqdp1h_1cp_1pj9f8l>	<id_17n2asp_1ul_1fqqri7>	<occursUntil>	"1996-##-##"^^xsd:date	1996.0000
<id_11dbs53_1co_fodatc>	<id_1bnjtda_1ul_1mvxmdb>	<occursSince>	"1980-##-##"^^xsd:date	1980.0000
<id_9bx4fe_u5f_1blzavb>	<id_1brs9wy_oyl_zl5nm5>	<happenedOnDate>	"1987-11-11"^^xsd:date	1987.1111
<id_1t4s78v_1bu_vu2afh>	<id_3pywrz_14p_xe2gux>	<byTransport>	<Europe_Airpost>	
<id_u6zp3w_1cp_i10dux>	<id_5fftk7_19y_15zdan5>	<occursUntil>	"1948-12-31"^^xsd:date	1948.1231
<id_ehdotu_1co_uvxof8>	<id_1sowhd5_1ul_1vzo6jk>	<occursSince>	"1973-##-##"^^xsd:date	1973.0000
<id_qp7vvq_1cp_u4klfs>	<id_js8mfd_16x_6g7dur>	<occursUntil>	"1944-##-##"^^xsd:date	1944.0000
<id_1jed9u6_evc_7qwqz1>	<id_1svfdws_1xk_1ndu8ym>	<happenedIn>	<Saint_Petersburg>	
<id_1l54qhr_1co_1c4os90>	<id_yybzty_siu_1c4os90>	<occursSince>	"1979-06-##"^^xsd:date	1979.0600
<id_1lzx1sr_evc_10kzkz1>	<id_flm664_1xk_18pfyow>	<happenedIn>	<Bursa>	
<id_15yu3p3_1bu_9sl6z4>	<id_1wndpm_14p_zjgz4t>	<byTransport>	<Nepal_Airlines>	
<id_1ny4exs_evc_39o3t1>	<id_1kwx9jy_1xk_1nxi7ya>	<happenedIn>	<Longview,_Texas>	
<id_11u7ygy_u5f_1q9ufgn>	<id_1rox7af_oyl_10skve6>	<happenedOnDate>	"1988-02-01"^^xsd:date	1988.0201
<id_1lgw5el_1co_ncafy6>	<id_1lg09zg_1ul_tupmm4>	<occursSince>	"2011-##-##"^^xsd:date	2011.0000
<id_1l4gvo3_evc_1nah0a8>	<id_1kmyita_1xk_1d7mxyk>	<happenedIn>	<Milwaukee>	
<id_5xp21t_1co_120oq67>	<id_nrlksg_1ul_9gr8pb>	<occursSince>	"2012-##-##"^^xsd:date	2012.0000
<id_19p8nfa_u5f_29q493>	<id_1aj4n8d_oyl_7tgqve>	<happenedOnDate>	"1963-02-26"^^xsd:date	1963.0226
<id_3zhgeu_1co_1pj9f8l>	<id_fppn8z_1ul_15rqqvf>	<occursSince>	"1996-##-##"^^xsd:date	1996.0000
<id_kbxguw_1cp_8nw5q5>	<id_gp0nlq_1ul_1m8okdj>	<occursUntil>	"2010-##-##"^^xsd:date	2010.0000
<id_fzxdba_1co_juxxpj>	<id_12htqjw_1ul_p7crgn>	<occursSince>	"1998-##-##"^^xsd:date	1998.0000
<id_1g98wqh_1co_8nw5q5>	<id_1qqsfo4_1ul_1flp4j9>	<occursSince>	"2010-##-##"^^xsd:date	2010.0000
<id_1w02kn3_1co_972940>	<id_qgn9tv_1ul_1xmplj6>	<occursSince>	"2002-##-##"^^xsd:date	2002.0000
<id_dj7r4d_evc_10lq8tb>	<id_11tqlmw_1xk_ukabuf>	<happenedIn>	<Dakar>	
<id_1021kwm_1cp_q8bwh2>	<id_1rx7zz3_1ul_6r75wl>	<occursUntil>	"2008-##-##"^^xsd:date	2008.0000
<id_u30hx_1cp_1f2x4fu>	<id_w85as4_19y_kl6a75>	<occursUntil>	"2000-09-27"^^xsd:date	2000.0927
<id_kyn3d5_1co_56jnhi>	<id_5c7uin_1ul_d4dndr>	<occursSince>	"1997-##-##"^^xsd:date	1997.0000
<id_440hp5_204_1mqghm3>	<id_70fr3n_19y_cq290k>	<hasPredecessor>	<Pascal_Couchepin>	
<id_lznfsi_204_t7e3l3>	<id_1739h46_19y_2o14v5>	<hasPredecessor>	<Judy_Spence>	
<id_ziswd9_1co_t9nyjj>	<id_469bvy_siu_t9nyjj>	<occursSince>	"1960-03-22"^^xsd:date	1960.0322
<id_12swaxt_u5f_gf24zi>	<id_13o0zsv_oyl_dj8y6j>	<happenedOnDate>	"1972-08-14"^^xsd:date	1972.0814
<id_15aa6vx_1co_1q9wzgk>	<id_nacbms_siu_1q9wzgk>	<occursSince>	"1988-06-24"^^xsd:date	1988.0624
<id_1f99saw_1co_hi2kki>	<id_zwmd57_1ul_1fr0xut>	<occursSince>	"1993-##-##"^^xsd:date	1993.0000
<id_10y507_1bu_jikqj3>	<id_165m6bs_14p_1vfd56f>	<byTransport>	<Royal_Brunei_Airlines>	
<id_1e7sbjb_1cp_bjxm91>	<id_19qb3bq_1ul_p6grk0>	<occursUntil>	"2007-##-##"^^xsd:date	2007.0000
<id_1yy7xar_1co_1m6tzij>	<id_11esmb1_1ul_1g4db3v>	<occursSince>	"1925-##-##"^^xsd:date	1925.0000
<id_1yor2t7_1co_1lvuvq9>	<id_35ukh1_1ul_176qgek>	<occursSince>	"1970-##-##"^^xsd:date	1970.0000
<id_jsqvew_1co_14wq6p3>	<id_cl77ev_1ul_1ht881t>	<occursSince>	"2009-##-##"^^xsd:date	2009.0000
<id_1f6wid_u5f_1mes1zm>	<id_1plbuz8_oyl_seuljt>	<happenedOnDate>	"1925-11-18"^^xsd:date	1925.1118
<id_6tu8bc_1co_yjc7xk>	<id_13cz4mv_1ul_1koxa3c>	<occursSince>	"1999-##-##"^^xsd:date	1999.0000
<id_vkks7x_1cp_x8t1k9>	<id_1n9hbd3_19y_1wzutzp>	<occursUntil>	"1978-##-##"^^xsd:date	1978.0000
<id_1pqj9l8_evc_jjz1cc>	<id_1tsbbcq_1xk_1nov9pg>	<happenedIn>	<Champaign,_Illinois>	
<id_se6lfu_1co_ex07tw>	<id_lpo4oz_1ul_1ycb1jh>	<occursSince>	"1951-##-##"^^xsd:date	1951.0000
<id_1s4hc6g_1co_1915v9e>	<id_14cz4ag_1ul_118z8g3>	<occursSince>	"1982-##-##"^^xsd:date	1982.0000
<id_147pbpu_evc_nvm90b>	<id_1dsmhpt_1xk_1bljc8u>	<happenedIn>	<Asheville,_North_Carolina>	
<id_c6jx0_1cp_1auv50k>	<id_5luvn8_1ul_qq0qo2>	<occursUntil>	"1995-##-##"^^xsd:date	1995.0000
<id_1l4ubty_1cp_12jutk2>	<id_haoard_1ul_t4sg74>	<occursUntil>	"2004-##-##"^^xsd:date	2004.0000
<id_q60pns_1co_q8bwh2>	<id_xgt92p_1ul_18b105c>	<occursSince>	"2008-##-##"^^xsd:date	2008.0000
<id_kgq5qb_evc_dce49s>	<id_dsnaql_1xk_5x7un7>	<happenedIn>	<Camden,_New_Jersey>	
<id_xts58n_1co_19c4z1o>	<id_niz3im_16x_1uyem7p>	<occursSince>	"1937-##-##"^^xsd:date	1937.0000
<id_1fahy88_evc_yj5vf2>	<id_oj02en_1xk_1amo5ez>	<happenedIn>	<Canberra>	
<id_6h6uq8_1co_1vwne04>	<id_145x2e7_1ul_eadmix>	<occursSince>	"2006-##-##"^^xsd:date	2006.0000
<id_18apz_1co_1h893s3>	<id_km04p1_1ul_1t32auh>	<occursSince>	"2005-##-##"^^xsd:date	2005.0000
<id_b5w136_1cp_q8bwh2>	<id_hbagsx_1ul_20ubj4>	<occursUntil>	"2008-##-##"^^xsd:date	2008.0000
<id_1wq1ldv_evc_ewf4yh>	<id_774dzn_1xk_16ftyds>	<happenedIn>	<Rostock>	
<id_1u4d3mn_1cp_q8bwh2>	<id_7tqklp_1ul_1f3lwi6>	<occursUntil>	"2008-##-##"^^xsd:date	2008.0000
<id_gbhbov_1co_bjxm91>	<id_koxz1v_1ul_jrm1y5>	<occursSince>	"2007-##-##"^^xsd:date	2007.0000
<id_12sv5mz_1co_vy9v6y>	<id_v5dl88_ab2_1lu8frw>	<occursSince>	"1957-##-##"^^xsd:date	1957.0000
<id_h9knce_1co_w6gusj>	<id_14bxus1_1ul_1659nyb>	<occursSince>	"1994-##-##"^^xsd:date	1994.0000
<id_1qbypfe_1co_2toach>	<id_upxlca_1ul_1df5rds>	<occursSince>	"1992-##-##"^^xsd:date	1992.0000
<id_1gtjw0e_1co_hi2kki>	<id_npyvuz_1ul_13sc3id>	<occursSince>	"1993-##-##"^^xsd:date	1993.0000
<id_1126f2k_evc_567t7d>	<id_1fyim5p_1xk_1noypnl>	<happenedIn>	<Buenos_Aires>	
<id_i4hk7f_u5f_5x40q6>	<id_1dsmhpt_oyl_1pvo1e8>	<happenedOnDate>	"1989-01-06"^^xsd:date	1989.0106
<id_1itcmqe_1cp_bjxm91>	<id_zeud24_1ul_1wx2jwy>	<occursUntil>	"2007-##-##"^^xsd:date	2007.0000
<id_deqbxf_1co_8nw5q5>	<id_z2zm15_1ul_1f5jp1q>	<occursSince>	"2010-##-##"^^xsd:date	2010.0000
<id_153bavp_1cp_f7zbm6>	<id_gwcde_1ul_erv1fm>	<occursUntil>	"1906-##-##"^^xsd:date	1906.0000
<id_9fv3tx_1cp_3cudqc>	<id_1avmaix_1ul_1ssxldu>	<occursUntil>	"1984-##-##"^^xsd:date	1984.0000
<id_168p158_1co_1mf0z44>	<id_ixvjj7_1ul_9h9nn4>	<occursSince>	"1962-##-##"^^xsd:date	1962.0000
<id_4hvj61_1cp_972940>	<id_1qkc5ve_1ul_4ailh3>	<occursUntil>	"2002-##-##"^^xsd:date	2002.0000
<id_kmxrpb_1cp_1m6tzij>	<id_1kmnpnu_1ul_qzeyuy>	<occursUntil>	"1925-##-##"^^xsd:date	1925.0000
<id_eqppqx_1cp_14wq6p3>	<id_19yaegu_1ul_152dgdc>	<occursUntil>	"2009-##-##"^^xsd:date	2009.0000
<id_rx9ztz_u5f_1be18ef>	<id_1tw85w9_oyl_1nvoi12>	<happenedOnDate>	"1987-##-##"^^xsd:date	1987.0000
<id_86rss8_1bu_citiru>	<id_1nyiqju_14p_15nk5h2>	<byTransport>	<WestJet>	
<id_1okillv_1co_1tjs0v3>	<id_o1rxfe_1ul_1xhxtvg>	<occursSince>	"2001-##-##"^^xsd:date	2001.0000
<id_7snubd_1bu_1wlyyd>	<id_648s4p_14p_113dvfr>	<byTransport>	<UTair_Aviation>	
<id_1g7pi3w_1co_1q2fimg>	<id_1nl0qln_1ul_13vw513>	<occursSince>	"1988-##-##"^^xsd:date	1988.0000
<id_1v5m76f_1co_14wq6p3>	<id_1ds7tpr_1ul_2jfurg>	<occursSince>	"2009-##-##"^^xsd:date	2009.0000
<id_1npxdcd_1co_hi2kki>	<id_1hhfmh5_1ul_1to8s61>	<occursSince>	"1993-##-##"^^xsd:date	1993.0000
<id_ls04nt_1co_juxxpj>	<id_8wyu7i_1ul_dkp84y>	<occursSince>	"1998-##-##"^^xsd:date	1998.0000
<id_1s9njzr_1co_yjc7xk>	<id_f2qb77_ab2_9eagqj>	<occursSince>	"1999-##-##"^^xsd:date	1999.0000
<id_3ueraw_1co_v6ws7i>	<id_18zstyb_1ul_12x616y>	<occursSince>	"1928-##-##"^^xsd:date	1928.0000
<id_zxzckj_1bu_8161nd>	<id_mu4blf_14p_ae2202>	<byTransport>	<Trigana_Air_Service>	
<id_1urkxsl_1cp_ncafy6>	<id_vwl05u_1ul_jrm1y5>	<occursUntil>	"2011-##-##"^^xsd:date	2011.0000
<id_191a6oh_1co_q8bwh2>	<id_x30s2x_1ul_521x8w>	<occursSince>	"2008-##-##"^^xsd:date	2008.0000
<id_w2yz2l_1cp_1vwne04>	<id_650put_1ul_1cdzihh>	<occursUntil>	"2006-##-##"^^xsd:date	2006.0000
<id_1xjk6av_u5f_gf24yq>	<id_gg9omj_oyl_1mh0ru3>	<happenedOnDate>	"1972-08-07"^^xsd:date	1972.0807
<id_lf6vl7_1co_1r36f7>	<id_1j3jj6m_19y_twx8n6>	<occursSince>	"1971-11-01"^^xsd:date	1971.1101
<id_s518e7_1cp_19vgfe1>	<id_1xruzjz_19y_1vnae14>	<occursUntil>	"1835-##-##"^^xsd:date	1835.0000
<id_vi2qpm_1co_8nw5q5>	<id_1nubca4_1ul_cx80yx>	<occursSince>	"2010-##-##"^^xsd:date	2010.0000
<id_1g5gyzc_1co_12jutk2>	<id_ik8wes_1ul_1050btg>	<occursSince>	"2004-##-##"^^xsd:date	2004.0000
<id_8l05sk_1cp_1vwne04>	<id_17psv01_1ul_1fgisgk>	<occursUntil>	"2006-##-##"^^xsd:date	2006.0000
<id_1v5s86l_1cp_1tjs0v3>	<id_1rk2n8b_1ul_esn3e5>	<occursUntil>	"2001-##-##"^^xsd:date	2001.0000
<id_cy527a_1co_56jnhi>	<id_16m1mpo_1ul_lzkvtj>	<occursSince>	"1997-##-##"^^xsd:date	1997.0000
<id_nelwdr_1co_1tjs0v3>	<id_yl8jtt_1ul_1iiv4iv>	<occursSince>	"2001-##-##"^^xsd:date	2001.0000
<id_myaqw9_1cp_3w0h47>	<id_u6yw4w_16x_1utqdi4>	<occursUntil>	"1976-##-##"^^xsd:date	1976.0000
<id_1xr3k6j_evc_1jcd3g>	<id_1vm0zh_1xk_wozccm>	<happenedIn>	<Lincolnton,_North_Carolina>	
<id_1agrf9y_u5f_i8nkud>	<id_1dp8ld6_oyl_1q596jk>	<happenedOnDate>	"1985-02-24"^^xsd:date	1985.0224
<id_stgga2_204_171ud34>	<id_171ud34_19y_bimdc9>	<hasPredecessor>	<Barbara_Greene>	
<id_15u5gne_1cp_ncafy6>	<id_1qo0tie_1ul_v3eggg>	<occursUntil>	"2011-##-##"^^xsd:date	2011.0000
<id_1rxjph_u5f_gy8vcx>	<id_ep232k_oyl_abr6ub>	<happenedOnDate>	"1964-09-15"^^xsd:date	1964.0915
<id_2510um_evc_8mq6q7>	<id_1nl2m4d_1xk_5xban6>	<happenedIn>	<Zagreb>	
<id_l6dyh7_1cp_q8bwh2>	<id_6po63z_1ul_sl90yj>	<occursUntil>	"2008-##-##"^^xsd:date	2008.0000
<id_13bv249_1co_q8bwh2>	<id_1qwe3qx_1ul_1mezaxo>	<occursSince>	"2008-##-##"^^xsd:date	2008.0000
<id_1i4kncn_1cp_972940>	<id_1c667to_1ul_pqqlef>	<occursUntil>	"2002-##-##"^^xsd:date	2002.0000
<id_3en9vd_evc_o74sd0>	<id_1801eqo_1xk_1o8moq1>	<happenedIn>	<Logansport,_Indiana>	
<id_nbedpb_1cp_972940>	<id_1qdtoqy_1ul_ht0dye>	<occursUntil>	"2002-##-##"^^xsd:date	2002.0000
<id_uqhbsh_1cp_1bx7bsa>	<id_x7x8y3_1ul_25b7p0>	<occursUntil>	"1979-##-##"^^xsd:date	1979.0000
<id_19ozvex_1bu_otut9d>	<id_lz8qxh_14p_zk6xqq>	<byTransport>	<Iran_Air>	
<id_19765sk_u5f_ewqnpt>	<id_jx4z72_oyl_567t7d>	<happenedOnDate>	"1914-10-16"^^xsd:date	1914.1016
<id_1w0yi9y_evc_1wjtuf4>	<id_omzaiv_1xk_vmn5lp>	<happenedIn>	<Los_Angeles>	
<id_1q171ef_1co_8nw5q5>	<id_c5dspm_1ul_pszx8z>	<occursSince>	"2010-##-##"^^xsd:date	2010.0000
<id_1icd3ad_1cp_8nw5q5>	<id_y9j81q_1ul_l7noyn>	<occursUntil>	"2010-##-##"^^xsd:date	2010.0000
<id_1elhdbr_u5f_43xwln>	<id_sypdli_oyl_1vgi9ci>	<happenedOnDate>	"1976-10-14"^^xsd:date	1976.1014
<id_ftaxee_1co_1bx7bsa>	<id_1rhol8b_1ul_12877k6>	<occursSince>	"1979-##-##"^^xsd:date	1979.0000
<id_hxdgfo_evc_1vjwjx8>	<id_o94a7l_1xk_5x7uox>	<happenedIn>	<New_York_City>	
<id_9vcfs5_evc_10u1t3o>	<id_znh8qr_1xk_ukabtq>	<happenedIn>	<Seoul>	
<id_8h472v_1cp_1tjs0v3>	<id_194oa1s_1ul_50vvoq>	<occursUntil>	"2001-##-##"^^xsd:date	2001.0000
<id_n7kqob_1co_bjxm91>	<id_16z8qli_1ul_2o4tzy>	<occursSince>	"2007-##-##"^^xsd:date	2007.0000
<id_10o6gay_1cp_1evdqn2>	<id_kcr476_1ul_sqtefh>	<occursUntil>	"2000-##-##"^^xsd:date	2000.0000
<id_2rank1_1co_12jutk2>	<id_1pthsor_1ul_9h9nn4>	<occursSince>	"2004-##-##"^^xsd:date	2004.0000
<id_1bndb0k_1co_1h893s3>	<id_1gomfof_1ul_33aol1>	<occursSince>	"2005-##-##"^^xsd:date	2005.0000
<id_eczgjm_evc_10qtawx>	<id_103sprp_1xk_k2c7kc>	<happenedIn>	<Miami>	
<id_1b7sdyr_1co_q8bwh2>	<id_3melvs_1ul_8ufjig>	<occursSince>	"2008-##-##"^^xsd:date	2008.0000
<id_1kr4pez_1cp_bjxm91>	<id_1dzgkda_1ul_z8iwdq>	<occursUntil>	"2007-##-##"^^xsd:date	2007.0000
<id_2p9nnw_evc_h4iw7d>	<id_1u54uhj_1xk_1ab0su6>	<happenedIn>	<Doland,_South_Dakota>	
<id_ac162b_evc_1kk7tu2>	<id_1joc32p_1xk_1mxjgnb>	<happenedIn>	<Copenhagen>	
<id_1hchkhk_1co_bjxm91>	<id_5q9qyj_1ul_ztm4ku>	<occursSince>	"2007-##-##"^^xsd:date	2007.0000
<id_ilaqsn_1cp_1tjs0v3>	<id_kzmjo0_1ul_7c8gmt>	<occursUntil>	"2001-##-##"^^xsd:date	2001.0000
<id_bc8xwy_1co_q8bwh2>	<id_1qp0k51_1ul_1ds6bjc>	<occursSince>	"2008-##-##"^^xsd:date	2008.0000
<id_w30u7g_1co_12jutk2>	<id_r7nche_1ul_12tlyj1>	<occursSince>	"2004-##-##"^^xsd:date	2004.0000
<id_j1m3a3_1cp_hi2kki>	<id_7utpbm_1ul_i9rl37>	<occursUntil>	"1993-##-##"^^xsd:date	1993.0000
<id_1451za7_1cp_18hzrvj>	<id_bl7581_1ul_u3we1s>	<occursUntil>	"1990-##-##"^^xsd:date	1990.0000
<id_1a4uxr6_evc_1mh0ru3>	<id_1izbaqp_1xk_t1ivv0>	<happenedIn>	<New_Orleans>	
<id_1xik3jb_evc_1ksxdjo>	<id_2wawrq_1xk_4mlhc9>	<happenedIn>	<Birmingham>	
<id_cpo4x2_1cp_bjxm91>	<id_1s15bg7_1ul_nzvf5q>	<occursUntil>	"2007-##-##"^^xsd:date	2007.0000
<id_ychx0u_1bu_oal69t>	<id_1a3x6a3_14p_1ge5t1s>	<byTransport>	<Air_Madagascar>	
<id_1vdaef3_1co_nvgjc1>	<id_18kvfiu_1ul_8jfk0>	<occursSince>	"2003-##-##"^^xsd:date	2003.0000
<id_1j524lp_1cp_qi27og>	<id_1bdpprx_16x_1a0pmgm>	<occursUntil>	"1375-##-##"^^xsd:date	1375.0000
<id_1tkdvfd_1co_ncafy6>	<id_1nc61la_1ul_1d8l0fz>	<occursSince>	"2011-##-##"^^xsd:date	2011.0000
<id_tm0sy2_1cp_5ppqvd>	<id_1407x53_1ul_12vdcpt>	<occursUntil>	"1989-##-##"^^xsd:date	1989.0000
<id_1gm1c5a_1bu_1d278fr>	<id_17r8act_14p_g9ddw4>	<byTransport>	<Air_Berlin>	
<id_ayiukd_1cp_1pj9f8l>	<id_17r5dkh_1ul_1nhspqh>	<occursUntil>	"1996-##-##"^^xsd:date	1996.0000
<id_1y1gsx6_1co_1lnnw4o>	<id_194iso3_1ul_12a0ppz>	<occursSince>	"1933-##-##"^^xsd:date	1933.0000
<id_1r5lif4_1co_8nw5q5>	<id_letolk_1ul_2ns6w9>	<occursSince>	"2010-##-##"^^xsd:date	2010.0000
<id_1h242ws_1co_1vwne04>	<id_9oi5gm_1ul_1nly59t>	<occursSince>	"2006-##-##"^^xsd:date	2006.0000
<id_1wvvetn_u5f_l4wy9u>	<id_10ny533_oyl_1epg7th>	<happenedOnDate>	"1888-06-23"^^xsd:date	1888.0623
<id_1vop5z8_evc_1s22is9>	<id_igyeup_1xk_w68kmn>	<happenedIn>	<Middletown,_Ohio>	
<id_1o2z4pi_1cp_nvgjc1>	<id_qusbte_1ul_10hzrm0>	<occursUntil>	"2003-##-##"^^xsd:date	2003.0000
<id_jh40wl_1co_14wq6p3>	<id_4glqiu_1ul_1igf4s9>	<occursSince>	"2009-##-##"^^xsd:date	2009.0000
<id_1xkt8mi_u5f_ztsh3e>	<id_9k86x0_oyl_eavy8s>	<happenedOnDate>	"1889-12-03"^^xsd:date	1889.1203
<id_1oqhweo_1co_hi2kki>	<id_s40omf_1ul_5zzi4w>	<occursSince>	"1993-##-##"^^xsd:date	1993.0000
<id_1ygl4f6_1co_14wq6p3>	<id_1ptq1tb_19y_k5tcv1>	<occursSince>	"2009-##-##"^^xsd:date	2009.0000
<id_b5by59_evc_s4n4n5>	<id_gun6de_1xk_uc8p6n>	<happenedIn>	<Worcester,_Massachusetts>	
<id_bb3er8_evc_5audg5>	<id_137opo3_1xk_1au5m94>	<happenedIn>	<Melbourne>	
<id_15bycpr_evc_1yetz20>	<id_2y237m_1xk_ta5u4n>	<happenedIn>	<Forssa>	
<id_ilj0mt_1bu_1j3he1b>	<id_157nakv_14p_4huw94>	<byTransport>	<Juneyao_Airlines>	
<id_zqszaa_204_1q5mxym>	<id_1fr5sy1_19y_sxwewh>	<hasPredecessor>	<Christy_Clark>	
<id_syrvxi_1cp_njr9sw>	<id_bkfwuh_19y_1ftm2w5>	<occursUntil>	"2011-05-29"^^xsd:date	2011.0529
<id_sdj19t_1bu_1k25o3s>	<id_5bntuc_14p_1l7vxx7>	<byTransport>	<Pakistan_International_Airlines>	
<id_3qbcid_evc_1vjwjx8>	<id_1ftymux_1xk_u4klfs>	<happenedIn>	<New_York_City>	
<id_1ixl9jm_1co_1h893s3>	<id_wikd23_1ul_zim69m>	<occursSince>	"2005-##-##"^^xsd:date	2005.0000
<id_18m9nn7_evc_1nbytdx>	<id_w7ie3e_1xk_uc2285>	<happenedIn>	<Belfast>	
<id_d515ch_1cp_q8bwh2>	<id_1dvg1f0_1ul_19n4pew>	<occursUntil>	"2008-##-##"^^xsd:date	2008.0000
<id_u27cr3_1co_1vwne04>	<id_1o7ansr_siu_1vwne04>	<occursSince>	"2006-##-##"^^xsd:date	2006.0000
<id_qg656t_1cp_1auv50k>	<id_6shegf_1ul_3m2yhs>	<occursUntil>	"1995-##-##"^^xsd:date	1995.0000
<id_1v7ww8j_u5f_1lbxzly>	<id_1refevv_oyl_yfalmk>	<happenedOnDate>	"1941-04-27"^^xsd:date	1941.0427
<id_1o655n4_1co_unqotn>	<id_svqh1j_1ul_2x408g>	<occursSince>	"1936-##-##"^^xsd:date	1936.0000
<id_1y5oj7e_1co_ncafy6>	<id_6i37i2_1ul_d4dndr>	<occursSince>	"2011-##-##"^^xsd:date	2011.0000
<id_f9ai5z_1co_1my72hz>	<id_x7tv5p_1ul_31572s>	<occursSince>	"1954-##-##"^^xsd:date	1954.0000
<id_x1odz7_u5f_w5slz7>	<id_t5t3o6_oyl_1oovj6e>	<happenedOnDate>	"1957-08-12"^^xsd:date	1957.0812
<id_9ddxum_evc_13370v>	<id_1n1eynw_1xk_4mm4bs>	<happenedIn>	<Calgary>	
<id_1hj8miu_1co_972940>	<id_h8pyhn_1ul_31t2y0>	<occursSince>	"2002-##-##"^^xsd:date	2002.0000
<id_6eters_1co_nvgjc1>	<id_1x59u6x_1ul_13u4u6x>	<occursSince>	"2003-##-##"^^xsd:date	2003.0000
<id_n0908q_1co_1h893s3>	<id_1tea1tw_1ul_18splul>	<occursSince>	"2005-##-##"^^xsd:date	2005.0000
<id_g7xsqk_evc_4681j>	<id_pdn7px_1xk_6gjb24>	<happenedIn>	<Havana>	
<id_14406t8_1co_1vwne04>	<id_utx9mi_1ul_1caoag>	<occursSince>	"2006-##-##"^^xsd:date	2006.0000
<id_1d4ahxu_evc_ryi8ez>	<id_hlfqzs_1xk_t9pvib>	<happenedIn>	<Owensboro,_Kentucky>	
<id_j91aah_1cp_ncafy6>	<id_8vzmsn_1ul_1df5rds>	<occursUntil>	"2011-##-##"^^xsd:date	2011.0000
<id_11nedu0_1cp_uvxof8>	<id_f6kxbk_1ul_zp9g0h>	<occursUntil>	"1973-##-##"^^xsd:date	1973.0000
<id_gmwlpa_1co_14wq6p3>	<id_w1k10t_1ul_1wx2jwy>	<occursSince>	"2009-##-##"^^xsd:date	2009.0000
<id_1es02q4_evc_1x8xmfj>	<id_1gzw7mj_1xk_1abg4i3>	<happenedIn>	<Dallas>	
<id_1fg2om5_204_un7ouf>	<id_99d9vg_19y_1yw3fwu>	<hasPredecessor>	<Klement_Gottwald>	
<id_1w1khsd_1bu_1ggkn7v>	<id_zqjkui_14p_1bhlg6r>	<byTransport>	<Kenya_Airways>	
<id_1blznku_1co_ehavff>	<id_19u0jqc_1ug_ehavff>	<occursSince>	"1015-09-12"^^xsd:date	1015.0912
<id_cb5gsh_1cp_1pj9f8l>	<id_1atoz4z_1ul_2wevio>	<occursUntil>	"1996-##-##"^^xsd:date	1996.0000
<id_1s60z1b_evc_1d1of6b>	<id_zahjua_1xk_dtz58k>	<happenedIn>	<Antwerp>	
<id_1dn9aiv_1cp_8nw5q5>	<id_1ndsrk4_1ul_9g6rew>	<occursUntil>	"2010-##-##"^^xsd:date	2010.0000
<id_jfmfkq_1co_1auv50k>	<id_mh6yyi_1ul_c3809g>	<occursSince>	"1995-##-##"^^xsd:date	1995.0000
<id_15o4wk7_evc_1nuzwgj>	<id_1gyk8du_1xk_1pihzjb>	<happenedIn>	<Merced,_California>	
<id_5xbbel_1bu_1w1pjvm>	<id_uj5efp_14p_154xqvh>	<byTransport>	<Air_China>	
<id_1yvngkc_u5f_1abg4i5>	<id_12pg4y0_oyl_1w9yj38>	<happenedOnDate>	"1966-11-16"^^xsd:date	1966.1116
<id_12us5rq_u5f_5x7und>	<id_t8a4u2_oyl_1iq8jve>	<happenedOnDate>	"1989-07-07"^^xsd:date	1989.0707
<id_u2tzth_u5f_1ngpt49>	<id_1cxh8up_oyl_1ffed3g>	<happenedOnDate>	"1815-01-10"^^xsd:date	1815.0110
<id_12fv87e_1co_14wq6p3>	<id_ot6jil_1ul_rwnyu9>	<occursSince>	"2009-##-##"^^xsd:date	2009.0000
<id_18tzumg_1cp_tlei1x>	<id_vuji9d_1ul_1mffitx>	<occursUntil>	"1952-##-##"^^xsd:date	1952.0000
<id_dmke5j_1cp_1lvuvq9>	<id_usip2_1ul_1iovos7>	<occursUntil>	"1970-##-##"^^xsd:date	1970.0000
<id_1i7wp85_1co_12jutk2>	<id_m9bfpk_1ul_1o4l0tv>	<occursSince>	"2004-##-##"^^xsd:date	2004.0000
<id_1cjr4bk_1co_fodatc>	<id_1p0joce_1ul_3g1ie7>	<occursSince>	"1980-##-##"^^xsd:date	1980.0000
<id_15h9uoy_u5f_zpgh8>	<id_1os0vbq_oyl_wf52t4>	<happenedOnDate>	"1942-10-16"^^xsd:date	1942.1016
<id_17ntun8_1bu_uk1c0n>	<id_1belsuz_14p_8bqnow>	<byTransport>	<EasyJet>	
<id_mq85o1_u5f_1mecqas>	<id_i8ljyu_oyl_10qtawx>	<happenedOnDate>	"1925-08-12"^^xsd:date	1925.0812
<id_1keytxs_1co_fodatc>	<id_1t5s8l1_1ul_1qxpvp>	<occursSince>	"1980-##-##"^^xsd:date	1980.0000
<id_1qu358f_1co_gf0v1d>	<id_23qdk_1xk_gf0v1d>	<occursSince>	"1972-06-26"^^xsd:date	1972.0626
<id_1pir9u6_1co_nvgjc1>	<id_12khw2z_1ul_nw4awv>	<occursSince>	"2003-##-##"^^xsd:date	2003.0000
<id_1bnj4ew_1cp_12jutk2>	<id_t4rlc9_1ul_1gifl12>	<occursUntil>	"2004-##-##"^^xsd:date	2004.0000
<id_1m9md52_u5f_1pikjfw>	<id_708b44_oyl_1xk3ks2>	<happenedOnDate>	"1959-07-18"^^xsd:date	1959.0718
<id_jcc3l5_204_161xv28>	<id_pg3yi4_19y_11pqijl>	<hasPredecessor>	<Jon_Stanhope>	
<id_76lrgj_1co_1my72hz>	<id_d07pj4_1ul_1mowcls>	<occursSince>	"1954-##-##"^^xsd:date	1954.0000
<id_ewblds_1co_2toach>	<id_6zvjrd_1ul_1bwruyx>	<occursSince>	"1992-##-##"^^xsd:date	1992.0000
<id_4mry1q_1co_12jutk2>	<id_ynvr9d_1ul_11vhkfa>	<occursSince>	"2004-##-##"^^xsd:date	2004.0000
<id_1911mod_1cp_8nw5q5>	<id_5jhwxr_1ul_sjccik>	<occursUntil>	"2010-##-##"^^xsd:date	2010.0000
<id_15ogo8n_u5f_1q9tsh6>	<id_16pqbt2_oyl_5dq6s0>	<happenedOnDate>	"1988-01-03"^^xsd:date	1988.0103
<id_pphahv_1cp_juxxpj>	<id_j18ly9_1ul_711bgh>	<occursUntil>	"1998-##-##"^^xsd:date	1998.0000
<id_10vten9_1co_18pj5mf>	<id_1ww4bie_siu_18pj5mf>	<occursSince>	"1990-09-01"^^xsd:date	1990.0901
<id_1azbpnk_1co_bjxm91>	<id_1wm7h1i_1ul_1ppmoax>	<occursSince>	"2007-##-##"^^xsd:date	2007.0000
<id_1ak1jwq_u5f_1qae833>	<id_n2eabn_oyl_tdrjvl>	<happenedOnDate>	"1988-12-19"^^xsd:date	1988.1219
<id_wnjvkg_1co_u4klfs>	<id_2050nc_1s2_arkwcz>	<occursSince>	"1944-##-##"^^xsd:date	1944.0000
<id_gbnuvx_1co_14wq6p3>	<id_1783guy_1ul_vu2foi>	<occursSince>	"2009-##-##"^^xsd:date	2009.0000
<id_kapm7s_evc_1y75whh>	<id_1iq5l7e_1xk_17y28q0>	<happenedIn>	<Mexico_City>	
<id_7f1p9t_evc_ilw2bi>	<id_1xpx0pr_1xk_fvu4nu>	<happenedIn>	<Stockholm>	
<id_9xxzyy_1co_3w0h47>	<id_rvsw22_1ul_reqxb8>	<occursSince>	"1976-##-##"^^xsd:date	1976.0000
<id_1fg9skk_evc_1x8xmfj>	<id_p2u64i_1xk_i8oute>	<happenedIn>	<Dallas>	
<id_or39io_u5f_1lbwpm2>	<id_iekvou_oyl_1cxchfv>	<happenedOnDate>	"1941-02-18"^^xsd:date	1941.0218
<id_1c7lz99_1co_1vwne04>	<id_1wsxi1n_1ul_vhvb4t>	<occursSince>	"2006-##-##"^^xsd:date	2006.0000
<id_14cfqlf_1co_w6gusj>	<id_1f1gtik_1ul_7a7ayy>	<occursSince>	"1994-##-##"^^xsd:date	1994.0000
<id_m0czs9_1cp_unqotn>	<id_1bvb0v_1ul_308lg0>	<occursUntil>	"1936-##-##"^^xsd:date	1936.0000
<id_1mh3l5a_204_de8ffm>	<id_1i1dlf2_19y_u6wc63>	<hasPredecessor>	<John_Thornton_(Canadian_politician)>	
<id_1lmtzul_1cp_bjxm91>	<id_1wzxjzt_1ul_esn3e5>	<occursUntil>	"2007-##-##"^^xsd:date	2007.0000
<id_e6wnxp_1cp_ncafy6>	<id_2duve7_1ul_1koox62>	<occursUntil>	"2011-##-##"^^xsd:date	2011.0000
<id_1f9a5ja_1cp_q8bwh2>	<id_1v0briu_1ul_1ywg6fa>	<occursUntil>	"2008-##-##"^^xsd:date	2008.0000
<id_fh580e_1cp_q8bwh2>	<id_12w59ty_1ul_bvdofz>	<occursUntil>	"2008-##-##"^^xsd:date	2008.0000
<id_yjwyio_1co_3w0h47>	<id_3n9g4h_1ul_1y3szv9>	<occursSince>	"1976-##-##"^^xsd:date	1976.0000
<id_1hfk9e1_evc_1lkz1tc>	<id_csr2is_1xk_1kkm6m8>	<happenedIn>	<Bryan,_Texas>	
<id_r9e963_1co_1pj9f8l>	<id_10ao1og_1ul_nxnnil>	<occursSince>	"1996-##-##"^^xsd:date	1996.0000
<id_of2m4l_1co_k2g1j8>	<id_13dzhqj_19y_1tc4bpo>	<occursSince>	"1998-07-26"^^xsd:date	1998.0726
<id_1d1xu3n_1co_1q9v2g8>	<id_1nae4e4_19y_j5oqfm>	<occursSince>	"1988-03-03"^^xsd:date	1988.0303
<id_1kvd240_1cp_gqphl2>	<id_iw5hbv_1ul_15n3cd7>	<occursUntil>	"1964-##-##"^^xsd:date	1964.0000
<id_otw41t_u5f_19rupgj>	<id_1xa8izg_oyl_1wxj39g>	<happenedOnDate>	"1974-08-28"^^xsd:date	1974.0828
<id_1mfzj77_x77_4tf8h7>	<id_1n2s279_19y_1ay38ff>	<hasSuccessor>	<Egon_Vaupel>	
<id_1yjlgbf_1cp_bjxm91>	<id_zvgvpk_1ul_1nn3ktr>	<occursUntil>	"2007-##-##"^^xsd:date	2007.0000
<id_7jph54_evc_10lstnw>	<id_1n5qvdh_1xk_19kbyn9>	<happenedIn>	<Delhi>	
<id_ylrq7x_1bu_sexh06>	<id_1opm0aj_14p_2h9e04>	<byTransport>	<Airphil_Express>	
<id_1510d7g_1co_1j53z6>	<id_12invau_1ul_erdz5>	<occursSince>	"1971-##-##"^^xsd:date	1971.0000
<id_ka0zmg_1cp_1be18ef>	<id_15at0ns_19y_1318z1k>	<occursUntil>	"1987-##-##"^^xsd:date	1987.0000
<id_1jjh018_1co_120oq67>	<id_q458q3_1ul_13m8aqs>	<occursSince>	"2012-##-##"^^xsd:date	2012.0000
<id_yc8ekd_u5f_uk5uxs>	<id_6dd4z2_oyl_11dnufz>	<happenedOnDate>	"1981-01-22"^^xsd:date	1981.0122
<id_18xfuuf_1co_1tjs0v3>	<id_ly7b79_1ul_17liwfq>	<occursSince>	"2001-##-##"^^xsd:date	2001.0000
<id_hr4o33_u5f_hh9uw6>	<id_18qtzuh_oyl_n2w2ob>	<happenedOnDate>	"1956-01-31"^^xsd:date	1956.0131
<id_3rnb47_1co_1vwne04>	<id_kfkmvq_1ul_6e4vx4>	<occursSince>	"2006-##-##"^^xsd:date	2006.0000
<id_67a1d1_1co_nvgjc1>	<id_1pphfg4_1ul_oelgyo>	<occursSince>	"2003-##-##"^^xsd:date	2003.0000
<id_2g0bl3_1cp_q8bwh2>	<id_1blg477_1ul_1ywg6fa>	<occursUntil>	"2008-##-##"^^xsd:date	2008.0000
<id_j7nyhw_1co_ncafy6>	<id_1cp7xjp_1ul_13m8yi6>	<occursSince>	"2011-##-##"^^xsd:date	2011.0000
<id_1cu4651_1cp_14wq6p3>	<id_1b8sh9j_1ul_1op3zdm>	<occursUntil>	"2009-##-##"^^xsd:date	2009.0000
<id_1hmb3l5_1co_3w0h47>	<id_12cr1u2_1ul_dammiy>	<occursSince>	"1976-##-##"^^xsd:date	1976.0000
<id_tre6f3_1co_1tjs0v3>	<id_g4537o_1ul_1fvk107>	<occursSince>	"2001-##-##"^^xsd:date	2001.0000
<id_1rrjrlt_u5f_43z6lp>	<id_1u02e4h_oyl_ewk0qn>	<happenedOnDate>	"1976-12-29"^^xsd:date	1976.1229
<id_1pa62v3_1co_14wq6p3>	<id_1rm5xmd_1ul_1d95imf>	<occursSince>	"2009-##-##"^^xsd:date	2009.0000
<id_gzrxyb_u5f_198m22p>	<id_54lkmu_oyl_1dgefy9>	<happenedOnDate>	"1982-04-03"^^xsd:date	1982.0403
<id_pj8yr6_evc_w0452m>	<id_naib1_1xk_za4i3p>	<happenedIn>	<Khmelnytskyi,_Ukraine>	
<id_1g0rsq5_1bu_y03zqy>	<id_auiger_14p_19is2x3>	<byTransport>	<Royal_Jordanian>	
<id_c258wp_evc_5audg5>	<id_c6opji_1xk_34ne4r>	<happenedIn>	<Melbourne>	
<id_18ulckn_evc_4kx6dk>	<id_1ssxqy2_1xk_2a9wsr>	<happenedIn>	<Cincinnati>	
<id_c3sdwp_1co_ncafy6>	<id_qpyjhn_1ul_b12cfs>	<occursSince>	"2011-##-##"^^xsd:date	2011.0000
<id_1ghn2ij_u5f_4n59yk>	<id_8f666h_oyl_e5lth3>	<happenedOnDate>	"1968-12-14"^^xsd:date	1968.1214
<id_rv10fw_1cp_1evdqn2>	<id_kripqs_1ul_ua4uh5>	<occursUntil>	"2000-##-##"^^xsd:date	2000.0000
<id_uskr7k_1cp_w6gusj>	<id_1132k9w_1ul_1wukfjp>	<occursUntil>	"1994-##-##"^^xsd:date	1994.0000
<id_1ipba2y_1co_14wq6p3>	<id_1u28qwa_1ul_6jiznj>	<occursSince>	"2009-##-##"^^xsd:date	2009.0000
<id_b8zz70_1co_q8bwh2>	<id_12wc2w1_1ul_1g0x9co>	<occursSince>	"2008-##-##"^^xsd:date	2008.0000
<id_1fl2qi6_1co_1tjs0v3>	<id_60w8yg_1ul_90qkrf>	<occursSince>	"2001-##-##"^^xsd:date	2001.0000
<id_zqpjdg_evc_1qaqff5>	<id_e40gg_1xk_i8o7s3>	<happenedIn>	<Lautoka>	
<id_kqyewv_1cp_1evdqn2>	<id_vsxb6r_1ul_1q42p73>	<occursUntil>	"2000-##-##"^^xsd:date	2000.0000
<id_4k58z_1co_1tjs0v3>	<id_t15l6s_1ul_18ztges>	<occursSince>	"2001-##-##"^^xsd:date	2001.0000
<id_x2ia6c_1co_yjc7xk>	<id_nwvdqo_1ul_aafgr8>	<occursSince>	"1999-##-##"^^xsd:date	1999.0000
<id_49cdx5_1co_8nw5q5>	<id_2xz4b4_ab2_hm0qpl>	<occursSince>	"2010-##-##"^^xsd:date	2010.0000
<id_ub2m1v_1cp_g7je77>	<id_10s2ppq_1ul_1ijabb9>	<occursUntil>	"1972-##-##"^^xsd:date	1972.0000
<id_lu4z19_1cp_972940>	<id_aaen3u_1ul_j9eu7n>	<occursUntil>	"2002-##-##"^^xsd:date	2002.0000
<id_xgllx_u5f_19rvcfz>	<id_yfs0hj_oyl_1egkl9v>	<happenedOnDate>	"1974-09-25"^^xsd:date	1974.0925
<id_1du6n4m_1cp_1vwne04>	<id_1nsspm8_1s2_1639jmx>	<occursUntil>	"2006-##-##"^^xsd:date	2006.0000
<id_bxc37s_evc_1ga2v1j>	<id_1x1nu9k_1xk_3vcv9p>	<happenedIn>	<Auckland>	
<id_14hmyhd_u5f_hhuaep>	<id_6ehdq8_oyl_567t7d>	<happenedOnDate>	"1956-12-09"^^xsd:date	1956.1209
<id_gk8x49_1co_1h893s3>	<id_12r7sm9_1ul_1at8b2n>	<occursSince>	"2005-##-##"^^xsd:date	2005.0000
<id_zy6r2b_1cp_ncafy6>	<id_91ogiz_1ul_1165pn1>	<occursUntil>	"2011-##-##"^^xsd:date	2011.0000
<id_16ru4rx_1cp_5ppqvd>	<id_hzzt9l_1ul_tffmuv>	<occursUntil>	"1989-##-##"^^xsd:date	1989.0000
<id_4ms256_1co_1evdqn2>	<id_1wpamj1_1ul_1332rek>	<occursSince>	"2000-##-##"^^xsd:date	2000.0000
<id_1uqjufb_u5f_1id19m>	<id_1h8hmg6_oyl_1066ajz>	<happenedOnDate>	"1934-02-25"^^xsd:date	1934.0225
<id_1iizdqs_1co_8vczju>	<id_p1iqum_19y_18bgrb8>	<occursSince>	"2010-05-13"^^xsd:date	2010.0513
<id_15f8l78_1cp_1m5542b>	<id_1mcqxnh_siu_1q2fimg>	<occursUntil>	"245-##-##"^^xsd:date	245.0000
<id_1eqb6h9_1co_18hzrvj>	<id_1aaf1jm_1ul_14vlxl5>	<occursSince>	"1990-##-##"^^xsd:date	1990.0000
<id_11z8bgg_1co_16z9lwn>	<id_l31toc_1ul_1qu874t>	<occursSince>	"1932-##-##"^^xsd:date	1932.0000
<id_46221l_1cp_unqotn>	<id_1txhd3s_1ul_lidhve>	<occursUntil>	"1936-##-##"^^xsd:date	1936.0000
<id_eb1boo_1cp_1npk5hf>	<id_1sha5sk_1ul_1nmhehk>	<occursUntil>	"1983-##-##"^^xsd:date	1983.0000
<id_wy4euw_evc_m8nedo>	<id_ps1dtm_1xk_gysa0a>	<happenedIn>	<Halle,_Saxony-Anhalt>	
<id_1g24bjv_1co_5ehpzg>	<id_uv1yyh_1ql_5ehpzg>	<occursSince>	"1997-11-28"^^xsd:date	1997.1128
<id_nffs8v_1co_ucrl1d>	<id_1vshhno_1ul_1l4jerh>	<occursSince>	"1981-##-##"^^xsd:date	1981.0000
<id_12off9f_1cp_x8t1k9>	<id_6fma10_1ul_g5wdrk>	<occursUntil>	"1978-##-##"^^xsd:date	1978.0000
<id_1fpebvh_1co_hi2kki>	<id_bf5sl6_ab2_5tj7ui>	<occursSince>	"1993-##-##"^^xsd:date	1993.0000
<id_g3mp8y_1co_bjxm91>	<id_z2ad9m_1ul_1cofwls>	<occursSince>	"2007-##-##"^^xsd:date	2007.0000
<id_1vrjn5p_1co_1915v9e>	<id_1bosn36_1ul_7hkwq3>	<occursSince>	"1982-##-##"^^xsd:date	1982.0000
<id_5u02lu_1co_o2yn5o>	<id_wrswws_siu_o2yn5o>	<occursSince>	"2003-07-24"^^xsd:date	2003.0724
<id_n0pjpm_1cp_q8bwh2>	<id_1dlc5hv_1ul_1yt0ggo>	<occursUntil>	"2008-##-##"^^xsd:date	2008.0000
<id_o9yefz_1co_x8t1k9>	<id_ds0q0g_1ul_12a0ppz>	<occursSince>	"1978-##-##"^^xsd:date	1978.0000
<id_1eneyuj_1co_nvgjc1>	<id_1hh25o0_1ul_voau9r>	<occursSince>	"2003-##-##"^^xsd:date	2003.0000
<id_us8v6v_1co_ncafy6>	<id_8i9rw_1ul_36ls6f>	<occursSince>	"2011-##-##"^^xsd:date	2011.0000
<id_11swgy5_u5f_fnn51i>	<id_w4czsv_oyl_1ln3nww>	<happenedOnDate>	"1943-05-15"^^xsd:date	1943.0515
<id_rw48fd_1cp_bjxm91>	<id_1vbmr55_1ul_ir7ke9>	<occursUntil>	"2007-##-##"^^xsd:date	2007.0000
<id_13n43ne_1co_1vwne04>	<id_9vzo3j_1ul_1g8w679>	<occursSince>	"2006-##-##"^^xsd:date	2006.0000
<id_ha85v0_1cp_y01xfp>	<id_16795jh_19y_1t0ac7y>	<occursUntil>	"1876-10-31"^^xsd:date	1876.1031
<id_bzz5w7_1bu_citiru>	<id_28iizl_14p_aa5y75>	<byTransport>	<WestJet>	
<id_6lskl_evc_1y2whp0>	<id_w8lfn2_1xk_19jmfuv>	<happenedIn>	<Florence>	
<id_brsvkb_1co_q8bwh2>	<id_18s1xqi_1ul_2jfurg>	<occursSince>	"2008-##-##"^^xsd:date	2008.0000
<id_67m3nj_1co_14wq6p3>	<id_p73lqx_1ul_1hdrb6c>	<occursSince>	"2009-##-##"^^xsd:date	2009.0000
<id_1udx52m_evc_1e8bbnp>	<id_b3mk04_1xk_wx6bz8>	<happenedIn>	<Laguna_Beach,_California>	
<id_lwugvk_1cp_ey0a>	<id_438l5c_1ul_13rj8il>	<occursUntil>	"1913-##-##"^^xsd:date	1913.0000
<id_8ga46j_1co_1vwne04>	<id_150uw79_1ul_t82nw8>	<occursSince>	"2006-##-##"^^xsd:date	2006.0000
<id_1vmzcbo_u5f_29qr7l>	<id_1ngyr64_oyl_w95cvk>	<happenedOnDate>	"1963-03-10"^^xsd:date	1963.0310
<id_hza3ek_1cp_ncafy6>	<id_yhuq3y_1ul_193haha>	<occursUntil>	"2011-##-##"^^xsd:date	2011.0000
<id_rqxca7_evc_n2w2ob>	<id_1wdamed_1xk_ukp0jn>	<happenedIn>	<Barcelona>	
<id_o2n44j_1cp_1tjs0v3>	<id_1uvv5m4_ab2_ri66s>	<occursUntil>	"2001-##-##"^^xsd:date	2001.0000
<id_1ftdk7q_1cp_ncafy6>	<id_8wosfb_1ul_vecezl>	<occursUntil>	"2011-##-##"^^xsd:date	2011.0000
<id_7jg0gx_1bu_z9v8dg>	<id_1ls6hp7_14p_jpcoxc>	<byTransport>	<SkyWest_Airlines>	
<id_ltydze_1cp_1vwne04>	<id_uzd1wa_1ul_uxivo3>	<occursUntil>	"2006-##-##"^^xsd:date	2006.0000
<id_g5zjpv_u5f_3clgmk>	<id_1a4buh8_oyl_zjs8p5>	<happenedOnDate>	"1947-11-23"^^xsd:date	1947.1123
<id_1pmocrj_1cp_56jnhi>	<id_j6doxn_1ul_isb8x2>	<occursUntil>	"1997-##-##"^^xsd:date	1997.0000
<id_78ith5_1co_nvgjc1>	<id_d7ybr5_1ul_4o6iay>	<occursSince>	"2003-##-##"^^xsd:date	2003.0000
<id_1nvr9o6_1co_1tjs0v3>	<id_4a8dr2_1ul_4hq1hq>	<occursSince>	"2001-##-##"^^xsd:date	2001.0000
<id_97yhe_1co_j3kuq3>	<id_16x4scw_siu_j3kuq3>	<occursSince>	"1969-##-##"^^xsd:date	1969.0000
<id_7rhqd1_u5f_wozccr>	<id_t5zmtw_oyl_1u7rgbp>	<happenedOnDate>	"1949-09-18"^^xsd:date	1949.0918
<id_1sq3aob_1cp_ncafy6>	<id_1dlag23_1ul_1g0wtbp>	<occursUntil>	"2011-##-##"^^xsd:date	2011.0000
<id_7vyvq3_evc_1vjwjx8>	<id_jehw00_1xk_h9mnv3>	<happenedIn>	<New_York_City>	
<id_qaczy7_1cp_ikerc8>	<id_7gntak_1ul_hvvca3>	<occursUntil>	"1977-##-##"^^xsd:date	1977.0000
<id_19np3ch_1cp_q8bwh2>	<id_1gz257o_1ul_154kzdq>	<occursUntil>	"2008-##-##"^^xsd:date	2008.0000
<id_2wzqyq_1co_14wq6p3>	<id_zo9xaa_1ul_195jnwf>	<occursSince>	"2009-##-##"^^xsd:date	2009.0000
<id_bgr2xd_1co_1vwne04>	<id_2gmnrm_1ul_ytc8s3>	<occursSince>	"2006-##-##"^^xsd:date	2006.0000
<id_k787gn_evc_19il57u>	<id_wzu47c_1xk_16femqw>	<happenedIn>	<Trieste>	
<id_iaxv52_evc_1ff793w>	<id_9rqic5_1xk_3nthim>	<happenedIn>	<Eugene,_Oregon>	
<id_9jj2h0_evc_zjyx33>	<id_hgsjz_1xk_1ndvivz>	<happenedIn>	<Lomé>	
<id_622is5_evc_1uxca50>	<id_2b3tg9_1xk_h95f77>	<happenedIn>	<Garden_Grove,_California>	
<id_15v97b2_evc_qizkwt>	<id_ivxagi_1xk_2teq7i>	<happenedIn>	<Bucharest>	
<id_1qy292g_u5f_zamdr7>	<id_15ym5zg_oyl_1suc7y0>	<happenedOnDate>	"1897-12-21"^^xsd:date	1897.1221
<id_1j77fg3_1co_14wq6p3>	<id_ri10t6_1ul_1rcew92>	<occursSince>	"2009-##-##"^^xsd:date	2009.0000
<id_4h6w5p_u5f_1au4z9i>	<id_1bdqgi3_oyl_19pnxks>	<happenedOnDate>	"1958-05-22"^^xsd:date	1958.0522
<id_n213yp_u5f_1os1p7n>	<id_zum59n_oyl_1rvvk0w>	<happenedOnDate>	"1873-##-##"^^xsd:date	1873.0000
<id_25xzkv_1cp_972940>	<id_duk6to_1ul_1cwj3ye>	<occursUntil>	"2002-##-##"^^xsd:date	2002.0000
<id_6a0fjg_1cp_yjc7xk>	<id_1ktp3q2_1ul_13d5ig9>	<occursUntil>	"1999-##-##"^^xsd:date	1999.0000
<id_14gnbf7_x77_11w3566>	<id_1eq58bz_19y_27bi4b>	<hasSuccessor>	<Marcellus_Boss>	
<id_bq2jbe_1co_1o8q8va>	<id_1d2qak_1ul_10k28cq>	<occursSince>	"1975-##-##"^^xsd:date	1975.0000
<id_1hybepx_1co_8nw5q5>	<id_1atsz56_1ul_12mr603>	<occursSince>	"2010-##-##"^^xsd:date	2010.0000
<id_1xoe8hw_1co_8nw5q5>	<id_1155u6p_1ul_1mql3uh>	<occursSince>	"2010-##-##"^^xsd:date	2010.0000
<id_bbr5zj_1co_1kd4prd>	<id_5v8dnd_1c7_1tculjt>	<occursSince>	"1912-##-##"^^xsd:date	1912.0000
<id_12xcwba_evc_vps6cz>	<id_4e11ja_1xk_gyb1el>	<happenedIn>	<Carlinville,_Illinois>	
<id_1yjnkbq_1cp_1orwc95>	<id_501k_1ul_1igf4s9>	<occursUntil>	"1967-##-##"^^xsd:date	1967.0000
<id_2cgmk2_1bu_h17yar>	<id_vm8ihy_14p_19q4ssq>	<byTransport>	<Saudi_Arabian_Airlines>	
<id_a6tg5i_1cp_18krw28>	<id_1qpp941_1ul_1hdrb6c>	<occursUntil>	"1908-##-##"^^xsd:date	1908.0000
<id_l25i2_1co_yjc7xk>	<id_r6l5k7_1ul_11hvazz>	<occursSince>	"1999-##-##"^^xsd:date	1999.0000
<id_y7q2t0_1co_8nw5q5>	<id_li8deh_1ul_uifp7g>	<occursSince>	"2010-##-##"^^xsd:date	2010.0000
<id_195jmkg_1cp_16z9lwn>	<id_1qf5jiz_1ul_1659nyb>	<occursUntil>	"1932-##-##"^^xsd:date	1932.0000
<id_eg1ix2_evc_3t60hb>	<id_z9nuk4_1xk_1lbz9k2>	<happenedIn>	<Summit,_New_Jersey>	
<id_fm4j7n_1co_8vdmke>	<id_1y5lyow_19y_1mu7o34>	<occursSince>	"2010-06-29"^^xsd:date	2010.0629
<id_11e7aa3_1co_1pj9f8l>	<id_u95skm_1ul_6pcd0r>	<occursSince>	"1996-##-##"^^xsd:date	1996.0000
<id_mop12l_1co_yjc7xk>	<id_119y1nv_1ul_1rfnxml>	<occursSince>	"1999-##-##"^^xsd:date	1999.0000
<id_sd22d0_1co_bjxm91>	<id_mkxnwd_1ul_1rvnc4o>	<occursSince>	"2007-##-##"^^xsd:date	2007.0000
<id_15ycey2_1co_bjxm91>	<id_1jcika5_1ul_1xd6w1w>	<occursSince>	"2007-##-##"^^xsd:date	2007.0000
<id_1p3kj78_1cp_1h893s3>	<id_121ttip_1ul_1pqbq2>	<occursUntil>	"2005-##-##"^^xsd:date	2005.0000
<id_7kdw0g_1co_1auv50k>	<id_13xyzz8_1ul_1km45gh>	<occursSince>	"1995-##-##"^^xsd:date	1995.0000
<id_2v4j1p_1co_12jutk2>	<id_x3275g_1ul_ie1t6d>	<occursSince>	"2004-##-##"^^xsd:date	2004.0000
<id_q3951t_1cp_bjxm91>	<id_814sa7_1ul_t8qffz>	<occursUntil>	"2007-##-##"^^xsd:date	2007.0000
<id_pryhx0_1co_1tjs0v3>	<id_1tcif95_1ul_gdlcba>	<occursSince>	"2001-##-##"^^xsd:date	2001.0000
<id_1p2scqw_1co_ncafy6>	<id_qm96fs_1ul_1ki8nj9>	<occursSince>	"2011-##-##"^^xsd:date	2011.0000
<id_1jq01nl_1co_1n6e23k>	<id_1sne9v5_1s2_1e7w42f>	<occursSince>	"1991-##-##"^^xsd:date	1991.0000
<id_5f85ef_u5f_za1y6e>	<id_qowix4_oyl_7qwqz1>	<happenedOnDate>	"1897-01-24"^^xsd:date	1897.0124
<id_1pewgrg_u5f_v3bybm>	<id_109u4i4_oyl_5h1ufo>	<happenedOnDate>	"1973-01-21"^^xsd:date	1973.0121
<id_1186cpg_1co_1tjs0v3>	<id_4s1e3p_1ul_1dw3mwo>	<occursSince>	"2001-##-##"^^xsd:date	2001.0000
<id_1cadyk2_1cp_yjc7xk>	<id_1lvgzjv_1ul_185ny1j>	<occursUntil>	"1999-##-##"^^xsd:date	1999.0000
<id_1x7aa7w_204_vef973>	<id_ied07k_19y_172skmr>	<hasPredecessor>	<Harris_Kenneth_Wangelin>	
<id_1e85857_1cp_14wq6p3>	<id_62sl3f_1ul_6fw723>	<occursUntil>	"2009-##-##"^^xsd:date	2009.0000
<id_1mrcpa4_1co_5ppqvd>	<id_14fmi4f_1ul_1uqmb0s>	<occursSince>	"1989-##-##"^^xsd:date	1989.0000
<id_veuivd_1cp_1h893s3>	<id_jxwtj5_1ul_xb9ogt>	<occursUntil>	"2005-##-##"^^xsd:date	2005.0000
<id_19n27d8_1cp_1a3i214>	<id_1ud1fc4_1ul_15nsp4m>	<occursUntil>	"1966-##-##"^^xsd:date	1966.0000
<id_1tjri1u_1co_972940>	<id_1135z9n_1ul_1t4jals>	<occursSince>	"2002-##-##"^^xsd:date	2002.0000
<id_1ewznqv_u5f_i0j56v>	<id_1y2oprb_oyl_te7jft>	<happenedOnDate>	"1948-06-23"^^xsd:date	1948.0623
<id_1t97xpc_1co_972940>	<id_19cb2qm_1ul_1a4wg76>	<occursSince>	"2002-##-##"^^xsd:date	2002.0000
<id_1cuz0da_1co_hi2kki>	<id_1h591kp_1ul_1veuu8u>	<occursSince>	"1993-##-##"^^xsd:date	1993.0000
<id_14c4dzz_evc_1suc7y0>	<id_1a3lcao_1xk_1blzavi>	<happenedIn>	<Glasgow>	
<id_18mi7tc_u5f_i0h87j>	<id_1jjpuec_oyl_1grz3fm>	<happenedOnDate>	"1948-03-17"^^xsd:date	1948.0317
<id_mdrgx3_1co_1aaxlxf>	<id_1lj9cgh_19y_1xj1uof>	<occursSince>	"1966-03-31"^^xsd:date	1966.0331
<id_vipzrq_1co_juxxpj>	<id_1syr2eg_1ul_1tg6bel>	<occursSince>	"1998-##-##"^^xsd:date	1998.0000
<id_1md3pah_evc_vbaism>	<id_1hcjel3_1xk_dtwlb6>	<happenedIn>	<Montreal>	
<id_h52fhc_1co_972940>	<id_13bro12_1ul_1yjs481>	<occursSince>	"2002-##-##"^^xsd:date	2002.0000
<id_ivnrmv_1co_14wq6p3>	<id_kj5i4i_1ul_1mffitx>	<occursSince>	"2009-##-##"^^xsd:date	2009.0000
<id_1uh9ogu_u5f_1ab05vj>	<id_1b97vas_oyl_rln4vm>	<happenedOnDate>	"1966-07-31"^^xsd:date	1966.0731
<id_d2w4g8_1cp_nvgjc1>	<id_13l5bax_1ul_13vw513>	<occursUntil>	"2003-##-##"^^xsd:date	2003.0000
<id_1y5t4fu_u5f_isdgso>	<id_wl69dn_oyl_1gbjrso>	<happenedOnDate>	"1977-12-12"^^xsd:date	1977.1212
<id_1r181vt_1co_1be18ef>	<id_eof9ur_1ul_i963ko>	<occursSince>	"1987-##-##"^^xsd:date	1987.0000
<id_1chzje1_1cp_8nw5q5>	<id_14zh5w2_1ul_zmjkys>	<occursUntil>	"2010-##-##"^^xsd:date	2010.0000
<id_b629r3_1cp_q8bwh2>	<id_1o9ydpa_1ul_ai56zm>	<occursUntil>	"2008-##-##"^^xsd:date	2008.0000
<id_pjpe7c_evc_n9r3zw>	<id_1t9ohba_1xk_1o82n0r>	<happenedIn>	<Newark,_New_Jersey>	
<id_1mquw7r_evc_1ej3lrx>	<id_dsh807_1xk_317o3d>	<happenedIn>	<Cernusco_sul_Naviglio>	
<id_h8k88m_evc_1b7ttks>	<id_fttgm8_1xk_i96qfg>	<happenedIn>	<Mulhouse>	
<id_hjcnh3_1co_5ppqvd>	<id_h1t47z_1ul_qrh7t5>	<occursSince>	"1989-##-##"^^xsd:date	1989.0000
<id_6ys2ob_1co_yjc7xk>	<id_18407sy_1ul_1r4v9od>	<occursSince>	"1999-##-##"^^xsd:date	1999.0000
<id_13g3e1m_1cp_savbom>	<id_155pjde_1ul_1ssnjy4>	<occursUntil>	"1931-##-##"^^xsd:date	1931.0000
<id_533pxy_1co_yjc7xk>	<id_ylkvh1_1ul_jefgzi>	<occursSince>	"1999-##-##"^^xsd:date	1999.0000
<id_1rbhwfq_1co_q8bwh2>	<id_2j6d28_19y_lgm7qe>	<occursSince>	"2008-##-##"^^xsd:date	2008.0000
<id_aodlzf_1cp_8nw5q5>	<id_94tkox_1ul_1to8s61>	<occursUntil>	"2010-##-##"^^xsd:date	2010.0000
<id_7d0oom_1co_bjxm91>	<id_uevd2k_1ul_s10sga>	<occursSince>	"2007-##-##"^^xsd:date	2007.0000
<id_1wsr8dy_evc_7naanm>	<id_18g3w5r_1xk_19rvcea>	<happenedIn>	<Minamiawaji,_Hyōgo>	
<id_1enrgsu_1cp_1amo5ez>	<id_89ash9_1ul_12rm7no>	<occursUntil>	"1958-##-##"^^xsd:date	1958.0000
<id_ryiduu_u5f_1n5pt9d>	<id_ovjsi7_oyl_tk09e1>	<happenedOnDate>	"1954-08-02"^^xsd:date	1954.0802
<id_98lrzs_u5f_15w4pfr>	<id_16y3hum_oyl_o82iaz>	<happenedOnDate>	"1911-01-22"^^xsd:date	1911.0122
<id_e4vjhd_1co_yjc7xk>	<id_5zqcsx_1ul_1rjgzz5>	<occursSince>	"1999-##-##"^^xsd:date	1999.0000
<id_1286rzi_1co_q8bwh2>	<id_1fynxm7_1ul_oxhgqu>	<occursSince>	"2008-##-##"^^xsd:date	2008.0000
<id_o0r2sj_1co_1h893s3>	<id_xwkc0n_1ul_ii7lyj>	<occursSince>	"2005-##-##"^^xsd:date	2005.0000
<id_1izajaq_1cp_1vwne04>	<id_1uu8au0_1ul_w0awr0>	<occursUntil>	"2006-##-##"^^xsd:date	2006.0000
<id_6n1thj_1co_1auv50k>	<id_v104wq_1ul_k36aw2>	<occursSince>	"1995-##-##"^^xsd:date	1995.0000
<id_1vgx787_1co_154nm6i>	<id_qdjjhe_siu_154nm6i>	<occursSince>	"2009-10-13"^^xsd:date	2009.1013
<id_r86371_evc_3a42bu>	<id_1yv3tbu_1xk_1m3b2jl>	<happenedIn>	<Haarlem>	
<id_1l953l8_1cp_14wq6p3>	<id_1y2x85x_1ul_rsmi4v>	<occursUntil>	"2009-##-##"^^xsd:date	2009.0000
<id_d2gbxe_1cp_ncafy6>	<id_1ddokje_1ul_1p5s37u>	<occursUntil>	"2011-##-##"^^xsd:date	2011.0000
<id_f9tfgj_evc_4681j>	<id_1d7mlt5_1xk_4xrv1r>	<happenedIn>	<Havana>	
<id_19essjg_1co_1evdqn2>	<id_ikf20_1ul_m9bmg4>	<occursSince>	"2000-##-##"^^xsd:date	2000.0000
<id_9h70wc_1co_nvgjc1>	<id_10pctwm_1ul_nlowlp>	<occursSince>	"2003-##-##"^^xsd:date	2003.0000
<id_1s7d2lf_1co_ncafy6>	<id_1amd6f9_1ul_1q5x3ep>	<occursSince>	"2011-##-##"^^xsd:date	2011.0000
<id_69k6p7_1co_hi2kki>	<id_11dy5lc_1ul_6bpybu>	<occursSince>	"1993-##-##"^^xsd:date	1993.0000
<id_6zrk3g_1co_njrws7>	<id_dfp6kx_19y_12fb030>	<occursSince>	"2011-06-21"^^xsd:date	2011.0621
<id_14t1aoj_204_19u5fcs>	<id_agjtqd_19y_1cqdpe3>	<hasPredecessor>	<Des_Browne>	
<id_1cwxpqy_1co_juxxpj>	<id_1futcz7_1ul_o3dhtx>	<occursSince>	"1998-##-##"^^xsd:date	1998.0000
<id_dnoatn_1cp_12jutk2>	<id_pb4aqp_1ul_1fr9cqi>	<occursUntil>	"2004-##-##"^^xsd:date	2004.0000
<id_1ajslqb_1co_1ozd62t>	<id_1rg8xvf_siu_1ozd62t>	<occursSince>	"1967-05-12"^^xsd:date	1967.0512
<id_wrlzc6_1cp_ncafy6>	<id_inzvj6_1ul_1jq5a2y>	<occursUntil>	"2011-##-##"^^xsd:date	2011.0000
<id_1ey8g6b_1cp_1auv50k>	<id_qootoe_1ul_1ij5enh>	<occursUntil>	"1995-##-##"^^xsd:date	1995.0000
<id_ayzcvf_evc_4colsa>	<id_1fpr0gv_1xk_tssrxo>	<happenedIn>	<Chicago>	
<id_7n2xms_1co_3cudqc>	<id_1wqkll2_1ul_mo0f48>	<occursSince>	"1984-##-##"^^xsd:date	1984.0000
<id_tjisdv_1cp_i18nyd>	<id_fprt6v_1ul_1zscpd>	<occursUntil>	"1985-##-##"^^xsd:date	1985.0000
<id_hm14c1_1cp_1h893s3>	<id_1bc3rly_1ul_1e8sugn>	<occursUntil>	"2005-##-##"^^xsd:date	2005.0000
<id_fany8e_1co_ncafy6>	<id_1l19tlz_1ul_1vg6pg4>	<occursSince>	"2011-##-##"^^xsd:date	2011.0000
<id_1igstae_1co_1546dic>	<id_1qciwiy_19y_1ijjn5u>	<occursSince>	"2009-04-01"^^xsd:date	2009.0401
<id_57juw5_u5f_irwv50>	<id_p5mds5_oyl_48g1gd>	<happenedOnDate>	"1977-07-14"^^xsd:date	1977.0714
<id_knf2gd_1cp_juxxpj>	<id_qzcb27_1ul_hngkge>	<occursUntil>	"1998-##-##"^^xsd:date	1998.0000
<id_6nnqem_evc_fd5p73>	<id_a7haib_1xk_1aulkvn>	<happenedIn>	<Luxembourg_(city)>	
<id_14zgqp2_1co_bjxm91>	<id_5hi1wp_1ul_12k5jgl>	<occursSince>	"2007-##-##"^^xsd:date	2007.0000
<id_13of2q_1cp_tsu1vp>	<id_1177hfh_19y_1ruuy12>	<occursUntil>	"1952-03-03"^^xsd:date	1952.0303
<id_1vz2do1_1cp_tlei1x>	<id_scuzr3_1ul_1mvxmdb>	<occursUntil>	"1952-##-##"^^xsd:date	1952.0000
<id_1krcq3h_1co_q8bwh2>	<id_1j5d5r4_1ul_kupcb7>	<occursSince>	"2008-##-##"^^xsd:date	2008.0000
<id_1r25yz5_u5f_1npbvbl>	<id_4qd9ya_oyl_8j1duc>	<happenedOnDate>	"1946-12-08"^^xsd:date	1946.1208
<id_1erowyx_1co_bjxm91>	<id_cmz9md_1ul_rz2aqq>	<occursSince>	"2007-##-##"^^xsd:date	2007.0000
<id_1iahpfu_1co_bjxm91>	<id_1brmhru_1ul_3ykfc1>	<occursSince>	"2007-##-##"^^xsd:date	2007.0000
<id_1olxetj_1co_2lhaqw>	<id_1rzlv5a_1ul_v2jxqc>	<occursSince>	"1955-##-##"^^xsd:date	1955.0000
<id_1cojcpt_1cp_ucrl1d>	<id_1kti6sr_1ul_3yct3i>	<occursUntil>	"1981-##-##"^^xsd:date	1981.0000
<id_3iuk4s_evc_1vjwjx8>	<id_1uz6f2k_1xk_r0l8u>	<happenedIn>	<New_York_City>	
<id_1eooz6d_u5f_1pihzgx>	<id_bd2shb_oyl_4colsa>	<happenedOnDate>	"1959-03-08"^^xsd:date	1959.0308
<id_ictcfj_u5f_7weti>	<id_74sdq8_oyl_1oubl5f>	<happenedOnDate>	"1913-06-13"^^xsd:date	1913.0613
<id_e36zuz_1co_bjxm91>	<id_1pkjzer_1ul_1syu0fp>	<occursSince>	"2007-##-##"^^xsd:date	2007.0000
<id_gcmh1q_1co_1kd4prd>	<id_19ixyyc_1c7_r74fn4>	<occursSince>	"1912-##-##"^^xsd:date	1912.0000
<id_12pc51s_1co_120oq67>	<id_8k6hf2_1ul_1ws8lp>	<occursSince>	"2012-##-##"^^xsd:date	2012.0000
