<id_zik11d_88c_ehg9uq>	<A>	rdf:type	<wikicategory_Vowel_letters>	
<id_zik11d_88c_w3c6wm>	<A>	rdf:type	<wikicategory_ISO_basic_Latin_letters>	
<id_1bsrlah_88c_1nmgaf0>	<Alabama>	rdf:type	<wikicategory_States_of_the_Confederate_States_of_America>	
<id_1bsrlah_88c_1s6g79w>	<Alabama>	rdf:type	<wikicategory_States_of_the_United_States>	
<id_1bsrlah_88c_r34uav>	<Alabama>	rdf:type	<wikicategory_States_and_territories_established_in_1819>	
<id_1bsrlah_88c_yg98e5>	<Alabama>	rdf:type	<wikicategory_States_of_the_Southern_United_States>	
<id_3ienox_88c_4retae>	<Achilles>	rdf:type	<wikicategory_People_of_the_Trojan_War>	
<id_3ienox_88c_1rk49a2>	<Achilles>	rdf:type	<wikicategory_Pederastic_heroes_and_deities>	
<id_3ienox_88c_s57m6o>	<Achilles>	rdf:type	<wikicategory_Kings_of_the_Myrmidons>	
<id_4kij9g_88c_99ehia>	<Abraham_Lincoln>	rdf:type	<wikicategory_People_from_Spencer_County,_Indiana>	
<id_4kij9g_88c_8yx99j>	<Abraham_Lincoln>	rdf:type	<wikicategory_Union_political_leaders>	
<id_4kij9g_88c_1u2yh12>	<Abraham_Lincoln>	rdf:type	<wikicategory_Republican_Party_Presidents_of_the_United_States>	
<id_4kij9g_88c_z6q25x>	<Abraham_Lincoln>	rdf:type	<wikicategory_People_from_Springfield,_Illinois>	
<id_4kij9g_88c_1hovxaj>	<Abraham_Lincoln>	rdf:type	<wikicategory_Assassinated_United_States_Presidents>	
<id_4kij9g_88c_1x1170s>	<Abraham_Lincoln>	rdf:type	<wikicategory_Illinois_lawyers>	
<id_4kij9g_88c_1pa6xx6>	<Abraham_Lincoln>	rdf:type	<wikicategory_People_of_Illinois_in_the_American_Civil_War>	
<id_4kij9g_88c_1ah5kjs>	<Abraham_Lincoln>	rdf:type	<wikicategory_American_people_of_Welsh_descent>	
<id_4kij9g_88c_1xk331r>	<Abraham_Lincoln>	rdf:type	<wikicategory_People_from_Coles_County,_Illinois>	
<id_4kij9g_88c_p7y31p>	<Abraham_Lincoln>	rdf:type	<wikicategory_People_of_the_Black_Hawk_War>	
<id_4kij9g_88c_11pwcl>	<Abraham_Lincoln>	rdf:type	<wikicategory_American_people_of_English_descent>	
<id_4kij9g_88c_xmv7h4>	<Abraham_Lincoln>	rdf:type	<wikicategory_People_murdered_in_Washington,_D.C.>	
<id_4kij9g_88c_5fo22o>	<Abraham_Lincoln>	rdf:type	<wikicategory_Postmasters>	
<id_4kij9g_88c_hp7z9f>	<Abraham_Lincoln>	rdf:type	<wikicategory_Presidents_of_the_United_States>	
<id_4kij9g_88c_1xkqbr5>	<Abraham_Lincoln>	rdf:type	<wikicategory_People_from_LaRue_County,_Kentucky>	
<id_4kij9g_88c_vafydj>	<Abraham_Lincoln>	rdf:type	<wordnet_officeholder_110371450>	
<id_4kij9g_88c_16cy2gf>	<Abraham_Lincoln>	rdf:type	<wikicategory_People_from_Macon_County,_Illinois>	
<id_1rii7g7_88c_mi6je9>	<Aristotle>	rdf:type	<wikicategory_Rhetoric_theorists>	
<id_1rii7g7_88c_1lcsiy8>	<Aristotle>	rdf:type	<wikicategory_Philosophers_of_language>	
<id_1rii7g7_88c_i76981>	<Aristotle>	rdf:type	<wikicategory_Political_philosophers>	
<id_1rii7g7_88c_myyslk>	<Aristotle>	rdf:type	<wikicategory_Philosophers_and_tutors_of_Alexander_the_Great>	
<id_1rii7g7_88c_xbyshi>	<Aristotle>	rdf:type	<wikicategory_Defenders_of_slavery>	
<id_1rii7g7_88c_pac5xm>	<Aristotle>	rdf:type	<wikicategory_Philosophers_of_law>	
<id_1rii7g7_88c_2gpczg>	<Aristotle>	rdf:type	<wikicategory_Philosophers_of_ancient_Chalcidice>	
<id_1rii7g7_88c_va8ann>	<Aristotle>	rdf:type	<wikicategory_Trope_theorists>	
<id_1rii7g7_88c_19glx3g>	<Aristotle>	rdf:type	<wikicategory_Ancient_Greek_physicists>	
<id_1rii7g7_88c_1abpmpv>	<Aristotle>	rdf:type	<wikicategory_Empiricists>	
<id_1rii7g7_88c_11447xm>	<Aristotle>	rdf:type	<wikicategory_Metic_philosophers_in_Classical_Athens>	
<id_1rii7g7_88c_92d66t>	<Aristotle>	rdf:type	<wikicategory_Greek_biologists>	
<id_1rii7g7_88c_vzdz2d>	<Aristotle>	rdf:type	<wikicategory_Natural_philosophers>	
<id_1rii7g7_88c_2k9azu>	<Aristotle>	rdf:type	<wikicategory_Philosophers_of_mind>	
<id_1rii7g7_88c_obh5ho>	<Aristotle>	rdf:type	<wikicategory_Attic_Greek_writers>	
<id_1rii7g7_88c_1xrzeut>	<Aristotle>	rdf:type	<wikicategory_Cosmologists>	
<id_1rii7g7_88c_6ent3l>	<Aristotle>	rdf:type	<wikicategory_Ancient_Greek_mathematicians>	
<id_1rii7g7_88c_10w3pn9>	<Aristotle>	rdf:type	<wikicategory_Ancient_Greek_philosophers>	
<id_1rii7g7_88c_vdsf7f>	<Aristotle>	rdf:type	<wikicategory_4th-century_BC_philosophers>	
<id_1rii7g7_88c_l2tvyj>	<Aristotle>	rdf:type	<wikicategory_Greek_logicians>	
<id_1rii7g7_88c_f1sf8e>	<Aristotle>	rdf:type	<wikicategory_Humor_researchers>	
<id_1rii7g7_88c_w358i8>	<Aristotle>	rdf:type	<wikicategory_Beekeepers>	
<id_1rii7g7_88c_smewdv>	<Aristotle>	rdf:type	<wikicategory_Virtue_ethicists>	
<id_1rii7g7_88c_fuz11q>	<Aristotle>	rdf:type	<wikicategory_Peripatetic_philosophers>	
<id_1rii7g7_88c_zrkj8f>	<Aristotle>	rdf:type	<wikicategory_Acting_theorists>	
<id_1rii7g7_88c_xa9va3>	<Aristotle>	rdf:type	<wikicategory_Meteorologists>	
<id_1rii7g7_88c_cymh0l>	<Aristotle>	rdf:type	<wikicategory_Academic_philosophers>	
<id_1rii7g7_88c_120skfv>	<Aristotle>	rdf:type	<wordnet_philosopher_110423589>	
<id_r782v2_88c_1mmeaus>	<An_American_in_Paris>	rdf:type	<wikicategory_Symphonic_poems>	
<id_1wcieer_88c_z5wy8q>	<Academy_Award_for_Best_Art_Direction>	rdf:type	<wikicategory_Academy_Awards>	
<id_1wcieer_88c_18z0oh1>	<Academy_Award_for_Best_Art_Direction>	rdf:type	<wordnet_award_106696483>	
<id_i0dssq_88c_z5wy8q>	<Academy_Award>	rdf:type	<wikicategory_Academy_Awards>	
<id_i0dssq_88c_18z0oh1>	<Academy_Award>	rdf:type	<wordnet_award_106696483>	
<id_i0dssq_88c_dzajwj>	<Academy_Award>	rdf:type	<wikicategory_American_film_awards>	
<id_i0dssq_88c_w7mmei>	<Academy_Award>	rdf:type	<wikicategory_Awards_established_in_1929>	
<id_17u3gxz_88c_1rxu0bq>	<Actrius>	rdf:type	<wikicategory_1996_films>	
<id_17u3gxz_88c_1azzfx4>	<Actrius>	rdf:type	<wordnet_movie_106613686>	
<id_17u3gxz_88c_1gkettf>	<Actrius>	rdf:type	<wikicategory_Spanish_films>	
<id_17u3gxz_88c_an14ez>	<Actrius>	rdf:type	<wikicategory_1990s_drama_films>	
<id_17u3gxz_88c_qukic8>	<Actrius>	rdf:type	<wikicategory_Catalan-language_films>	
<id_17u3gxz_88c_ctri4m>	<Actrius>	rdf:type	<wikicategory_Films_directed_by_Ventura_Pons>	
<id_2ozhyb_88c_lbkvi2>	<Animalia_(book)>	rdf:type	<wikicategory_Puzzle_books>	
<id_2ozhyb_88c_1r5cejz>	<Animalia_(book)>	rdf:type	<wikicategory_Alphabet_books>	
<id_2ozhyb_88c_z248zm>	<Animalia_(book)>	rdf:type	<wikicategory_1986_books>	
<id_2ozhyb_88c_17avu92>	<Animalia_(book)>	rdf:type	<wikicategory_Children's_picture_books>	
<id_2ozhyb_88c_1p6lq08>	<Animalia_(book)>	rdf:type	<wikicategory_Picture_books_by_Graeme_Base>	
<id_ilztao_88c_o3k7vu>	<International_Atomic_Time>	rdf:type	<wikicategory_Time_scales>	
<id_18yznim_88c_16s1a1k>	<Ayn_Rand>	rdf:type	<wikicategory_American_essayists>	
<id_18yznim_88c_1785x17>	<Ayn_Rand>	rdf:type	<wikicategory_Pseudonymous_writers>	
<id_18yznim_88c_i76981>	<Ayn_Rand>	rdf:type	<wikicategory_Political_philosophers>	
<id_18yznim_88c_1kdw8rq>	<Ayn_Rand>	rdf:type	<wikicategory_American_screenwriters>	
<id_18yznim_88c_1i7h3d7>	<Ayn_Rand>	rdf:type	<wikicategory_Atheism_activists>	
<id_18yznim_88c_1qvlaw7>	<Ayn_Rand>	rdf:type	<wikicategory_American_atheists>	
<id_18yznim_88c_15yzk9g>	<Ayn_Rand>	rdf:type	<wikicategory_Epistemologists>	
<id_18yznim_88c_1elcfts>	<Ayn_Rand>	rdf:type	<wikicategory_Saint_Petersburg_State_University_alumni>	
<id_18yznim_88c_1vx8rx2>	<Ayn_Rand>	rdf:type	<wikicategory_Russian_atheists>	
<id_18yznim_88c_16jbdlq>	<Ayn_Rand>	rdf:type	<wikicategory_American_libertarians>	
<id_18yznim_88c_1umbd07>	<Ayn_Rand>	rdf:type	<wikicategory_American_dramatists_and_playwrights>	
<id_18yznim_88c_1bnx6ot>	<Ayn_Rand>	rdf:type	<wikicategory_American_people_of_Russian-Jewish_descent>	
<id_18yznim_88c_a4awl0>	<Ayn_Rand>	rdf:type	<wikicategory_Atheist_philosophers>	
<id_18yznim_88c_1qlikwj>	<Ayn_Rand>	rdf:type	<wikicategory_20th-century_philosophers>	
<id_18yznim_88c_w5vygh>	<Ayn_Rand>	rdf:type	<wordnet_writer_110794014>	
<id_18yznim_88c_1t0cnir>	<Ayn_Rand>	rdf:type	<wikicategory_American_writers_of_Russian_descent>	
<id_18yznim_88c_11y91hn>	<Ayn_Rand>	rdf:type	<wikicategory_Critics_of_religions>	
<id_18yznim_88c_2k9azu>	<Ayn_Rand>	rdf:type	<wikicategory_Philosophers_of_mind>	
<id_18yznim_88c_x3ncng>	<Ayn_Rand>	rdf:type	<wikicategory_American_science_fiction_writers>	
<id_18yznim_88c_1yvbo5f>	<Ayn_Rand>	rdf:type	<wikicategory_Soviet_emigrants_to_the_United_States>	
<id_18yznim_88c_1728mgb>	<Ayn_Rand>	rdf:type	<wikicategory_Ethicists>	
<id_18yznim_88c_1py4dvu>	<Ayn_Rand>	rdf:type	<wikicategory_Political_theorists>	
<id_18yznim_88c_12di7fw>	<Ayn_Rand>	rdf:type	<wikicategory_American_philosophers>	
<id_18yznim_88c_1ncbh3r>	<Ayn_Rand>	rdf:type	<wikicategory_American_novelists>	
<id_18yznim_88c_mv4768>	<Ayn_Rand>	rdf:type	<wikicategory_Women_philosophers>	
<id_18yznim_88c_93d0r4>	<Ayn_Rand>	rdf:type	<wikicategory_Libertarian_theorists>	
<id_18yznim_88c_y7mdyd>	<Ayn_Rand>	rdf:type	<wikicategory_Jewish_atheists>	
<id_r03926_88c_130yq0d>	<Alain_Connes>	rdf:type	<wikicategory_Alumni_of_the_École_Normale_Supérieure>	
<id_r03926_88c_cltjhd>	<Alain_Connes>	rdf:type	<wikicategory_21st-century_mathematicians>	
<id_r03926_88c_1fvtmno>	<Alain_Connes>	rdf:type	<wikicategory_Living_people>	
<id_r03926_88c_1pt1p4n>	<Alain_Connes>	rdf:type	<wikicategory_Mathematical_analysts>	
<id_r03926_88c_iiexu0>	<Alain_Connes>	rdf:type	<wordnet_scientist_110560637>	
<id_r03926_88c_ajvr4b>	<Alain_Connes>	rdf:type	<wikicategory_Fields_Medalists>	
<id_r03926_88c_qfn44o>	<Alain_Connes>	rdf:type	<wikicategory_Differential_geometers>	
<id_r03926_88c_1q2h6bz>	<Alain_Connes>	rdf:type	<wikicategory_20th-century_mathematicians>	
<id_r03926_88c_sazpbi>	<Alain_Connes>	rdf:type	<wikicategory_French_mathematicians>	
<id_1dm4ifl_88c_21u97i>	<Allan_Dwan>	rdf:type	<wikicategory_Canadian_emigrants_to_the_United_States>	
<id_1dm4ifl_88c_74xa30>	<Allan_Dwan>	rdf:type	<wikicategory_Writers_from_Toronto>	
<id_1dm4ifl_88c_1j2sdno>	<Allan_Dwan>	rdf:type	<wikicategory_American_people_of_Canadian_descent>	
<id_1dm4ifl_88c_1kdw8rq>	<Allan_Dwan>	rdf:type	<wikicategory_American_screenwriters>	
<id_1dm4ifl_88c_hsj9sm>	<Allan_Dwan>	rdf:type	<wordnet_person_100007846>	
<id_1dm4ifl_88c_1kp4gps>	<Allan_Dwan>	rdf:type	<wikicategory_Short_film_directors>	
<id_1dm4ifl_88c_1mbpns5>	<Allan_Dwan>	rdf:type	<wikicategory_Naturalized_citizens_of_the_United_States>	
<id_1dm4ifl_88c_1vncdpw>	<Allan_Dwan>	rdf:type	<wikicategory_American_film_producers>	
<id_1dm4ifl_88c_1rt3ylz>	<Allan_Dwan>	rdf:type	<wikicategory_Canadian_film_directors>	
<id_1dm4ifl_88c_1dlvegr>	<Allan_Dwan>	rdf:type	<wikicategory_Western_(genre)_film_directors>	
<id_1dm4ifl_88c_1x4hi9m>	<Allan_Dwan>	rdf:type	<wikicategory_American_film_directors>	
<id_1bw4mbl_88c_1a17xdq>	<Algeria>	rdf:type	<wikicategory_Member_states_of_OPEC>	
<id_1bw4mbl_88c_12pjtcn>	<Algeria>	rdf:type	<wikicategory_Northern_African_countries>	
<id_1bw4mbl_88c_16u62t9>	<Algeria>	rdf:type	<wikicategory_Member_states_of_the_United_Nations>	
<id_1bw4mbl_88c_ej0t3h>	<Algeria>	rdf:type	<wikicategory_Countries_of_the_Mediterranean_Sea>	
<id_1bw4mbl_88c_3u6zq>	<Algeria>	rdf:type	<wikicategory_Arabic-speaking_countries_and_territories>	
<id_1bw4mbl_88c_czeqp5>	<Algeria>	rdf:type	<wordnet_country_108544813>	
<id_1bw4mbl_88c_118bk9j>	<Algeria>	rdf:type	<wikicategory_Member_states_of_the_African_Union>	
<id_1bw4mbl_88c_1hvjrbo>	<Algeria>	rdf:type	<wikicategory_Member_states_of_the_Organisation_of_Islamic_Cooperation>	
<id_1bw4mbl_88c_r34v5o>	<Algeria>	rdf:type	<wikicategory_States_and_territories_established_in_1962>	
<id_1bw4mbl_88c_1baflwn>	<Algeria>	rdf:type	<wikicategory_French-speaking_countries>	
<id_1bw4mbl_88c_5icc0i>	<Algeria>	rdf:type	<wikicategory_Southern_Mediterranean_countries>	
<id_1bw4mbl_88c_1gww55i>	<Algeria>	rdf:type	<wikicategory_Member_states_of_the_Union_for_the_Mediterranean>	
<id_1bw4mbl_88c_xlqki7>	<Algeria>	rdf:type	<wikicategory_Member_states_of_the_Arab_League>	
<id_jag7xg_88c_1lash59>	<Agricultural_science>	rdf:type	<wordnet_occupation_100582388>	
<id_bh38sq_88c_alb73n>	<Amoeboid>	rdf:type	<wikicategory_Motile_cells>	
<id_1w23ldb_88c_1qhom8t>	<Apollo>	rdf:type	<wikicategory_Mythological_Greek_archers>	
<id_1vl1seb_88c_uyvbl6>	<Andre_Agassi>	rdf:type	<wikicategory_Tennis_players_at_the_1996_Summer_Olympics>	
<id_1vl1seb_88c_11iiycd>	<Andre_Agassi>	rdf:type	<wikicategory_Wimbledon_champions>	
<id_1vl1seb_88c_g5jz1y>	<Andre_Agassi>	rdf:type	<wikicategory_US_Open_(tennis)_champions>	
<id_1vl1seb_88c_1sbx4pr>	<Andre_Agassi>	rdf:type	<wikicategory_Olympic_medalists_in_tennis>	
<id_1vl1seb_88c_8w6doy>	<Andre_Agassi>	rdf:type	<wikicategory_American_people_of_Armenian_descent>	
<id_1vl1seb_88c_1ew78d1>	<Andre_Agassi>	rdf:type	<wikicategory_American_people_of_Iranian_descent>	
<id_1vl1seb_88c_1fvtmno>	<Andre_Agassi>	rdf:type	<wikicategory_Living_people>	
<id_1vl1seb_88c_1omvxfm>	<Andre_Agassi>	rdf:type	<wikicategory_Olympic_tennis_players_of_the_United_States>	
<id_1vl1seb_88c_zkktvd>	<Andre_Agassi>	rdf:type	<wikicategory_People_from_the_Las_Vegas_Valley>	
<id_1vl1seb_88c_117p659>	<Andre_Agassi>	rdf:type	<wikicategory_American_people_of_Assyrian_descent>	
<id_1vl1seb_88c_48xbjr>	<Andre_Agassi>	rdf:type	<wikicategory_Tennis_people_from_Nevada>	
<id_1vl1seb_88c_1hm4tbm>	<Andre_Agassi>	rdf:type	<wikicategory_American_philanthropists>	
<id_1vl1seb_88c_1lg1z7w>	<Andre_Agassi>	rdf:type	<wikicategory_World_No._1_tennis_players>	
<id_1vl1seb_88c_qbmei1>	<Andre_Agassi>	rdf:type	<wikicategory_French_Open_champions>	
<id_1vl1seb_88c_ytes8j>	<Andre_Agassi>	rdf:type	<wikicategory_Olympic_gold_medalists_for_the_United_States>	
<id_1vl1seb_88c_wx02lu>	<Andre_Agassi>	rdf:type	<wikicategory_American_male_tennis_players>	
<id_1vl1seb_88c_1fk8gph>	<Andre_Agassi>	rdf:type	<wikicategory_Australian_Open_champions>	
<id_xw4v51_88c_1xw1x1d>	<Austro-Asiatic_languages>	rdf:type	<wikicategory_Agglutinative_languages>	
<id_xw4v51_88c_1od2qs6>	<Austro-Asiatic_languages>	rdf:type	<wikicategory_Austro-Asiatic_languages>	
<id_xw4v51_88c_17e2n7s>	<Austro-Asiatic_languages>	rdf:type	<wordnet_class_107997703>	
<id_1vx77ry_88c_rpgz2w>	<Afroasiatic_languages>	rdf:type	<wikicategory_Language_families>	
<id_1vx77ry_88c_17e2n7s>	<Afroasiatic_languages>	rdf:type	<wordnet_class_107997703>	
<id_1vx77ry_88c_sagxk6>	<Afroasiatic_languages>	rdf:type	<wikicategory_Afro-Asiatic_languages>	
<id_1csqvex_88c_1bw494z>	<Andorra>	rdf:type	<wikicategory_Member_states_of_La_Francophonie>	
<id_1csqvex_88c_16u62t9>	<Andorra>	rdf:type	<wikicategory_Member_states_of_the_United_Nations>	
<id_1csqvex_88c_czeqp5>	<Andorra>	rdf:type	<wordnet_country_108544813>	
<id_1csqvex_88c_12b8gxn>	<Andorra>	rdf:type	<wikicategory_Landlocked_countries>	
<id_1csqvex_88c_p2khed>	<Andorra>	rdf:type	<wikicategory_European_countries>	
<id_1csqvex_88c_1s8dlzm>	<Andorra>	rdf:type	<wikicategory_Catalan_Countries>	
<id_1csqvex_88c_15a0ysv>	<Andorra>	rdf:type	<wikicategory_Principalities>	
<id_1csqvex_88c_r34pzu>	<Andorra>	rdf:type	<wikicategory_States_and_territories_established_in_1278>	
<id_uixepb_88c_3qziqs>	<American_Football_Conference>	rdf:type	<wikicategory_Organizations_established_in_1970>	
<id_72avmh_88c_1hwgj28>	<Animal_Farm>	rdf:type	<wikicategory_Novels_by_George_Orwell>	
<id_72avmh_88c_1tnxn5f>	<Animal_Farm>	rdf:type	<wikicategory_Novellas>	
<id_72avmh_88c_g18148>	<Animal_Farm>	rdf:type	<wikicategory_Dystopian_novels>	
<id_72avmh_88c_1arca9o>	<Animal_Farm>	rdf:type	<wikicategory_1945_novels>	
<id_72avmh_88c_s6povo>	<Animal_Farm>	rdf:type	<wikicategory_Novels_about_revolutionaries>	
<id_72avmh_88c_19jqfi2>	<Animal_Farm>	rdf:type	<wikicategory_Roman_à_clef_novels>	
<id_72avmh_88c_9j3h8z>	<Animal_Farm>	rdf:type	<wikicategory_Satirical_novels>	
<id_72avmh_88c_1koxrnb>	<Animal_Farm>	rdf:type	<wikicategory_English_novels>	
<id_1vznmc3_88c_r34v50>	<Alaska>	rdf:type	<wikicategory_States_and_territories_established_in_1959>	
<id_1vznmc3_88c_1s6g79w>	<Alaska>	rdf:type	<wikicategory_States_of_the_United_States>	
<id_1vn2aio_88c_zmoylp>	<Aldous_Huxley>	rdf:type	<wikicategory_English_expatriates_in_the_United_States>	
<id_1vn2aio_88c_19ufr3y>	<Aldous_Huxley>	rdf:type	<wikicategory_Psychedelic_drug_advocates>	
<id_1vn2aio_88c_1ogyvpa>	<Aldous_Huxley>	rdf:type	<wikicategory_Consciousness_researchers_and_theorists>	
<id_1vn2aio_88c_1rwzqva>	<Aldous_Huxley>	rdf:type	<wikicategory_People_from_Godalming>	
<id_1vn2aio_88c_iwzs1k>	<Aldous_Huxley>	rdf:type	<wikicategory_English_satirists>	
<id_1vn2aio_88c_11s5jve>	<Aldous_Huxley>	rdf:type	<wikicategory_English_science_fiction_writers>	
<id_1vn2aio_88c_1dh3qc5>	<Aldous_Huxley>	rdf:type	<wikicategory_English_vegetarians>	
<id_1vn2aio_88c_fluo5h>	<Aldous_Huxley>	rdf:type	<wikicategory_English_poets>	
<id_1vn2aio_88c_1bgmz1o>	<Aldous_Huxley>	rdf:type	<wikicategory_British_people_of_Cornish_descent>	
<id_1vn2aio_88c_w5vygh>	<Aldous_Huxley>	rdf:type	<wordnet_writer_110794014>	
<id_1vn2aio_88c_pjrw2b>	<Aldous_Huxley>	rdf:type	<wikicategory_English_short_story_writers>	
<id_1vn2aio_88c_kyile7>	<Aldous_Huxley>	rdf:type	<wikicategory_People_associated_with_the_Human_Potential_Movement>	
<id_1vn2aio_88c_m3qtex>	<Aldous_Huxley>	rdf:type	<wikicategory_19th-century_English_people>	
<id_1vn2aio_88c_1094r4m>	<Aldous_Huxley>	rdf:type	<wikicategory_English_humanists>	
<id_1vn2aio_88c_egf7ae>	<Aldous_Huxley>	rdf:type	<wikicategory_English_essayists>	
<id_1vn2aio_88c_1hg130p>	<Aldous_Huxley>	rdf:type	<wikicategory_People_from_Taos_County,_New_Mexico>	
<id_1vn2aio_88c_1ecnmpn>	<Aldous_Huxley>	rdf:type	<wikicategory_English_travel_writers>	
<id_1vn2aio_88c_7ezax2>	<Aldous_Huxley>	rdf:type	<wikicategory_Writers_from_Los_Angeles,_California>	
<id_1vn2aio_88c_y7lg8>	<Aldous_Huxley>	rdf:type	<wikicategory_English_pacifists>	
<id_1vn2aio_88c_1bqznge>	<Aldous_Huxley>	rdf:type	<wikicategory_Alumni_of_Balliol_College,_Oxford>	
<id_1vn2aio_88c_lx9fi3>	<Aldous_Huxley>	rdf:type	<wikicategory_Mystics>	
<id_1vn2aio_88c_v0pecl>	<Aldous_Huxley>	rdf:type	<wikicategory_English_novelists>	
<id_1nht0uq_88c_8bovw3>	<America_the_Beautiful>	rdf:type	<wikicategory_1895_songs>	
<id_1nht0uq_88c_1e6q48o>	<America_the_Beautiful>	rdf:type	<wikicategory_Elvis_Presley_songs>	
<id_1nht0uq_88c_1kzqxix>	<America_the_Beautiful>	rdf:type	<wikicategory_Charlie_Rich_songs>	
<id_1nht0uq_88c_1lw7hqi>	<America_the_Beautiful>	rdf:type	<wikicategory_American_patriotic_songs>	
<id_1nht0uq_88c_1g37vws>	<America_the_Beautiful>	rdf:type	<wikicategory_Mormon_Tabernacle_Choir_songs>	
<id_1nht0uq_88c_6kfmnc>	<America_the_Beautiful>	rdf:type	<wikicategory_Barbra_Streisand_songs>	
<id_1nht0uq_88c_qr5g65>	<America_the_Beautiful>	rdf:type	<wikicategory_Ray_Charles_songs>	
<id_lb78wu_88c_5kujp2>	<American_National_Standards_Institute>	rdf:type	<wordnet_organization_108008335>	
<id_lb78wu_88c_zi3dmu>	<American_National_Standards_Institute>	rdf:type	<wikicategory_Standards_organizations>	
<id_lb78wu_88c_3qzilu>	<American_National_Standards_Institute>	rdf:type	<wikicategory_Organizations_established_in_1918>	
<id_lb78wu_88c_xkwok2>	<American_National_Standards_Institute>	rdf:type	<wikicategory_Organizations_based_in_the_United_States>	
<id_gv2d1r_88c_l2egfa>	<A_Modest_Proposal>	rdf:type	<wikicategory_Satirical_works>	
<id_gv2d1r_88c_lgaxhz>	<A_Modest_Proposal>	rdf:type	<wordnet_book_106410904>	
<id_gv2d1r_88c_oqhcrf>	<A_Modest_Proposal>	rdf:type	<wikicategory_Pamphlets>	
<id_lhl6ip_88c_wlpgx7>	<Affirming_the_consequent>	rdf:type	<wikicategory_Propositional_fallacies>	
<id_1r5zyok_88c_hsj9sm>	<Andrei_Tarkovsky>	rdf:type	<wordnet_person_100007846>	
<id_1r5zyok_88c_19e0hig>	<Andrei_Tarkovsky>	rdf:type	<wikicategory_Ukrainian_people_of_Polish_descent>	
<id_1r5zyok_88c_1t6tobt>	<Andrei_Tarkovsky>	rdf:type	<wikicategory_Russian_film_directors>	
<id_1r5zyok_88c_1qxlp2r>	<Andrei_Tarkovsky>	rdf:type	<wikicategory_People_from_Yuryevets_District>	
<id_1r5zyok_88c_6m8vgq>	<Andrei_Tarkovsky>	rdf:type	<wikicategory_Opera_directors>	
<id_1r5zyok_88c_1oba80h>	<Andrei_Tarkovsky>	rdf:type	<wikicategory_Lenin_Prize_winners>	
<id_1r5zyok_88c_1dii90h>	<Andrei_Tarkovsky>	rdf:type	<wikicategory_Russian_people_of_Polish_descent>	
<id_1r5zyok_88c_a3a1wb>	<Andrei_Tarkovsky>	rdf:type	<wikicategory_Russian_actors>	
<id_1r5zyok_88c_1pue5yq>	<Andrei_Tarkovsky>	rdf:type	<wikicategory_Russian_people_of_Ukrainian_descent>	
<id_1r5zyok_88c_bb7464>	<Andrei_Tarkovsky>	rdf:type	<wikicategory_Soviet_film_directors>	
<id_zjryzu_88c_1tfijl7>	<Asia>	rdf:type	<wordnet_continent_109254614>	
<id_zjryzu_88c_1gf1m6o>	<Asia>	rdf:type	<wikicategory_Continents>	
<id_10kdx8j_88c_yqnh2q>	<Aruba>	rdf:type	<wikicategory_Dependent_territories_in_North_America>	
<id_10kdx8j_88c_czeqp5>	<Aruba>	rdf:type	<wordnet_country_108544813>	
<id_10kdx8j_88c_eoawt7>	<Aruba>	rdf:type	<wikicategory_Island_countries>	
<id_10kdx8j_88c_r34v7i>	<Aruba>	rdf:type	<wikicategory_States_and_territories_established_in_1986>	
<id_10kdx8j_88c_1qbyc9j>	<Aruba>	rdf:type	<wikicategory_Special_territories_of_the_European_Union>	
<id_10kdx8j_88c_1o8v3dn>	<Aruba>	rdf:type	<wikicategory_Dutch-speaking_countries>	
<id_10kdx8j_88c_s4egv5>	<Aruba>	rdf:type	<wikicategory_Caribbean_countries>	
<id_10kdx8j_88c_j5nhur>	<Aruba>	rdf:type	<wikicategory_Islands_of_the_Netherlands_Antilles>	
<id_j77rrz_88c_1shcqyy>	<Articles_of_Confederation>	rdf:type	<wikicategory_Documents_of_the_American_Revolution>	
<id_j77rrz_88c_s9l5f9>	<Articles_of_Confederation>	rdf:type	<wikicategory_United_States_historical_documents>	
<id_j77rrz_88c_1ewvorf>	<Articles_of_Confederation>	rdf:type	<wikicategory_Political_charters>	
<id_j77rrz_88c_4dvgf2>	<Articles_of_Confederation>	rdf:type	<wordnet_document_106470073>	
<id_j77rrz_88c_1go4uev>	<Articles_of_Confederation>	rdf:type	<wikicategory_Defunct_constitutions>	
<id_jvgdqc_88c_1a12jx0>	<Arthur_Schopenhauer>	rdf:type	<wikicategory_Kantian_philosophers>	
<id_jvgdqc_88c_1hx7rm5>	<Arthur_Schopenhauer>	rdf:type	<wikicategory_Idealists>	
<id_jvgdqc_88c_th0an1>	<Arthur_Schopenhauer>	rdf:type	<wikicategory_19th-century_German_people>	
<id_jvgdqc_88c_bdwk7a>	<Arthur_Schopenhauer>	rdf:type	<wikicategory_German_philosophers>	
<id_jvgdqc_88c_n20aq7>	<Arthur_Schopenhauer>	rdf:type	<wikicategory_Continental_philosophers>	
<id_jvgdqc_88c_at4j1f>	<Arthur_Schopenhauer>	rdf:type	<wikicategory_German_people_of_Dutch_descent>	
<id_jvgdqc_88c_fy2n8p>	<Arthur_Schopenhauer>	rdf:type	<wikicategory_19th-century_philosophers>	
<id_jvgdqc_88c_1ci997y>	<Arthur_Schopenhauer>	rdf:type	<wikicategory_People_from_Gdańsk>	
<id_jvgdqc_88c_afg9dt>	<Arthur_Schopenhauer>	rdf:type	<wikicategory_German_atheists>	
<id_jvgdqc_88c_120skfv>	<Arthur_Schopenhauer>	rdf:type	<wordnet_philosopher_110423589>	
<id_1w0uyi2_88c_1a17xdq>	<Angola>	rdf:type	<wikicategory_Member_states_of_OPEC>	
<id_1w0uyi2_88c_16u62t9>	<Angola>	rdf:type	<wikicategory_Member_states_of_the_United_Nations>	
<id_1w0uyi2_88c_czeqp5>	<Angola>	rdf:type	<wordnet_country_108544813>	
<id_1w0uyi2_88c_1dnttua>	<Angola>	rdf:type	<wikicategory_Member_states_of_the_Community_of_Portuguese_Language_Countries>	
<id_1w0uyi2_88c_x3gbsc>	<Angola>	rdf:type	<wikicategory_Portuguese-speaking_countries>	
<id_1w0uyi2_88c_ca5fj9>	<Angola>	rdf:type	<wikicategory_Bantu_countries_and_territories>	
<id_1w0uyi2_88c_118bk9j>	<Angola>	rdf:type	<wikicategory_Member_states_of_the_African_Union>	
<id_1w0uyi2_88c_24uvi2>	<Angola>	rdf:type	<wikicategory_Countries_bordering_the_Atlantic_Ocean>	
<id_1w0uyi2_88c_oyigmi>	<Angola>	rdf:type	<wikicategory_Least_developed_countries>	
<id_1w0uyi2_88c_d3bjso>	<Angola>	rdf:type	<wikicategory_African_countries>	
<id_1w0uyi2_88c_r34v6m>	<Angola>	rdf:type	<wikicategory_States_and_territories_established_in_1975>	
<id_1w0uyi2_88c_m586tq>	<Angola>	rdf:type	<wordnet_economy_108366753>	
<id_1w0uyi2_88c_1wcche2>	<Angola>	rdf:type	<wikicategory_World_Trade_Organization_member_economies>	
<id_1w0uyi2_88c_1digg3>	<Angola>	rdf:type	<wikicategory_African_Union_member_economies>	
<id_1y3gds7_88c_bfdyr2>	<Angolan_Armed_Forces>	rdf:type	<wikicategory_Conscript_militaries>	
<id_1g96yzr_88c_12fb00z>	<Albert_Sidney_Johnston>	rdf:type	<wikicategory_People_from_Texas>	
<id_1g96yzr_88c_w9fzow>	<Albert_Sidney_Johnston>	rdf:type	<wikicategory_People_from_Mason_County,_Kentucky>	
<id_1g96yzr_88c_13vgpli>	<Albert_Sidney_Johnston>	rdf:type	<wikicategory_People_of_Texas_in_the_American_Civil_War>	
<id_1g96yzr_88c_yhj3xd>	<Albert_Sidney_Johnston>	rdf:type	<wikicategory_Transylvania_University_alumni>	
<id_1g96yzr_88c_18deh81>	<Albert_Sidney_Johnston>	rdf:type	<wikicategory_United_States_Military_Academy_alumni>	
<id_1g96yzr_88c_eewe07>	<Albert_Sidney_Johnston>	rdf:type	<wikicategory_People_of_California_in_the_American_Civil_War>	
<id_1g96yzr_88c_p7y31p>	<Albert_Sidney_Johnston>	rdf:type	<wikicategory_People_of_the_Black_Hawk_War>	
<id_1g96yzr_88c_trs6rx>	<Albert_Sidney_Johnston>	rdf:type	<wikicategory_United_States_Army_officers>	
<id_1g96yzr_88c_1o86t6m>	<Albert_Sidney_Johnston>	rdf:type	<wikicategory_Confederate_States_Army_generals>	
<id_gk2uk7_88c_n4dgfp>	<Android_(robot)>	rdf:type	<wikicategory_Androids>	
<id_1btdnm9_88c_r34v0l>	<Alberta>	rdf:type	<wikicategory_States_and_territories_established_in_1905>	
<id_1btdnm9_88c_224ad6>	<Alberta>	rdf:type	<wikicategory_Provinces_and_territories_of_Canada>	
<id_1nxkl83_88c_1nn0y03>	<Arctic_Circle>	rdf:type	<wikicategory_Lines_of_latitude>	
<id_tiwmcu_88c_19v5e5m>	<Albert_Einstein>	rdf:type	<wikicategory_Jewish_philosophers>	
<id_tiwmcu_88c_1ad5daj>	<Albert_Einstein>	rdf:type	<wikicategory_Swiss_inventors>	
<id_tiwmcu_88c_1y3cyww>	<Albert_Einstein>	rdf:type	<wikicategory_Nobel_laureates_in_Physics>	
<id_tiwmcu_88c_1ls2d20>	<Albert_Einstein>	rdf:type	<wikicategory_American_humanitarians>	
<id_tiwmcu_88c_1132msw>	<Albert_Einstein>	rdf:type	<wikicategory_German_pacifists>	
<id_tiwmcu_88c_zcu83i>	<Albert_Einstein>	rdf:type	<wikicategory_Swiss_emigrants_to_the_United_States>	
<id_tiwmcu_88c_11ybj2g>	<Albert_Einstein>	rdf:type	<wikicategory_American_inventors>	
<id_tiwmcu_88c_1y1ywod>	<Albert_Einstein>	rdf:type	<wikicategory_Jewish_American_writers>	
<id_tiwmcu_88c_11onifh>	<Albert_Einstein>	rdf:type	<wikicategory_Swiss_pacifists>	
<id_tiwmcu_88c_1nsvk0z>	<Albert_Einstein>	rdf:type	<wikicategory_American_physicists>	
<id_tiwmcu_88c_1mbpns5>	<Albert_Einstein>	rdf:type	<wikicategory_Naturalized_citizens_of_the_United_States>	
<id_tiwmcu_88c_ujdjgb>	<Albert_Einstein>	rdf:type	<wikicategory_People_associated_with_the_University_of_Zurich>	
<id_tiwmcu_88c_1iml8la>	<Albert_Einstein>	rdf:type	<wikicategory_American_people_of_German-Jewish_descent>	
<id_tiwmcu_88c_18oxp7z>	<Albert_Einstein>	rdf:type	<wikicategory_ETH_Zurich_alumni>	
<id_tiwmcu_88c_bdwk7a>	<Albert_Einstein>	rdf:type	<wikicategory_German_philosophers>	
<id_tiwmcu_88c_th0an1>	<Albert_Einstein>	rdf:type	<wikicategory_19th-century_German_people>	
<id_tiwmcu_88c_iiexu0>	<Albert_Einstein>	rdf:type	<wordnet_scientist_110560637>	
<id_tiwmcu_88c_1l3ja6z>	<Albert_Einstein>	rdf:type	<wikicategory_Swiss_humanitarians>	
<id_tiwmcu_88c_10g4d34>	<Albert_Einstein>	rdf:type	<wikicategory_Swiss_physicists>	
<id_tiwmcu_88c_1lybi70>	<Albert_Einstein>	rdf:type	<wikicategory_Patent_examiners>	
<id_tiwmcu_88c_v2txz1>	<Albert_Einstein>	rdf:type	<wikicategory_Theoretical_physicists>	
<id_tiwmcu_88c_1xrzeut>	<Albert_Einstein>	rdf:type	<wikicategory_Cosmologists>	
<id_tiwmcu_88c_kumagi>	<Albert_Einstein>	rdf:type	<wikicategory_Swiss_Nobel_laureates>	
<id_tiwmcu_88c_wsohdn>	<Albert_Einstein>	rdf:type	<wikicategory_Deists>	
<id_tiwmcu_88c_t9to7e>	<Albert_Einstein>	rdf:type	<wikicategory_American_pacifists>	
<id_tiwmcu_88c_19rkhny>	<Albert_Einstein>	rdf:type	<wikicategory_German_inventors>	
<id_tiwmcu_88c_37gdta>	<Albert_Einstein>	rdf:type	<wikicategory_German_emigrants_to_Switzerland>	
<id_tiwmcu_88c_1s180r0>	<Albert_Einstein>	rdf:type	<wikicategory_Jewish_pacifists>	
<id_tiwmcu_88c_86k6j9>	<Albert_Einstein>	rdf:type	<wikicategory_German_Nobel_laureates>	
<id_tiwmcu_88c_5zo2yl>	<Albert_Einstein>	rdf:type	<wikicategory_People_from_the_Kingdom_of_Württemberg>	
<id_tiwmcu_88c_114m8uj>	<Albert_Einstein>	rdf:type	<wikicategory_American_people_of_Swiss-Jewish_descent>	
<id_tiwmcu_88c_14n79qh>	<Albert_Einstein>	rdf:type	<wikicategory_Swiss_philosophers>	
<id_tiwmcu_88c_29eppq>	<Albert_Einstein>	rdf:type	<wikicategory_Jewish_American_scientists>	
<id_tiwmcu_88c_wfhb5>	<Albert_Einstein>	rdf:type	<wikicategory_Jewish_physicists>	
<id_tiwmcu_88c_li4zq8>	<Albert_Einstein>	rdf:type	<wikicategory_Academics_of_Charles_University_in_Prague>	
<id_tiwmcu_88c_1aipw3c>	<Albert_Einstein>	rdf:type	<wikicategory_Stateless_persons>	
<id_tiwmcu_88c_5ad2m8>	<Albert_Einstein>	rdf:type	<wikicategory_People_from_Ulm>	
<id_tiwmcu_88c_18gues4>	<Albert_Einstein>	rdf:type	<wikicategory_19th-century_Swiss_people>	
<id_tiwmcu_88c_10slf>	<Albert_Einstein>	rdf:type	<wikicategory_19th-century_American_people>	
<id_tiwmcu_88c_1nhu8qp>	<Albert_Einstein>	rdf:type	<wikicategory_Fellows_of_the_Leopoldina>	
<id_tiwmcu_88c_1rtbmuq>	<Albert_Einstein>	rdf:type	<wikicategory_People_in_a_first-cousin_relationship>	
<id_tiwmcu_88c_1widksl>	<Albert_Einstein>	rdf:type	<wikicategory_Jewish_agnostics>	
<id_tiwmcu_88c_2gnyda>	<Albert_Einstein>	rdf:type	<wikicategory_German_humanitarians>	
<id_tiwmcu_88c_k36agu>	<Albert_Einstein>	rdf:type	<wikicategory_20th-century_Swiss_people>	
<id_tiwmcu_88c_1oltmy>	<Albert_Einstein>	rdf:type	<wikicategory_Jewish_inventors>	
<id_tiwmcu_88c_hv54n1>	<Albert_Einstein>	rdf:type	<wikicategory_German_physicists>	
<id_kvwn0k_88c_r34tjb>	<Afghanistan>	rdf:type	<wikicategory_States_and_territories_established_in_1709>	
<id_kvwn0k_88c_1fprx2s>	<Afghanistan>	rdf:type	<wikicategory_Persian-speaking_countries_and_territories>	
<id_kvwn0k_88c_1im62i2>	<Afghanistan>	rdf:type	<wikicategory_Islamic_states>	
<id_kvwn0k_88c_16u62t9>	<Afghanistan>	rdf:type	<wikicategory_Member_states_of_the_United_Nations>	
<id_kvwn0k_88c_czeqp5>	<Afghanistan>	rdf:type	<wordnet_country_108544813>	
<id_kvwn0k_88c_bn4gvl>	<Afghanistan>	rdf:type	<wikicategory_Pashto-speaking_countries_and_territories>	
<id_kvwn0k_88c_d9cja6>	<Afghanistan>	rdf:type	<wikicategory_Territories_under_military_occupation>	
<id_kvwn0k_88c_12b8gxn>	<Afghanistan>	rdf:type	<wikicategory_Landlocked_countries>	
<id_kvwn0k_88c_1hvjrbo>	<Afghanistan>	rdf:type	<wikicategory_Member_states_of_the_Organisation_of_Islamic_Cooperation>	
<id_kvwn0k_88c_1iwr1z4>	<Afghanistan>	rdf:type	<wikicategory_Middle_Eastern_countries>	
<id_kvwn0k_88c_1x57f6e>	<Afghanistan>	rdf:type	<wikicategory_South_Asian_countries>	
<id_kvwn0k_88c_oyigmi>	<Afghanistan>	rdf:type	<wikicategory_Least_developed_countries>	
<id_kvwn0k_88c_jj3xxa>	<Afghanistan>	rdf:type	<wikicategory_Central_Asian_countries>	
<id_kvwn0k_88c_hc78rt>	<Afghanistan>	rdf:type	<wikicategory_Member_states_of_the_South_Asian_Association_for_Regional_Cooperation>	
<id_kvwn0k_88c_r34tmp>	<Afghanistan>	rdf:type	<wikicategory_States_and_territories_established_in_1747>	
<id_1btb0fw_88c_1bw494z>	<Albania>	rdf:type	<wikicategory_Member_states_of_La_Francophonie>	
<id_1btb0fw_88c_16u62t9>	<Albania>	rdf:type	<wikicategory_Member_states_of_the_United_Nations>	
<id_1btb0fw_88c_ej0t3h>	<Albania>	rdf:type	<wikicategory_Countries_of_the_Mediterranean_Sea>	
<id_1btb0fw_88c_czeqp5>	<Albania>	rdf:type	<wordnet_country_108544813>	
<id_1btb0fw_88c_1a16zn1>	<Albania>	rdf:type	<wikicategory_Member_states_of_NATO>	
<id_1btb0fw_88c_r34v1d>	<Albania>	rdf:type	<wikicategory_States_and_territories_established_in_1912>	
<id_1btb0fw_88c_1hvjrbo>	<Albania>	rdf:type	<wikicategory_Member_states_of_the_Organisation_of_Islamic_Cooperation>	
<id_1btb0fw_88c_p2khed>	<Albania>	rdf:type	<wikicategory_European_countries>	
<id_1btb0fw_88c_1gww55i>	<Albania>	rdf:type	<wikicategory_Member_states_of_the_Union_for_the_Mediterranean>	
<id_10k9wmg_88c_17hr12f>	<Allah>	rdf:type	<wikicategory_Creator_deities>	
<id_sepgyb_88c_16u62t9>	<Azerbaijan>	rdf:type	<wikicategory_Member_states_of_the_United_Nations>	
<id_sepgyb_88c_czeqp5>	<Azerbaijan>	rdf:type	<wordnet_country_108544813>	
<id_sepgyb_88c_1xjkxbw>	<Azerbaijan>	rdf:type	<wikicategory_Bicontinental_countries>	
<id_sepgyb_88c_12b8gxn>	<Azerbaijan>	rdf:type	<wikicategory_Landlocked_countries>	
<id_sepgyb_88c_13kjjvf>	<Azerbaijan>	rdf:type	<wikicategory_Western_Asian_countries>	
<id_sepgyb_88c_1hvjrbo>	<Azerbaijan>	rdf:type	<wikicategory_Member_states_of_the_Organisation_of_Islamic_Cooperation>	
<id_sepgyb_88c_p2khed>	<Azerbaijan>	rdf:type	<wikicategory_European_countries>	
<id_sepgyb_88c_1t0ezq9>	<Azerbaijan>	rdf:type	<wikicategory_Russian-speaking_countries_and_territories>	
<id_sepgyb_88c_r34v88>	<Azerbaijan>	rdf:type	<wikicategory_States_and_territories_established_in_1991>	
<id_sepgyb_88c_r10e0k>	<Azerbaijan>	rdf:type	<wikicategory_Azerbaijani_inhabited_regions>	
<id_sepgyb_88c_66pyhh>	<Azerbaijan>	rdf:type	<wikicategory_Member_states_of_the_Commonwealth_of_Independent_States>	
<id_sepgyb_88c_xm03fi>	<Azerbaijan>	rdf:type	<wikicategory_Modern_Turkic_states>	
<id_sepgyb_88c_1tzs79v>	<Azerbaijan>	rdf:type	<wikicategory_Near_Eastern_countries>	
<id_v1b98e_88c_14talbx>	<Agnostida>	rdf:type	<wikicategory_Ordovician_animals>	
<id_v1b98e_88c_6sr9wg>	<Agnostida>	rdf:type	<wikicategory_Cambrian_animals>	
<id_v1b98e_88c_3rqmfy>	<Agnostida>	rdf:type	<wikicategory_Trilobites>	
<id_15sl0o9_88c_n6w992>	<American_Revolutionary_War>	rdf:type	<wikicategory_Global_conflicts>	
<id_z9vbcb_88c_12kxant>	<Annual_plant>	rdf:type	<wikicategory_Plants>	
<id_z9vbcb_88c_pstdq9>	<Annual_plant>	rdf:type	<wikicategory_Garden_plants>	
<id_13s96xs_88c_12kxant>	<Anthophyta>	rdf:type	<wikicategory_Plants>	
<id_qiee7a_88c_5wihm>	<Alexander_the_Great>	rdf:type	<wikicategory_4th-century_BC_rulers>	
<id_qiee7a_88c_7aybk9>	<Alexander_the_Great>	rdf:type	<wikicategory_Ancient_Macedonian_generals>	
<id_qiee7a_88c_1g7o4xl>	<Alexander_the_Great>	rdf:type	<wikicategory_Monarchs_of_Persia>	
<id_qiee7a_88c_smmiy3>	<Alexander_the_Great>	rdf:type	<wikicategory_4th-century_BC_Greek_people>	
<id_qiee7a_88c_r1la51>	<Alexander_the_Great>	rdf:type	<wikicategory_Deified_people>	
<id_qiee7a_88c_1hbktzc>	<Alexander_the_Great>	rdf:type	<wikicategory_Hellenistic_individuals>	
<id_qiee7a_88c_1rnonu9>	<Alexander_the_Great>	rdf:type	<wordnet_sovereign_110628644>	
<id_qiee7a_88c_pca6eu>	<Alexander_the_Great>	rdf:type	<wikicategory_Macedonian_monarchs>	
<id_17mibtf_88c_56m53>	<Alfred_Korzybski>	rdf:type	<wikicategory_Polish_mathematicians>	
<id_17mibtf_88c_hsj9sm>	<Alfred_Korzybski>	rdf:type	<wordnet_person_100007846>	
<id_17mibtf_88c_1mbpns5>	<Alfred_Korzybski>	rdf:type	<wikicategory_Naturalized_citizens_of_the_United_States>	
<id_17mibtf_88c_d6m85n>	<Alfred_Korzybski>	rdf:type	<wikicategory_Polish_linguists>	
<id_17mibtf_88c_1c6zfkr>	<Alfred_Korzybski>	rdf:type	<wikicategory_Polish_philosophers>	
<id_17mibtf_88c_hmiljk>	<Alfred_Korzybski>	rdf:type	<wikicategory_Polish_emigrants_to_the_United_States>	
<id_17mibtf_88c_1fjkfrb>	<Alfred_Korzybski>	rdf:type	<wikicategory_Polish_engineers>	
<id_17mibtf_88c_sddfkt>	<Alfred_Korzybski>	rdf:type	<wikicategory_Contemporary_philosophers>	
<id_2uos4y_88c_1qljc88>	<Asteroids_(video_game)>	rdf:type	<wikicategory_Amiga_games>	
<id_2uos4y_88c_zsbwke>	<Asteroids_(video_game)>	rdf:type	<wikicategory_IOS_games>	
<id_2uos4y_88c_15iqiy6>	<Asteroids_(video_game)>	rdf:type	<wikicategory_Atari_7800_games>	
<id_2uos4y_88c_th0l2p>	<Asteroids_(video_game)>	rdf:type	<wikicategory_PlayStation_games>	
<id_2uos4y_88c_1rwgrh9>	<Asteroids_(video_game)>	rdf:type	<wikicategory_Vector_arcade_games>	
<id_2uos4y_88c_1x5f8c5>	<Asteroids_(video_game)>	rdf:type	<wikicategory_Mobile_games>	
<id_2uos4y_88c_1tl2ipk>	<Asteroids_(video_game)>	rdf:type	<wikicategory_Cancelled_Atari_5200_games>	
<id_2uos4y_88c_rgbv8d>	<Asteroids_(video_game)>	rdf:type	<wikicategory_Atari_arcade_games>	
<id_2uos4y_88c_to6nko>	<Asteroids_(video_game)>	rdf:type	<wikicategory_Atari_8-bit_family_games>	
<id_2uos4y_88c_gdnjfc>	<Asteroids_(video_game)>	rdf:type	<wikicategory_Xbox_360_Live_Arcade_games>	
<id_2uos4y_88c_upmpcz>	<Asteroids_(video_game)>	rdf:type	<wikicategory_Arcade_games>	
<id_2uos4y_88c_zyvk4n>	<Asteroids_(video_game)>	rdf:type	<wikicategory_Mac_OS_games>	
<id_2uos4y_88c_f9x910>	<Asteroids_(video_game)>	rdf:type	<wordnet_computer_game_100458890>	
<id_2uos4y_88c_91r1tg>	<Asteroids_(video_game)>	rdf:type	<wikicategory_Ed_Logg_games>	
<id_2uos4y_88c_120oxyf>	<Asteroids_(video_game)>	rdf:type	<wikicategory_Multiplayer_video_games>	
<id_2uos4y_88c_19wl4wk>	<Asteroids_(video_game)>	rdf:type	<wikicategory_Windows_games>	
<id_2uos4y_88c_1r5l4ic>	<Asteroids_(video_game)>	rdf:type	<wikicategory_Xbox_360_games>	
<id_2uos4y_88c_lqez5w>	<Asteroids_(video_game)>	rdf:type	<wikicategory_Atari_Lynx_games>	
<id_2uos4y_88c_na58qe>	<Asteroids_(video_game)>	rdf:type	<wikicategory_Game_Boy_Color_games>	
<id_2uos4y_88c_1aiuci9>	<Asteroids_(video_game)>	rdf:type	<wikicategory_Atari_2600_games>	
<id_2uos4y_88c_t8or7d>	<Asteroids_(video_game)>	rdf:type	<wikicategory_1979_video_games>	
<id_zaq9zi_88c_mm089c>	<Asparagales>	rdf:type	<wikicategory_Angiosperm_orders>	
<id_2ls2zo_88c_mm089c>	<Alismatales>	rdf:type	<wikicategory_Angiosperm_orders>	
<id_1dtc0lv_88c_mm089c>	<Apiales>	rdf:type	<wikicategory_Angiosperm_orders>	
<id_y168fc_88c_mm089c>	<Asterales>	rdf:type	<wikicategory_Angiosperm_orders>	
<id_1dg6ft1_88c_175p0it>	<Aries_(constellation)>	rdf:type	<wordnet_configuration_105731779>	
<id_1dg6ft1_88c_s43k4y>	<Aries_(constellation)>	rdf:type	<wikicategory_Northern_constellations>	
<id_1dg6ft1_88c_kj09b0>	<Aries_(constellation)>	rdf:type	<wikicategory_Constellations_listed_by_Ptolemy>	
<id_1dg6ft1_88c_1p0l1w1>	<Aries_(constellation)>	rdf:type	<wikicategory_Constellations>	
<id_1iwejkg_88c_175p0it>	<Aquarius_(constellation)>	rdf:type	<wordnet_configuration_105731779>	
<id_1iwejkg_88c_ct4x89>	<Aquarius_(constellation)>	rdf:type	<wikicategory_Equatorial_constellations>	
<id_1iwejkg_88c_kj09b0>	<Aquarius_(constellation)>	rdf:type	<wikicategory_Constellations_listed_by_Ptolemy>	
<id_1iwejkg_88c_1p0l1w1>	<Aquarius_(constellation)>	rdf:type	<wikicategory_Constellations>	
<id_1w0x87m_88c_1ersjz5>	<Ankara>	rdf:type	<wikicategory_Capitals_in_Asia>	
<id_1w0x87m_88c_1unfsqh>	<Ankara>	rdf:type	<wikicategory_Capitals_in_Europe>	
<id_1w0x87m_88c_92zr6o>	<Ankara>	rdf:type	<wikicategory_Populated_places_in_Ankara_Province>	
<id_1w0x87m_88c_1fjfogw>	<Ankara>	rdf:type	<wikicategory_Districts_of_Ankara_Province>	
<id_1w0x87m_88c_1kvveil>	<Ankara>	rdf:type	<wordnet_administrative_district_108491826>	
<id_sgbqzv_88c_pcsctz>	<Arabic_language>	rdf:type	<wikicategory_Subject–verb–object_languages>	
<id_sgbqzv_88c_1x48dhk>	<Arabic_language>	rdf:type	<wikicategory_Requests_for_audio_pronunciation_(Arabic)>	
<id_sgbqzv_88c_1u0ehdu>	<Arabic_language>	rdf:type	<wikicategory_Languages_of_Lebanon>	
<id_sgbqzv_88c_1vvdzqa>	<Arabic_language>	rdf:type	<wordnet_language_106282651>	
<id_sgbqzv_88c_16osew4>	<Arabic_language>	rdf:type	<wikicategory_Languages_of_the_United_Arab_Emirates>	
<id_sgbqzv_88c_1xe083w>	<Arabic_language>	rdf:type	<wikicategory_Languages_of_Iraq>	
<id_sgbqzv_88c_vlg9tt>	<Arabic_language>	rdf:type	<wikicategory_Languages_of_Somalia>	
<id_sgbqzv_88c_19of371>	<Arabic_language>	rdf:type	<wikicategory_Languages_of_Djibouti>	
<id_sgbqzv_88c_1xdw6rf>	<Arabic_language>	rdf:type	<wikicategory_Languages_of_Chad>	
<id_sgbqzv_88c_12lkzud>	<Arabic_language>	rdf:type	<wikicategory_Languages_of_Trinidad_and_Tobago>	
<id_sgbqzv_88c_16m2wln>	<Arabic_language>	rdf:type	<wikicategory_Languages_of_Somaliland>	
<id_sgbqzv_88c_k8x7uq>	<Arabic_language>	rdf:type	<wikicategory_Languages_of_Qatar>	
<id_sgbqzv_88c_14kiejn>	<Arabic_language>	rdf:type	<wikicategory_Languages_of_Eritrea>	
<id_sgbqzv_88c_kddzg7>	<Arabic_language>	rdf:type	<wikicategory_Languages_of_Yemen>	
<id_sgbqzv_88c_kad8ws>	<Arabic_language>	rdf:type	<wikicategory_Languages_of_Sudan>	
<id_sgbqzv_88c_1jx7cz7>	<Arabic_language>	rdf:type	<wikicategory_Languages_of_Israel>	
<id_sgbqzv_88c_kag3f5>	<Arabic_language>	rdf:type	<wikicategory_Languages_of_Syria>	
<id_sgbqzv_88c_1kwhdzm>	<Arabic_language>	rdf:type	<wikicategory_Languages_of_Kuwait>	
<id_sgbqzv_88c_1kc1v4n>	<Arabic_language>	rdf:type	<wikicategory_Languages_of_Jordan>	
<id_sgbqzv_88c_9uoylx>	<Arabic_language>	rdf:type	<wikicategory_Languages_of_Comoros>	
<id_sgbqzv_88c_1p6mdk1>	<Arabic_language>	rdf:type	<wikicategory_Central_Semitic_languages>	
<id_sgbqzv_88c_dmlos0>	<Arabic_language>	rdf:type	<wikicategory_Languages_of_Saudi_Arabia>	
<id_sgbqzv_88c_1ni2m2y>	<Arabic_language>	rdf:type	<wikicategory_Languages_of_Bahrain>	
<id_sgbqzv_88c_k6azzu>	<Arabic_language>	rdf:type	<wikicategory_Languages_of_Libya>	
<id_sgbqzv_88c_dwxjnv>	<Arabic_language>	rdf:type	<wikicategory_Stress-timed_languages>	
<id_sgbqzv_88c_en6cfx>	<Arabic_language>	rdf:type	<wikicategory_Languages_of_Morocco>	
<id_sgbqzv_88c_1d4tc3g>	<Arabic_language>	rdf:type	<wikicategory_Languages_of_Tunisia>	
<id_sgbqzv_88c_1xe3ybi>	<Arabic_language>	rdf:type	<wikicategory_Languages_of_Oman>	
<id_sgbqzv_88c_1e0efda>	<Arabic_language>	rdf:type	<wikicategory_Languages_of_Algeria>	
<id_sgbqzv_88c_101n104>	<Arabic_language>	rdf:type	<wikicategory_Languages_of_Mauritania>	
<id_1dlmwwz_88c_1dzivn4>	<Alfred_Hitchcock>	rdf:type	<wikicategory_Horror_film_directors>	
<id_1dlmwwz_88c_mwkbmg>	<Alfred_Hitchcock>	rdf:type	<wikicategory_English_people_of_Irish_descent>	
<id_1dlmwwz_88c_hsj9sm>	<Alfred_Hitchcock>	rdf:type	<wordnet_person_100007846>	
<id_1dlmwwz_88c_cxrbrc>	<Alfred_Hitchcock>	rdf:type	<wikicategory_American_television_directors>	
<id_1dlmwwz_88c_1gptw6d>	<Alfred_Hitchcock>	rdf:type	<wikicategory_English-language_film_directors>	
<id_1dlmwwz_88c_1mbpns5>	<Alfred_Hitchcock>	rdf:type	<wikicategory_Naturalized_citizens_of_the_United_States>	
<id_1dlmwwz_88c_1vncdpw>	<Alfred_Hitchcock>	rdf:type	<wikicategory_American_film_producers>	
<id_1dlmwwz_88c_m3qtex>	<Alfred_Hitchcock>	rdf:type	<wikicategory_19th-century_English_people>	
<id_1dlmwwz_88c_18dj8h2>	<Alfred_Hitchcock>	rdf:type	<wikicategory_English_film_producers>	
<id_1dlmwwz_88c_minegq>	<Alfred_Hitchcock>	rdf:type	<wikicategory_English_television_directors>	
<id_1dlmwwz_88c_11pwcl>	<Alfred_Hitchcock>	rdf:type	<wikicategory_American_people_of_English_descent>	
<id_1dlmwwz_88c_17k74kc>	<Alfred_Hitchcock>	rdf:type	<wikicategory_People_from_Leytonstone>	
<id_1dlmwwz_88c_19uod0s>	<Alfred_Hitchcock>	rdf:type	<wikicategory_English_film_directors>	
<id_1dlmwwz_88c_htvgur>	<Alfred_Hitchcock>	rdf:type	<wikicategory_English_emigrants_to_the_United_States>	
<id_1dlmwwz_88c_f9g49i>	<Alfred_Hitchcock>	rdf:type	<wikicategory_People_educated_at_St_Ignatius'_College,_Enfield>	
<id_1dlmwwz_88c_1x4hi9m>	<Alfred_Hitchcock>	rdf:type	<wikicategory_American_film_directors>	
<id_a7mer2_88c_1xw1x1d>	<Altaic_languages>	rdf:type	<wikicategory_Agglutinative_languages>	
<id_a7mer2_88c_4nkh3z>	<Altaic_languages>	rdf:type	<wikicategory_Altaic_languages>	
<id_a7mer2_88c_en5xl8>	<Altaic_languages>	rdf:type	<wikicategory_Requests_for_audio_pronunciation>	
<id_a7mer2_88c_17e2n7s>	<Altaic_languages>	rdf:type	<wordnet_class_107997703>	
<id_17on5qk_88c_39ixo5>	<Austrian_German>	rdf:type	<wikicategory_German_dialects>	
<id_17on5qk_88c_1vvdzqa>	<Austrian_German>	rdf:type	<wordnet_language_106282651>	
<id_17on5qk_88c_1kwvpix>	<Austrian_German>	rdf:type	<wikicategory_National_varieties_of_German>	
<id_17on5qk_88c_1igo4ua>	<Austrian_German>	rdf:type	<wikicategory_Languages_of_Austria>	
<id_17on5qk_88c_w2tmkw>	<Austrian_German>	rdf:type	<wikicategory_Upper_German_languages>	
<id_1w4dwfx_88c_bfjjwu>	<Attila>	rdf:type	<wikicategory_5th-century_monarchs_in_Europe>	
<id_ph9nen_88c_1x3pl1n>	<Aegean_Sea>	rdf:type	<wikicategory_Seas_of_the_Mediterranean>	
<id_ph9nen_88c_1ep62v7>	<Aegean_Sea>	rdf:type	<wikicategory_European_seas>	
<id_uw84wc_88c_1abztnx>	<A_Clockwork_Orange>	rdf:type	<wikicategory_Novels_about_rape>	
<id_uw84wc_88c_185f6qy>	<A_Clockwork_Orange>	rdf:type	<wikicategory_British_science_fiction_novels>	
<id_uw84wc_88c_1yinsb3>	<A_Clockwork_Orange>	rdf:type	<wikicategory_British_novellas>	
<id_uw84wc_88c_g18148>	<A_Clockwork_Orange>	rdf:type	<wikicategory_Dystopian_novels>	
<id_uw84wc_88c_1ogjvre>	<A_Clockwork_Orange>	rdf:type	<wikicategory_Obscenity_controversies>	
<id_uw84wc_88c_16kgxgh>	<A_Clockwork_Orange>	rdf:type	<wikicategory_1962_novels>	
<id_uw84wc_88c_1qe8nx2>	<A_Clockwork_Orange>	rdf:type	<wikicategory_British_philosophical_novels>	
<id_uw84wc_88c_lvhwpy>	<A_Clockwork_Orange>	rdf:type	<wikicategory_Novels_by_Anthony_Burgess>	
<id_1uf6ypi_88c_1neggyf>	<Amsterdam>	rdf:type	<wikicategory_Port_cities_and_towns_in_the_Netherlands>	
<id_1uf6ypi_88c_p9l5n1>	<Amsterdam>	rdf:type	<wikicategory_Cities_in_the_Netherlands>	
<id_1uf6ypi_88c_1xbqng9>	<Amsterdam>	rdf:type	<wikicategory_Populated_places_in_North_Holland>	
<id_1uf6ypi_88c_1unfsqh>	<Amsterdam>	rdf:type	<wikicategory_Capitals_in_Europe>	
<id_1uf6ypi_88c_15yn5qz>	<Amsterdam>	rdf:type	<wikicategory_European_Capitals_of_Culture>	
<id_1uf6ypi_88c_8zwu9b>	<Amsterdam>	rdf:type	<wikicategory_Populated_places_established_in_the_13th_century>	
<id_1uf6ypi_88c_1kvveil>	<Amsterdam>	rdf:type	<wordnet_administrative_district_108491826>	
<id_1uf6ypi_88c_jc2ije>	<Amsterdam>	rdf:type	<wikicategory_1928_Summer_Olympic_venues>	
<id_1uf6ypi_88c_1k7x8i9>	<Amsterdam>	rdf:type	<wikicategory_Host_cities_of_the_Summer_Olympic_Games>	
<id_1uf6ypi_88c_1lrx44u>	<Amsterdam>	rdf:type	<wikicategory_Port_cities_and_towns_of_the_North_Sea>	
<id_171unik_88c_i7az0x>	<Museum_of_Work>	rdf:type	<wikicategory_Industry_museums>	
<id_171unik_88c_rhvqvr>	<Museum_of_Work>	rdf:type	<wikicategory_Museums_in_Sweden>	
<id_zjs0d5_88c_132rhig>	<Audi>	rdf:type	<wikicategory_Sports_car_manufacturers>	
<id_zjs0d5_88c_1xc1pes>	<Audi>	rdf:type	<wikicategory_Car_manufacturers_of_Germany>	
<id_zjs0d5_88c_16sca10>	<Audi>	rdf:type	<wikicategory_Luxury_motor_vehicle_manufacturers>	
<id_zjs0d5_88c_bzm9cm>	<Audi>	rdf:type	<wikicategory_Motor_vehicle_manufacturers_of_Germany>	
<id_zjs0d5_88c_1rj6h3j>	<Audi>	rdf:type	<wikicategory_Companies_established_in_1909>	
<id_zjs0d5_88c_k664kn>	<Audi>	rdf:type	<wordnet_company_108058098>	
<id_1todcxr_88c_hsj9sm>	<Alfred_Nobel>	rdf:type	<wordnet_person_100007846>	
<id_1todcxr_88c_ntojq6>	<Alfred_Nobel>	rdf:type	<wikicategory_19th-century_Swedish_people>	
<id_1todcxr_88c_n89sy7>	<Alfred_Nobel>	rdf:type	<wikicategory_Swedish_engineers>	
<id_1todcxr_88c_bplctk>	<Alfred_Nobel>	rdf:type	<wikicategory_People_from_Stockholm>	
<id_1todcxr_88c_j4h5ij>	<Alfred_Nobel>	rdf:type	<wikicategory_Swedish_chemists>	
<id_1todcxr_88c_1ewr7sx>	<Alfred_Nobel>	rdf:type	<wikicategory_Swedish_inventors>	
<id_1f5lq97_88c_21u97i>	<Alexander_Graham_Bell>	rdf:type	<wikicategory_Canadian_emigrants_to_the_United_States>	
<id_1f5lq97_88c_4lbxyf>	<Alexander_Graham_Bell>	rdf:type	<wikicategory_Scottish_inventors>	
<id_1f5lq97_88c_j1y6jh>	<Alexander_Graham_Bell>	rdf:type	<wikicategory_Canadian_people_of_Scottish_descent>	
<id_1f5lq97_88c_hsj9sm>	<Alexander_Graham_Bell>	rdf:type	<wordnet_person_100007846>	
<id_1f5lq97_88c_oavv8g>	<Alexander_Graham_Bell>	rdf:type	<wikicategory_American_people_of_Scottish_descent>	
<id_1f5lq97_88c_9zweea>	<Alexander_Graham_Bell>	rdf:type	<wikicategory_Scottish_emigrants_to_the_United_States>	
<id_1f5lq97_88c_k1t57o>	<Alexander_Graham_Bell>	rdf:type	<wikicategory_Scottish_physicists>	
<id_1f5lq97_88c_11ybj2g>	<Alexander_Graham_Bell>	rdf:type	<wikicategory_American_inventors>	
<id_1f5lq97_88c_1agvtuu>	<Alexander_Graham_Bell>	rdf:type	<wikicategory_Aviation_pioneers>	
<id_1f5lq97_88c_18ipfh5>	<Alexander_Graham_Bell>	rdf:type	<wikicategory_People_from_Victoria_County,_Nova_Scotia>	
<id_1f5lq97_88c_1nsvk0z>	<Alexander_Graham_Bell>	rdf:type	<wikicategory_American_physicists>	
<id_1f5lq97_88c_1mbpns5>	<Alexander_Graham_Bell>	rdf:type	<wikicategory_Naturalized_citizens_of_the_United_States>	
<id_1f5lq97_88c_1czrcws>	<Alexander_Graham_Bell>	rdf:type	<wikicategory_People_from_Brantford>	
<id_1f5lq97_88c_38b2ny>	<Alexander_Graham_Bell>	rdf:type	<wikicategory_Fellows_of_the_American_Academy_of_Arts_and_Sciences>	
<id_1f5lq97_88c_zj00xl>	<Alexander_Graham_Bell>	rdf:type	<wikicategory_Alumni_of_University_College_London>	
<id_1f5lq97_88c_1y1p7lw>	<Alexander_Graham_Bell>	rdf:type	<wikicategory_19th-century_Scottish_people>	
<id_1f5lq97_88c_1f1xwgs>	<Alexander_Graham_Bell>	rdf:type	<wikicategory_Scottish_emigrants_to_Canada>	
<id_1f5lq97_88c_2fs9s8>	<Alexander_Graham_Bell>	rdf:type	<wikicategory_People_from_Boston,_Massachusetts>	
<id_1f5lq97_88c_1wmzz05>	<Alexander_Graham_Bell>	rdf:type	<wikicategory_People_from_Baddeck,_Nova_Scotia>	
<id_1f5lq97_88c_kxvav3>	<Alexander_Graham_Bell>	rdf:type	<wikicategory_Alumni_of_the_University_of_Edinburgh>	
<id_1f5lq97_88c_jndrwp>	<Alexander_Graham_Bell>	rdf:type	<wikicategory_People_educated_at_the_Royal_High_School,_Edinburgh>	
<id_1f5lq97_88c_ulcwkr>	<Alexander_Graham_Bell>	rdf:type	<wikicategory_Canadian_inventors>	
<id_1f5lq97_88c_s3sjfq>	<Alexander_Graham_Bell>	rdf:type	<wikicategory_People_from_Edinburgh>	
<id_1f5lq97_88c_6x956i>	<Alexander_Graham_Bell>	rdf:type	<wikicategory_Residents_of_Baddeck,_Nova_Scotia>	
<id_jrbz05_88c_1yo8283>	<Anatolia>	rdf:type	<wikicategory_Physiographic_provinces>	
<id_jrbz05_88c_g9cjz6>	<Anatolia>	rdf:type	<wikicategory_Peninsulas_of_Asia>	
<id_1ogzqqd_88c_2pv0d3>	<Apple_Inc.>	rdf:type	<wikicategory_Retail_companies_of_the_United_States>	
<id_1ogzqqd_88c_kw9bmb>	<Apple_Inc.>	rdf:type	<wikicategory_Multinational_companies_headquartered_in_the_United_States>	
<id_1ogzqqd_88c_wnedff>	<Apple_Inc.>	rdf:type	<wikicategory_Software_companies_based_in_California>	
<id_1ogzqqd_88c_l4t60v>	<Apple_Inc.>	rdf:type	<wikicategory_Computer_companies_of_the_United_States>	
<id_1ogzqqd_88c_w2zmr2>	<Apple_Inc.>	rdf:type	<wikicategory_Technology_companies_of_the_United_States>	
<id_1ogzqqd_88c_18do19v>	<Apple_Inc.>	rdf:type	<wikicategory_Publicly_traded_companies_of_the_United_States>	
<id_1ogzqqd_88c_hccy76>	<Apple_Inc.>	rdf:type	<wikicategory_Electronics_companies>	
<id_1ogzqqd_88c_cgoput>	<Apple_Inc.>	rdf:type	<wikicategory_Electronics_companies_of_the_United_States>	
<id_1ogzqqd_88c_116yb5f>	<Apple_Inc.>	rdf:type	<wikicategory_Companies_based_in_Cupertino,_California>	
<id_1ogzqqd_88c_1eek1eh>	<Apple_Inc.>	rdf:type	<wikicategory_Home_computer_hardware_companies>	
<id_1ogzqqd_88c_1py6wo5>	<Apple_Inc.>	rdf:type	<wikicategory_Mobile_phone_manufacturers>	
<id_1ogzqqd_88c_198657a>	<Apple_Inc.>	rdf:type	<wikicategory_Display_technology_companies>	
<id_1ogzqqd_88c_9lfppc>	<Apple_Inc.>	rdf:type	<wikicategory_Portable_audio_player_manufacturers>	
<id_1ogzqqd_88c_1ahd08u>	<Apple_Inc.>	rdf:type	<wikicategory_Networking_hardware_companies>	
<id_1ogzqqd_88c_1x6o71z>	<Apple_Inc.>	rdf:type	<wikicategory_Computer_hardware_companies>	
<id_1ogzqqd_88c_1rj6h9h>	<Apple_Inc.>	rdf:type	<wikicategory_Companies_established_in_1976>	
<id_1ogzqqd_88c_k664kn>	<Apple_Inc.>	rdf:type	<wordnet_company_108058098>	
<id_4e7n0v_88c_10q4yih>	<Aberdeenshire>	rdf:type	<wikicategory_People_from_Aberdeenshire>	
<id_x83472_88c_yhwm6s>	<Aztlan_Underground>	rdf:type	<wikicategory_West_Coast_hip_hop_musicians>	
<id_1e5r4m5_88c_r7hobs>	<American_Civil_War>	rdf:type	<wikicategory_Wars_involving_the_United_States>	
<id_1e5r4m5_88c_1i79x0j>	<American_Civil_War>	rdf:type	<wikicategory_Rebellions_in_the_United_States>	
<id_10ytjga_88c_w2dy3x>	<Andy_Warhol>	rdf:type	<wikicategory_Pop_artists>	
<id_10ytjga_88c_1h63v0a>	<Andy_Warhol>	rdf:type	<wikicategory_American_people_of_Rusyn_descent>	
<id_10ytjga_88c_3v9ct2>	<Andy_Warhol>	rdf:type	<wikicategory_American_painters>	
<id_10ytjga_88c_1buz1ul>	<Andy_Warhol>	rdf:type	<wikicategory_Carnegie_Mellon_University_alumni>	
<id_10ytjga_88c_1kdw8rq>	<Andy_Warhol>	rdf:type	<wikicategory_American_screenwriters>	
<id_10ytjga_88c_1whw647>	<Andy_Warhol>	rdf:type	<wikicategory_20th-century_artists>	
<id_10ytjga_88c_1mj2yun>	<Andy_Warhol>	rdf:type	<wikicategory_LGBT_artists_from_the_United_States>	
<id_10ytjga_88c_9iymwg>	<Andy_Warhol>	rdf:type	<wikicategory_Fashion_illustrators>	
<id_10ytjga_88c_1pavu5w>	<Andy_Warhol>	rdf:type	<wikicategory_Artists_from_Pittsburgh,_Pennsylvania>	
<id_10ytjga_88c_s3z931>	<Andy_Warhol>	rdf:type	<wikicategory_20th-century_painters>	
<id_10ytjga_88c_17ledvz>	<Andy_Warhol>	rdf:type	<wikicategory_Gay_writers>	
<id_10ytjga_88c_1epk6s4>	<Andy_Warhol>	rdf:type	<wikicategory_American_socialites>	
<id_10ytjga_88c_1clidqm>	<Andy_Warhol>	rdf:type	<wikicategory_American_printmakers>	
<id_10ytjga_88c_1b3cqke>	<Andy_Warhol>	rdf:type	<wikicategory_American_artists>	
<id_10ytjga_88c_1vncdpw>	<Andy_Warhol>	rdf:type	<wikicategory_American_film_producers>	
<id_10ytjga_88c_1u4uq5p>	<Andy_Warhol>	rdf:type	<wikicategory_Contemporary_artists>	
<id_10ytjga_88c_4yzczf>	<Andy_Warhol>	rdf:type	<wikicategory_Gay_artists>	
<id_10ytjga_88c_1ecefx>	<Andy_Warhol>	rdf:type	<wikicategory_Photographers_from_New_York>	
<id_10ytjga_88c_8w368v>	<Andy_Warhol>	rdf:type	<wikicategory_Artists_from_New_York>	
<id_10ytjga_88c_1pbr09n>	<Andy_Warhol>	rdf:type	<wikicategory_LGBT_writers_from_the_United_States>	
<id_10ytjga_88c_1741dnq>	<Andy_Warhol>	rdf:type	<wikicategory_LGBT_directors>	
<id_10ytjga_88c_1ld2pje>	<Andy_Warhol>	rdf:type	<wikicategory_Attempted_assassination_survivors>	
<id_10ytjga_88c_1dnkzto>	<Andy_Warhol>	rdf:type	<wikicategory_American_experimental_filmmakers>	
<id_10ytjga_88c_1x57zkt>	<Andy_Warhol>	rdf:type	<wikicategory_Postmodern_artists>	
<id_10ytjga_88c_6v6b0y>	<Andy_Warhol>	rdf:type	<wikicategory_American_cinematographers>	
<id_10ytjga_88c_103751n>	<Andy_Warhol>	rdf:type	<wikicategory_20th-century_writers>	
<id_10ytjga_88c_3zvrrf>	<Andy_Warhol>	rdf:type	<wikicategory_American_people_of_Slovak_descent>	
<id_10ytjga_88c_1x4hi9m>	<Andy_Warhol>	rdf:type	<wikicategory_American_film_directors>	
<id_10ytjga_88c_14azo3x>	<Andy_Warhol>	rdf:type	<wordnet_artist_109812338>	
<id_17iyo0h_88c_1g7o4xl>	<Alp_Arslan>	rdf:type	<wikicategory_Monarchs_of_Persia>	
<id_17iyo0h_88c_oi3yes>	<Alp_Arslan>	rdf:type	<wikicategory_Muslim_generals>	
<id_17iyo0h_88c_1whivgl>	<Alp_Arslan>	rdf:type	<wikicategory_Seljuk_rulers>	
<id_17iyo0h_88c_1rnonu9>	<Alp_Arslan>	rdf:type	<wordnet_sovereign_110628644>	
<id_l6667t_88c_3qziq4>	<American_Film_Institute>	rdf:type	<wikicategory_Organizations_established_in_1967>	
<id_l6667t_88c_5kujp2>	<American_Film_Institute>	rdf:type	<wordnet_organization_108008335>	
<id_1xdoss0_88c_1ft0zyh>	<Akira_Kurosawa>	rdf:type	<wikicategory_Japanese_film_directors>	
<id_1xdoss0_88c_hsj9sm>	<Akira_Kurosawa>	rdf:type	<wordnet_person_100007846>	
<id_1xdoss0_88c_2t56ch>	<Akira_Kurosawa>	rdf:type	<wikicategory_Yakuza_film_directors>	
<id_1xdoss0_88c_5wx1nb>	<Akira_Kurosawa>	rdf:type	<wikicategory_Fukuoka_Asian_Culture_Prize_winners>	
<id_1xdoss0_88c_1ebvver>	<Akira_Kurosawa>	rdf:type	<wikicategory_Japanese_film_producers>	
<id_1xdoss0_88c_a2yt4o>	<Akira_Kurosawa>	rdf:type	<wikicategory_Samurai_film_directors>	
<id_1xdoss0_88c_12fh4ts>	<Akira_Kurosawa>	rdf:type	<wikicategory_People_from_Tokyo>	
<id_1xdoss0_88c_sbxmif>	<Akira_Kurosawa>	rdf:type	<wikicategory_Japanese_screenwriters>	
<id_1rcudhw_88c_1t58cnx>	<Ancient_Egypt>	rdf:type	<wikicategory_States_of_Ancient_Africa>	
<id_1rcudhw_88c_1021kkl>	<Ancient_Egypt>	rdf:type	<wikicategory_Former_empires_of_Africa>	
<id_1w1zeoy_88c_16zs8so>	<Analog_Brothers>	rdf:type	<wikicategory_American_hip_hop_groups>	
<id_1rab8h1_88c_1ll15m1>	<Motor_neurone_disease>	rdf:type	<wordnet_disease_114070360>	
<id_17delv7_88c_9epxq>	<Abugida>	rdf:type	<wikicategory_Requests_for_audio_pronunciation_(English)>	
<id_zjqxpc_88c_82936c>	<ABBA>	rdf:type	<wikicategory_Musical_groups_from_Stockholm>	
<id_zjqxpc_88c_1dwzvg2>	<ABBA>	rdf:type	<wikicategory_Musical_groups_disestablished_in_1982>	
<id_zjqxpc_88c_ali1wr>	<ABBA>	rdf:type	<wikicategory_Musical_groups_established_in_1972>	
<id_zjqxpc_88c_1ndbil4>	<ABBA>	rdf:type	<wikicategory_Swedish_musical_groups>	
<id_zjqxpc_88c_8s5hk>	<ABBA>	rdf:type	<wikicategory_Multinational_musical_groups>	
<id_14isje4_88c_17l57qd>	<MessagePad>	rdf:type	<wikicategory_Apple_personal_digital_assistants>	
<id_kkjb3a_88c_p3p0su>	<A._E._van_Vogt>	rdf:type	<wikicategory_Writers_from_Manitoba>	
<id_kkjb3a_88c_186034u>	<A._E._van_Vogt>	rdf:type	<wikicategory_Canadian_expatriate_writers_in_the_United_States>	
<id_kkjb3a_88c_w5vygh>	<A._E._van_Vogt>	rdf:type	<wordnet_writer_110794014>	
<id_kkjb3a_88c_fn3eg8>	<A._E._van_Vogt>	rdf:type	<wikicategory_Worldcon_Guests_of_Honor>	
<id_kkjb3a_88c_x3ncng>	<A._E._van_Vogt>	rdf:type	<wikicategory_American_science_fiction_writers>	
<id_kkjb3a_88c_ss44od>	<A._E._van_Vogt>	rdf:type	<wikicategory_SFWA_Grand_Masters>	
<id_kkjb3a_88c_xe43zj>	<A._E._van_Vogt>	rdf:type	<wikicategory_Canadian_science_fiction_writers>	
<id_1be2du2_88c_ntzrf4>	<Anna_Kournikova>	rdf:type	<wikicategory_Russian_emigrants_to_the_United_States>	
<id_1be2du2_88c_uyvbl6>	<Anna_Kournikova>	rdf:type	<wikicategory_Tennis_players_at_the_1996_Summer_Olympics>	
<id_1be2du2_88c_pw6jft>	<Anna_Kournikova>	rdf:type	<wikicategory_Olympic_tennis_players_of_Russia>	
<id_1be2du2_88c_wjh2jk>	<Anna_Kournikova>	rdf:type	<wikicategory_Russian_female_models>	
<id_1be2du2_88c_1mbpns5>	<Anna_Kournikova>	rdf:type	<wikicategory_Naturalized_citizens_of_the_United_States>	
<id_1be2du2_88c_1fvtmno>	<Anna_Kournikova>	rdf:type	<wikicategory_Living_people>	
<id_1be2du2_88c_vgxy5k>	<Anna_Kournikova>	rdf:type	<wikicategory_American_people_of_Russian_descent>	
<id_1be2du2_88c_1xphwg3>	<Anna_Kournikova>	rdf:type	<wikicategory_Russian_socialites>	
<id_1be2du2_88c_1qf5329>	<Anna_Kournikova>	rdf:type	<wikicategory_People_from_Miami-Dade_County,_Florida>	
<id_1be2du2_88c_1slird0>	<Anna_Kournikova>	rdf:type	<wikicategory_Russian_female_tennis_players>	
<id_1be2du2_88c_1fk8gph>	<Anna_Kournikova>	rdf:type	<wikicategory_Australian_Open_champions>	
<id_vapk_88c_1n5v6ai>	<Alfons_Maria_Jakob>	rdf:type	<wikicategory_German_neurologists>	
<id_vapk_88c_9nzmed>	<Alfons_Maria_Jakob>	rdf:type	<wikicategory_People_from_Aschaffenburg>	
<id_vapk_88c_iiexu0>	<Alfons_Maria_Jakob>	rdf:type	<wordnet_scientist_110560637>	
<id_vapk_88c_aqa1am>	<Alfons_Maria_Jakob>	rdf:type	<wikicategory_German_neuroscientists>	
<id_1e4898n_88c_12k2cxb>	<Advanced_Chemistry>	rdf:type	<wikicategory_German_people_of_African_descent>	
<id_jywqvx_88c_1t215hj>	<Anglican_Communion>	rdf:type	<wikicategory_Religious_organizations_established_in_1867>	
<id_1ulfo1e_88c_dla44n>	<Arne_Kaijser>	rdf:type	<wikicategory_Swedish_scholars_and_academics>	
<id_1ulfo1e_88c_1fvtmno>	<Arne_Kaijser>	rdf:type	<wikicategory_Living_people>	
<id_1ulfo1e_88c_4clmw>	<Arne_Kaijser>	rdf:type	<wikicategory_Historians_of_science>	
<id_1ulfo1e_88c_1xke06g>	<Arne_Kaijser>	rdf:type	<wikicategory_Historians_of_technology>	
<id_1ulfo1e_88c_1llm1bh>	<Arne_Kaijser>	rdf:type	<wikicategory_Linköping_University_alumni>	
<id_54assk_88c_1q4ri6a>	<Andrey_Markov>	rdf:type	<wikicategory_Probability_theorists>	
<id_54assk_88c_7enx5j>	<Andrey_Markov>	rdf:type	<wikicategory_Russian_mathematicians>	
<id_54assk_88c_1elcfts>	<Andrey_Markov>	rdf:type	<wikicategory_Saint_Petersburg_State_University_alumni>	
<id_54assk_88c_1i16lsz>	<Andrey_Markov>	rdf:type	<wikicategory_People_from_Ryazan>	
<id_54assk_88c_iiexu0>	<Andrey_Markov>	rdf:type	<wordnet_scientist_110560637>	
<id_54assk_88c_1es67j9>	<Andrey_Markov>	rdf:type	<wikicategory_19th-century_mathematicians>	
<id_54assk_88c_1q2h6bz>	<Andrey_Markov>	rdf:type	<wikicategory_20th-century_mathematicians>	
<id_54assk_88c_u8pguo>	<Andrey_Markov>	rdf:type	<wikicategory_Russian_statisticians>	
<id_1hha0br_88c_kfpuks>	<A._A._Milne>	rdf:type	<wikicategory_English_children's_writers>	
<id_1hha0br_88c_kbm0ai>	<A._A._Milne>	rdf:type	<wikicategory_Alumni_of_Trinity_College,_Cambridge>	
<id_1hha0br_88c_fluo5h>	<A._A._Milne>	rdf:type	<wikicategory_English_poets>	
<id_1hha0br_88c_sf11u>	<A._A._Milne>	rdf:type	<wikicategory_People_from_Kilburn,_London>	
<id_1hha0br_88c_1hxt4tx>	<A._A._Milne>	rdf:type	<wikicategory_People_from_Hampstead>	
<id_1hha0br_88c_xo9gya>	<A._A._Milne>	rdf:type	<wikicategory_English_people_of_Scottish_descent>	
<id_1hha0br_88c_v0pecl>	<A._A._Milne>	rdf:type	<wikicategory_English_novelists>	
<id_1hha0br_88c_1r0484p>	<A._A._Milne>	rdf:type	<wikicategory_Royal_Warwickshire_Fusiliers_officers>	
<id_16kcevy_88c_yf7p5s>	<Asociación_Alumni>	rdf:type	<wikicategory_Rugby_clubs_established_in_1951>	
<id_16kcevy_88c_15mhzrx>	<Asociación_Alumni>	rdf:type	<wikicategory_Argentine_rugby_union_teams>	
<id_107azpr_88c_hsj9sm>	<Alvin_Toffler>	rdf:type	<wordnet_person_100007846>	
<id_107azpr_88c_1y1ywod>	<Alvin_Toffler>	rdf:type	<wikicategory_Jewish_American_writers>	
<id_107azpr_88c_1fvtmno>	<Alvin_Toffler>	rdf:type	<wikicategory_Living_people>	
<id_107azpr_88c_1lrf97v>	<Alvin_Toffler>	rdf:type	<wikicategory_People_from_Ridgefield,_Connecticut>	
<id_107azpr_88c_x3ncng>	<Alvin_Toffler>	rdf:type	<wikicategory_American_science_fiction_writers>	
<id_107azpr_88c_yn9piz>	<Alvin_Toffler>	rdf:type	<wikicategory_American_technology_writers>	
<id_107azpr_88c_1jjmvmv>	<Alvin_Toffler>	rdf:type	<wikicategory_American_non-fiction_writers>	
<id_11d38f6_88c_1akras5>	<The_Amazing_Spider-Man>	rdf:type	<wikicategory_Comics_by_Steve_Ditko>	
<id_11d38f6_88c_1jv9itp>	<The_Amazing_Spider-Man>	rdf:type	<wikicategory_Comics_by_Stan_Lee>	
<id_7ch6vh_88c_1m84nw1>	<Azincourt>	rdf:type	<wikicategory_Communes_of_Pas-de-Calais>	
<id_bfd29y_88c_ukwxvc>	<Albert_Speer>	rdf:type	<wikicategory_Historians_of_Nazism>	
<id_bfd29y_88c_30o1me>	<Albert_Speer>	rdf:type	<wikicategory_Officials_of_Nazi_Germany>	
<id_bfd29y_88c_1k5i581>	<Albert_Speer>	rdf:type	<wikicategory_People_convicted_by_the_International_Military_Tribunal_in_Nuremberg>	
<id_bfd29y_88c_1cycobb>	<Albert_Speer>	rdf:type	<wikicategory_Technical_University_Munich_alumni>	
<id_bfd29y_88c_8t92gb>	<Albert_Speer>	rdf:type	<wikicategory_People_from_Mannheim>	
<id_bfd29y_88c_cm8wc6>	<Albert_Speer>	rdf:type	<wikicategory_Nazi_Germany_ministers>	
<id_bfd29y_88c_11uvapy>	<Albert_Speer>	rdf:type	<wikicategory_German_architects>	
<id_bfd29y_88c_1reh4s8>	<Albert_Speer>	rdf:type	<wikicategory_German_writers>	
<id_bfd29y_88c_13h7dhi>	<Albert_Speer>	rdf:type	<wordnet_minister_110320863>	
<id_bfd29y_88c_1musb7b>	<Albert_Speer>	rdf:type	<wikicategory_German_people_convicted_of_crimes_against_humanity>	
<id_bfd29y_88c_1sbca9w>	<Albert_Speer>	rdf:type	<wikicategory_German_people_of_World_War_II>	
<id_bfd29y_88c_1x3vvr2>	<Albert_Speer>	rdf:type	<wikicategory_Nazi_leaders>	
<id_bfd29y_88c_1s1f40c>	<Albert_Speer>	rdf:type	<wikicategory_German_prisoners_and_detainees>	
<id_bfd29y_88c_1lan2hl>	<Albert_Speer>	rdf:type	<wikicategory_People_from_the_Grand_Duchy_of_Baden>	
<id_bfd29y_88c_fqyxqf>	<Albert_Speer>	rdf:type	<wikicategory_Neoclassical_architects>	
<id_1okmqbc_88c_18v3c4o>	<Asteraceae>	rdf:type	<wikicategory_Asterid_families>	
<id_1okmqbc_88c_udx7u>	<Asteraceae>	rdf:type	<wikicategory_Asterales_families>	
<id_1gltm3x_88c_18v3c4o>	<Apiaceae>	rdf:type	<wikicategory_Asterid_families>	
<id_1gltm3x_88c_1lmou99>	<Apiaceae>	rdf:type	<wikicategory_Angiosperm_families>	
<id_1o72ilw_88c_1y6jiic>	<Aramaic_alphabet>	rdf:type	<wordnet_orthography_106351202>	
<id_1o72ilw_88c_nzyx7t>	<Aramaic_alphabet>	rdf:type	<wikicategory_Aramaic_languages>	
<id_1hiz0vd_88c_fhejo3>	<Acute_disseminated_encephalomyelitis>	rdf:type	<wikicategory_Neurological_disorders>	
<id_1hiz0vd_88c_1ll15m1>	<Acute_disseminated_encephalomyelitis>	rdf:type	<wordnet_disease_114070360>	
<id_1dezd28_88c_1tdcgdr>	<Abdul_Alhazred>	rdf:type	<wikicategory_Fictional_writers>	
<id_1dezd28_88c_z4zbd7>	<Abdul_Alhazred>	rdf:type	<wikicategory_Fictional_Arab_people>	
<id_1dezd28_88c_1ckahte>	<Abdul_Alhazred>	rdf:type	<wikicategory_Fictional_alchemists>	
<id_1dezd28_88c_72c1fo>	<Abdul_Alhazred>	rdf:type	<wikicategory_Mortals_in_the_Cthulhu_Mythos>	
<id_1jmaj7u_88c_ly23v0>	<Ada_Lovelace>	rdf:type	<wikicategory_Women_mathematicians>	
<id_1jmaj7u_88c_m1tpdg>	<Ada_Lovelace>	rdf:type	<wikicategory_19th-century_women_writers>	
<id_1jmaj7u_88c_72lhp7>	<Ada_Lovelace>	rdf:type	<wikicategory_English_scientists>	
<id_1jmaj7u_88c_hsj9sm>	<Ada_Lovelace>	rdf:type	<wordnet_person_100007846>	
<id_1jmaj7u_88c_5b1wdt>	<Ada_Lovelace>	rdf:type	<wikicategory_British_countesses>	
<id_1jmaj7u_88c_ydxlrz>	<Ada_Lovelace>	rdf:type	<wikicategory_English_computer_scientists>	
<id_1jmaj7u_88c_1rk9d3z>	<Ada_Lovelace>	rdf:type	<wikicategory_English_women_writers>	
<id_1jmaj7u_88c_141cddl>	<Ada_Lovelace>	rdf:type	<wikicategory_English_computer_programmers>	
<id_1jmaj7u_88c_179qr1n>	<Ada_Lovelace>	rdf:type	<wikicategory_Women_in_engineering>	
<id_1jmaj7u_88c_19xmzw>	<Ada_Lovelace>	rdf:type	<wikicategory_Computer_pioneers>	
<id_1jmaj7u_88c_1es67j9>	<Ada_Lovelace>	rdf:type	<wikicategory_19th-century_mathematicians>	
<id_1jmaj7u_88c_1n3mntm>	<Ada_Lovelace>	rdf:type	<wikicategory_English_mathematicians>	
<id_1jmaj7u_88c_15b0n2l>	<Ada_Lovelace>	rdf:type	<wikicategory_Women_computer_scientists>	
<id_1jmaj7u_88c_1em7yk4>	<Ada_Lovelace>	rdf:type	<wikicategory_Women_in_technology>	
<id_1jmaj7u_88c_1h7vvle>	<Ada_Lovelace>	rdf:type	<wikicategory_British_computer_scientists>	
<id_1jmaj7u_88c_1pyoxr4>	<Ada_Lovelace>	rdf:type	<wikicategory_Women_of_the_Victorian_era>	
<id_1jmaj7u_88c_wf8c84>	<Ada_Lovelace>	rdf:type	<wikicategory_Daughters_of_barons>	
<id_fqol4y_88c_7y9jli>	<August_Derleth>	rdf:type	<wikicategory_Guggenheim_Fellows>	
<id_fqol4y_88c_id6pz9>	<August_Derleth>	rdf:type	<wikicategory_American_short_story_writers>	
<id_fqol4y_88c_bwklin>	<August_Derleth>	rdf:type	<wikicategory_Science_fiction_editors>	
<id_fqol4y_88c_1digyc2>	<August_Derleth>	rdf:type	<wikicategory_American_mystery_writers>	
<id_fqol4y_88c_1osmq6x>	<August_Derleth>	rdf:type	<wikicategory_American_horror_writers>	
<id_fqol4y_88c_12mfcvp>	<August_Derleth>	rdf:type	<wikicategory_People_from_Sauk_County,_Wisconsin>	
<id_fqol4y_88c_10t4v2y>	<August_Derleth>	rdf:type	<wikicategory_Cthulhu_Mythos_writers>	
<id_fqol4y_88c_1ncbh3r>	<August_Derleth>	rdf:type	<wikicategory_American_novelists>	
<id_fqol4y_88c_1y095ci>	<August_Derleth>	rdf:type	<wikicategory_Writers_from_Wisconsin>	
<id_fqol4y_88c_sccwwg>	<August_Derleth>	rdf:type	<wikicategory_Anthologists>	
<id_zjrtzi_88c_1rxoyki>	<Alps>	rdf:type	<wikicategory_Mountain_ranges_of_Europe>	
<id_zjrtzi_88c_1yo8283>	<Alps>	rdf:type	<wikicategory_Physiographic_provinces>	
<id_zjrtzi_88c_xfuwe8>	<Alps>	rdf:type	<wikicategory_Mountains_of_Europe>	
<id_zjrtzi_88c_1k7gc5b>	<Alps>	rdf:type	<wikicategory_Alps>	
<id_b6ayam_88c_r3f9hf>	<Albert_Camus>	rdf:type	<wikicategory_French_people_of_Spanish_descent>	
<id_b6ayam_88c_14is268>	<Albert_Camus>	rdf:type	<wikicategory_French_anarchists>	
<id_b6ayam_88c_126sx5e>	<Albert_Camus>	rdf:type	<wikicategory_People_from_Dréan>	
<id_b6ayam_88c_10qiyi9>	<Albert_Camus>	rdf:type	<wikicategory_Postmodern_writers>	
<id_b6ayam_88c_ualope>	<Albert_Camus>	rdf:type	<wikicategory_French_essayists>	
<id_b6ayam_88c_10o2mlm>	<Albert_Camus>	rdf:type	<wikicategory_French_anti–death_penalty_activists>	
<id_b6ayam_88c_1t0ra5l>	<Albert_Camus>	rdf:type	<wikicategory_French_Nobel_laureates>	
<id_b6ayam_88c_l9jmwt>	<Albert_Camus>	rdf:type	<wikicategory_French_agnostics>	
<id_b6ayam_88c_n1n3i>	<Albert_Camus>	rdf:type	<wikicategory_20th-century_French_philosophers>	
<id_b6ayam_88c_1c1wv20>	<Albert_Camus>	rdf:type	<wikicategory_Nobel_laureates_in_Literature>	
<id_b6ayam_88c_r6rw8v>	<Albert_Camus>	rdf:type	<wikicategory_Algerian_philosophers>	
<id_b6ayam_88c_12pybaw>	<Albert_Camus>	rdf:type	<wikicategory_Existentialists>	
<id_b6ayam_88c_1856z8t>	<Albert_Camus>	rdf:type	<wikicategory_French_atheists>	
<id_b6ayam_88c_1auvvrl>	<Albert_Camus>	rdf:type	<wikicategory_French_novelists>	
<id_b6ayam_88c_1ckxp1o>	<Albert_Camus>	rdf:type	<wikicategory_French_journalists>	
<id_b6ayam_88c_1dli6jh>	<Albert_Camus>	rdf:type	<wikicategory_French_dramatists_and_playwrights>	
<id_b6ayam_88c_120skfv>	<Albert_Camus>	rdf:type	<wordnet_philosopher_110423589>	
<id_b6ayam_88c_1skaja3>	<Albert_Camus>	rdf:type	<wikicategory_Syndicalists>	
<id_15ee46e_88c_52kodk>	<Agatha_Christie>	rdf:type	<wikicategory_English_crime_fiction_writers>	
<id_15ee46e_88c_awgl5u>	<Agatha_Christie>	rdf:type	<wikicategory_Female_wartime_nurses>	
<id_15ee46e_88c_1rk9d3z>	<Agatha_Christie>	rdf:type	<wikicategory_English_women_writers>	
<id_15ee46e_88c_qe6e3z>	<Agatha_Christie>	rdf:type	<wikicategory_People_from_Cholsey>	
<id_15ee46e_88c_pjrw2b>	<Agatha_Christie>	rdf:type	<wikicategory_English_short_story_writers>	
<id_15ee46e_88c_1s8r5og>	<Agatha_Christie>	rdf:type	<wikicategory_People_from_Sunningdale>	
<id_15ee46e_88c_m3qtex>	<Agatha_Christie>	rdf:type	<wikicategory_19th-century_English_people>	
<id_15ee46e_88c_1kjsz2w>	<Agatha_Christie>	rdf:type	<wikicategory_Fellows_of_the_Royal_Society_of_Literature>	
<id_15ee46e_88c_12dhzhc>	<Agatha_Christie>	rdf:type	<wikicategory_English_mystery_writers>	
<id_15ee46e_88c_94ar21>	<Agatha_Christie>	rdf:type	<wikicategory_British_women_in_World_War_I>	
<id_15ee46e_88c_1u6n0u5>	<Agatha_Christie>	rdf:type	<wikicategory_People_from_Torquay>	
<id_15ee46e_88c_4ykwqx>	<Agatha_Christie>	rdf:type	<wikicategory_English_dramatists_and_playwrights>	
<id_4dybr4_88c_1a503ui>	<The_Plague>	rdf:type	<wikicategory_Philosophical_novels>	
<id_4dybr4_88c_xdh6ey>	<The_Plague>	rdf:type	<wikicategory_1947_novels>	
<id_4dybr4_88c_1n333v3>	<The_Plague>	rdf:type	<wikicategory_Novels_by_Albert_Camus>	
<id_ogk4on_88c_ctcrc8>	<Analog_signal>	rdf:type	<wikicategory_Analog_circuits>	
<id_zk294c_88c_mspr3e>	<Hercule_Poirot>	rdf:type	<wikicategory_Fictional_characters_introduced_in_1920>	
<id_zk294c_88c_1w1kke0>	<Hercule_Poirot>	rdf:type	<wordnet_fictional_character_109587565>	
<id_zk294c_88c_1jp0ax3>	<Hercule_Poirot>	rdf:type	<wikicategory_Characters_in_British_novels_of_the_20th_century>	
<id_zk294c_88c_cmf158>	<Hercule_Poirot>	rdf:type	<wikicategory_Hercule_Poirot_characters>	
<id_1sz829a_88c_mspr4b>	<Miss_Marple>	rdf:type	<wikicategory_Fictional_characters_introduced_in_1932>	
<id_1sz829a_88c_1w1kke0>	<Miss_Marple>	rdf:type	<wordnet_fictional_character_109587565>	
<id_10kcl7q_88c_117o890>	<April>	rdf:type	<wikicategory_Months>	
<id_1w4pnab_88c_117o890>	<August>	rdf:type	<wikicategory_Months>	
<id_10k30k1_88c_o0oz7m>	<Aaron>	rdf:type	<wordnet_saint_110546850>	
<id_10k30k1_88c_4v8475>	<Aaron>	rdf:type	<wikicategory_Torah_people>	
<id_10k30k1_88c_spybnx>	<Aaron>	rdf:type	<wikicategory_Old_Testament_saints>	
<id_10k30k1_88c_15m838x>	<Aaron>	rdf:type	<wikicategory_High_Priests_of_Israel>	
<id_grbaep_88c_17vvzm1>	<Achill_Island>	rdf:type	<wikicategory_Gaeltacht_places_in_County_Mayo>	
<id_grbaep_88c_zksm6h>	<Achill_Island>	rdf:type	<wikicategory_Islands_of_County_Mayo>	
<id_1eq2ywk_88c_1ddou0b>	<Allen_Ginsberg>	rdf:type	<wikicategory_Outlaw_poets>	
<id_1eq2ywk_88c_w61g52>	<Allen_Ginsberg>	rdf:type	<wikicategory_Beat_Generation_poets>	
<id_1eq2ywk_88c_1nkfty1>	<Allen_Ginsberg>	rdf:type	<wikicategory_LGBT_rights_activists_from_the_United_States>	
<id_1eq2ywk_88c_1l5mgcq>	<Allen_Ginsberg>	rdf:type	<wikicategory_People_from_Manhattan>	
<id_1eq2ywk_88c_19ufr3y>	<Allen_Ginsberg>	rdf:type	<wikicategory_Psychedelic_drug_advocates>	
<id_1eq2ywk_88c_10qiyi9>	<Allen_Ginsberg>	rdf:type	<wikicategory_Postmodern_writers>	
<id_1eq2ywk_88c_1y1ywod>	<Allen_Ginsberg>	rdf:type	<wikicategory_Jewish_American_writers>	
<id_1eq2ywk_88c_1aub4mv>	<Allen_Ginsberg>	rdf:type	<wikicategory_American_poets>	
<id_1eq2ywk_88c_17ledvz>	<Allen_Ginsberg>	rdf:type	<wikicategory_Gay_writers>	
<id_1eq2ywk_88c_17mybd6>	<Allen_Ginsberg>	rdf:type	<wikicategory_Montclair_State_University_alumni>	
<id_1eq2ywk_88c_dh7320>	<Allen_Ginsberg>	rdf:type	<wikicategory_Jewish_anarchists>	
<id_1eq2ywk_88c_1volsee>	<Allen_Ginsberg>	rdf:type	<wikicategory_American_spoken_word_artists>	
<id_1eq2ywk_88c_zbcyjn>	<Allen_Ginsberg>	rdf:type	<wikicategory_Columbia_University_alumni>	
<id_1eq2ywk_88c_12u0rhv>	<Allen_Ginsberg>	rdf:type	<wikicategory_People_from_Boulder,_Colorado>	
<id_1eq2ywk_88c_1cj3sq>	<Allen_Ginsberg>	rdf:type	<wikicategory_American_anarchists>	
<id_1eq2ywk_88c_u04wpm>	<Allen_Ginsberg>	rdf:type	<wikicategory_American_tax_resisters>	
<id_1eq2ywk_88c_f23afu>	<Allen_Ginsberg>	rdf:type	<wikicategory_People_from_Paterson,_New_Jersey>	
<id_1eq2ywk_88c_drdsk2>	<Allen_Ginsberg>	rdf:type	<wikicategory_People_from_Newark,_New_Jersey>	
<id_1eq2ywk_88c_6liob6>	<Allen_Ginsberg>	rdf:type	<wikicategory_People_from_Greenwich_Village,_New_York>	
<id_1eq2ywk_88c_14efmex>	<Allen_Ginsberg>	rdf:type	<wikicategory_Jewish_poets>	
<id_1eq2ywk_88c_1bd1kxz>	<Allen_Ginsberg>	rdf:type	<wikicategory_American_anti–Vietnam_War_activists>	
<id_v9e666_88c_1r1y6pw>	<Anatoly_Karpov>	rdf:type	<wikicategory_Russian_chess_writers>	
<id_v9e666_88c_t8k0j5>	<Anatoly_Karpov>	rdf:type	<wikicategory_Soviet_chess_writers>	
<id_v9e666_88c_293p23>	<Anatoly_Karpov>	rdf:type	<wikicategory_Russian_philatelists>	
<id_v9e666_88c_1elcfts>	<Anatoly_Karpov>	rdf:type	<wikicategory_Saint_Petersburg_State_University_alumni>	
<id_v9e666_88c_1fvtmno>	<Anatoly_Karpov>	rdf:type	<wikicategory_Living_people>	
<id_v9e666_88c_4q6ked>	<Anatoly_Karpov>	rdf:type	<wikicategory_Chess_Olympiad_competitors>	
<id_v9e666_88c_p59zdf>	<Anatoly_Karpov>	rdf:type	<wikicategory_World_Junior_Chess_Champions>	
<id_v9e666_88c_n984r1>	<Anatoly_Karpov>	rdf:type	<wikicategory_World_chess_champions>	
<id_v9e666_88c_7jmi83>	<Anatoly_Karpov>	rdf:type	<wordnet_chess_player_109915834>	
<id_v9e666_88c_1tlf8qr>	<Anatoly_Karpov>	rdf:type	<wikicategory_Soviet_chess_players>	
<id_v9e666_88c_sdpcye>	<Anatoly_Karpov>	rdf:type	<wikicategory_Russian_chess_players>	
<id_v9e666_88c_lzzhf9>	<Anatoly_Karpov>	rdf:type	<wikicategory_Chess_grandmasters>	
<id_1rjcst8_88c_9vvb8x>	<Anarcho-capitalism>	rdf:type	<wikicategory_Economic_ideologies>	
<id_1rjcst8_88c_d1r7xn>	<Anarcho-capitalism>	rdf:type	<wikicategory_Political_ideologies>	
<id_nrzg95_88c_1pfw4lc>	<Aristophanes>	rdf:type	<wikicategory_Ancient_Greek_dramatists_and_playwrights>	
<id_nrzg95_88c_5zcckj>	<Aristophanes>	rdf:type	<wikicategory_4th-century_BC_writers>	
<id_nrzg95_88c_18j592k>	<Aristophanes>	rdf:type	<wikicategory_5th-century_BC_Greek_people>	
<id_nrzg95_88c_smmiy3>	<Aristophanes>	rdf:type	<wikicategory_4th-century_BC_Greek_people>	
<id_nrzg95_88c_ep4m75>	<Aristophanes>	rdf:type	<wikicategory_Ancient_Greek_satirists>	
<id_nrzg95_88c_1vxv2pk>	<Aristophanes>	rdf:type	<wikicategory_Old_Comic_poets>	
<id_nrzg95_88c_1crj68m>	<Aristophanes>	rdf:type	<wikicategory_Greek_anti-war_activists>	
<id_18y3zc5_88c_hv4r5d>	<Albert_Schweitzer>	rdf:type	<wikicategory_German_physicians>	
<id_18y3zc5_88c_f6xejp>	<Albert_Schweitzer>	rdf:type	<wikicategory_Biblical_scholars>	
<id_18y3zc5_88c_n2upha>	<Albert_Schweitzer>	rdf:type	<wikicategory_German_anti–nuclear_weapons_activists>	
<id_18y3zc5_88c_1ydqpft>	<Albert_Schweitzer>	rdf:type	<wikicategory_19th-century_French_people>	
<id_18y3zc5_88c_1t0ra5l>	<Albert_Schweitzer>	rdf:type	<wikicategory_French_Nobel_laureates>	
<id_18y3zc5_88c_th0an1>	<Albert_Schweitzer>	rdf:type	<wikicategory_19th-century_German_people>	
<id_18y3zc5_88c_4emzre>	<Albert_Schweitzer>	rdf:type	<wikicategory_German_Christian_pacifists>	
<id_18y3zc5_88c_iiexu0>	<Albert_Schweitzer>	rdf:type	<wordnet_scientist_110560637>	
<id_18y3zc5_88c_gt7iwe>	<Albert_Schweitzer>	rdf:type	<wikicategory_Nobel_Peace_Prize_laureates>	
<id_18y3zc5_88c_1c1mjfy>	<Albert_Schweitzer>	rdf:type	<wikicategory_Gifford_Lecturers>	
<id_18y3zc5_88c_1gns89v>	<Albert_Schweitzer>	rdf:type	<wikicategory_German_Lutheran_theologians>	
<id_18y3zc5_88c_1qwu3j8>	<Albert_Schweitzer>	rdf:type	<wikicategory_French_classical_organists>	
<id_18y3zc5_88c_1b72qke>	<Albert_Schweitzer>	rdf:type	<wikicategory_People_from_Alsace-Lorraine>	
<id_18y3zc5_88c_86k6j9>	<Albert_Schweitzer>	rdf:type	<wikicategory_German_Nobel_laureates>	
<id_18y3zc5_88c_1xi2x1d>	<Albert_Schweitzer>	rdf:type	<wikicategory_French_vegetarians>	
<id_18y3zc5_88c_13zv4cy>	<Albert_Schweitzer>	rdf:type	<wikicategory_French_humanitarians>	
<id_18y3zc5_88c_1u6x4k0>	<Albert_Schweitzer>	rdf:type	<wikicategory_German_classical_organists>	
<id_18y3zc5_88c_10g6m44>	<Albert_Schweitzer>	rdf:type	<wikicategory_French_Christian_missionaries>	
<id_18y3zc5_88c_u3ujkq>	<Albert_Schweitzer>	rdf:type	<wikicategory_People_from_Haut-Rhin>	
<id_18y3zc5_88c_14jyqm>	<Albert_Schweitzer>	rdf:type	<wikicategory_French_Christian_pacifists>	
<id_18y3zc5_88c_155jzjh>	<Albert_Schweitzer>	rdf:type	<wikicategory_German_vegetarians>	
<id_18y3zc5_88c_m0dkgd>	<Albert_Schweitzer>	rdf:type	<wikicategory_Music_historians>	
<id_18y3zc5_88c_ie62b9>	<Albert_Schweitzer>	rdf:type	<wikicategory_Christian_philosophers>	
<id_18y3zc5_88c_ft9iq0>	<Albert_Schweitzer>	rdf:type	<wikicategory_German_Christian_missionaries>	
<id_18y3zc5_88c_2gnyda>	<Albert_Schweitzer>	rdf:type	<wikicategory_German_humanitarians>	
<id_18y3zc5_88c_ry02xp>	<Albert_Schweitzer>	rdf:type	<wikicategory_French_physicians>	
<id_18y3zc5_88c_1w3aga2>	<Albert_Schweitzer>	rdf:type	<wikicategory_French_anti–nuclear_weapons_activists>	
<id_1dbwp8a_88c_14ssb8c>	<Austrian_School>	rdf:type	<wikicategory_Economic_theories>	
<id_10v6ohd_88c_19kahix>	<Ancient_Pueblo_Peoples>	rdf:type	<wikicategory_Southwest_tribes>	
<id_10v6ohd_88c_m9nr74>	<Ancient_Pueblo_Peoples>	rdf:type	<wikicategory_Oasisamerica_cultures>	
<id_10v6ohd_88c_13guo47>	<Ancient_Pueblo_Peoples>	rdf:type	<wikicategory_Prehistoric_cultures_in_Colorado‎>	
<id_10v6ohd_88c_w6ztkc>	<Ancient_Pueblo_Peoples>	rdf:type	<wikicategory_Archaeological_cultures_of_North_America>	
<id_10v6ohd_88c_1p9djl4>	<Ancient_Pueblo_Peoples>	rdf:type	<wikicategory_Puebloan_peoples>	
<id_10v6ohd_88c_hh0c8j>	<Ancient_Pueblo_Peoples>	rdf:type	<wikicategory_Pre-Columbian_cultures>	
<id_10v6ohd_88c_yeplzq>	<Ancient_Pueblo_Peoples>	rdf:type	<wikicategory_Southwest_periods_by_people>	
<id_2fqdvx_88c_1ulxeg7>	<Aalborg_Municipality>	rdf:type	<wikicategory_Municipalities_of_North_Denmark_Region>	
<id_2fqdvx_88c_rpnyqu>	<Aalborg_Municipality>	rdf:type	<wikicategory_Municipalities_of_Denmark>	
<id_1vtwiok_88c_1grr1wv>	<Aarhus>	rdf:type	<wikicategory_Port_cities_and_towns_in_Denmark>	
<id_1vtwiok_88c_b3u391>	<Aarhus>	rdf:type	<wikicategory_Viking_Age_populated_places>	
<id_1vtwiok_88c_1kvveil>	<Aarhus>	rdf:type	<wordnet_administrative_district_108491826>	
<id_1vtwiok_88c_5eqa3l>	<Aarhus>	rdf:type	<wikicategory_Municipal_seats_of_Denmark>	
<id_1vtwiok_88c_11ovvde>	<Aarhus>	rdf:type	<wikicategory_Cities_and_towns_in_Central_Denmark_Region>	
<id_1vtwiok_88c_1ss5z18>	<Aarhus>	rdf:type	<wikicategory_Municipal_seats_of_Central_Denmark_Region>	
<id_9jnz4s_88c_imojv>	<Alexis_Carrel>	rdf:type	<wikicategory_Nobel_laureates_in_Physiology_or_Medicine>	
<id_9jnz4s_88c_1t0ra5l>	<Alexis_Carrel>	rdf:type	<wikicategory_French_Nobel_laureates>	
<id_9jnz4s_88c_119vjno>	<Alexis_Carrel>	rdf:type	<wikicategory_French_Nazi_collaborators>	
<id_9jnz4s_88c_q0mkwh>	<Alexis_Carrel>	rdf:type	<wikicategory_Transplant_surgeons>	
<id_9jnz4s_88c_ckjle>	<Alexis_Carrel>	rdf:type	<wikicategory_People_from_Sainte-Foy-lès-Lyon>	
<id_9jnz4s_88c_ry02xp>	<Alexis_Carrel>	rdf:type	<wikicategory_French_physicians>	
<id_9jnz4s_88c_gmb615>	<Alexis_Carrel>	rdf:type	<wikicategory_Converts_to_Roman_Catholicism_from_atheism_or_agnosticism>	
<id_22rztu_88c_573d15>	<All_Souls'_Day>	rdf:type	<wordnet_vacation_115137890>	
<id_22rztu_88c_rpue4f>	<All_Souls'_Day>	rdf:type	<wikicategory_Christian_festivals_and_holy_days>	
<id_22rztu_88c_qs8clb>	<All_Souls'_Day>	rdf:type	<wikicategory_November_observances>	
<id_22rztu_88c_1d2mxwg>	<All_Souls'_Day>	rdf:type	<wikicategory_Eastern_Orthodox_liturgical_days>	
<id_22rztu_88c_15a6rfq>	<All_Souls'_Day>	rdf:type	<wikicategory_Death_customs>	
<id_22rztu_88c_1m2no1e>	<All_Souls'_Day>	rdf:type	<wikicategory_Christian_holidays>	
<id_kxmmb6_88c_1785x17>	<Anatole_France>	rdf:type	<wikicategory_Pseudonymous_writers>	
<id_kxmmb6_88c_gsriwh>	<Anatole_France>	rdf:type	<wikicategory_French_poets>	
<id_kxmmb6_88c_1t0ra5l>	<Anatole_France>	rdf:type	<wikicategory_French_Nobel_laureates>	
<id_kxmmb6_88c_v2uaur>	<Anatole_France>	rdf:type	<wikicategory_French_fantasy_writers>	
<id_kxmmb6_88c_1c1wv20>	<Anatole_France>	rdf:type	<wikicategory_Nobel_laureates_in_Literature>	
<id_kxmmb6_88c_1qrknja>	<Anatole_France>	rdf:type	<wikicategory_Writers_from_Paris>	
<id_kxmmb6_88c_1auvvrl>	<Anatole_France>	rdf:type	<wikicategory_French_novelists>	
<id_kxmmb6_88c_yr69gk>	<Anatole_France>	rdf:type	<wikicategory_French_satirists>	
<id_kxmmb6_88c_megi47>	<Anatole_France>	rdf:type	<wikicategory_French_monarchists>	
<id_kxmmb6_88c_zeki9t>	<Anatole_France>	rdf:type	<wikicategory_Collège_Stanislas_de_Paris_alumni>	
<id_1v08nas_88c_1tsh7v1>	<André_Gide>	rdf:type	<wikicategory_Lycée_Henri-IV_alumni>	
<id_1v08nas_88c_neleqa>	<André_Gide>	rdf:type	<wikicategory_LGBT_rights_activists_from_France>	
<id_1v08nas_88c_vzew5x>	<André_Gide>	rdf:type	<wikicategory_Fyodor_Dostoyevsky_scholars>	
<id_1v08nas_88c_ualope>	<André_Gide>	rdf:type	<wikicategory_French_essayists>	
<id_1v08nas_88c_1t0ra5l>	<André_Gide>	rdf:type	<wikicategory_French_Nobel_laureates>	
<id_1v08nas_88c_fyhbhp>	<André_Gide>	rdf:type	<wikicategory_Western_writers_about_Soviet_Russia>	
<id_1v08nas_88c_1c1wv20>	<André_Gide>	rdf:type	<wikicategory_Nobel_laureates_in_Literature>	
<id_1v08nas_88c_1coznxv>	<André_Gide>	rdf:type	<wikicategory_Bisexual_writers>	
<id_1v08nas_88c_1qrknja>	<André_Gide>	rdf:type	<wikicategory_Writers_from_Paris>	
<id_1v08nas_88c_1auvvrl>	<André_Gide>	rdf:type	<wikicategory_French_novelists>	
<id_1v08nas_88c_hsbwi8>	<André_Gide>	rdf:type	<wikicategory_LGBT_writers_from_France>	
<id_1v08nas_88c_jk0o7j>	<André_Gide>	rdf:type	<wikicategory_French_travel_writers>	
<id_7ggx7i_88c_nrmv3t>	<Algorithms_for_calculating_variance>	rdf:type	<wikicategory_Statistical_algorithms>	
<id_sepgyb_88c_m586tq>	<Azerbaijan>	rdf:type	<wordnet_economy_108366753>	
<id_1o8o6hh_88c_bfdyr2>	<Azerbaijani_Armed_Forces>	rdf:type	<wikicategory_Conscript_militaries>	
<id_1etp1a5_88c_m586tq>	<Armenia>	rdf:type	<wordnet_economy_108366753>	
<id_1etp1a5_88c_1wcche2>	<Armenia>	rdf:type	<wikicategory_World_Trade_Organization_member_economies>	
<id_51rsso_88c_bfdyr2>	<Armed_Forces_of_Armenia>	rdf:type	<wikicategory_Conscript_militaries>	
<id_1b6q6q_88c_m586tq>	<American_Samoa>	rdf:type	<wordnet_economy_108366753>	
<id_1xo8bm3_88c_a2x6zy>	<Avicenna>	rdf:type	<wikicategory_Persian_philosophers>	
<id_1xo8bm3_88c_1sy1z97>	<Avicenna>	rdf:type	<wikicategory_Aristotelian_philosophers>	
<id_1xo8bm3_88c_ot8569>	<Avicenna>	rdf:type	<wikicategory_11th-century_philosophers>	
<id_1xo8bm3_88c_18gieyv>	<Avicenna>	rdf:type	<wikicategory_Muslim_philosophers>	
<id_1xo8bm3_88c_44pk4c>	<Avicenna>	rdf:type	<wikicategory_11th-century_physicians>	
<id_1xo8bm3_88c_1728mgb>	<Avicenna>	rdf:type	<wikicategory_Ethicists>	
<id_1xo8bm3_88c_1b4eihz>	<Avicenna>	rdf:type	<wikicategory_Commentators_on_Aristotle>	
<id_1xo8bm3_88c_1rl6ssd>	<Avicenna>	rdf:type	<wikicategory_Medieval_Persian_physicians>	
<id_1xo8bm3_88c_7jnkz>	<Avicenna>	rdf:type	<wikicategory_Classical_humanists>	
<id_1xo8bm3_88c_1k7re8b>	<Avicenna>	rdf:type	<wikicategory_Physicians_of_medieval_Islam>	
<id_1xo8bm3_88c_xaggz>	<Avicenna>	rdf:type	<wikicategory_Alchemists_of_medieval_Islam>	
<id_1xo8bm3_88c_1cszox7>	<Avicenna>	rdf:type	<wordnet_scholar_110557854>	
<id_1ps4zdi_88c_1fks874>	<The_Ashes>	rdf:type	<wikicategory_Sports_rivalries>	
<id_1ps4zdi_88c_122l49b>	<The_Ashes>	rdf:type	<wikicategory_Cricket_awards_and_rankings>	
<id_1ps4zdi_88c_xmfsqm>	<The_Ashes>	rdf:type	<wikicategory_Test_cricket_competitions>	
<id_1ps4zdi_88c_196gnc1>	<The_Ashes>	rdf:type	<wikicategory_Recurring_events_established_in_1882>	
<id_125dghy_88c_cwdtf0>	<Abner_Doubleday>	rdf:type	<wikicategory_Union_Army_generals>	
<id_125dghy_88c_175ba2q>	<Abner_Doubleday>	rdf:type	<wikicategory_People_from_Saratoga_County,_New_York>	
<id_125dghy_88c_5vzf7e>	<Abner_Doubleday>	rdf:type	<wikicategory_People_from_Auburn,_New_York>	
<id_125dghy_88c_j7fggt>	<Abner_Doubleday>	rdf:type	<wikicategory_People_of_New_York_in_the_American_Civil_War>	
<id_125dghy_88c_18deh81>	<Abner_Doubleday>	rdf:type	<wikicategory_United_States_Military_Academy_alumni>	
<id_125dghy_88c_11pwcl>	<Abner_Doubleday>	rdf:type	<wikicategory_American_people_of_English_descent>	
<id_125dghy_88c_1c5kgr>	<Abner_Doubleday>	rdf:type	<wikicategory_United_States_Army_generals>	
<id_125dghy_88c_uqrjcr>	<Abner_Doubleday>	rdf:type	<wikicategory_People_from_Ballston_Spa,_New_York>	
<id_chjs6y_88c_ukvaa4>	<America's_National_Game>	rdf:type	<wikicategory_Baseball_books>	
<id_chjs6y_88c_1817qck>	<America's_National_Game>	rdf:type	<wikicategory_1911_books>	
<id_wuj6g9_88c_ry0gfd>	<Augustin-Jean_Fresnel>	rdf:type	<wikicategory_French_physicists>	
<id_wuj6g9_88c_iiexu0>	<Augustin-Jean_Fresnel>	rdf:type	<wordnet_scientist_110560637>	
<id_wuj6g9_88c_1tfawgd>	<Augustin-Jean_Fresnel>	rdf:type	<wikicategory_Alumni_of_the_École_Polytechnique>	
<id_wuj6g9_88c_lur49l>	<Augustin-Jean_Fresnel>	rdf:type	<wikicategory_People_from_Eure>	
<id_wuj6g9_88c_hl5nt9>	<Augustin-Jean_Fresnel>	rdf:type	<wikicategory_Optical_physicists>	
<id_1ugcoan_88c_w8ecs9>	<Ardipithecus>	rdf:type	<wikicategory_Transitional_fossils>	
<id_gt4deb_88c_1nrutc0>	<Adelaide>	rdf:type	<wikicategory_Australian_capital_cities>	
<id_gt4deb_88c_q889tj>	<Adelaide>	rdf:type	<wikicategory_Planned_capitals>	
<id_gt4deb_88c_15fu5sd>	<Adelaide>	rdf:type	<wikicategory_Coastal_cities_in_Australia>	
<id_gt4deb_88c_1u5sitc>	<Adelaide>	rdf:type	<wikicategory_Populated_places_established_in_1836>	
<id_gt4deb_88c_11ix6rd>	<Adelaide>	rdf:type	<wikicategory_Cities_in_South_Australia>	
<id_llwnka_88c_1o9ey98>	<Alan_Garner>	rdf:type	<wikicategory_People_from_Alderley_Edge>	
<id_llwnka_88c_1xvkkz4>	<Alan_Garner>	rdf:type	<wikicategory_Officers_of_the_Order_of_the_British_Empire>	
<id_llwnka_88c_q3wjky>	<Alan_Garner>	rdf:type	<wikicategory_People_with_bipolar_disorder>	
<id_llwnka_88c_kfpuks>	<Alan_Garner>	rdf:type	<wikicategory_English_children's_writers>	
<id_llwnka_88c_11xtogc>	<Alan_Garner>	rdf:type	<wikicategory_Alumni_of_Magdalen_College,_Oxford>	
<id_llwnka_88c_1fvtmno>	<Alan_Garner>	rdf:type	<wikicategory_Living_people>	
<id_llwnka_88c_pjrw2b>	<Alan_Garner>	rdf:type	<wikicategory_English_short_story_writers>	
<id_llwnka_88c_1cz3b0f>	<Alan_Garner>	rdf:type	<wikicategory_People_from_Congleton>	
<id_llwnka_88c_1qc5arr>	<Alan_Garner>	rdf:type	<wikicategory_English_fantasy_writers>	
<id_llwnka_88c_quddak>	<Alan_Garner>	rdf:type	<wikicategory_People_educated_at_Manchester_Grammar_School>	
<id_wzsdz_88c_1irf7ut>	<Afro_Celt_Sound_System>	rdf:type	<wikicategory_Celtic_fusion_groups>	
<id_wzsdz_88c_36fjqg>	<Afro_Celt_Sound_System>	rdf:type	<wikicategory_British_world_music_groups>	
<id_15x2ul8_88c_18glp8i>	<Anaximander>	rdf:type	<wikicategory_Ancient_Greek_astronomers>	
<id_15x2ul8_88c_l8z5u8>	<Anaximander>	rdf:type	<wikicategory_Ancient_Greek_cartographers>	
<id_15x2ul8_88c_13m329f>	<Anaximander>	rdf:type	<wikicategory_Presocratic_philosophers>	
<id_15x2ul8_88c_19glx3g>	<Anaximander>	rdf:type	<wikicategory_Ancient_Greek_physicists>	
<id_15x2ul8_88c_1r6tvgd>	<Anaximander>	rdf:type	<wikicategory_6th-century_BC_philosophers>	
<id_15x2ul8_88c_zs6ey3>	<Anaximander>	rdf:type	<wikicategory_Ancient_Greeks_accused_or_listed_as_atheists>	
<id_15x2ul8_88c_vzdz2d>	<Anaximander>	rdf:type	<wikicategory_Natural_philosophers>	
<id_15x2ul8_88c_10w3pn9>	<Anaximander>	rdf:type	<wikicategory_Ancient_Greek_philosophers>	
<id_15x2ul8_88c_1ofnz71>	<Anaximander>	rdf:type	<wikicategory_6th-century_BC_Greek_people>	
<id_15x2ul8_88c_jq4pwh>	<Anaximander>	rdf:type	<wikicategory_Philosophers_of_ancient_Ionia>	
<id_15x2ul8_88c_120skfv>	<Anaximander>	rdf:type	<wordnet_philosopher_110423589>	
<id_1pnz6wc_88c_l40rcu>	<Aphrodite>	rdf:type	<wikicategory_Requests_for_audio_pronunciation_(Greek)>	
<id_1pnz6wc_88c_1wr7vfr>	<Aphrodite>	rdf:type	<wikicategory_Indo-European_deities>	
<id_1pnz6wc_88c_1u5z52>	<Aphrodite>	rdf:type	<wikicategory_Deities_in_the_Iliad>	
<id_1pnz6wc_88c_1h55bh7>	<Aphrodite>	rdf:type	<wikicategory_Greek_goddesses>	
<id_8zo213_88c_1gttkhv>	<Aleister_Crowley>	rdf:type	<wikicategory_LGBT_people_from_England>	
<id_8zo213_88c_r0p75t>	<Aleister_Crowley>	rdf:type	<wikicategory_People_educated_at_Eastbourne_College>	
<id_8zo213_88c_hsj9sm>	<Aleister_Crowley>	rdf:type	<wordnet_person_100007846>	
<id_8zo213_88c_82p2wf>	<Aleister_Crowley>	rdf:type	<wikicategory_English_occult_writers>	
<id_8zo213_88c_9ce7pn>	<Aleister_Crowley>	rdf:type	<wikicategory_English_astrological_writers>	
<id_8zo213_88c_5xtaw9>	<Aleister_Crowley>	rdf:type	<wikicategory_People_from_Royal_Leamington_Spa>	
<id_8zo213_88c_kbm0ai>	<Aleister_Crowley>	rdf:type	<wikicategory_Alumni_of_Trinity_College,_Cambridge>	
<id_8zo213_88c_1lppxfm>	<Aleister_Crowley>	rdf:type	<wikicategory_People_educated_at_Tonbridge_School>	
<id_8zo213_88c_1coznxv>	<Aleister_Crowley>	rdf:type	<wikicategory_Bisexual_writers>	
<id_8zo213_88c_13jyor5>	<Aleister_Crowley>	rdf:type	<wikicategory_English_autobiographers>	
<id_8zo213_88c_55enfk>	<Aleister_Crowley>	rdf:type	<wikicategory_English_expatriates_in_Switzerland>	
<id_8zo213_88c_2woqxe>	<Aleister_Crowley>	rdf:type	<wikicategory_LGBT_writers_from_the_United_Kingdom>	
<id_8zo213_88c_1cpuiw1>	<Aleister_Crowley>	rdf:type	<wikicategory_English_astrologers>	
<id_8zo213_88c_2zetf4>	<Aleister_Crowley>	rdf:type	<wikicategory_English_spiritual_writers>	
<id_8zo213_88c_4ykwqx>	<Aleister_Crowley>	rdf:type	<wikicategory_English_dramatists_and_playwrights>	
<id_8zo213_88c_cammpg>	<Aleister_Crowley>	rdf:type	<wikicategory_English_expatriates_in_India>	
<id_8zo213_88c_lx9fi3>	<Aleister_Crowley>	rdf:type	<wikicategory_Mystics>	
<id_8zo213_88c_v0pecl>	<Aleister_Crowley>	rdf:type	<wikicategory_English_novelists>	
<id_8zo213_88c_bpu2ur>	<Aleister_Crowley>	rdf:type	<wikicategory_English_chess_players>	
<id_1w465oj_88c_bejar4>	<Athena>	rdf:type	<wikicategory_Crafts_goddesses>	
<id_1w465oj_88c_9595ss>	<Athena>	rdf:type	<wikicategory_Smithing_goddesses>	
<id_1w465oj_88c_1u5z52>	<Athena>	rdf:type	<wikicategory_Deities_in_the_Iliad>	
<id_1w465oj_88c_126b5v>	<Athena>	rdf:type	<wikicategory_War_goddesses>	
<id_1w465oj_88c_1h55bh7>	<Athena>	rdf:type	<wikicategory_Greek_goddesses>	
<id_1w465oj_88c_582se>	<Athena>	rdf:type	<wikicategory_Wisdom_goddesses>	
<id_1w465oj_88c_uw9jmy>	<Athena>	rdf:type	<wikicategory_Virgin_goddesses>	
<id_bpsba4_88c_1u1pj3q>	<Amber_Diceless_Roleplaying_Game>	rdf:type	<wikicategory_Role-playing_games_based_on_novels>	
<id_bpsba4_88c_1x95fon>	<Amber_Diceless_Roleplaying_Game>	rdf:type	<wikicategory_The_Chronicles_of_Amber>	
<id_12cls0s_88c_14a59ck>	<Articles_of_Faith>	rdf:type	<wikicategory_Christian_confessions,_creeds_and_statements_of_faith>	
<id_1fnlzh7_88c_1vvdzqa>	<American_Sign_Language>	rdf:type	<wordnet_language_106282651>	
<id_1fnlzh7_88c_1gsyry9>	<American_Sign_Language>	rdf:type	<wikicategory_Languages_of_Canada>	
<id_1fnlzh7_88c_wlit0d>	<American_Sign_Language>	rdf:type	<wikicategory_Languages_of_the_United_States>	
