	<wordnet_pear_112651611>	rdfs:label	"dardhë"@aae	
	<wordnet_dictionary_106418901>	rdfs:label	"ажәар"@abk	
	<wordnet_thesaurus_106421016>	rdfs:label	"ажәар"@abk	
	<wordnet_one_113742573>	rdfs:label	"'n"@afr	
	<wordnet_amplitude_modulation_106281594>	rdfs:label	"AM"@afr	
	<wordnet_earth_108562067>	rdfs:label	"Aarde"@afr	
	<wordnet_alp_109193705>	rdfs:label	"Alpe"@afr	
	<wordnet_dromedary_102437312>	rdfs:label	"Arabiese kameel"@afr	
	<wordnet_gross_domestic_product_113257511>	rdfs:label	"BBP"@afr	
	<wordnet_leech_101937909>	rdfs:label	"Bloedsuier"@afr	
	<wordnet_bible_106422643>	rdfs:label	"Bybel"@afr	
	<wordnet_litchi_107766173>	rdfs:label	"Chinese pruim"@afr	
	<wordnet_deoxyribonucleic_acid_114830364>	rdfs:label	"DNA"@afr	
	<wordnet_videodisk_104533946>	rdfs:label	"DVD"@afr	
	<wordnet_database_106637824>	rdfs:label	"Databasis"@afr	
	<wordnet_alsatian_102106662>	rdfs:label	"Duitse Herdershond"@afr	
	<wordnet_rubella_114123259>	rdfs:label	"Duitse masels"@afr	
	<wordnet_first_in_first_out_100620084>	rdfs:label	"EIEU"@afr	
	<wordnet_paradise_108565506>	rdfs:label	"Eden"@afr	
	<wordnet_exodus_100060414>	rdfs:label	"Eksodus"@afr	
	<wordnet_genesis_107324380>	rdfs:label	"Genesis"@afr	
	<wordnet_noble_110271677>	rdfs:label	"Here"@afr	
	<wordnet_I.D._106887278>	rdfs:label	"ID"@afr	
	<wordnet_tiger_102129604>	rdfs:label	"Indiese tier"@afr	
	<wordnet_buying_100081572>	rdfs:label	"Kenia"@afr	
	<wordnet_cubism_108466175>	rdfs:label	"Kubisme"@afr	
	<wordnet_cupid_106881224>	rdfs:label	"Kupido"@afr	
	<wordnet_maypole_103733131>	rdfs:label	"Mei"@afr	
	<wordnet_galaxy_108271042>	rdfs:label	"Melkweg"@afr	
	<wordnet_Mr._106341340>	rdfs:label	"Mnr"@afr	
	<wordnet_phase_modulation_106281848>	rdfs:label	"PM"@afr	
	<wordnet_palatopharyngoplasty_100689729>	rdfs:label	"PPP"@afr	
	<wordnet_redeemer_110513623>	rdfs:label	"Salvador"@afr	
	<wordnet_cooperation_101202904>	rdfs:label	"Samewerking"@afr	
	<wordnet_corona_discharge_111440802>	rdfs:label	"Sint-Elmusvuur"@afr	
	<wordnet_litchi_107766173>	rdfs:label	"Sjinese pruim"@afr	
	<wordnet_week_115136147>	rdfs:label	"Sondag"@afr	
	<wordnet_cotton_candy_107605040>	rdfs:label	"Spook Asem"@afr	
	<wordnet_astronomy_106095022>	rdfs:label	"Sterrekunde"@afr	
	<wordnet_jersey_103595614>	rdfs:label	"T-hemp"@afr	
	<wordnet_shirt_104197391>	rdfs:label	"T-hemp"@afr	
	<wordnet_singlet_104223299>	rdfs:label	"T-hemp"@afr	
	<wordnet_television_104404412>	rdfs:label	"TV"@afr	
	<wordnet_television_receiver_104405907>	rdfs:label	"TV"@afr	
	<wordnet_television_106277280>	rdfs:label	"TV"@afr	
	<wordnet_uniform_resource_locator_106358747>	rdfs:label	"URL"@afr	
	<wordnet_ultraviolet_111521940>	rdfs:label	"UV"@afr	
	<wordnet_U.S._108355791>	rdfs:label	"V.S."@afr	
	<wordnet_U.S._108355791>	rdfs:label	"V.S.A."@afr	
	<wordnet_U.S._108355791>	rdfs:label	"Verenigde State"@afr	
	<wordnet_U.S._108355791>	rdfs:label	"Verenigde State van Amerika"@afr	
	<wordnet_movie_106613686>	rdfs:label	"Vliek"@afr	
	<wordnet_freemasonry_113930073>	rdfs:label	"Vrymesselary"@afr	
	<wordnet_web_104604276>	rdfs:label	"WWW"@afr	
	<wordnet_worldly_concern_105670972>	rdfs:label	"Wêreld"@afr	
	<wordnet_web_104604276>	rdfs:label	"Wêreldwye web"@afr	
	<wordnet_barge_102792552>	rdfs:label	"aak"@afr	
	<wordnet_eel_102526121>	rdfs:label	"aal"@afr	
	<wordnet_eel_107783967>	rdfs:label	"aal"@afr	
	<wordnet_alms_101090117>	rdfs:label	"aalmoes"@afr	
	<wordnet_alms-giving_101090225>	rdfs:label	"aalmoes"@afr	
	<wordnet_aloes_102698366>	rdfs:label	"aalwee"@afr	
	<wordnet_aloe_112436677>	rdfs:label	"aalwee"@afr	
	<wordnet_aloe_112436677>	rdfs:label	"aalwijn"@afr	
	<wordnet_aloe_112436677>	rdfs:label	"aalwyn"@afr	
	<wordnet_anvil_102725872>	rdfs:label	"aambeeld"@afr	
	<wordnet_hemorrhoid_114327125>	rdfs:label	"aambei"@afr	
	<wordnet_asthma_114145911>	rdfs:label	"aamborstigheid"@afr	
	<wordnet_recommendation_106671637>	rdfs:label	"aanbeveling"@afr	
	<wordnet_recommendation_106694540>	rdfs:label	"aanbeveling"@afr	
	<wordnet_worship_101028655>	rdfs:label	"aanbidding"@afr	
	<wordnet_worship_107501420>	rdfs:label	"aanbidding"@afr	
	<wordnet_announcer_109795334>	rdfs:label	"aanbieder"@afr	
	<wordnet_afternoon_115166191>	rdfs:label	"aand"@afr	
	<wordnet_evening_115166462>	rdfs:label	"aand"@afr	
	<wordnet_evening_115167906>	rdfs:label	"aand"@afr	
	<wordnet_evening_115268094>	rdfs:label	"aand"@afr	
	<wordnet_attention_105702275>	rdfs:label	"aandag"@afr	
	<wordnet_act_100030358>	rdfs:label	"aandeel"@afr	
	<wordnet_keepsake_103610270>	rdfs:label	"aandenking"@afr	
	<wordnet_memento_105813822>	rdfs:label	"aandenking"@afr	
	<wordnet_dining_100840517>	rdfs:label	"aandete"@afr	
	<wordnet_tea_107575510>	rdfs:label	"aandete"@afr	
	<wordnet_dinner_107575726>	rdfs:label	"aandete"@afr	
	<wordnet_supper_107575984>	rdfs:label	"aandete"@afr	
	<wordnet_dinner_108253815>	rdfs:label	"aandete"@afr	
	<wordnet_supper_108256567>	rdfs:label	"aandete"@afr	
	<wordnet_curfew_106540527>	rdfs:label	"aandklok"@afr	
	<wordnet_curfew_106804606>	rdfs:label	"aandklok"@afr	
	<wordnet_curfew_115180209>	rdfs:label	"aandklok"@afr	
	<wordnet_emotion_107480068>	rdfs:label	"aandoening"@afr	
	<wordnet_affection_107544647>	rdfs:label	"aandoening"@afr	
	<wordnet_ailment_114055408>	rdfs:label	"aandoening"@afr	
	<wordnet_illness_114061805>	rdfs:label	"aandoening"@afr	
	<wordnet_disease_114070360>	rdfs:label	"aandoening"@afr	
	<wordnet_indication_106797169>	rdfs:label	"aanduiding"@afr	
	<wordnet_twit_101222859>	rdfs:label	"aanfluiting"@afr	
	<wordnet_countenance_104679549>	rdfs:label	"aangesig"@afr	
	<wordnet_face_105600637>	rdfs:label	"aangesig"@afr	
	<wordnet_countenance_105601357>	rdfs:label	"aangesig"@afr	
	<wordnet_citation_106763681>	rdfs:label	"aanhaling"@afr	
	<wordnet_disciple_110016103>	rdfs:label	"aanhanger"@afr	
	<wordnet_attachment_107545161>	rdfs:label	"aanhangsel"@afr	
	<wordnet_addendum_106399631>	rdfs:label	"aanhegsel"@afr	
	<wordnet_apprehension_107521674>	rdfs:label	"aanhouding"@afr	
	<wordnet_arrival_100048225>	rdfs:label	"aankoms"@afr	
	<wordnet_arrival_100048374>	rdfs:label	"aankoms"@afr	
	<wordnet_landing_100052500>	rdfs:label	"aankoms"@afr	
	<wordnet_purchase_100079018>	rdfs:label	"aankoop"@afr	
	<wordnet_inducement_100159177>	rdfs:label	"aanleiding"@afr	
	<wordnet_incentive_109179776>	rdfs:label	"aanleiding"@afr	
	<wordnet_condition_106755568>	rdfs:label	"aanname"@afr	
	<wordnet_plausibility_104783724>	rdfs:label	"aanneemlikheid"@afr	
	<wordnet_builder_115097209>	rdfs:label	"aannemer"@afr	
	<wordnet_adaptability_104659090>	rdfs:label	"aanpasbaarheid"@afr	
	<wordnet_acclimatization_113424643>	rdfs:label	"aanpassing"@afr	
	<wordnet_adaptation_113427078>	rdfs:label	"aanpassing"@afr	
	<wordnet_respect_106206800>	rdfs:label	"aansien"@afr	
	<wordnet_joining_100145218>	rdfs:label	"aansluiting"@afr	
	<wordnet_request_106513366>	rdfs:label	"aansoek"@afr	
	<wordnet_request_107185325>	rdfs:label	"aansoek"@afr	
	<wordnet_applicant_109607280>	rdfs:label	"aansoeker"@afr	
	<wordnet_application_form_106473837>	rdfs:label	"aansoekvorm"@afr	
	<wordnet_appointment_100163779>	rdfs:label	"aanstelling"@afr	
	<wordnet_scandal_107306252>	rdfs:label	"aanstoot"@afr	
	<wordnet_number_105121418>	rdfs:label	"aantal"@afr	
	<wordnet_affinity_111426778>	rdfs:label	"aantrekking"@afr	
	<wordnet_attraction_111426530>	rdfs:label	"aantrekkingskrag"@afr	
	<wordnet_appeal_104687333>	rdfs:label	"aantreklikheid"@afr	
	<wordnet_credence_106193727>	rdfs:label	"aanvaarding"@afr	
	<wordnet_attack_100972621>	rdfs:label	"aanval"@afr	
	<wordnet_offense_100980038>	rdfs:label	"aanval"@afr	
	<wordnet_attacker_109821253>	rdfs:label	"aanvaller"@afr	
	<wordnet_use_100947128>	rdfs:label	"aanwending"@afr	
	<wordnet_acquisition_100077419>	rdfs:label	"aanwins"@afr	
	<wordnet_appellation_106338908>	rdfs:label	"aanwysing"@afr	
	<wordnet_ape_102470325>	rdfs:label	"aap"@afr	
	<wordnet_monkey_102484322>	rdfs:label	"aap"@afr	
	<wordnet_vein_105418717>	rdfs:label	"aar"@afr	
	<wordnet_strawberry_107745940>	rdfs:label	"aarbei"@afr	
	<wordnet_strawberry_112630144>	rdfs:label	"aarbei"@afr	
	<wordnet_garden_strawberry_112630478>	rdfs:label	"aarbei"@afr	
	<wordnet_earthquake_107428954>	rdfs:label	"aardbewing"@afr	
	<wordnet_land_109334396>	rdfs:label	"aarde"@afr	
	<wordnet_natural_gas_114960090>	rdfs:label	"aardgas"@afr	
	<wordnet_geology_106115701>	rdfs:label	"aardkunde"@afr	
	<wordnet_geography_106122178>	rdfs:label	"aardrykskunde"@afr	
	<wordnet_earthquake_107428954>	rdfs:label	"aardskudding"@afr	
	<wordnet_earthquake_107428954>	rdfs:label	"aardtrilling"@afr	
	<wordnet_aardwolf_102118176>	rdfs:label	"aardwolf"@afr	
	<wordnet_potato_107710616>	rdfs:label	"aartappel"@afr	
	<wordnet_potato_112897493>	rdfs:label	"aartappel"@afr	
	<wordnet_archbishop_109805151>	rdfs:label	"aartsbiskop"@afr	
	<wordnet_archduke_109804658>	rdfs:label	"aartsherog"@afr	
	<wordnet_vulture_101616318>	rdfs:label	"aasvoël"@afr	
	<wordnet_marauder_110293172>	rdfs:label	"aasvoël"@afr	
	<wordnet_abacus_102666347>	rdfs:label	"abakus"@afr	
	<wordnet_abattoir_102666943>	rdfs:label	"abattoir"@afr	
	<wordnet_abbess_109754217>	rdfs:label	"abdis"@afr	
	<wordnet_abduction_100333037>	rdfs:label	"abduksie"@afr	
	<wordnet_abbey_102667379>	rdfs:label	"abdy"@afr	
	<wordnet_abbey_102667478>	rdfs:label	"abdy"@afr	
	<wordnet_abbey_102667576>	rdfs:label	"abdy"@afr	
	<wordnet_washup_100255214>	rdfs:label	"ablusie"@afr	
	<wordnet_abnormality_114501726>	rdfs:label	"abnormaliteit"@afr	
	<wordnet_abolitionist_109756637>	rdfs:label	"abolitionist"@afr	
	<wordnet_abortion_100230324>	rdfs:label	"aborsie"@afr	
	<wordnet_absolutism_106213688>	rdfs:label	"absolutisme"@afr	
	<wordnet_absorber_114598079>	rdfs:label	"absorbeerder"@afr	
	<wordnet_absorbent_material_114597413>	rdfs:label	"absorbeermiddel"@afr	
	<wordnet_absorption_113423922>	rdfs:label	"absorbering"@afr	
	<wordnet_absorption_113423922>	rdfs:label	"absorbsie"@afr	
	<wordnet_absorption_113424183>	rdfs:label	"absorbsie"@afr	
	<wordnet_assimilation_113434688>	rdfs:label	"absorbsie"@afr	
	<wordnet_viper_101752165>	rdfs:label	"adder"@afr	
	<wordnet_adder_101752585>	rdfs:label	"adder"@afr	
	<wordnet_nobility_104870340>	rdfs:label	"adel"@afr	
	<wordnet_gentry_108387213>	rdfs:label	"adel"@afr	
	<wordnet_nobility_108388207>	rdfs:label	"adel"@afr	
	<wordnet_peerage_108388636>	rdfs:label	"adel"@afr	
	<wordnet_nobility_114432032>	rdfs:label	"adel"@afr	
	<wordnet_management_101133281>	rdfs:label	"administrasie"@afr	
	<wordnet_administration_101135952>	rdfs:label	"administrasie"@afr	
	<wordnet_administrator_109770472>	rdfs:label	"administrateur"@afr	
	<wordnet_administrator_109770743>	rdfs:label	"administrateur"@afr	
	<wordnet_administrator_109770949>	rdfs:label	"administrateur"@afr	
	<wordnet_admiral_109771204>	rdfs:label	"admiraal"@afr	
	<wordnet_epinephrine_105408388>	rdfs:label	"adrenalien"@afr	
	<wordnet_address_108491027>	rdfs:label	"adres"@afr	
	<wordnet_adverb_106319157>	rdfs:label	"adverbium"@afr	
	<wordnet_adverb_106323612>	rdfs:label	"adverbium"@afr	
	<wordnet_ad_107248801>	rdfs:label	"advertensie"@afr	
	<wordnet_advice_106671484>	rdfs:label	"advies"@afr	
	<wordnet_advocate_109774783>	rdfs:label	"advokaat"@afr	
	<wordnet_advocate_109775663>	rdfs:label	"advokaat"@afr	
	<wordnet_lawyer_110249950>	rdfs:label	"advokaat"@afr	
	<wordnet_avocado_111706761>	rdfs:label	"advokaatpeer"@afr	
	<wordnet_line_105748786>	rdfs:label	"afbakening"@afr	
	<wordnet_limit_108592656>	rdfs:label	"afbakening"@afr	
	<wordnet_depicting_105766984>	rdfs:label	"afbeelding"@afr	
	<wordnet_payment_113278375>	rdfs:label	"afbetaling"@afr	
	<wordnet_descent_107363346>	rdfs:label	"afdaling"@afr	
	<wordnet_department_108114861>	rdfs:label	"afdeling"@afr	
	<wordnet_division_108220714>	rdfs:label	"afdeling"@afr	
	<wordnet_department_store_103176763>	rdfs:label	"afdelingswinkel"@afr	
	<wordnet_warehouse_104551055>	rdfs:label	"afdelingswinkel"@afr	
	<wordnet_narcissus_112421467>	rdfs:label	"affodil"@afr	
	<wordnet_daffodil_112421683>	rdfs:label	"affodil"@afr	
	<wordnet_derived_function_106014730>	rdfs:label	"afgeleide"@afr	
	<wordnet_derivative_106290051>	rdfs:label	"afgeleide"@afr	
	<wordnet_derivation_113462387>	rdfs:label	"afgeleide"@afr	
	<wordnet_dead_person_109994943>	rdfs:label	"afgestorwene"@afr	
	<wordnet_dead_person_109994943>	rdfs:label	"afgestorwenes"@afr	
	<wordnet_abyss_109186359>	rdfs:label	"afgrond"@afr	
	<wordnet_awfulness_104782116>	rdfs:label	"afgryslikheid"@afr	
	<wordnet_dependence_114001348>	rdfs:label	"afhanklikheid"@afr	
	<wordnet_addiction_114062725>	rdfs:label	"afhanklikheid"@afr	
	<wordnet_condensation_106468123>	rdfs:label	"afkorting"@afr	
	<wordnet_delivery_100317207>	rdfs:label	"aflewering"@afr	
	<wordnet_measurement_100996969>	rdfs:label	"afmeting"@afr	
	<wordnet_aphorism_107153130>	rdfs:label	"aforisme"@afr	
	<wordnet_coach_109931640>	rdfs:label	"afrigter"@afr	
	<wordnet_trainer_110722575>	rdfs:label	"afrigter"@afr	
	<wordnet_sender_110578762>	rdfs:label	"afsender"@afr	
	<wordnet_abolition_100228283>	rdfs:label	"afskaffing"@afr	
	<wordnet_abolitionism_105958208>	rdfs:label	"afskaffingstelsel"@afr	
	<wordnet_departure_100042757>	rdfs:label	"afskeid"@afr	
	<wordnet_secretion_105404728>	rdfs:label	"afskeiding"@afr	
	<wordnet_secretion_113553916>	rdfs:label	"afskeiding"@afr	
	<wordnet_partition_103894379>	rdfs:label	"afskorting"@afr	
	<wordnet_abrasion_113423615>	rdfs:label	"afskuring"@afr	
	<wordnet_abrasive_114799244>	rdfs:label	"afskuurmiddel"@afr	
	<wordnet_atrocity_104830343>	rdfs:label	"afskuwelikheid"@afr	
	<wordnet_cab_102931013>	rdfs:label	"afslaandak"@afr	
	<wordnet_convertible_103100240>	rdfs:label	"afslaandak"@afr	
	<wordnet_discount_100362103>	rdfs:label	"afslag"@afr	
	<wordnet_isolation_114414715>	rdfs:label	"afsondering"@afr	
	<wordnet_agreement_106770275>	rdfs:label	"afspraak"@afr	
	<wordnet_distance_105084201>	rdfs:label	"afstand"@afr	
	<wordnet_remote_control_104074963>	rdfs:label	"afstandbeheer"@afr	
	<wordnet_rejection_100203342>	rdfs:label	"afstemming"@afr	
	<wordnet_dust_114839846>	rdfs:label	"afstof"@afr	
	<wordnet_radiation_111499284>	rdfs:label	"afstraling"@afr	
	<wordnet_retraction_107206096>	rdfs:label	"afswering"@afr	
	<wordnet_retirement_113954118>	rdfs:label	"aftrede"@afr	
	<wordnet_rubbish_114857497>	rdfs:label	"afval"@afr	
	<wordnet_debris_114857897>	rdfs:label	"afval"@afr	
	<wordnet_apostasy_114413411>	rdfs:label	"afvalligheid"@afr	
	<wordnet_absence_101234345>	rdfs:label	"afwesigheid"@afr	
	<wordnet_absence_113960974>	rdfs:label	"afwesigheid"@afr	
	<wordnet_agenda_105910940>	rdfs:label	"agenda"@afr	
	<wordnet_agent_109190918>	rdfs:label	"agent"@afr	
	<wordnet_agency_108057206>	rdfs:label	"agentskap"@afr	
	<wordnet_agency_108337324>	rdfs:label	"agentskap"@afr	
	<wordnet_sum_104353803>	rdfs:label	"aggregaat"@afr	
	<wordnet_agnosticism_106222508>	rdfs:label	"agnostisisme"@afr	
	<wordnet_eight_113745086>	rdfs:label	"agt"@afr	
	<wordnet_respectability_104871002>	rdfs:label	"agtenswaardigheid"@afr	
	<wordnet_suspicion_104895979>	rdfs:label	"agterdogtigheid"@afr	
	<wordnet_buttocks_105559256>	rdfs:label	"agterent"@afr	
	<wordnet_background_104921417>	rdfs:label	"agtergrond"@afr	
	<wordnet_rear_108629508>	rdfs:label	"agterkant"@afr	
	<wordnet_hamstring_105570704>	rdfs:label	"agterkniesening"@afr	
	<wordnet_abandonment_100204439>	rdfs:label	"agterlating"@afr	
	<wordnet_tail_102157557>	rdfs:label	"agterste"@afr	
	<wordnet_reverse_107475870>	rdfs:label	"agteruitsit"@afr	
	<wordnet_ending_106308765>	rdfs:label	"agtervoegsel"@afr	
	<wordnet_suffix_106308987>	rdfs:label	"agtervoegsel"@afr	
	<wordnet_academy_102669885>	rdfs:label	"akademie"@afr	
	<wordnet_academy_108277805>	rdfs:label	"akademie"@afr	
	<wordnet_academy_108280124>	rdfs:label	"akademie"@afr	
	<wordnet_lizard_101674464>	rdfs:label	"akkedis"@afr	
	<wordnet_lizard_101674464>	rdfs:label	"akkeldis"@afr	
	<wordnet_acre_113613742>	rdfs:label	"akker"@afr	
	<wordnet_oak_112268246>	rdfs:label	"akkerboom"@afr	
	<wordnet_oak_112268918>	rdfs:label	"akkerboom"@afr	
	<wordnet_lizard_101674464>	rdfs:label	"akkerdis"@afr	
	<wordnet_equipment_103294048>	rdfs:label	"akkomodasie"@afr	
	<wordnet_accuracy_104802907>	rdfs:label	"akkuraatheid"@afr	
	<wordnet_accuracy_104803209>	rdfs:label	"akkuraatheid"@afr	
	<wordnet_accusative_106311557>	rdfs:label	"akkusatief"@afr	
	<wordnet_accusative_106311557>	rdfs:label	"akkusatiwies"@afr	
	<wordnet_acoustics_106094774>	rdfs:label	"akoestieke"@afr	
	<wordnet_acrobat_109764381>	rdfs:label	"akrobaat"@afr	
	<wordnet_tumbler_110732967>	rdfs:label	"akrobaat"@afr	
	<wordnet_acronym_107091902>	rdfs:label	"akroniem"@afr	
	<wordnet_accent_106822198>	rdfs:label	"aksent"@afr	
	<wordnet_action_114006945>	rdfs:label	"aksie"@afr	
	<wordnet_conveyancer_109962612>	rdfs:label	"aktebesorger"@afr	
	<wordnet_actor_109765278>	rdfs:label	"akteur"@afr	
	<wordnet_actinoid_114584110>	rdfs:label	"aktinied"@afr	
	<wordnet_actinium_114627655>	rdfs:label	"aktinium"@afr	
	<wordnet_militant_110315837>	rdfs:label	"aktivis"@afr	
	<wordnet_activism_105901840>	rdfs:label	"aktivisme"@afr	
	<wordnet_militant_110315837>	rdfs:label	"aktivist"@afr	
	<wordnet_action_114006945>	rdfs:label	"aktiwiteit"@afr	
	<wordnet_actor_109765278>	rdfs:label	"aktrise"@afr	
	<wordnet_actress_109767700>	rdfs:label	"aktrise"@afr	
	<wordnet_actuality_113954818>	rdfs:label	"aktualiteit"@afr	
	<wordnet_statistician_110652954>	rdfs:label	"aktuaris"@afr	
	<wordnet_actuator_102678384>	rdfs:label	"aktueerder"@afr	
	<wordnet_acupuncture_100710155>	rdfs:label	"akupunksie"@afr	
	<wordnet_acupuncture_100710155>	rdfs:label	"akupunktuur"@afr	
	<wordnet_aquarium_102732072>	rdfs:label	"akwarium"@afr	
	<wordnet_albino_109781650>	rdfs:label	"albino"@afr	
	<wordnet_album_102695079>	rdfs:label	"album"@afr	
	<wordnet_album_106591815>	rdfs:label	"album"@afr	
	<wordnet_egg_white_107841037>	rdfs:label	"albumine"@afr	
	<wordnet_albumin_114731509>	rdfs:label	"albumine"@afr	
	<wordnet_alchemy_105778749>	rdfs:label	"alchemie"@afr	
	<wordnet_chemistry_113840958>	rdfs:label	"alchemie"@afr	
	<wordnet_alchemist_109781921>	rdfs:label	"alchemis"@afr	
	<wordnet_rudiment_105872742>	rdfs:label	"alfabet"@afr	
	<wordnet_alphabet_106497459>	rdfs:label	"alfabet"@afr	
	<wordnet_letter_106828818>	rdfs:label	"alfabet"@afr	
	<wordnet_alga_101397114>	rdfs:label	"alg"@afr	
	<wordnet_seaweed_101397497>	rdfs:label	"alg"@afr	
	<wordnet_algebra_106012726>	rdfs:label	"algebra"@afr	
	<wordnet_generality_104764412>	rdfs:label	"algemeenheid"@afr	
	<wordnet_generalization_105913275>	rdfs:label	"algemeenheid"@afr	
	<wordnet_algorithm_105847438>	rdfs:label	"algoritme"@afr	
	<wordnet_alias_106338158>	rdfs:label	"alias"@afr	
	<wordnet_alibi_106741099>	rdfs:label	"alibi"@afr	
	<wordnet_excuse_106741305>	rdfs:label	"alibi"@afr	
	<wordnet_alkaloid_114712692>	rdfs:label	"alkaloïde"@afr	
	<wordnet_alkaloid_114712692>	rdfs:label	"alkaloïed"@afr	
	<wordnet_alcohol_107884567>	rdfs:label	"alkohol"@afr	
	<wordnet_liquor_107901587>	rdfs:label	"alkohol"@afr	
	<wordnet_alcohol_114708720>	rdfs:label	"alkohol"@afr	
	<wordnet_dipsomania_109181993>	rdfs:label	"alkoholisme"@afr	
	<wordnet_alcoholism_114064644>	rdfs:label	"alkoholisme"@afr	
	<wordnet_bachelor_109829923>	rdfs:label	"alleenloper"@afr	
	<wordnet_allergy_114532816>	rdfs:label	"allergie"@afr	
	<wordnet_wedding_ring_104569338>	rdfs:label	"alliansie"@afr	
	<wordnet_calendar_106487395>	rdfs:label	"almanak"@afr	
	<wordnet_calendar_108266849>	rdfs:label	"almanak"@afr	
	<wordnet_rhododendron_112244153>	rdfs:label	"alperoos"@afr	
	<wordnet_option_105790944>	rdfs:label	"alternatief"@afr	
	<wordnet_aluminum_114627820>	rdfs:label	"aluminium"@afr	
	<wordnet_pancreas_105387167>	rdfs:label	"alvleisklier"@afr	
	<wordnet_almond_107750586>	rdfs:label	"amandel"@afr	
	<wordnet_almond_112645174>	rdfs:label	"amandel"@afr	
	<wordnet_amateur_109786585>	rdfs:label	"amateur"@afr	
	<wordnet_amateur_109786760>	rdfs:label	"amateur"@afr	
	<wordnet_dabbler_109987696>	rdfs:label	"amateur"@afr	
	<wordnet_fancier_110078131>	rdfs:label	"amateur"@afr	
	<wordnet_embassy_103282295>	rdfs:label	"ambassade"@afr	
	<wordnet_diplomatic_mission_108402693>	rdfs:label	"ambassade"@afr	
	<wordnet_embassy_108402828>	rdfs:label	"ambassade"@afr	
	<wordnet_ambassador_109787534>	rdfs:label	"ambassadeur"@afr	
	<wordnet_ambition_104836268>	rdfs:label	"ambisie"@afr	
	<wordnet_ambition_107484547>	rdfs:label	"ambisie"@afr	
	<wordnet_ambulance_102701002>	rdfs:label	"ambulans"@afr	
	<wordnet_americium_114628494>	rdfs:label	"americium"@afr	
	<wordnet_americium_114628494>	rdfs:label	"amerikium"@afr	
	<wordnet_ammonia_114743582>	rdfs:label	"ammoniak"@afr	
	<wordnet_ammonia_water_114743840>	rdfs:label	"ammoniak"@afr	
	<wordnet_ammonium_114744120>	rdfs:label	"ammonium"@afr	
	<wordnet_ammunition_102703275>	rdfs:label	"ammunisie"@afr	
	<wordnet_munition_103799610>	rdfs:label	"ammunisie"@afr	
	<wordnet_weaponry_104566257>	rdfs:label	"ammunisie"@afr	
	<wordnet_ampersand_106841873>	rdfs:label	"ampersand"@afr	
	<wordnet_office_103841666>	rdfs:label	"ampsbediening"@afr	
	<wordnet_officialese_107072195>	rdfs:label	"amptenaretaal"@afr	
	<wordnet_amputation_100666350>	rdfs:label	"amputasie"@afr	
	<wordnet_amputation_114550469>	rdfs:label	"amputasie"@afr	
	<wordnet_ampere_113637376>	rdfs:label	"ampère"@afr	
	<wordnet_ampere_113637841>	rdfs:label	"ampère"@afr	
	<wordnet_amulet_102706586>	rdfs:label	"amulet"@afr	
	<wordnet_charm_103009633>	rdfs:label	"amulet"@afr	
	<wordnet_anachronism_102707036>	rdfs:label	"anachronisme"@afr	
	<wordnet_anachronism_109606873>	rdfs:label	"anachronisme"@afr	
	<wordnet_anachronism_115180304>	rdfs:label	"anachronisme"@afr	
	<wordnet_anagram_106287620>	rdfs:label	"anagram"@afr	
	<wordnet_calculus_106013741>	rdfs:label	"analise"@afr	
	<wordnet_calculus_109230768>	rdfs:label	"analise"@afr	
	<wordnet_pineapple_107753275>	rdfs:label	"ananas"@afr	
	<wordnet_anatomy_100646187>	rdfs:label	"anatomie"@afr	
	<wordnet_human_body_105217168>	rdfs:label	"anatomie"@afr	
	<wordnet_anatomy_106057539>	rdfs:label	"anatomie"@afr	
	<wordnet_anemometer_102710429>	rdfs:label	"anemometer"@afr	
	<wordnet_aneurysm_114106025>	rdfs:label	"aneurisme"@afr	
	<wordnet_alarm_107519773>	rdfs:label	"angs"@afr	
	<wordnet_horror_107520411>	rdfs:label	"angs"@afr	
	<wordnet_panic_107520612>	rdfs:label	"angs"@afr	
	<wordnet_apprehension_107521674>	rdfs:label	"angs"@afr	
	<wordnet_concern_107524529>	rdfs:label	"angs"@afr	
	<wordnet_edginess_107525057>	rdfs:label	"angstigheid"@afr	
	<wordnet_animal_100015388>	rdfs:label	"animalia"@afr	
	<wordnet_animism_105958712>	rdfs:label	"animisme"@afr	
	<wordnet_anchor_102709367>	rdfs:label	"anker"@afr	
	<wordnet_anchor_105694232>	rdfs:label	"anker"@afr	
	<wordnet_anonymity_114436285>	rdfs:label	"anonimiteit"@afr	
	<wordnet_hostility_113980288>	rdfs:label	"antagonisme"@afr	
	<wordnet_antibiotic_102716866>	rdfs:label	"antibiotikum"@afr	
	<wordnet_antidote_102719588>	rdfs:label	"antidoot"@afr	
	<wordnet_antigen_115037339>	rdfs:label	"antigeen"@afr	
	<wordnet_antigen_115037339>	rdfs:label	"antigene"@afr	
	<wordnet_antimony_114628668>	rdfs:label	"antimonium"@afr	
	<wordnet_antimony_114628668>	rdfs:label	"antimoon"@afr	
	<wordnet_anti-Semitism_106203956>	rdfs:label	"antisemitisme"@afr	
	<wordnet_anticyclone_114521021>	rdfs:label	"antisikloon"@afr	
	<wordnet_antonym_106288024>	rdfs:label	"antoniem"@afr	
	<wordnet_anthropology_106143546>	rdfs:label	"antropologie"@afr	
	<wordnet_anthropologist_109796323>	rdfs:label	"antropoloog"@afr	
	<wordnet_anthropomorphism_105767386>	rdfs:label	"antropomorfisme"@afr	
	<wordnet_solution_106743506>	rdfs:label	"antwoord"@afr	
	<wordnet_answer_106746005>	rdfs:label	"antwoord"@afr	
	<wordnet_reply_107199565>	rdfs:label	"antwoord"@afr	
	<wordnet_answer_107200527>	rdfs:label	"antwoord"@afr	
	<wordnet_anus_105538016>	rdfs:label	"anus"@afr	
	<wordnet_apartheid_106659168>	rdfs:label	"apartheid"@afr	
	<wordnet_baobab_112189987>	rdfs:label	"apebroodboom"@afr	
	<wordnet_stroke_114082303>	rdfs:label	"apopleksie"@afr	
	<wordnet_apple_112633994>	rdfs:label	"appel"@afr	
	<wordnet_apple_tree_112633638>	rdfs:label	"appelboom"@afr	
	<wordnet_apricot_107750872>	rdfs:label	"appelkoos"@afr	
	<wordnet_campaigner_109889691>	rdfs:label	"applikant"@afr	
	<wordnet_acclaim_106691684>	rdfs:label	"applous"@afr	
	<wordnet_applause_106691989>	rdfs:label	"applous"@afr	
	<wordnet_appeal_101185611>	rdfs:label	"appél"@afr	
	<wordnet_pharmacy_106055300>	rdfs:label	"apteek"@afr	
	<wordnet_chemist_109913824>	rdfs:label	"apteker"@afr	
	<wordnet_pharmacist_110421470>	rdfs:label	"apteker"@afr	
	<wordnet_appetizer_107581346>	rdfs:label	"aptytwekker"@afr	
	<wordnet_aperitif_107886463>	rdfs:label	"aptytwekker"@afr	
	<wordnet_work_100575741>	rdfs:label	"arbeid"@afr	
	<wordnet_earthquake_107428954>	rdfs:label	"ardbewing"@afr	
	<wordnet_sphere_114514039>	rdfs:label	"arena"@afr	
	<wordnet_eagle_101613294>	rdfs:label	"arend"@afr	
	<wordnet_eagle_113392472>	rdfs:label	"arend"@afr	
	<wordnet_archeology_106144081>	rdfs:label	"argeologie"@afr	
	<wordnet_archeologist_109804806>	rdfs:label	"argeoloog"@afr	
	<wordnet_architect_109805475>	rdfs:label	"argitek"@afr	
	<wordnet_architecture_102734725>	rdfs:label	"argitektuur"@afr	
	<wordnet_argon_114628920>	rdfs:label	"argon"@afr	
	<wordnet_slang_107157273>	rdfs:label	"argot"@afr	
	<wordnet_quarrel_107184149>	rdfs:label	"argument"@afr	
	<wordnet_gentry_108387213>	rdfs:label	"aristokrassie"@afr	
	<wordnet_nobility_108388207>	rdfs:label	"aristokrassie"@afr	
	<wordnet_foreleg_102464965>	rdfs:label	"arm"@afr	
	<wordnet_arm_102737833>	rdfs:label	"arm"@afr	
	<wordnet_arm_105563770>	rdfs:label	"arm"@afr	
	<wordnet_crowd_108182379>	rdfs:label	"armee"@afr	
	<wordnet_army_108183290>	rdfs:label	"armee"@afr	
	<wordnet_army_108191230>	rdfs:label	"armee"@afr	
	<wordnet_military_108199025>	rdfs:label	"armee"@afr	
	<wordnet_poverty_114493145>	rdfs:label	"armoede"@afr	
	<wordnet_bouquet_104980463>	rdfs:label	"aroma"@afr	
	<wordnet_apprehension_100088725>	rdfs:label	"arrestasie"@afr	
	<wordnet_arsenic_114768201>	rdfs:label	"arseen"@afr	
	<wordnet_commodity_103076708>	rdfs:label	"artikel"@afr	
	<wordnet_article_106268096>	rdfs:label	"artikel"@afr	
	<wordnet_artichoke_107718747>	rdfs:label	"artisjok"@afr	
	<wordnet_artichoke_111959632>	rdfs:label	"artisjok"@afr	
	<wordnet_remedy_104074482>	rdfs:label	"artseny"@afr	
	<wordnet_cinder_109245212>	rdfs:label	"as"@afr	
	<wordnet_ash_114769160>	rdfs:label	"as"@afr	
	<wordnet_respiration_100830811>	rdfs:label	"asemhaling"@afr	
	<wordnet_breathing_100831191>	rdfs:label	"asemhaling"@afr	
	<wordnet_respiration_100831782>	rdfs:label	"asemhaling"@afr	
	<wordnet_breath_100835032>	rdfs:label	"asemhaling"@afr	
	<wordnet_wind_100836537>	rdfs:label	"asemhaling"@afr	
	<wordnet_breath_114841770>	rdfs:label	"asemhaling"@afr	
	<wordnet_tarmacadam_104394630>	rdfs:label	"asfalt"@afr	
	<wordnet_asphalt_114667455>	rdfs:label	"asfalt"@afr	
	<wordnet_asphalt_114769465>	rdfs:label	"asfalt"@afr	
	<wordnet_tarmacadam_114977188>	rdfs:label	"asfalt"@afr	
	<wordnet_asparagus_107719213>	rdfs:label	"aspersie"@afr	
	<wordnet_asparagus_112441183>	rdfs:label	"aspersie"@afr	
	<wordnet_aspiration_104836491>	rdfs:label	"aspirasie"@afr	
	<wordnet_assimilation_113930928>	rdfs:label	"assimilasie"@afr	
	<wordnet_assimilation_113930928>	rdfs:label	"assimilering"@afr	
	<wordnet_benefactor_109608709>	rdfs:label	"assistent"@afr	
	<wordnet_assistant_109815790>	rdfs:label	"assistent"@afr	
	<wordnet_astatine_114629561>	rdfs:label	"astaat"@afr	
	<wordnet_asterisk_106828389>	rdfs:label	"asterisk"@afr	
	<wordnet_minor_planet_109355623>	rdfs:label	"asteroïde"@afr	
	<wordnet_minor_planet_109355623>	rdfs:label	"asteroïed"@afr	
	<wordnet_astrophysics_106097775>	rdfs:label	"astrofisika"@afr	
	<wordnet_astrologer_109817816>	rdfs:label	"astroloog"@afr	
	<wordnet_astronomy_106095022>	rdfs:label	"astronomie"@afr	
	<wordnet_vinegar_107828987>	rdfs:label	"asyn"@afr	
	<wordnet_vinegar_115088111>	rdfs:label	"asyn"@afr	
	<wordnet_atavism_107343574>	rdfs:label	"atavisme"@afr	
	<wordnet_ungodliness_104828754>	rdfs:label	"ateïsme"@afr	
	<wordnet_atheism_105980256>	rdfs:label	"ateïsme"@afr	
	<wordnet_atheism_106223468>	rdfs:label	"ateïsme"@afr	
	<wordnet_atlas_105588746>	rdfs:label	"atlas"@afr	
	<wordnet_athlete_109820263>	rdfs:label	"atleet"@afr	
	<wordnet_track_and_field_100439826>	rdfs:label	"atletiek"@afr	
	<wordnet_sport_100523513>	rdfs:label	"atletiek"@afr	
	<wordnet_athletics_100886582>	rdfs:label	"atletiek"@afr	
	<wordnet_atmosphere_114524849>	rdfs:label	"atmosfeer"@afr	
	<wordnet_atom_114585519>	rdfs:label	"atoom"@afr	
	<wordnet_atom_114619225>	rdfs:label	"atoom"@afr	
	<wordnet_atomic_number_113598715>	rdfs:label	"atoomgetal"@afr	
	<wordnet_auditorium_102758134>	rdfs:label	"aula"@afr	
	<wordnet_avocado_111706761>	rdfs:label	"avokado"@afr	
	<wordnet_avocado_111706761>	rdfs:label	"avokadopeer"@afr	
	<wordnet_adventure_100796315>	rdfs:label	"avontuur"@afr	
	<wordnet_bay_109215664>	rdfs:label	"baai"@afr	
	<wordnet_gulf_109296121>	rdfs:label	"baai"@afr	
	<wordnet_inlet_109313716>	rdfs:label	"baai"@afr	
	<wordnet_path_108616311>	rdfs:label	"baan"@afr	
	<wordnet_uterus_105519085>	rdfs:label	"baar"@afr	
	<wordnet_bearded_vulture_101617443>	rdfs:label	"baardaasvoël"@afr	
	<wordnet_uterus_105519085>	rdfs:label	"baarmoeder"@afr	
	<wordnet_leader_109623038>	rdfs:label	"baas"@afr	
	<wordnet_boss_110104064>	rdfs:label	"baas"@afr	
	<wordnet_foreman_110104209>	rdfs:label	"baas"@afr	
	<wordnet_head_110162991>	rdfs:label	"baas"@afr	
	<wordnet_headman_110164025>	rdfs:label	"baas"@afr	
	<wordnet_baby_109827683>	rdfs:label	"baba"@afr	
	<wordnet_child_109918554>	rdfs:label	"baba"@afr	
	<wordnet_bedstead_102822579>	rdfs:label	"bababed"@afr	
	<wordnet_diaper_103188531>	rdfs:label	"babadoek"@afr	
	<wordnet_diaper_103188725>	rdfs:label	"babadoek"@afr	
	<wordnet_hangover_114447165>	rdfs:label	"babalaas"@afr	
	<wordnet_hangover_114447165>	rdfs:label	"babbelas"@afr	
	<wordnet_stream_orchid_112062781>	rdfs:label	"babbelkous"@afr	
	<wordnet_hangover_114447165>	rdfs:label	"babelaas"@afr	
	<wordnet_hangover_114447165>	rdfs:label	"babelas"@afr	
	<wordnet_bath_102806530>	rdfs:label	"bad"@afr	
	<wordnet_tub_104493381>	rdfs:label	"bad"@afr	
	<wordnet_bathroom_102807731>	rdfs:label	"badkamer"@afr	
	<wordnet_toilet_104446276>	rdfs:label	"badkamer"@afr	
	<wordnet_baggage_102774630>	rdfs:label	"bagasie"@afr	
	<wordnet_bagel_107693725>	rdfs:label	"bagel"@afr	
	<wordnet_basin_102801525>	rdfs:label	"bak"@afr	
	<wordnet_bathtub_102808440>	rdfs:label	"bak"@afr	
	<wordnet_bowl_102881193>	rdfs:label	"bak"@afr	
	<wordnet_tub_104493381>	rdfs:label	"bak"@afr	
	<wordnet_baker_109833536>	rdfs:label	"bakker"@afr	
	<wordnet_baker_109833651>	rdfs:label	"bakker"@afr	
	<wordnet_truck_104490091>	rdfs:label	"bakkie"@afr	
	<wordnet_brick_102897820>	rdfs:label	"baksteen"@afr	
	<wordnet_bacteria_101348530>	rdfs:label	"bakterie"@afr	
	<wordnet_bacteria_101348530>	rdfs:label	"bakterieë"@afr	
	<wordnet_bacteriology_106046692>	rdfs:label	"bakteriologie"@afr	
	<wordnet_bacteriology_106046692>	rdfs:label	"bakterioloog"@afr	
	<wordnet_ball_102778669>	rdfs:label	"bal"@afr	
	<wordnet_equilibrium_105659365>	rdfs:label	"balans"@afr	
	<wordnet_chemical_equilibrium_113446197>	rdfs:label	"balans"@afr	
	<wordnet_balance_113897996>	rdfs:label	"balans"@afr	
	<wordnet_equilibrium_113934900>	rdfs:label	"balans"@afr	
	<wordnet_balance_114002279>	rdfs:label	"balans"@afr	
	<wordnet_taskmaster_110692269>	rdfs:label	"balju"@afr	
	<wordnet_ballet_100528667>	rdfs:label	"ballet"@afr	
	<wordnet_ballet_107054336>	rdfs:label	"ballet"@afr	
	<wordnet_balloon_102782093>	rdfs:label	"ballon"@afr	
	<wordnet_tape_104391569>	rdfs:label	"band"@afr	
	<wordnet_tape_recorder_104393095>	rdfs:label	"bandopnemer"@afr	
	<wordnet_fear_107519253>	rdfs:label	"bangheid"@afr	
	<wordnet_banner_102788021>	rdfs:label	"banier"@afr	
	<wordnet_banjo_102787622>	rdfs:label	"banjo"@afr	
	<wordnet_depository_financial_institution_108420278>	rdfs:label	"bank"@afr	
	<wordnet_bill_113393762>	rdfs:label	"banknoot"@afr	
	<wordnet_bank_account_113359690>	rdfs:label	"bankrekening"@afr	
	<wordnet_backsliding_100068333>	rdfs:label	"bankrot"@afr	
	<wordnet_bankruptcy_114478433>	rdfs:label	"bankrot"@afr	
	<wordnet_baobab_112189987>	rdfs:label	"baobab"@afr	
	<wordnet_baptism_101037819>	rdfs:label	"baptisme"@afr	
	<wordnet_peasant_110410815>	rdfs:label	"barbaar"@afr	
	<wordnet_savage_110553402>	rdfs:label	"barbaar"@afr	
	<wordnet_brutality_100424934>	rdfs:label	"barbaarsheid"@afr	
	<wordnet_atrocity_104830343>	rdfs:label	"barbaarsheid"@afr	
	<wordnet_brutality_100424934>	rdfs:label	"barbarisme"@afr	
	<wordnet_barium_114629998>	rdfs:label	"barium"@afr	
	<wordnet_clemency_101071411>	rdfs:label	"barmhartigheid"@afr	
	<wordnet_barometer_102794156>	rdfs:label	"barometer"@afr	
	<wordnet_split_100437929>	rdfs:label	"bars"@afr	
	<wordnet_bark_113162297>	rdfs:label	"bas"@afr	
	<wordnet_basil_107816164>	rdfs:label	"basiliekruid"@afr	
	<wordnet_basil_112860365>	rdfs:label	"basiliekruid"@afr	
	<wordnet_footing_113790912>	rdfs:label	"basis"@afr	
	<wordnet_basketball_100480993>	rdfs:label	"basketbal"@afr	
	<wordnet_basketball_102802426>	rdfs:label	"basketbal"@afr	
	<wordnet_asshole_109815188>	rdfs:label	"baster"@afr	
	<wordnet_bathyscaphe_102808829>	rdfs:label	"batiskaf"@afr	
	<wordnet_battery_108389572>	rdfs:label	"battery"@afr	
	<wordnet_baud_113579679>	rdfs:label	"baud"@afr	
	<wordnet_assent_107175575>	rdfs:label	"beaming"@afr	
	<wordnet_civil_servant_109925459>	rdfs:label	"beampte"@afr	
	<wordnet_officeholder_110371450>	rdfs:label	"beampte"@afr	
	<wordnet_official_110372373>	rdfs:label	"beampte"@afr	
	<wordnet_bed_109217638>	rdfs:label	"bed"@afr	
	<wordnet_discretion_105615500>	rdfs:label	"bedagsaamheid"@afr	
	<wordnet_refusal_107205573>	rdfs:label	"bedanking"@afr	
	<wordnet_maid_110282672>	rdfs:label	"bediende"@afr	
	<wordnet_servant_110582154>	rdfs:label	"bediende"@afr	
	<wordnet_waiter_110763383>	rdfs:label	"bediener"@afr	
	<wordnet_intention_105982720>	rdfs:label	"bedoeling"@afr	
	<wordnet_closeness_107530124>	rdfs:label	"bedompigheid"@afr	
	<wordnet_sum_113331198>	rdfs:label	"bedrag"@afr	
	<wordnet_menace_114543231>	rdfs:label	"bedreiging"@afr	
	<wordnet_deceptiveness_104874939>	rdfs:label	"bedrieglikheid"@afr	
	<wordnet_imposter_110201535>	rdfs:label	"bedrieër"@afr	
	<wordnet_sadness_113989051>	rdfs:label	"bedroefdheid"@afr	
	<wordnet_dejection_114486533>	rdfs:label	"bedruktheid"@afr	
	<wordnet_operating_system_106568134>	rdfs:label	"bedryfstelsel"@afr	
	<wordnet_arroyo_109206896>	rdfs:label	"beek"@afr	
	<wordnet_brook_109229409>	rdfs:label	"beek"@afr	
	<wordnet_statue_104306847>	rdfs:label	"beeld"@afr	
	<wordnet_sculptor_110566072>	rdfs:label	"beeldhouer"@afr	
	<wordnet_sculptress_110566893>	rdfs:label	"beeldhouer"@afr	
	<wordnet_bone_105269901>	rdfs:label	"been"@afr	
	<wordnet_leg_105560787>	rdfs:label	"been"@afr	
	<wordnet_leg_105561507>	rdfs:label	"been"@afr	
	<wordnet_shank_105562756>	rdfs:label	"been"@afr	
	<wordnet_hand_105564590>	rdfs:label	"been"@afr	
	<wordnet_bear_102131653>	rdfs:label	"beer"@afr	
	<wordnet_bovine_102402010>	rdfs:label	"bees"@afr	
	<wordnet_beastliness_104781967>	rdfs:label	"beesagtigheid"@afr	
	<wordnet_beef_102404186>	rdfs:label	"beesvleis"@afr	
	<wordnet_beef_107663592>	rdfs:label	"beesvleis"@afr	
	<wordnet_desire_107484265>	rdfs:label	"begeerte"@afr	
	<wordnet_novice_110363913>	rdfs:label	"beginner"@afr	
	<wordnet_terminus_a_quo_115266164>	rdfs:label	"beginpunt"@afr	
	<wordnet_principle_105913538>	rdfs:label	"beginsel"@afr	
	<wordnet_cemetery_108521623>	rdfs:label	"begraafplaas"@afr	
	<wordnet_cemetery_108521623>	rdfs:label	"begraafplek"@afr	
	<wordnet_budget_113421832>	rdfs:label	"begroting"@afr	
	<wordnet_pleasantness_107492170>	rdfs:label	"behaaglikheid"@afr	
	<wordnet_treatment_100658082>	rdfs:label	"behandeling"@afr	
	<wordnet_remedy_104074482>	rdfs:label	"behandeling"@afr	
	<wordnet_behaviorism_106139764>	rdfs:label	"behaviorisme"@afr	
	<wordnet_management_101133281>	rdfs:label	"beheer"@afr	
	<wordnet_dexterity_105642815>	rdfs:label	"behendigheid"@afr	
	<wordnet_aged_107943870>	rdfs:label	"bejaarde"@afr	
	<wordnet_acquaintance_105817145>	rdfs:label	"bekendheid"@afr	
	<wordnet_jug_103603722>	rdfs:label	"beker"@afr	
	<wordnet_accentuation_107085786>	rdfs:label	"beklemtoning"@afr	
	<wordnet_worry_107524242>	rdfs:label	"bekommernis"@afr	
	<wordnet_appeal_104687333>	rdfs:label	"bekoorlikheid"@afr	
	<wordnet_shortening_100358931>	rdfs:label	"bekorting"@afr	
	<wordnet_narrow-mindedness_106205411>	rdfs:label	"bekrompenheid"@afr	
	<wordnet_coronation_107453638>	rdfs:label	"bekroning"@afr	
	<wordnet_ability_105200169>	rdfs:label	"bekwaamheid"@afr	
	<wordnet_bell_102824448>	rdfs:label	"bel"@afr	
	<wordnet_absurdity_106607809>	rdfs:label	"belaglikheid"@afr	
	<wordnet_importance_105168261>	rdfs:label	"belangrikheid"@afr	
	<wordnet_significance_105169813>	rdfs:label	"belangrikheid"@afr	
	<wordnet_importance_114434681>	rdfs:label	"belangrikheid"@afr	
	<wordnet_interest_105682950>	rdfs:label	"belangstelling"@afr	
	<wordnet_tax_113308999>	rdfs:label	"belasting"@afr	
	<wordnet_politeness_101227908>	rdfs:label	"beleefdheid"@afr	
	<wordnet_courtesy_101228245>	rdfs:label	"beleefdheid"@afr	
	<wordnet_courtesy_104912732>	rdfs:label	"beleefdheid"@afr	
	<wordnet_politeness_104912982>	rdfs:label	"beleefdheid"@afr	
	<wordnet_investing_101099436>	rdfs:label	"belegging"@afr	
	<wordnet_policy_105901508>	rdfs:label	"beleid"@afr	
	<wordnet_obstacle_105690269>	rdfs:label	"belemmering"@afr	
	<wordnet_siege_101075117>	rdfs:label	"beleëgering"@afr	
	<wordnet_exile_100207761>	rdfs:label	"bellingskap"@afr	
	<wordnet_crew_108273167>	rdfs:label	"bemanning"@afr	
	<wordnet_crew_108273736>	rdfs:label	"bemanning"@afr	
	<wordnet_marketing_100082081>	rdfs:label	"bemarking"@afr	
	<wordnet_marketing_101112420>	rdfs:label	"bemarking"@afr	
	<wordnet_selling_101113068>	rdfs:label	"bemarking"@afr	
	<wordnet_bargaining_107149836>	rdfs:label	"bemarking"@afr	
	<wordnet_busybody_109883807>	rdfs:label	"bemoeial"@afr	
	<wordnet_busybody_109883807>	rdfs:label	"bemoeisieke"@afr	
	<wordnet_estimate_105803379>	rdfs:label	"benadering"@afr	
	<wordnet_anxiety_107523905>	rdfs:label	"benoudheid"@afr	
	<wordnet_benzodiazepine_102830852>	rdfs:label	"benzodiasepien"@afr	
	<wordnet_adjudicator_109769636>	rdfs:label	"beoordelaar"@afr	
	<wordnet_adjudication_100874457>	rdfs:label	"beoordeling"@afr	
	<wordnet_condition_106755568>	rdfs:label	"bepaling"@afr	
	<wordnet_limitation_100808182>	rdfs:label	"beperking"@afr	
	<wordnet_limitation_105162455>	rdfs:label	"beperking"@afr	
	<wordnet_restriction_105846355>	rdfs:label	"beperking"@afr	
	<wordnet_limitation_115224293>	rdfs:label	"beperking"@afr	
	<wordnet_readiness_114031108>	rdfs:label	"bereidwilligheid"@afr	
	<wordnet_calculation_105802185>	rdfs:label	"berekening"@afr	
	<wordnet_mountain_109359803>	rdfs:label	"berg"@afr	
	<wordnet_lynx_102127052>	rdfs:label	"bergleeu"@afr	
	<wordnet_lemming_102344528>	rdfs:label	"bergmuis"@afr	
	<wordnet_range_109403734>	rdfs:label	"bergreeks"@afr	
	<wordnet_beryllium_114631295>	rdfs:label	"berillium"@afr	
	<wordnet_birch_102842809>	rdfs:label	"berk"@afr	
	<wordnet_birch_112281241>	rdfs:label	"berk"@afr	
	<wordnet_birch_112281600>	rdfs:label	"berk"@afr	
	<wordnet_birch_112281600>	rdfs:label	"berkeboom"@afr	
	<wordnet_berlin_102831335>	rdfs:label	"berlin"@afr	
	<wordnet_occupation_100582388>	rdfs:label	"beroep"@afr	
	<wordnet_trade_100606370>	rdfs:label	"beroep"@afr	
	<wordnet_profession_100609953>	rdfs:label	"beroep"@afr	
	<wordnet_sorrow_107535670>	rdfs:label	"berou"@afr	
	<wordnet_broom_102906734>	rdfs:label	"besem"@afr	
	<wordnet_wound_100403783>	rdfs:label	"besering"@afr	
	<wordnet_wound_107340249>	rdfs:label	"besering"@afr	
	<wordnet_injury_114285662>	rdfs:label	"besering"@afr	
	<wordnet_bruise_114288871>	rdfs:label	"besering"@afr	
	<wordnet_wound_114298815>	rdfs:label	"besering"@afr	
	<wordnet_occupation_100582868>	rdfs:label	"besetting"@afr	
	<wordnet_enterprise_108056231>	rdfs:label	"besigheid"@afr	
	<wordnet_businessman_109882007>	rdfs:label	"besigheidsman"@afr	
	<wordnet_owner_110389398>	rdfs:label	"besitter"@afr	
	<wordnet_property_113244109>	rdfs:label	"besitting"@afr	
	<wordnet_civility_104914133>	rdfs:label	"beskaafdheid"@afr	
	<wordnet_shame_107506569>	rdfs:label	"beskaamdheid"@afr	
	<wordnet_culture_105751794>	rdfs:label	"beskawing"@afr	
	<wordnet_culture_108287844>	rdfs:label	"beskawing"@afr	
	<wordnet_modesty_104900947>	rdfs:label	"beskeidenheid"@afr	
	<wordnet_protection_100817680>	rdfs:label	"beskerming"@afr	
	<wordnet_decision_105838176>	rdfs:label	"beskikking"@afr	
	<wordnet_drunkenness_114018567>	rdfs:label	"beskonkenheid"@afr	
	<wordnet_contemplation_100878926>	rdfs:label	"beskouing"@afr	
	<wordnet_timidity_104860759>	rdfs:label	"beskroomdheid"@afr	
	<wordnet_timidity_107522729>	rdfs:label	"beskroomdheid"@afr	
	<wordnet_statement_106722453>	rdfs:label	"beskrywing"@afr	
	<wordnet_description_106724763>	rdfs:label	"beskrywing"@afr	
	<wordnet_description_107201365>	rdfs:label	"beskrywing"@afr	
	<wordnet_word_picture_107201804>	rdfs:label	"beskrywing"@afr	
	<wordnet_zwieback_107689842>	rdfs:label	"beskuit"@afr	
	<wordnet_determination_100151497>	rdfs:label	"beslissing"@afr	
	<wordnet_contamination_100276987>	rdfs:label	"besoedeling"@afr	
	<wordnet_contamination_114487731>	rdfs:label	"besoedeling"@afr	
	<wordnet_befoulment_114498404>	rdfs:label	"besoedeling"@afr	
	<wordnet_pollution_114516743>	rdfs:label	"besoedeling"@afr	
	<wordnet_pollutant_114857278>	rdfs:label	"besoedelmiddel"@afr	
	<wordnet_visit_101233156>	rdfs:label	"besoek"@afr	
	<wordnet_caller_109887850>	rdfs:label	"besoeker"@afr	
	<wordnet_visitor_110757193>	rdfs:label	"besoeker"@afr	
	<wordnet_absurdity_106607809>	rdfs:label	"bespotlikheid"@afr	
	<wordnet_reservation_108587174>	rdfs:label	"bespreking"@afr	
	<wordnet_watering_100278403>	rdfs:label	"besproeiing"@afr	
	<wordnet_being_113954253>	rdfs:label	"bestaan"@afr	
	<wordnet_tryst_108385717>	rdfs:label	"bestelling"@afr	
	<wordnet_finish_108567877>	rdfs:label	"bestemming"@afr	
	<wordnet_irradiation_114577753>	rdfs:label	"bestraling"@afr	
	<wordnet_chauffeur_109908853>	rdfs:label	"bestuurder"@afr	
	<wordnet_director_110014939>	rdfs:label	"bestuurder"@afr	
	<wordnet_driver's_license_106550206>	rdfs:label	"bestuurderslisensie"@afr	
	<wordnet_protest_107210225>	rdfs:label	"beswaar"@afr	
	<wordnet_decency_104871259>	rdfs:label	"betaamlikheid"@afr	
	<wordnet_meaning_106601327>	rdfs:label	"betekenis"@afr	
	<wordnet_demonstration_101177703>	rdfs:label	"betoging"@afr	
	<wordnet_demonstration_106879180>	rdfs:label	"betoging"@afr	
	<wordnet_expression_106880249>	rdfs:label	"betoging"@afr	
	<wordnet_beech_112260799>	rdfs:label	"beuk"@afr	
	<wordnet_beechnut_107771082>	rdfs:label	"beukeneut"@afr	
	<wordnet_purse_104026417>	rdfs:label	"beursie"@afr	
	<wordnet_triviality_104486445>	rdfs:label	"beuselagtigheid"@afr	
	<wordnet_pettiness_105173205>	rdfs:label	"beuselagtigheid"@afr	
	<wordnet_avowal_106732350>	rdfs:label	"bevestiging"@afr	
	<wordnet_affirmation_107203126>	rdfs:label	"bevestiging"@afr	
	<wordnet_competence_105153520>	rdfs:label	"bevoegdheid"@afr	
	<wordnet_population_101257969>	rdfs:label	"bevolking"@afr	
	<wordnet_population_108178741>	rdfs:label	"bevolking"@afr	
	<wordnet_populace_108179689>	rdfs:label	"bevolking"@afr	
	<wordnet_population_108179879>	rdfs:label	"bevolking"@afr	
	<wordnet_promoter_110482220>	rdfs:label	"bevorderaar"@afr	
	<wordnet_promotion_107247071>	rdfs:label	"bevordering"@afr	
	<wordnet_glaciation_113487409>	rdfs:label	"bevriesing"@afr	
	<wordnet_glaciation_114519673>	rdfs:label	"bevriesing"@afr	
	<wordnet_liberation_100095502>	rdfs:label	"bevryding"@afr	
	<wordnet_liberation_100787832>	rdfs:label	"bevryding"@afr	
	<wordnet_keeping_101205010>	rdfs:label	"bewaring"@afr	
	<wordnet_motion_100331950>	rdfs:label	"beweging"@afr	
	<wordnet_allegation_106731186>	rdfs:label	"bewering"@afr	
	<wordnet_admiration_107500741>	rdfs:label	"bewondering"@afr	
	<wordnet_consciousness_105675130>	rdfs:label	"bewussyn"@afr	
	<wordnet_awareness_105675905>	rdfs:label	"bewussyn"@afr	
	<wordnet_awareness_105677952>	rdfs:label	"bewussyn"@afr	
	<wordnet_evidence_105823932>	rdfs:label	"bewys"@afr	
	<wordnet_evidence_106643408>	rdfs:label	"bewys"@afr	
	<wordnet_evidence_106733939>	rdfs:label	"bewys"@afr	
	<wordnet_library_103661043>	rdfs:label	"biblioteek"@afr	
	<wordnet_library_107977592>	rdfs:label	"biblioteek"@afr	
	<wordnet_librarian_110257948>	rdfs:label	"bibliotekaris"@afr	
	<wordnet_steak_107657903>	rdfs:label	"biefstuk"@afr	
	<wordnet_confession_107216083>	rdfs:label	"bieg"@afr	
	<wordnet_ale_107889510>	rdfs:label	"bier"@afr	
	<wordnet_bikini_102837789>	rdfs:label	"bikini"@afr	
	<wordnet_billiards_100499924>	rdfs:label	"biljart"@afr	
	<wordnet_billion_113751829>	rdfs:label	"biljoen"@afr	
	<wordnet_billion_113752172>	rdfs:label	"biljoen"@afr	
	<wordnet_jurisprudence_106161718>	rdfs:label	"billikheid"@afr	
	<wordnet_law_106532330>	rdfs:label	"billikheid"@afr	
	<wordnet_law_108441203>	rdfs:label	"billikheid"@afr	
	<wordnet_internal-combustion_engine_103579982>	rdfs:label	"binnebrandmotor"@afr	
	<wordnet_inside_108588294>	rdfs:label	"binnekant"@afr	
	<wordnet_biochemistry_106079620>	rdfs:label	"biochemie"@afr	
	<wordnet_biodiversity_104751652>	rdfs:label	"biodiversiteit"@afr	
	<wordnet_biota_107993109>	rdfs:label	"biologie"@afr	
	<wordnet_biology_111473488>	rdfs:label	"biologie"@afr	
	<wordnet_cinema_103032252>	rdfs:label	"bioskoop"@afr	
	<wordnet_biosphere_108499504>	rdfs:label	"biosphere"@afr	
	<wordnet_bit_113625237>	rdfs:label	"bis"@afr	
	<wordnet_bishop_109857200>	rdfs:label	"biskop"@afr	
	<wordnet_bismuth_114631502>	rdfs:label	"bismut"@afr	
	<wordnet_buffalo_102407959>	rdfs:label	"bison"@afr	
	<wordnet_bison_102410509>	rdfs:label	"bison"@afr	
	<wordnet_buffalo_102410702>	rdfs:label	"bison"@afr	
	<wordnet_buffalo_107663492>	rdfs:label	"bison"@afr	
	<wordnet_grapefruit_107749969>	rdfs:label	"bitterlemoen"@afr	
	<wordnet_grapefruit_112709688>	rdfs:label	"bitterlemoen"@afr	
	<wordnet_leaf_113152742>	rdfs:label	"blaar"@afr	
	<wordnet_lettuce_111986306>	rdfs:label	"blaarslaai"@afr	
	<wordnet_bellows_102826259>	rdfs:label	"blaasbalk"@afr	
	<wordnet_leaf_113152742>	rdfs:label	"blad"@afr	
	<wordnet_page_106256697>	rdfs:label	"bladsy"@afr	
	<wordnet_white_man_109641002>	rdfs:label	"blanke"@afr	
	<wordnet_blunder_100074790>	rdfs:label	"blaps"@afr	
	<wordnet_faux_pas_100076196>	rdfs:label	"blaps"@afr	
	<wordnet_clanger_100076393>	rdfs:label	"blaps"@afr	
	<wordnet_can_102946921>	rdfs:label	"blik"@afr	
	<wordnet_can_opener_102951585>	rdfs:label	"blikoopmaker"@afr	
	<wordnet_heat_lightning_107413237>	rdfs:label	"bliksem"@afr	
	<wordnet_can_opener_102951585>	rdfs:label	"blikskêr"@afr	
	<wordnet_blindness_114126660>	rdfs:label	"blindheid"@afr	
	<wordnet_flash_104953186>	rdfs:label	"blitsbol"@afr	
	<wordnet_best_seller_106412497>	rdfs:label	"blitsverkoper"@afr	
	<wordnet_blizzard_111509570>	rdfs:label	"blizzard"@afr	
	<wordnet_bloodshed_100221178>	rdfs:label	"bloed"@afr	
	<wordnet_blood_105399847>	rdfs:label	"bloed"@afr	
	<wordnet_transfusion_100324056>	rdfs:label	"bloeddoortapping"@afr	
	<wordnet_thirst_114040660>	rdfs:label	"bloeddorstigheid"@afr	
	<wordnet_plasma_105403427>	rdfs:label	"bloedplasma"@afr	
	<wordnet_bloodstream_105401951>	rdfs:label	"bloedsomloopstelsel"@afr	
	<wordnet_prime_113594005>	rdfs:label	"bloeitydperk"@afr	
	<wordnet_blouse_102854926>	rdfs:label	"bloese"@afr	
	<wordnet_block_102852523>	rdfs:label	"blok"@afr	
	<wordnet_recorder_104063373>	rdfs:label	"blokfluit"@afr	
	<wordnet_crossword_puzzle_106785654>	rdfs:label	"blokkiesraaisel"@afr	
	<wordnet_type_105840188>	rdfs:label	"blokletter"@afr	
	<wordnet_crossword_puzzle_106785654>	rdfs:label	"blokraai"@afr	
	<wordnet_flower_111669921>	rdfs:label	"blom"@afr	
	<wordnet_blooming_113439390>	rdfs:label	"blom"@afr	
	<wordnet_cauliflower_107715103>	rdfs:label	"blomkool"@afr	
	<wordnet_cauliflower_111876634>	rdfs:label	"blomkool"@afr	
	<wordnet_florist_103367410>	rdfs:label	"blomkweker"@afr	
	<wordnet_vase_104522168>	rdfs:label	"blompot"@afr	
	<wordnet_exposure_105043973>	rdfs:label	"blootstelling"@afr	
	<wordnet_blue_104968895>	rdfs:label	"blou"@afr	
	<wordnet_hydrocyanic_acid_114613643>	rdfs:label	"blousuur"@afr	
	<wordnet_cheerfulness_104630689>	rdfs:label	"blymoedigheid"@afr	
	<wordnet_baboon_102486410>	rdfs:label	"bobbejaan"@afr	
	<wordnet_satyr_110552980>	rdfs:label	"bobbejaan"@afr	
	<wordnet_handcuff_103484576>	rdfs:label	"boei"@afr	
	<wordnet_book_106410904>	rdfs:label	"boek"@afr	
	<wordnet_beech_112260799>	rdfs:label	"boekenhout"@afr	
	<wordnet_library_103661043>	rdfs:label	"boekery"@afr	
	<wordnet_library_107977592>	rdfs:label	"boekery"@afr	
	<wordnet_bouquet_102879087>	rdfs:label	"boeket"@afr	
	<wordnet_booklet_106413889>	rdfs:label	"boekie"@afr	
	<wordnet_bookmark_102871147>	rdfs:label	"boekmerk"@afr	
	<wordnet_bookcase_102870880>	rdfs:label	"boekrak"@afr	
	<wordnet_bookshelf_102871439>	rdfs:label	"boekrak"@afr	
	<wordnet_shelf_104190052>	rdfs:label	"boekrak"@afr	
	<wordnet_agriculturist_109779790>	rdfs:label	"boer"@afr	
	<wordnet_farmer_110078806>	rdfs:label	"boer"@afr	
	<wordnet_farmerette_110079210>	rdfs:label	"boer"@afr	
	<wordnet_farmhand_110079399>	rdfs:label	"boer"@afr	
	<wordnet_farm_103322099>	rdfs:label	"boereplaas"@afr	
	<wordnet_farm_building_103322570>	rdfs:label	"boereplaas"@afr	
	<wordnet_ranch_104052442>	rdfs:label	"boereplaas"@afr	
	<wordnet_blackmailer_109858299>	rdfs:label	"boereverneuker"@afr	
	<wordnet_brother_109876454>	rdfs:label	"boet"@afr	
	<wordnet_brother_109876892>	rdfs:label	"boet"@afr	
	<wordnet_buddy_109877951>	rdfs:label	"boet"@afr	
	<wordnet_male_sibling_110286084>	rdfs:label	"boet"@afr	
	<wordnet_sibling_110595164>	rdfs:label	"boet"@afr	
	<wordnet_minutes_106508112>	rdfs:label	"boetekaartjie"@afr	
	<wordnet_boutique_102879309>	rdfs:label	"boetiek"@afr	
	<wordnet_rorqual_102064338>	rdfs:label	"boggelwalvis"@afr	
	<wordnet_humpback_102065726>	rdfs:label	"boggelwalvis"@afr	
	<wordnet_noise_105720248>	rdfs:label	"bohaai"@afr	
	<wordnet_blare_107377473>	rdfs:label	"bohaai"@afr	
	<wordnet_noise_107387509>	rdfs:label	"bohaai"@afr	
	<wordnet_racket_107390945>	rdfs:label	"bohaai"@afr	
	<wordnet_bohrium_114631757>	rdfs:label	"bohrium"@afr	
	<wordnet_boycott_100206130>	rdfs:label	"boikot"@afr	
	<wordnet_goat_102416519>	rdfs:label	"bok"@afr	
	<wordnet_kid_102416820>	rdfs:label	"bok"@afr	
	<wordnet_billy_102416880>	rdfs:label	"bok"@afr	
	<wordnet_antelope_102419796>	rdfs:label	"bok"@afr	
	<wordnet_boxing_100445802>	rdfs:label	"boks"@afr	
	<wordnet_container_103094503>	rdfs:label	"boks"@afr	
	<wordnet_boxer_109870208>	rdfs:label	"bokser"@afr	
	<wordnet_ponytail_105260380>	rdfs:label	"bokstertjie"@afr	
	<wordnet_somersault_100439484>	rdfs:label	"bollemakiesie"@afr	
	<wordnet_torso_105549830>	rdfs:label	"bolyf"@afr	
	<wordnet_waist_105555688>	rdfs:label	"bolyf"@afr	
	<wordnet_abdomen_105556943>	rdfs:label	"bolyf"@afr	
	<wordnet_bomb_102866578>	rdfs:label	"bom"@afr	
	<wordnet_barrage_107083441>	rdfs:label	"bombardering"@afr	
	<wordnet_battle_fatigue_114388596>	rdfs:label	"bomskok"@afr	
	<wordnet_bundle_102919414>	rdfs:label	"bondel"@afr	
	<wordnet_bunch_107959943>	rdfs:label	"bondel"@afr	
	<wordnet_ally_108305942>	rdfs:label	"bondgenoot"@afr	
	<wordnet_bonsai_113111881>	rdfs:label	"bonsai"@afr	
	<wordnet_bonus_105829656>	rdfs:label	"bonus"@afr	
	<wordnet_errand_100731947>	rdfs:label	"boodskap"@afr	
	<wordnet_message_106253690>	rdfs:label	"boodskap"@afr	
	<wordnet_wood_115098161>	rdfs:label	"boom"@afr	
	<wordnet_bean_107724943>	rdfs:label	"boontjie"@afr	
	<wordnet_boron_114631871>	rdfs:label	"boor"@afr	
	<wordnet_grove_103463832>	rdfs:label	"boord"@afr	
	<wordnet_kitchen_garden_103620443>	rdfs:label	"boord"@afr	
	<wordnet_market_garden_103722169>	rdfs:label	"boord"@afr	
	<wordnet_malice_107550666>	rdfs:label	"boosaardigheid"@afr	
	<wordnet_evil_100745637>	rdfs:label	"boosheid"@afr	
	<wordnet_boat_102858304>	rdfs:label	"boot"@afr	
	<wordnet_ship_104194289>	rdfs:label	"boot"@afr	
	<wordnet_boatswain_109862183>	rdfs:label	"bootsman"@afr	
	<wordnet_hovel_103547054>	rdfs:label	"bordeel"@afr	
	<wordnet_whorehouse_104581595>	rdfs:label	"bordeel"@afr	
	<wordnet_bubble_109229709>	rdfs:label	"borrelruitjie"@afr	
	<wordnet_thorax_105552607>	rdfs:label	"bors"@afr	
	<wordnet_breast_105553288>	rdfs:label	"bors"@afr	
	<wordnet_breast_105554405>	rdfs:label	"bors"@afr	
	<wordnet_brush_102908217>	rdfs:label	"borsel"@afr	
	<wordnet_crew_cut_105260821>	rdfs:label	"borselkop"@afr	
	<wordnet_chest_cavity_105553049>	rdfs:label	"borsholte"@afr	
	<wordnet_thorax_105552607>	rdfs:label	"borskas"@afr	
	<wordnet_breast_105553288>	rdfs:label	"borskas"@afr	
	<wordnet_breast_105554405>	rdfs:label	"borskas"@afr	
	<wordnet_brooch_102906438>	rdfs:label	"borsspeld"@afr	
	<wordnet_forest_108438533>	rdfs:label	"bos"@afr	
	<wordnet_forest_109284015>	rdfs:label	"bos"@afr	
	<wordnet_bushbuck_102425228>	rdfs:label	"bosbok"@afr	
	<wordnet_dullness_104705671>	rdfs:label	"botheid"@afr	
	<wordnet_collision_107301543>	rdfs:label	"botsing"@afr	
	<wordnet_collision_107302542>	rdfs:label	"botsing"@afr	
	<wordnet_bottle_102876657>	rdfs:label	"bottel"@afr	
	<wordnet_bottle_102877266>	rdfs:label	"bottel"@afr	
	<wordnet_jar_103593526>	rdfs:label	"bottel"@afr	
	<wordnet_bottle_113765396>	rdfs:label	"bottel"@afr	
	<wordnet_bottle_102876657>	rdfs:label	"botteljie"@afr	
	<wordnet_butter_107848338>	rdfs:label	"botter"@afr	
	<wordnet_buttercup_111720353>	rdfs:label	"botterblom"@afr	
	<wordnet_botulism_114068894>	rdfs:label	"botulisme"@afr	
	<wordnet_buttock_105559727>	rdfs:label	"boude"@afr	
	<wordnet_builder_115097209>	rdfs:label	"bouer"@afr	
	<wordnet_broth_107584593>	rdfs:label	"bouillon"@afr	
	<wordnet_middle_class_108181658>	rdfs:label	"bourgeoisie"@afr	
	<wordnet_roast_107580782>	rdfs:label	"braaivleis"@afr	
	<wordnet_blackberry_107744811>	rdfs:label	"braam"@afr	
	<wordnet_bramble_113119870>	rdfs:label	"braam"@afr	
	<wordnet_blackberry_107744811>	rdfs:label	"braambessie"@afr	
	<wordnet_bramble_113119870>	rdfs:label	"braambessie"@afr	
	<wordnet_conflagration_107303697>	rdfs:label	"brand"@afr	
	<wordnet_brandy_107903208>	rdfs:label	"brandewyn"@afr	
	<wordnet_fuel_114875077>	rdfs:label	"brandhout"@afr	
	<wordnet_firewood_115100644>	rdfs:label	"brandhout"@afr	
	<wordnet_chili_107864934>	rdfs:label	"brandrissie"@afr	
	<wordnet_arsonist_109810707>	rdfs:label	"brandstigter"@afr	
	<wordnet_arson_100378296>	rdfs:label	"brandstigting"@afr	
	<wordnet_fuel_114875077>	rdfs:label	"brandstof"@afr	
	<wordnet_latitude_108595531>	rdfs:label	"breedtegraad"@afr	
	<wordnet_latitude_108595720>	rdfs:label	"breedtegraad"@afr	
	<wordnet_chinaware_103018493>	rdfs:label	"breekware"@afr	
	<wordnet_cerebrum_105491993>	rdfs:label	"brein"@afr	
	<wordnet_mind_105611302>	rdfs:label	"brein"@afr	
	<wordnet_reason_105651680>	rdfs:label	"brein"@afr	
	<wordnet_cerebral_palsy_114094653>	rdfs:label	"breinverlamming"@afr	
	<wordnet_meningitis_114137829>	rdfs:label	"breinvliesontsteking"@afr	
	<wordnet_letter_106624161>	rdfs:label	"brief"@afr	
	<wordnet_postcard_106627938>	rdfs:label	"briefkaart"@afr	
	<wordnet_correspondence_106623614>	rdfs:label	"briefwisseling"@afr	
	<wordnet_brake_102889425>	rdfs:label	"briek"@afr	
	<wordnet_breeze_111431754>	rdfs:label	"briesie"@afr	
	<wordnet_goggles_103443912>	rdfs:label	"bril"@afr	
	<wordnet_spectacles_104272054>	rdfs:label	"bril"@afr	
	<wordnet_brother_109876454>	rdfs:label	"broeder"@afr	
	<wordnet_brother_109876892>	rdfs:label	"broeder"@afr	
	<wordnet_buddy_109877951>	rdfs:label	"broeder"@afr	
	<wordnet_male_sibling_110286084>	rdfs:label	"broeder"@afr	
	<wordnet_sibling_110595164>	rdfs:label	"broeder"@afr	
	<wordnet_brotherhood_108075388>	rdfs:label	"broederskap"@afr	
	<wordnet_club_108227214>	rdfs:label	"broederskap"@afr	
	<wordnet_fraternity_108229467>	rdfs:label	"broederskap"@afr	
	<wordnet_brooding_113441812>	rdfs:label	"broei"@afr	
	<wordnet_incubator_103567066>	rdfs:label	"broeikas"@afr	
	<wordnet_brother_109876892>	rdfs:label	"broer"@afr	
	<wordnet_brother_109877124>	rdfs:label	"broer"@afr	
	<wordnet_buddy_109877951>	rdfs:label	"broer"@afr	
	<wordnet_male_sibling_110286084>	rdfs:label	"broer"@afr	
	<wordnet_sibling_110595164>	rdfs:label	"broer"@afr	
	<wordnet_brotherhood_108075388>	rdfs:label	"broerskap"@afr	
	<wordnet_club_108227214>	rdfs:label	"broerskap"@afr	
	<wordnet_fraternity_108229467>	rdfs:label	"broerskap"@afr	
	<wordnet_fountainhead_108508449>	rdfs:label	"bron"@afr	
	<wordnet_loaf_of_bread_107683786>	rdfs:label	"brood"@afr	
	<wordnet_bromine_114632129>	rdfs:label	"broom"@afr	
	<wordnet_fragility_105041503>	rdfs:label	"broosheid"@afr	
	<wordnet_paperback_book_103886432>	rdfs:label	"brosjure"@afr	
	<wordnet_tract_106409290>	rdfs:label	"brosjure"@afr	
	<wordnet_booklet_106413889>	rdfs:label	"brosjure"@afr	
	<wordnet_chopstick_103025755>	rdfs:label	"brug"@afr	
	<wordnet_dowry_113265425>	rdfs:label	"bruidsprys"@afr	
	<wordnet_brown_104971928>	rdfs:label	"bruin"@afr	
	<wordnet_sparkling_wine_107893528>	rdfs:label	"bruiswyn"@afr	
	<wordnet_champagne_107893642>	rdfs:label	"bruiswyn"@afr	
	<wordnet_gross_domestic_product_113257511>	rdfs:label	"bruto nasionale produk"@afr	
	<wordnet_buffalo_102407959>	rdfs:label	"buffel"@afr	
	<wordnet_buffalo_102410702>	rdfs:label	"buffel"@afr	
