	<A>	<hasWikipediaArticleLength>	"11373"^^xsd:integer	11373
	<A>	<hasWikipediaUrl>	<http://en.wikipedia.org/wiki/A>	
	<A>	<linksTo>	<Samuel_Johnson>	
	<A>	<linksTo>	<Arabic_script>	
	<A>	<linksTo>	<Latin_script>	
	<A>	<linksTo>	<Blackletter>	
	<A>	<linksTo>	<Semitic_languages>	
	<A>	<linksTo>	<A_(Cyrillic)>	
	<A>	<linksTo>	<Greek_Dark_Ages>	
	<A>	<linksTo>	<Collier's_Encyclopedia>	
	<A>	<linksTo>	<Phoenician_alphabet>	
	<A>	<linksTo>	<Greek_alphabet>	
	<A>	<linksTo>	<Latin_alpha>	
	<A>	<linksTo>	<French_language>	
	<A>	<linksTo>	<Spanish_language>	
	<A>	<linksTo>	<ISO_basic_Latin_alphabet>	
	<A>	<linksTo>	<Hebrew_alphabet>	
	<A>	<linksTo>	<Italian_Peninsula>	
	<A>	<linksTo>	<Encyclopædia_Britannica>	
	<A>	<linksTo>	<English_language>	
	<A>	<linksTo>	<Æ>	
	<Alabama>	<hasWikipediaArticleLength>	"123707"^^xsd:integer	123707
	<Alabama>	<hasWikipediaUrl>	<http://en.wikipedia.org/wiki/Alabama>	
	<Alabama>	<linksTo>	<U.S._Space_&_Rocket_Center>	
	<Alabama>	<linksTo>	<University_of_Alabama>	
	<Alabama>	<linksTo>	<Morgan_County,_Alabama>	
	<Alabama>	<linksTo>	<National_Premier_Soccer_League>	
	<Alabama>	<linksTo>	<Hunt_Refining_Company>	
	<Alabama>	<linksTo>	<Madison_County,_Alabama>	
	<Alabama>	<linksTo>	<Tuskegee_University>	
	<Alabama>	<linksTo>	<Washington_County,_Alabama>	
	<Alabama>	<linksTo>	<Samford_University>	
	<Alabama>	<linksTo>	<Ernest_C._Hornsby>	
	<Alabama>	<linksTo>	<Wild_Turkey>	
	<Alabama>	<linksTo>	<Jefferson_County,_Alabama>	
	<Alabama>	<linksTo>	<Auburn,_Alabama>	
	<Alabama>	<linksTo>	<Mercedes-Benz_U.S._International>	
	<Alabama>	<linksTo>	<Mobilian_Jargon>	
	<Alabama>	<linksTo>	<Natchez_Trace_Parkway>	
	<Alabama>	<linksTo>	<Wetumpka,_Alabama>	
	<Alabama>	<linksTo>	<Chickasaw>	
	<Alabama>	<linksTo>	<Maxwell_Air_Force_Base>	
	<Alabama>	<linksTo>	<Milton_Frank_Stadium>	
	<Alabama>	<linksTo>	<Wheeler_Lake>	
	<Alabama>	<linksTo>	<Montgomery_Regional_Airport>	
	<Alabama>	<linksTo>	<Philadelphia>	
	<Alabama>	<linksTo>	<Alexander_City,_Alabama>	
	<Alabama>	<linksTo>	<Houston_County,_Alabama>	
	<Alabama>	<linksTo>	<B.L._Harbert_International>	
	<Alabama>	<linksTo>	<Tuskegee,_Alabama>	
	<Alabama>	<linksTo>	<Independent_Women's_Football_League>	
	<Alabama>	<linksTo>	<Baldwin_County,_Alabama>	
	<Alabama>	<linksTo>	<Audemus_jura_nostra_defendere>	
	<Alabama>	<linksTo>	<Arena_football>	
	<Alabama>	<linksTo>	<Super_Outbreak>	
	<Alabama>	<linksTo>	<Nucor>	
	<Alabama>	<linksTo>	<Tuskegee_Airmen_National_Historic_Site>	
	<Alabama>	<linksTo>	<University_of_North_Alabama>	
	<Alabama>	<linksTo>	<Huntsville_Havoc>	
	<Alabama>	<linksTo>	<Spring_Hill_College>	
	<Alabama>	<linksTo>	<Montgomery_County,_Alabama>	
	<Alabama>	<linksTo>	<Alabama_Supreme_Court>	
	<Alabama>	<linksTo>	<Washington_Group_International>	
	<Alabama>	<linksTo>	<Decatur_Metropolitan_Area>	
	<Alabama>	<linksTo>	<University_of_Alabama_at_Birmingham>	
	<Alabama>	<linksTo>	<English_American>	
	<Alabama>	<linksTo>	<Hyundai_Motor_Manufacturing_Alabama>	
	<Alabama>	<linksTo>	<Troy,_Alabama>	
	<Alabama>	<linksTo>	<Gadsden_Metropolitan_Statistical_Area>	
	<Alabama>	<linksTo>	<NASCAR>	
	<Alabama>	<linksTo>	<Red_Hills_salamander>	
	<Alabama>	<linksTo>	<Irish_American>	
	<Alabama>	<linksTo>	<Battle_of_New_Orleans>	
	<Alabama>	<linksTo>	<Index_of_Alabama-related_articles>	
	<Alabama>	<linksTo>	<Fort_Payne,_Alabama>	
	<Alabama>	<linksTo>	<Alabama_Senate>	
	<Alabama>	<linksTo>	<Terri_Sewell>	
	<Alabama>	<linksTo>	<Mississippi_River>	
	<Alabama>	<linksTo>	<Republican_Party_(United_States)>	
	<Alabama>	<linksTo>	<AT&T>	
	<Alabama>	<linksTo>	<Alabama_Republican_Party>	
	<Alabama>	<linksTo>	<German_American>	
	<Alabama>	<linksTo>	<Tennessee_Valley_Tigers>	
	<Alabama>	<linksTo>	<John_Pope_(military_officer)>	
	<Alabama>	<linksTo>	<Chuck_Malone>	
	<Alabama>	<linksTo>	<Daphne,_Alabama>	
	<Alabama>	<linksTo>	<Huntsville_Stars>	
	<Alabama>	<linksTo>	<Disfranchisement_after_Reconstruction_era>	
	<Alabama>	<linksTo>	<Russell_County,_Alabama>	
	<Alabama>	<linksTo>	<Calhoun_County,_Alabama>	
	<Alabama>	<linksTo>	<Superior_Bancorp>	
	<Alabama>	<linksTo>	<Von_Braun_Center>	
	<Alabama>	<linksTo>	<University_of_South_Alabama>	
	<Alabama>	<linksTo>	<Red_Shirts_(Southern_United_States)>	
	<Alabama>	<linksTo>	<St._Clair_County,_Alabama>	
	<Alabama>	<linksTo>	<Jim_Crow_laws>	
	<Alabama>	<linksTo>	<University_of_Alabama_Press>	
	<Alabama>	<linksTo>	<Auburn_University>	
	<Alabama>	<linksTo>	<Choctaw_language>	
	<Alabama>	<linksTo>	<Tornado_Alley>	
	<Alabama>	<linksTo>	<Wetumpka_crater>	
	<Alabama>	<linksTo>	<Legion_Field>	
	<Alabama>	<linksTo>	<Voting_Rights_Act>	
	<Alabama>	<linksTo>	<Madison,_Alabama>	
	<Alabama>	<linksTo>	<Mobile_County_Public_School_System>	
	<Alabama>	<linksTo>	<Opelika,_Alabama>	
	<Alabama>	<linksTo>	<Tuscaloosa_Regional_Airport>	
	<Alabama>	<linksTo>	<United_States>	
	<Alabama>	<linksTo>	<Immigration_to_the_United_States>	
	<Alabama>	<linksTo>	<Ku_Klux_Klan>	
	<Alabama>	<linksTo>	<Phenix_City,_Alabama>	
	<Alabama>	<linksTo>	<Florence,_Alabama>	
	<Alabama>	<linksTo>	<Latin>	
	<Alabama>	<linksTo>	<Tuskegee_National_Forest>	
	<Alabama>	<linksTo>	<Basilosaurus>	
	<Alabama>	<linksTo>	<Dothan,_Alabama>	
	<Alabama>	<linksTo>	<Dothan_Regional_Airport>	
	<Alabama>	<linksTo>	<Mobile_County,_Alabama>	
	<Alabama>	<linksTo>	<Alabama_State_Capitol>	
	<Alabama>	<linksTo>	<Press-Register>	
	<Alabama>	<linksTo>	<Seal_of_Alabama>	
	<Alabama>	<linksTo>	<Troy_University>	
	<Alabama>	<linksTo>	<Choctaw>	
	<Alabama>	<linksTo>	<UAB_Blazers>	
	<Alabama>	<linksTo>	<BBVA_Compass>	
	<Alabama>	<linksTo>	<Northern_Flicker>	
	<Alabama>	<linksTo>	<Appalachian_Mountains>	
	<Alabama>	<linksTo>	<National_Climatic_Data_Center>	
	<Alabama>	<linksTo>	<United_States_National_Forest>	
	<Alabama>	<linksTo>	<Hale_County,_Alabama>	
	<Alabama>	<linksTo>	<Alabama_(song)>	
	<Alabama>	<linksTo>	<Henry_County,_Alabama>	
	<Alabama>	<linksTo>	<Robert_J._Bentley>	
	<Alabama>	<linksTo>	<Tennessee_River>	
	<Alabama>	<linksTo>	<Miles_Law_School>	
	<Alabama>	<linksTo>	<Alabama_High_School_Athletic_Association>	
	<Alabama>	<linksTo>	<Central_Time_Zone_(North_America)>	
	<Alabama>	<linksTo>	<Southern_United_States>	
	<Alabama>	<linksTo>	<Yale_University_Press>	
	<Alabama>	<linksTo>	<Alabama_language>	
	<Alabama>	<linksTo>	<Horseshoe_Bend_National_Military_Park>	
	<Alabama>	<linksTo>	<Columbiana,_Alabama>	
	<Alabama>	<linksTo>	<Colbert_County,_Alabama>	
	<Alabama>	<linksTo>	<BE&K>	
	<Alabama>	<linksTo>	<Redstone_Arsenal>	
	<Alabama>	<linksTo>	<University_of_Alabama_School_of_Law>	
	<Alabama>	<linksTo>	<Hoar_Construction>	
	<Alabama>	<linksTo>	<Deltacom>	
	<Alabama>	<linksTo>	<Little_River_Canyon_National_Preserve>	
	<Alabama>	<linksTo>	<Birmingham_Barons>	
	<Alabama>	<linksTo>	<Gulf_of_Mexico>	
	<Alabama>	<linksTo>	<Greene_County,_Alabama>	
	<Alabama>	<linksTo>	<Autauga_County,_Alabama>	
	<Alabama>	<linksTo>	<Geneva_County,_Alabama>	
	<Alabama>	<linksTo>	<United_States_Army_Materiel_Command>	
	<Alabama>	<linksTo>	<Tallapoosa_River>	
	<Alabama>	<linksTo>	<Honda_Manufacturing_of_Alabama>	
	<Alabama>	<linksTo>	<National_Park_Service>	
	<Alabama>	<linksTo>	<Guntersville,_Alabama>	
	<Alabama>	<linksTo>	<Georgia_(U.S._state)>	
	<Alabama>	<linksTo>	<Atlantic_tarpon>	
	<Alabama>	<linksTo>	<Northwest_Alabama_Regional_Airport>	
	<Alabama>	<linksTo>	<Cinram>	
	<Alabama>	<linksTo>	<Regions_Park>	
	<Alabama>	<linksTo>	<Southeastern_Ceremonial_Complex>	
	<Alabama>	<linksTo>	<Moundville,_Alabama>	
	<Alabama>	<linksTo>	<Bama_(soil)>	
	<Alabama>	<linksTo>	<Toyota_Motor_Manufacturing_Alabama>	
	<Alabama>	<linksTo>	<Montgomery_Riverwalk_Stadium>	
	<Alabama>	<linksTo>	<United_States_Census_Bureau>	
	<Alabama>	<linksTo>	<Southern_Professional_Hockey_League>	
	<Alabama>	<linksTo>	<Alabama_Democratic_Party>	
	<Alabama>	<linksTo>	<South_Carolina>	
	<Alabama>	<linksTo>	<State_Bank_Building,_Decatur_Branch_(Old_State_Bank)>	
	<Alabama>	<linksTo>	<Indigenous_languages_of_the_Americas>	
	<Alabama>	<linksTo>	<Senior_Bowl>	
	<Alabama>	<linksTo>	<United_States_Geological_Survey>	
	<Alabama>	<linksTo>	<Huntsville,_Alabama>	
	<Alabama>	<linksTo>	<Artifact_(archaeology)>	
	<Alabama>	<linksTo>	<Mainline_Protestant>	
	<Alabama>	<linksTo>	<Alabama_Hammers>	
	<Alabama>	<linksTo>	<Yazoo_tribe>	
	<Alabama>	<linksTo>	<North_Alabama>	
	<Alabama>	<linksTo>	<Mobile_Bay>	
	<Alabama>	<linksTo>	<State_recognized_tribes_in_the_United_States>	
	<Alabama>	<linksTo>	<Democratic_Party_(United_States)>	
	<Alabama>	<linksTo>	<Memphis,_Tennessee>	
	<Alabama>	<linksTo>	<Black_Belt_(U.S._region)>	
	<Alabama>	<linksTo>	<Alexander_Beaufort_Meek>	
	<Alabama>	<linksTo>	<Blount_County,_Alabama>	
	<Alabama>	<linksTo>	<Rocket_City_United>	
	<Alabama>	<linksTo>	<Racking_horse>	
	<Alabama>	<linksTo>	<Old_Mobile_Site>	
	<Alabama>	<linksTo>	<Dixie_Derby_Girls>	
	<Alabama>	<linksTo>	<Great_Migration_(African_American)>	
	<Alabama>	<linksTo>	<World_War_II>	
	<Alabama>	<linksTo>	<Conecuh_National_Forest>	
	<Alabama>	<linksTo>	<U.S._Steel>	
	<Alabama>	<linksTo>	<Martha_Roby>	
	<Alabama>	<linksTo>	<Avocent>	
	<Alabama>	<linksTo>	<JVC>	
	<Alabama>	<linksTo>	<Port_of_Decatur>	
	<Alabama>	<linksTo>	<Roller_derby>	
	<Alabama>	<linksTo>	<Anniston,_Alabama>	
	<Alabama>	<linksTo>	<Alabama_House_of_Representatives>	
	<Alabama>	<linksTo>	<NASA>	
	<Alabama>	<linksTo>	<West_Florida>	
	<Alabama>	<linksTo>	<Ohio_River>	
	<Alabama>	<linksTo>	<Tuscaloosa_County,_Alabama>	
	<Alabama>	<linksTo>	<GoDaddy.com_Bowl>	
	<Alabama>	<linksTo>	<Bureau_of_Economic_Analysis>	
	<Alabama>	<linksTo>	<Alabama_Legislature>	
	<Alabama>	<linksTo>	<William_B._Bankhead_National_Forest>	
	<Alabama>	<linksTo>	<Jo_Bonner>	
	<Alabama>	<linksTo>	<New_Market,_Alabama>	
	<Alabama>	<linksTo>	<Florida>	
	<Alabama>	<linksTo>	<Montgomery_Biscuits>	
	<Alabama>	<linksTo>	<Tombigbee_River>	
	<Alabama>	<linksTo>	<UAB_Hospital>	
	<Alabama>	<linksTo>	<Birmingham,_Alabama>	
	<Alabama>	<linksTo>	<Kay_Ivey>	
	<Alabama>	<linksTo>	<Alabaster,_Alabama>	
	<Alabama>	<linksTo>	<University_of_Texas_Press>	
	<Alabama>	<linksTo>	<United_States_Senate>	
	<Alabama>	<linksTo>	<Birmingham_School_of_Law>	
	<Alabama>	<linksTo>	<Mobile_BayBears>	
	<Alabama>	<linksTo>	<University_of_Alabama_School_of_Medicine>	
	<Alabama>	<linksTo>	<Black_Belt_(region_of_Alabama)>	
	<Alabama>	<linksTo>	<Centerville,_Alabama>	
	<Alabama>	<linksTo>	<Mobile,_Alabama>	
	<Alabama>	<linksTo>	<Walker_County,_Alabama>	
	<Alabama>	<linksTo>	<Robert_Aderholt>	
	<Alabama>	<linksTo>	<Orange_Beach,_Alabama>	
	<Alabama>	<linksTo>	<Confederate_States_of_America>	
	<Alabama>	<linksTo>	<Russell_Cave_National_Monument>	
	<Alabama>	<linksTo>	<Indigenous_peoples>	
	<Alabama>	<linksTo>	<Outline_of_Alabama>	
	<Alabama>	<linksTo>	<Port_of_Mobile>	
	<Alabama>	<linksTo>	<Coosa_River>	
	<Alabama>	<linksTo>	<Redeemers>	
	<Alabama>	<linksTo>	<Southern_Indoor_Football_League>	
	<Alabama>	<linksTo>	<Natural_Bridge,_Alabama>	
	<Alabama>	<linksTo>	<Dixie>	
	<Alabama>	<linksTo>	<Muskogean_languages>	
	<Alabama>	<linksTo>	<White_American>	
	<Alabama>	<linksTo>	<Farm_Security_Administration>	
	<Alabama>	<linksTo>	<Mobile_Regional_Airport>	
	<Alabama>	<linksTo>	<Scotch-Irish_American>	
	<Alabama>	<linksTo>	<University_of_Alabama_School_of_Dentistry>	
	<Alabama>	<linksTo>	<Perry_O._Hooper,_Sr.>	
	<Alabama>	<linksTo>	<Alabama_people>	
	<Alabama>	<linksTo>	<AmSouth_Bancorporation>	
	<Alabama>	<linksTo>	<Birmingham-Shuttlesworth_International_Airport>	
	<Alabama>	<linksTo>	<Sweet_Home_Alabama>	
	<Alabama>	<linksTo>	<Birmingham_Business_Journal>	
	<Alabama>	<linksTo>	<American_Civil_War>	
	<Alabama>	<linksTo>	<Lauderdale_County,_Alabama>	
	<Alabama>	<linksTo>	<Secession_in_the_United_States>	
	<Alabama>	<linksTo>	<Southern_Baptist_Convention>	
	<Alabama>	<linksTo>	<White_League>	
	<Alabama>	<linksTo>	<Maine>	
	<Alabama>	<linksTo>	<Muscle_Shoals,_Alabama>	
	<Alabama>	<linksTo>	<Michelin>	
	<Alabama>	<linksTo>	<Talladega,_Alabama>	
	<Alabama>	<linksTo>	<Thomas_Goode_Jones_School_of_Law>	
	<Alabama>	<linksTo>	<Andrew_Jackson>	
	<Alabama>	<linksTo>	<United_Methodist_Church>	
	<Alabama>	<linksTo>	<Lee_County,_Alabama>	
	<Alabama>	<linksTo>	<Wachovia>	
	<Alabama>	<linksTo>	<Rocky_Mountains>	
	<Alabama>	<linksTo>	<Bob_Riley>	
	<Alabama>	<linksTo>	<Harbert_Management_Corporation>	
	<Alabama>	<linksTo>	<Gadsden,_Alabama>	
	<Alabama>	<linksTo>	<Coat_of_arms_of_Alabama>	
	<Alabama>	<linksTo>	<Spencer_Bachus>	
	<Alabama>	<linksTo>	<Alabama_State_Board_of_Education>	
	<Alabama>	<linksTo>	<Tuscaloosa,_Alabama>	
	<Alabama>	<linksTo>	<U.S._National_Geodetic_Survey>	
	<Alabama>	<linksTo>	<Alabama_River>	
	<Alabama>	<linksTo>	<Elmore_County,_Alabama>	
	<Alabama>	<linksTo>	<Illinois>	
	<Alabama>	<linksTo>	<Constitution_of_Alabama>	
	<Alabama>	<linksTo>	<Women's_Flat_Track_Derby_Association>	
	<Alabama>	<linksTo>	<Southern_League_(baseball)>	
	<Alabama>	<linksTo>	<Prattville,_Alabama>	
	<Alabama>	<linksTo>	<Decatur,_Alabama>	
	<Alabama>	<linksTo>	<Blaine_Amendment>	
	<Alabama>	<linksTo>	<Richard_Shelby>	
	<Alabama>	<linksTo>	<URS_Corporation>	
	<Alabama>	<linksTo>	<Talladega_National_Forest>	
	<Alabama>	<linksTo>	<Cumberland_School_of_Law>	
	<Alabama>	<linksTo>	<GAF_Materials_Corporation>	
	<Alabama>	<linksTo>	<Mississippi>	
	<Alabama>	<linksTo>	<American_Revolution>	
	<Alabama>	<linksTo>	<Bridgeport,_Alabama>	
	<Alabama>	<linksTo>	<Huntsville_International_Airport>	
	<Alabama>	<linksTo>	<Mike_D._Rogers>	
	<Alabama>	<linksTo>	<Jeff_Sessions>	
	<Alabama>	<linksTo>	<Tennessee>	
	<Alabama>	<linksTo>	<Jemison,_Alabama>	
	<Alabama>	<linksTo>	<Bibb_County,_Alabama>	
	<Alabama>	<linksTo>	<Limestone_County,_Alabama>	
	<Alabama>	<linksTo>	<Mississippian_culture>	
	<Alabama>	<linksTo>	<Mesoamerica>	
	<Alabama>	<linksTo>	<Joe_W._Davis_Stadium>	
	<Alabama>	<linksTo>	<Province_of_Georgia>	
	<Alabama>	<linksTo>	<Vestavia_Hills,_Alabama>	
	<Alabama>	<linksTo>	<Shelby_County,_Alabama>	
	<Alabama>	<linksTo>	<Association_for_Biblical_Higher_Education>	
	<Alabama>	<linksTo>	<George_Wallace>	
	<Alabama>	<linksTo>	<SSAB>	
	<Alabama>	<linksTo>	<BellSouth>	
	<Alabama>	<linksTo>	<Dixie_Alley>	
	<Alabama>	<linksTo>	<Conecuh_Ridge_Whiskey>	
	<Alabama>	<linksTo>	<Hank_Aaron_Stadium>	
	<Alabama>	<linksTo>	<Wells_Fargo>	
	<Alabama>	<linksTo>	<Cherokee>	
	<Alabama>	<linksTo>	<Hoover,_Alabama>	
	<Alabama>	<linksTo>	<Lawrence_County,_Alabama>	
	<Alabama>	<linksTo>	<Etowah_County,_Alabama>	
	<Alabama>	<linksTo>	<Brasfield_&_Gorrie>	
	<Alabama>	<linksTo>	<Intergraph>	
	<Alabama>	<linksTo>	<ThyssenKrupp>	
	<Alabama>	<linksTo>	<Amtrak>	
	<Alabama>	<linksTo>	<Hydrangea_quercifolia>	
	<Alabama>	<linksTo>	<Yazoo_lands>	
	<Alabama>	<linksTo>	<Hernando_de_Soto>	
	<Alabama>	<linksTo>	<Lowndes_County,_Alabama>	
	<Alabama>	<linksTo>	<Moundville_Archaeological_Site>	
	<Alabama>	<linksTo>	<Trail_of_Tears>	
	<Alabama>	<linksTo>	<Regions_Financial_Corporation>	
	<Alabama>	<linksTo>	<ADTRAN>	
	<Alabama>	<linksTo>	<Pickwick_Lake>	
	<Alabama>	<linksTo>	<Cherokee_language>	
	<Alabama>	<linksTo>	<Kansas>	
	<Alabama>	<linksTo>	<Midwestern_United_States>	
	<Alabama>	<linksTo>	<Bay_Minette,_Alabama>	
	<Alabama>	<linksTo>	<Pryor_Field_Regional_Airport>	
	<Alabama>	<linksTo>	<Talladega_Superspeedway>	
	<Alabama>	<linksTo>	<Flag_of_Alabama>	
	<Alabama>	<linksTo>	<Haleyville,_Alabama>	
	<Alabama>	<linksTo>	<Eastern_Time_Zone_(North_America)>	
	<Alabama>	<linksTo>	<Montgomery,_Alabama>	
	<Achilles>	<hasWikipediaArticleLength>	"44965"^^xsd:integer	44965
	<Achilles>	<hasWikipediaUrl>	<http://en.wikipedia.org/wiki/Achilles>	
	<Achilles>	<linksTo>	<Deiphobus>	
	<Achilles>	<linksTo>	<Black_Sea>	
	<Achilles>	<linksTo>	<Polyxena>	
	<Achilles>	<linksTo>	<Achilles_(band)>	
	<Achilles>	<linksTo>	<Medea>	
	<Achilles>	<linksTo>	<Apollo>	
	<Achilles>	<linksTo>	<Deidamia_(mythology)>	
	<Achilles>	<linksTo>	<Guerra_di_Troia>	
	<Achilles>	<linksTo>	<Max_Bruch>	
	<Achilles>	<linksTo>	<Derek_Jacobi>	
	<Achilles>	<linksTo>	<Presence_(album)>	
	<Achilles>	<linksTo>	<Arturo_Dominici>	
	<Achilles>	<linksTo>	<Toploader>	
	<Achilles>	<linksTo>	<Parthia>	
	<Achilles>	<linksTo>	<Zeus>	
	<Achilles>	<linksTo>	<Neoptolemus>	
	<Achilles>	<linksTo>	<Argonautica>	
	<Achilles>	<linksTo>	<Royal_New_Zealand_Navy>	
	<Achilles>	<linksTo>	<Inscriptiones_Graecae>	
	<Achilles>	<linksTo>	<Ajax_(mythology)>	
	<Achilles>	<linksTo>	<The_Odyssey_(TV_miniseries)>	
	<Achilles>	<linksTo>	<Briseis>	
	<Achilles>	<linksTo>	<Brad_Pitt>	
	<Achilles>	<linksTo>	<Prometheus>	
	<Achilles>	<linksTo>	<Paris_(mythology)>	
	<Achilles>	<linksTo>	<David_Malouf>	
	<Achilles>	<linksTo>	<Achilleid>	
	<Achilles>	<linksTo>	<Kenneth_Dover>	
	<Achilles>	<linksTo>	<Janelle_Monáe>	
	<Achilles>	<linksTo>	<Warlord_(band)>	
	<Achilles>	<linksTo>	<Little_Iliad>	
	<Achilles>	<linksTo>	<Chryses>	
	<Achilles>	<linksTo>	<Ambrosian_Iliad>	
	<Achilles>	<linksTo>	<Ukraine>	
	<Achilles>	<linksTo>	<Chryseis>	
	<Achilles>	<linksTo>	<Romania>	
	<Achilles>	<linksTo>	<Thetis>	
	<Achilles>	<linksTo>	<Greeks>	
	<Achilles>	<linksTo>	<Delphi>	
	<Achilles>	<linksTo>	<Aquileia>	
	<Achilles>	<linksTo>	<Zeno's_paradoxes>	
	<Achilles>	<linksTo>	<Symposium_(Plato)>	
	<Achilles>	<linksTo>	<Achilles'_heel>	
	<Achilles>	<linksTo>	<Jag_Panzer>	
	<Achilles>	<linksTo>	<Nereus>	
	<Achilles>	<linksTo>	<Aaron_Allston>	
	<Achilles>	<linksTo>	<Ammianus_Marcellinus>	
	<Achilles>	<linksTo>	<Heroides>	
	<Achilles>	<linksTo>	<Piero_Lulli>	
	<Achilles>	<linksTo>	<Troilus>	
	<Achilles>	<linksTo>	<Robert_Duncan_(composer)>	
	<Achilles>	<linksTo>	<Patroclus>	
	<Achilles>	<linksTo>	<Led_Zeppelin>	
	<Achilles>	<linksTo>	<Telephus>	
	<Achilles>	<linksTo>	<Marion_Zimmer_Bradley>	
	<Achilles>	<linksTo>	<Hera>	
	<Achilles>	<linksTo>	<Amazons>	
	<Achilles>	<linksTo>	<The_Last_Olympian>	
	<Achilles>	<linksTo>	<Agamemnon>	
	<Achilles>	<linksTo>	<Chiron>	
	<Achilles>	<linksTo>	<Euripides>	
	<Achilles>	<linksTo>	<Danube_Delta>	
	<Achilles>	<linksTo>	<Apollonius_of_Rhodes>	
	<Achilles>	<linksTo>	<Olympias>	
	<Achilles>	<linksTo>	<Pedro_the_Lion>	
	<Achilles>	<linksTo>	<Patrick_Shaw-Stewart>	
	<Achilles>	<linksTo>	<Aulis_(ancient_Greece)>	
	<Achilles>	<linksTo>	<Argos>	
	<Achilles>	<linksTo>	<Plato>	
	<Achilles>	<linksTo>	<Staatliche_Antikensammlungen>	
	<Achilles>	<linksTo>	<Inferno_(Dante)>	
	<Achilles>	<linksTo>	<Hesiod>	
	<Achilles>	<linksTo>	<Danube>	
	<Achilles>	<linksTo>	<Louise_Glück>	
	<Achilles>	<linksTo>	<Hermes>	
	<Achilles>	<linksTo>	<The_Showdown_(band)>	
	<Achilles>	<linksTo>	<Aethiopis>	
	<Achilles>	<linksTo>	<Memnon_(mythology)>	
	<Achilles>	<linksTo>	<Giovanni_Battista_Tiepolo>	
	<Achilles>	<linksTo>	<Alexander_the_Great>	
	<Achilles>	<linksTo>	<James_Barry_(painter)>	
	<Achilles>	<linksTo>	<Bibliotheca_(Pseudo-Apollodorus)>	
	<Achilles>	<linksTo>	<Sean_O'Loughlin>	
	<Achilles>	<linksTo>	<Alesana>	
	<Achilles>	<linksTo>	<Gregory_Nagy>	
	<Achilles>	<linksTo>	<Hephaestus>	
	<Achilles>	<linksTo>	<Peleus>	
	<Achilles>	<linksTo>	<Al_Stewart>	
	<Achilles>	<linksTo>	<Mysia>	
	<Achilles>	<linksTo>	<Christopher_Logue>	
	<Achilles>	<linksTo>	<Arctinus_of_Miletus>	
	<Achilles>	<linksTo>	<Statius>	
	<Achilles>	<linksTo>	<Trojan_War>	
	<Achilles>	<linksTo>	<Donald_Revell>	
	<Achilles>	<linksTo>	<Pindar>	
	<Achilles>	<linksTo>	<Phaselis>	
	<Achilles>	<linksTo>	<Calchas>	
	<Achilles>	<linksTo>	<Aeneas>	
	<Achilles>	<linksTo>	<Snake_Island_(Black_Sea)>	
	<Achilles>	<linksTo>	<Bob_Dylan>	
	<Achilles>	<linksTo>	<Aeschylus>	
	<Achilles>	<linksTo>	<William_Shakespeare>	
	<Achilles>	<linksTo>	<Eleanor_Wilner>	
	<Achilles>	<linksTo>	<Achilleion_(Corfu)>	
	<Achilles>	<linksTo>	<Sophocles>	
	<Achilles>	<linksTo>	<Caracalla>	
	<Achilles>	<linksTo>	<Priam>	
	<Achilles>	<linksTo>	<Nestor_(mythology)>	
	<Achilles>	<linksTo>	<Heracles>	
	<Achilles>	<linksTo>	<Troy_(film)>	
	<Achilles>	<linksTo>	<Skyros>	
	<Achilles>	<linksTo>	<Ovid>	
	<Achilles>	<linksTo>	<P._C._Cast>	
	<Achilles>	<linksTo>	<François-Léon_Benouville>	
	<Achilles>	<linksTo>	<Nicolae_Densuşianu>	
	<Achilles>	<linksTo>	<Class_of_the_Titans>	
	<Achilles>	<linksTo>	<Styx>	
	<Achilles>	<linksTo>	<Ransom_(Malouf_novel)>	
	<Achilles>	<linksTo>	<Epic_Cycle>	
	<Achilles>	<linksTo>	<Captain_Marvel_(DC_Comics)>	
	<Achilles>	<linksTo>	<The_Triumph_of_Steel>	
	<Achilles>	<linksTo>	<Pelion>	
	<Achilles>	<linksTo>	<Gordon_Mitchell>	
	<Achilles>	<linksTo>	<Stanley_Baker>	
	<Achilles>	<linksTo>	<Myrmidons>	
	<Achilles>	<linksTo>	<The_Firebrand>	
	<Achilles>	<linksTo>	<Achilles_Last_Stand>	
	<Achilles>	<linksTo>	<Percy_Jackson_&_the_Olympians>	
	<Achilles>	<linksTo>	<Greece>	
	<Achilles>	<linksTo>	<Joe_Montana_(actor)>	
	<Achilles>	<linksTo>	<Corfu>	
	<Achilles>	<linksTo>	<The_Fury_of_Achilles>	
	<Achilles>	<linksTo>	<Hecuba>	
	<Achilles>	<linksTo>	<Dares_Phrygius>	
	<Achilles>	<linksTo>	<Ender's_Shadow>	
	<Achilles>	<linksTo>	<Musée_Fabre>	
	<Achilles>	<linksTo>	<Arrian>	
	<Achilles>	<linksTo>	<Pausanias_(geographer)>	
	<Achilles>	<linksTo>	<Barry_Purves>	
	<Achilles>	<linksTo>	<Cypria>	
	<Achilles>	<linksTo>	<Greek_mythology>	
	<Achilles>	<linksTo>	<Antilochus>	
	<Achilles>	<linksTo>	<Achilles_Heel_(album)>	
	<Achilles>	<linksTo>	<Helen_of_Troy_(film)>	
	<Achilles>	<linksTo>	<Poseidon>	
	<Achilles>	<linksTo>	<Philoctetes>	
	<Achilles>	<linksTo>	<Hector>	
	<Achilles>	<linksTo>	<Athena>	
	<Achilles>	<linksTo>	<Battle_of_the_River_Plate>	
	<Achilles>	<linksTo>	<Pederasty_in_ancient_Greece>	
	<Achilles>	<linksTo>	<Penthesilea>	
	<Achilles>	<linksTo>	<Anabasis_Alexandri>	
	<Achilles>	<linksTo>	<Odysseus>	
	<Achilles>	<linksTo>	<Achaeans_(Homer)>	
	<Achilles>	<linksTo>	<Despotate_of_Epirus>	
	<Achilles>	<linksTo>	<Dante_Alighieri>	
	<Achilles>	<linksTo>	<Pomponius_Mela>	
	<Achilles>	<linksTo>	<Lycomedes>	
	<Achilles>	<linksTo>	<Phoenix_(son_of_Amyntor)>	
	<Achilles>	<linksTo>	<Zeno_of_Elea>	
	<Abraham_Lincoln>	<hasWikipediaArticleLength>	"152036"^^xsd:integer	152036
	<Abraham_Lincoln>	<hasWikipediaUrl>	<http://en.wikipedia.org/wiki/Abraham_Lincoln>	
	<Abraham_Lincoln>	<linksTo>	<Mineral_County,_West_Virginia>	
	<Abraham_Lincoln>	<linksTo>	<Battle_of_Fort_Stevens>	
	<Abraham_Lincoln>	<linksTo>	<Battle_of_Fredericksburg>	
	<Abraham_Lincoln>	<linksTo>	<Petersen_House_(Washington,_D.C.)>	
	<Abraham_Lincoln>	<linksTo>	<Fort_Sumter>	
	<Abraham_Lincoln>	<linksTo>	<James_K._Polk>	
	<Abraham_Lincoln>	<linksTo>	<General_Land_Office>	
	<Abraham_Lincoln>	<linksTo>	<Lincoln,_Nebraska>	
	<Abraham_Lincoln>	<linksTo>	<Battle_of_Gettysburg>	
	<Abraham_Lincoln>	<linksTo>	<Zachary_Taylor>	
	<Abraham_Lincoln>	<linksTo>	<Simon_Cameron>	
	<Abraham_Lincoln>	<linksTo>	<Herschel_Vespasian_Johnson>	
	<Abraham_Lincoln>	<linksTo>	<Coles_County,_Illinois>	
	<Abraham_Lincoln>	<linksTo>	<Hannibal_Hamlin>	
	<Abraham_Lincoln>	<linksTo>	<Gettysburg_Address>	
	<Abraham_Lincoln>	<linksTo>	<George_B._McClellan>	
	<Abraham_Lincoln>	<linksTo>	<Electoral_fusion>	
	<Abraham_Lincoln>	<linksTo>	<Overland_Campaign>	
	<Abraham_Lincoln>	<linksTo>	<Thomas_Lincoln>	
	<Abraham_Lincoln>	<linksTo>	<Sangamon_River>	
	<Abraham_Lincoln>	<linksTo>	<John_C._Frémont>	
	<Abraham_Lincoln>	<linksTo>	<Edinburgh>	
	<Abraham_Lincoln>	<linksTo>	<Lexington,_Kentucky>	
	<Abraham_Lincoln>	<linksTo>	<Second_Battle_of_Bull_Run>	
	<Abraham_Lincoln>	<linksTo>	<Lincoln's_first_inaugural_address>	
	<Abraham_Lincoln>	<linksTo>	<Army_of_Virginia>	
	<Abraham_Lincoln>	<linksTo>	<Macon_County,_Illinois>	
	<Abraham_Lincoln>	<linksTo>	<Lincoln_Log_Cabin_State_Historic_Site>	
	<Abraham_Lincoln>	<linksTo>	<Mel_Bradford>	
	<Abraham_Lincoln>	<linksTo>	<Thomas_L._Harris>	
	<Abraham_Lincoln>	<linksTo>	<Lincoln's_House_Divided_Speech>	
	<Abraham_Lincoln>	<linksTo>	<Illinois_House_of_Representatives>	
	<Abraham_Lincoln>	<linksTo>	<Nathaniel_P._Banks>	
	<Abraham_Lincoln>	<linksTo>	<Roger_B._Taney>	
	<Abraham_Lincoln>	<linksTo>	<Corwin_Amendment>	
	<Abraham_Lincoln>	<linksTo>	<Washington,_D.C.>	
	<Abraham_Lincoln>	<linksTo>	<Philip_Sheridan>	
	<Abraham_Lincoln>	<linksTo>	<Lincoln_Boyhood_National_Memorial>	
	<Abraham_Lincoln>	<linksTo>	<Illinois_General_Assembly>	
	<Abraham_Lincoln>	<linksTo>	<William_Blackstone>	
	<Abraham_Lincoln>	<linksTo>	<Republican_Party_(United_States)>	
	<Abraham_Lincoln>	<linksTo>	<Nancy_Lincoln>	
	<Abraham_Lincoln>	<linksTo>	<Copperheads_(politics)>	
	<Abraham_Lincoln>	<linksTo>	<Stephen_A._Douglas>	
	<Abraham_Lincoln>	<linksTo>	<Lerone_Bennett,_Jr.>	
	<Abraham_Lincoln>	<linksTo>	<Charles_Leale>	
	<Abraham_Lincoln>	<linksTo>	<John_Pope_(military_officer)>	
	<Abraham_Lincoln>	<linksTo>	<Decatur,_Illinois>	
	<Abraham_Lincoln>	<linksTo>	<Battle_of_Chancellorsville>	
	<Abraham_Lincoln>	<linksTo>	<Dred_Scott_v._Sandford>	
	<Abraham_Lincoln>	<linksTo>	<John_Bell_(Tennessee_politician)>	
	<Abraham_Lincoln>	<linksTo>	<Lincoln_Home_National_Historic_Site>	
	<Abraham_Lincoln>	<linksTo>	<Antoine-Henri_Jomini>	
	<Abraham_Lincoln>	<linksTo>	<Battle_of_Five_Forks>	
	<Abraham_Lincoln>	<linksTo>	<Abraham_Lincoln_Birthplace_National_Historical_Park>	
	<Abraham_Lincoln>	<linksTo>	<Illinois_Central_Railroad>	
	<Abraham_Lincoln>	<linksTo>	<Joel_Aldrich_Matteson>	
	<Abraham_Lincoln>	<linksTo>	<Lincoln's_New_Salem>	
	<Abraham_Lincoln>	<linksTo>	<Abraham_Lincoln_(captain)>	
	<Abraham_Lincoln>	<linksTo>	<Stephen_Johnson_Field>	
	<Abraham_Lincoln>	<linksTo>	<Norman_B._Judd>	
	<Abraham_Lincoln>	<linksTo>	<Phineas_Densmore_Gurley>	
	<Abraham_Lincoln>	<linksTo>	<Winfield_Scott>	
	<Abraham_Lincoln>	<linksTo>	<George_Edwin_Bissell>	
	<Abraham_Lincoln>	<linksTo>	<Battle_of_Antietam>	
	<Abraham_Lincoln>	<linksTo>	<Alexander_H._Stephens>	
	<Abraham_Lincoln>	<linksTo>	<Springfield,_Illinois>	
	<Abraham_Lincoln>	<linksTo>	<John_C._Breckinridge>	
	<Abraham_Lincoln>	<linksTo>	<Sarah_Lincoln_Grigsby>	
	<Abraham_Lincoln>	<linksTo>	<First_Battle_of_Bull_Run>	
	<Abraham_Lincoln>	<linksTo>	<Salmon_P._Chase>	
	<Abraham_Lincoln>	<linksTo>	<Don_Carlos_Buell>	
	<Abraham_Lincoln>	<linksTo>	<Lincoln_Memorial>	
	<Abraham_Lincoln>	<linksTo>	<Mary_Todd_Lincoln>	
	<Abraham_Lincoln>	<linksTo>	<Richmond,_Virginia>	
	<Abraham_Lincoln>	<linksTo>	<Samuel_Freeman_Miller>	
	<Abraham_Lincoln>	<linksTo>	<Whig_Party_(United_States)>	
	<Abraham_Lincoln>	<linksTo>	<Abraham_Lincoln's_patent>	
	<Abraham_Lincoln>	<linksTo>	<Black_Hawk_War>	
	<Abraham_Lincoln>	<linksTo>	<Gettysburg_Campaign>	
	<Abraham_Lincoln>	<linksTo>	<Southern_United_States>	
	<Abraham_Lincoln>	<linksTo>	<LaRue_County,_Kentucky>	
	<Abraham_Lincoln>	<linksTo>	<Our_American_Cousin>	
	<Abraham_Lincoln>	<linksTo>	<Baltimore_Plot>	
	<Abraham_Lincoln>	<linksTo>	<Francis_Bicknell_Carpenter>	
	<Abraham_Lincoln>	<linksTo>	<Abraham_Lincoln_Bicentennial_Commission>	
	<Abraham_Lincoln>	<linksTo>	<Shenandoah_Valley>	
	<Abraham_Lincoln>	<linksTo>	<Dred_Scott>	
	<Abraham_Lincoln>	<linksTo>	<Liberia>	
	<Abraham_Lincoln>	<linksTo>	<George_William_Brown>	
	<Abraham_Lincoln>	<linksTo>	<Boston_Corbett>	
	<Abraham_Lincoln>	<linksTo>	<Ward_Hill_Lamon>	
	<Abraham_Lincoln>	<linksTo>	<Supreme_Court_of_the_United_States>	
	<Abraham_Lincoln>	<linksTo>	<Battle_of_Shiloh>	
	<Abraham_Lincoln>	<linksTo>	<First_Transcontinental_Railroad>	
	<Abraham_Lincoln>	<linksTo>	<Henry_Rathbone>	
	<Abraham_Lincoln>	<linksTo>	<William_Herndon_(lawyer)>	
	<Abraham_Lincoln>	<linksTo>	<Lincoln's_second_inaugural_address>	
	<Abraham_Lincoln>	<linksTo>	<Noah_Haynes_Swayne>	
	<Abraham_Lincoln>	<linksTo>	<Sarah_Bush_Lincoln>	
	<Abraham_Lincoln>	<linksTo>	<Border_states_(American_Civil_War)>	
	<Abraham_Lincoln>	<linksTo>	<John_Wilkes_Booth>	
	<Abraham_Lincoln>	<linksTo>	<Republicanism_in_the_United_States>	
	<Abraham_Lincoln>	<linksTo>	<Horace_Greeley>	
	<Abraham_Lincoln>	<linksTo>	<Leonard_Swett>	
	<Abraham_Lincoln>	<linksTo>	<David_Davis_(Supreme_Court_justice)>	
	<Abraham_Lincoln>	<linksTo>	<London>	
	<Abraham_Lincoln>	<linksTo>	<Robert_Anderson_(Civil_War)>	
	<Abraham_Lincoln>	<linksTo>	<United_States_Department_of_Agriculture>	
	<Abraham_Lincoln>	<linksTo>	<Hodgenville,_Kentucky>	
	<Abraham_Lincoln>	<linksTo>	<Perry_County,_Indiana>	
	<Abraham_Lincoln>	<linksTo>	<Andrew_Johnson>	
	<Abraham_Lincoln>	<linksTo>	<Scotland>	
	<Abraham_Lincoln>	<linksTo>	<Henry_Halleck>	
	<Abraham_Lincoln>	<linksTo>	<William_Rosecrans>	
	<Abraham_Lincoln>	<linksTo>	<Lincoln_family_tree>	
	<Abraham_Lincoln>	<linksTo>	<American_Colonization_Society>	
	<Abraham_Lincoln>	<linksTo>	<Commentaries_on_the_Laws_of_England>	
	<Abraham_Lincoln>	<linksTo>	<Thirteenth_Amendment_to_the_United_States_Constitution>	
	<Abraham_Lincoln>	<linksTo>	<War_Governors'_Conference>	
	<Abraham_Lincoln>	<linksTo>	<David_Farragut>	
	<Abraham_Lincoln>	<linksTo>	<Lincoln_Tomb>	
	<Abraham_Lincoln>	<linksTo>	<United_States_House_of_Representatives>	
	<Abraham_Lincoln>	<linksTo>	<Jefferson_County,_Kentucky>	
	<Abraham_Lincoln>	<linksTo>	<Ann_Rutledge>	
	<Abraham_Lincoln>	<linksTo>	<James_Buchanan>	
	<Abraham_Lincoln>	<linksTo>	<Allan_Nevins>	
	<Abraham_Lincoln>	<linksTo>	<Supreme_Court_of_Illinois>	
	<Abraham_Lincoln>	<linksTo>	<Hardin_County,_Kentucky>	
	<Abraham_Lincoln>	<linksTo>	<James_Madison>	
	<Abraham_Lincoln>	<linksTo>	<Morrill_Tariff>	
	<Abraham_Lincoln>	<linksTo>	<Rappahannock_River>	
	<Abraham_Lincoln>	<linksTo>	<Edwin_M._Stanton>	
	<Abraham_Lincoln>	<linksTo>	<Noah_Brooks>	
	<Abraham_Lincoln>	<linksTo>	<Battle_of_Hampton_Roads>	
	<Abraham_Lincoln>	<linksTo>	<War_Democrats>	
	<Abraham_Lincoln>	<linksTo>	<Thaddeus_Stevens>	
	<Abraham_Lincoln>	<linksTo>	<William_H._Seward>	
	<Abraham_Lincoln>	<linksTo>	<William_Wallace_Lincoln>	
	<Abraham_Lincoln>	<linksTo>	<Robert_Todd_Lincoln>	
	<Abraham_Lincoln>	<linksTo>	<United_States_Senate>	
	<Abraham_Lincoln>	<linksTo>	<George_Peter_Alexander_Healy>	
	<Abraham_Lincoln>	<linksTo>	<Confederate_States_of_America>	
	<Abraham_Lincoln>	<linksTo>	<Separate_Baptists>	
	<Abraham_Lincoln>	<linksTo>	<Lyman_Trumbull>	
	<Abraham_Lincoln>	<linksTo>	<Edward_Baker_Lincoln>	
	<Abraham_Lincoln>	<linksTo>	<Stephen_T._Logan>	
	<Abraham_Lincoln>	<linksTo>	<John_Henry_(representative)>	
	<Abraham_Lincoln>	<linksTo>	<Robert_E._Lee>	
	<Abraham_Lincoln>	<linksTo>	<John_T._Stuart>	
	<Abraham_Lincoln>	<linksTo>	<District_of_Columbia_City_Hall>	
	<Abraham_Lincoln>	<linksTo>	<William_Tecumseh_Sherman>	
	<Abraham_Lincoln>	<linksTo>	<Admission_to_the_bar_in_the_United_States>	
	<Abraham_Lincoln>	<linksTo>	<Electoral_College_(United_States)>	
	<Abraham_Lincoln>	<linksTo>	<Tad_Lincoln>	
	<Abraham_Lincoln>	<linksTo>	<Thanksgiving_(United_States)>	
	<Abraham_Lincoln>	<linksTo>	<William_"Duff"_Armstrong>	
	<Abraham_Lincoln>	<linksTo>	<Frederick_Douglass>	
	<Abraham_Lincoln>	<linksTo>	<Radical_Republicans>	
	<Abraham_Lincoln>	<linksTo>	<Ambrose_Burnside>	
	<Abraham_Lincoln>	<linksTo>	<Trent_Affair>	
	<Abraham_Lincoln>	<linksTo>	<River_Queen_(steamboat)>	
	<Abraham_Lincoln>	<linksTo>	<Benjamin_Wade>	
	<Abraham_Lincoln>	<linksTo>	<American_Civil_War>	
	<Abraham_Lincoln>	<linksTo>	<Secession_in_the_United_States>	
	<Abraham_Lincoln>	<linksTo>	<New_York_City_draft_riots>	
	<Abraham_Lincoln>	<linksTo>	<Ulysses_S._Grant>	
	<Abraham_Lincoln>	<linksTo>	<Department_of_the_West>	
	<Abraham_Lincoln>	<linksTo>	<Charles_Sumner>	
	<Abraham_Lincoln>	<linksTo>	<Frederick_Steele>	
	<Abraham_Lincoln>	<linksTo>	<Appomattox_Court_House>	
	<Abraham_Lincoln>	<linksTo>	<Reconstruction_Era_of_the_United_States>	
	<Abraham_Lincoln>	<linksTo>	<Mexican–American_War>	
	<Abraham_Lincoln>	<linksTo>	<Allan_Pinkerton>	
	<Abraham_Lincoln>	<linksTo>	<Battle_of_Fort_Sumter>	
	<Abraham_Lincoln>	<linksTo>	<Yosemite_National_Park>	
	<Abraham_Lincoln>	<linksTo>	<Jefferson_Davis>	
	<Abraham_Lincoln>	<linksTo>	<Constitutional_Union_Party_(United_States)>	
	<Abraham_Lincoln>	<linksTo>	<Emancipation_Proclamation>	
	<Abraham_Lincoln>	<linksTo>	<Gettysburg_National_Cemetery>	
	<Abraham_Lincoln>	<linksTo>	<Illinois>	
	<Abraham_Lincoln>	<linksTo>	<Founding_Fathers_of_the_United_States>	
	<Abraham_Lincoln>	<linksTo>	<Battle_of_the_Wilderness>	
	<Abraham_Lincoln>	<linksTo>	<Hampton_Roads>	
	<Abraham_Lincoln>	<linksTo>	<Alton_Railroad>	
	<Abraham_Lincoln>	<linksTo>	<David_Hunter>	
	<Abraham_Lincoln>	<linksTo>	<Battle_of_Cold_Harbor>	
	<Abraham_Lincoln>	<linksTo>	<Westminster_Abbey>	
	<Abraham_Lincoln>	<linksTo>	<United_States_five-dollar_bill>	
	<Abraham_Lincoln>	<linksTo>	<Sangamon_County,_Illinois>	
	<Abraham_Lincoln>	<linksTo>	<Mount_Rushmore>	
	<Abraham_Lincoln>	<linksTo>	<Farmers'_Almanac>	
	<Abraham_Lincoln>	<linksTo>	<Cooper_Union_speech>	
	<Abraham_Lincoln>	<linksTo>	<Joseph_Hooker>	
	<Abraham_Lincoln>	<linksTo>	<New_Deal>	
	<Abraham_Lincoln>	<linksTo>	<United_States_Capitol_rotunda>	
	<Abraham_Lincoln>	<linksTo>	<Sherman's_March_to_the_Sea>	
	<Abraham_Lincoln>	<linksTo>	<Ford's_Theatre>	
	<Abraham_Lincoln>	<linksTo>	<Oliver_Wendell_Holmes,_Jr.>	
	<Abraham_Lincoln>	<linksTo>	<Lincoln_cent>	
	<Abraham_Lincoln>	<linksTo>	<Assassination_of_Abraham_Lincoln>	
	<Abraham_Lincoln>	<linksTo>	<Henry_Clay>	
	<Abraham_Lincoln>	<linksTo>	<C-SPAN>	
	<Abraham_Lincoln>	<linksTo>	<Spot_Resolutions>	
	<Abraham_Lincoln>	<linksTo>	<John_Merryman>	
	<Abraham_Lincoln>	<linksTo>	<George_Meade>	
	<Abraham_Lincoln>	<linksTo>	<National_Union_Party_(United_States)>	
	<Aristotle>	<hasWikipediaArticleLength>	"91047"^^xsd:integer	91047
	<Aristotle>	<hasWikipediaUrl>	<http://en.wikipedia.org/wiki/Aristotle>	
	<Aristotle>	<linksTo>	<Andronicus_of_Rhodes>	
	<Aristotle>	<linksTo>	<Philip_II_of_Macedon>	
	<Aristotle>	<linksTo>	<Cassander>	
	<Aristotle>	<linksTo>	<Middle_Ages>	
	<Aristotle>	<linksTo>	<Earth_(classical_element)>	
	<Aristotle>	<linksTo>	<Plutarch>	
	<Aristotle>	<linksTo>	<Strabo>	
	<Aristotle>	<linksTo>	<Platonic_Academy>	
	<Aristotle>	<linksTo>	<Will_(law)>	
	<Aristotle>	<linksTo>	<Stanford_Encyclopedia_of_Philosophy>	
	<Aristotle>	<linksTo>	<Geoffrey_Chaucer>	
	<Aristotle>	<linksTo>	<Conimbricenses>	
	<Aristotle>	<linksTo>	<Martin_Heidegger>	
	<Aristotle>	<linksTo>	<Parallel_Lives>	
	<Aristotle>	<linksTo>	<Diogenes_Laërtius>	
	<Aristotle>	<linksTo>	<J._L._Ackrill>	
	<Aristotle>	<linksTo>	<Aristotelianism>	
	<Aristotle>	<linksTo>	<Universality_(philosophy)>	
	<Aristotle>	<linksTo>	<Callisthenes>	
	<Aristotle>	<linksTo>	<Alcmaeon_of_Croton>	
	<Aristotle>	<linksTo>	<Rembrandt>	
	<Aristotle>	<linksTo>	<Politics_(Aristotle)>	
	<Aristotle>	<linksTo>	<Freiburg_im_Breisgau>	
	<Aristotle>	<linksTo>	<Nicolaus_Copernicus>	
	<Aristotle>	<linksTo>	<John_Burnet_(classicist)>	
	<Aristotle>	<linksTo>	<Lucretius>	
	<Aristotle>	<linksTo>	<Poetics_(Aristotle)>	
	<Aristotle>	<linksTo>	<Cornell_University>	
	<Aristotle>	<linksTo>	<Myles_Burnyeat>	
	<Aristotle>	<linksTo>	<Pythia>	
	<Aristotle>	<linksTo>	<Mnason_of_Phocis>	
	<Aristotle>	<linksTo>	<Bryan_Magee>	
	<Aristotle>	<linksTo>	<Ptolemy_I_Soter>	
	<Aristotle>	<linksTo>	<Ammonius_Hermiae>	
	<Aristotle>	<linksTo>	<Hephaestion>	
	<Aristotle>	<linksTo>	<Alexandria>	
	<Aristotle>	<linksTo>	<Christian_philosophy>	
	<Aristotle>	<linksTo>	<Retrocausality>	
	<Aristotle>	<linksTo>	<The_Canterbury_Tales>	
	<Aristotle>	<linksTo>	<Greeks>	
	<Aristotle>	<linksTo>	<Harpalus>	
	<Aristotle>	<linksTo>	<Tyrannion_of_Amisus>	
	<Aristotle>	<linksTo>	<Principles_of_Geology>	
	<Aristotle>	<linksTo>	<Lyceum_(Classical)>	
	<Aristotle>	<linksTo>	<Averroism>	
	<Aristotle>	<linksTo>	<Alberto_Jori>	
	<Aristotle>	<linksTo>	<Dicaearchus>	
	<Aristotle>	<linksTo>	<Chalcis>	
	<Aristotle>	<linksTo>	<Socrates>	
	<Aristotle>	<linksTo>	<G._E._R._Lloyd>	
	<Aristotle>	<linksTo>	<Athens>	
	<Aristotle>	<linksTo>	<Aristotle_for_Everybody>	
	<Aristotle>	<linksTo>	<Substance_theory>	
	<Aristotle>	<linksTo>	<Xenocrates>	
	<Aristotle>	<linksTo>	<Parts_of_Animals>	
	<Aristotle>	<linksTo>	<Maimonides>	
	<Aristotle>	<linksTo>	<Hylomorphism>	
	<Aristotle>	<linksTo>	<Hermias_of_Atarneus>	
	<Aristotle>	<linksTo>	<Scholasticism>	
	<Aristotle>	<linksTo>	<Aristotelian_view_of_God>	
	<Aristotle>	<linksTo>	<Generation_of_Animals>	
	<Aristotle>	<linksTo>	<Lysippos>	
	<Aristotle>	<linksTo>	<Heraclitus>	
	<Aristotle>	<linksTo>	<Plato>	
	<Aristotle>	<linksTo>	<Milky_Way>	
	<Aristotle>	<linksTo>	<Catholic_Church>	
	<Aristotle>	<linksTo>	<The_School_of_Athens>	
	<Aristotle>	<linksTo>	<Raphael>	
	<Aristotle>	<linksTo>	<Water_(classical_element)>	
	<Aristotle>	<linksTo>	<Renaissance>	
	<Aristotle>	<linksTo>	<Ayn_Rand>	
	<Aristotle>	<linksTo>	<Friedrich_Nietzsche>	
	<Aristotle>	<linksTo>	<Aristoxenus>	
	<Aristotle>	<linksTo>	<Cambridge_University_Press>	
	<Aristotle>	<linksTo>	<Nicolaus_of_Damascus>	
	<Aristotle>	<linksTo>	<Democritus>	
	<Aristotle>	<linksTo>	<Charles_Singer>	
	<Aristotle>	<linksTo>	<Nicomachean_Ethics>	
	<Aristotle>	<linksTo>	<Alexander_the_Great>	
	<Aristotle>	<linksTo>	<Ptolemaic_dynasty>	
	<Aristotle>	<linksTo>	<Air_(classical_element)>	
	<Aristotle>	<linksTo>	<Neleus_of_Scepsis>	
	<Aristotle>	<linksTo>	<Aesop>	
	<Aristotle>	<linksTo>	<Ernst_Mayr>	
	<Aristotle>	<linksTo>	<Suda>	
	<Aristotle>	<linksTo>	<Theophrastus>	
	<Aristotle>	<linksTo>	<Greek_language>	
	<Aristotle>	<linksTo>	<University_of_Freiburg>	
	<Aristotle>	<linksTo>	<Lesbos>	
	<Aristotle>	<linksTo>	<Perseus_Project>	
	<Aristotle>	<linksTo>	<Palaephatus>	
	<Aristotle>	<linksTo>	<Latin>	
	<Aristotle>	<linksTo>	<Duns_Scotus>	
	<Aristotle>	<linksTo>	<Claudius_Aelianus>	
	<Aristotle>	<linksTo>	<Celestial_spheres>	
	<Aristotle>	<linksTo>	<Great_chain_of_being>	
	<Aristotle>	<linksTo>	<Theory_of_Forms>	
	<Aristotle>	<linksTo>	<The_Story_of_Philosophy>	
	<Aristotle>	<linksTo>	<Nicomachus_(father_of_Aristotle)>	
	<Aristotle>	<linksTo>	<Demetrius_of_Phalerum>	
	<Aristotle>	<linksTo>	<Amyntas_III_of_Macedon>	
	<Aristotle>	<linksTo>	<John_Philoponus>	
	<Aristotle>	<linksTo>	<Oxford_Classical_Dictionary>	
	<Aristotle>	<linksTo>	<Herophilos>	
	<Aristotle>	<linksTo>	<Christian_theology>	
	<Aristotle>	<linksTo>	<Ptolemy>	
	<Aristotle>	<linksTo>	<Alasdair_MacIntyre>	
	<Aristotle>	<linksTo>	<William_of_Moerbeke>	
	<Aristotle>	<linksTo>	<Physics_(Aristotle)>	
	<Aristotle>	<linksTo>	<Prior_Analytics>	
	<Aristotle>	<linksTo>	<Empedocles>	
	<Aristotle>	<linksTo>	<Metaphysics_(Aristotle)>	
	<Aristotle>	<linksTo>	<Lucius_Cornelius_Sulla>	
	<Aristotle>	<linksTo>	<Strato_of_Lampsacus>	
	<Aristotle>	<linksTo>	<Avicenna>	
	<Aristotle>	<linksTo>	<W._D._Ross>	
	<Aristotle>	<linksTo>	<Herpyllis>	
	<Aristotle>	<linksTo>	<Diaphragm_(optics)>	
	<Aristotle>	<linksTo>	<Nicomachus_(son_of_Aristotle)>	
	<Aristotle>	<linksTo>	<Pythias>	
	<Aristotle>	<linksTo>	<Albertus_Magnus>	
	<Aristotle>	<linksTo>	<Sophist_(dialogue)>	
	<Aristotle>	<linksTo>	<Parmenides>	
	<Aristotle>	<linksTo>	<Greece>	
	<Aristotle>	<linksTo>	<Thessaloniki>	
	<Aristotle>	<linksTo>	<Bertrand_Russell>	
	<Aristotle>	<linksTo>	<Otium>	
	<Aristotle>	<linksTo>	<Gerard_of_Cremona>	
	<Aristotle>	<linksTo>	<Averroes>	
	<Aristotle>	<linksTo>	<Robert_Drew_Hicks>	
	<Aristotle>	<linksTo>	<Trial_of_Socrates>	
	<Aristotle>	<linksTo>	<Rome>	
	<Aristotle>	<linksTo>	<Speusippus>	
	<Aristotle>	<linksTo>	<Motion_(physics)>	
	<Aristotle>	<linksTo>	<Galileo_Galilei>	
	<Aristotle>	<linksTo>	<Europe>	
	<Aristotle>	<linksTo>	<Aether_(classical_element)>	
	<Aristotle>	<linksTo>	<Meno>	
	<Aristotle>	<linksTo>	<Antipater>	
	<Aristotle>	<linksTo>	<Argonauta_argo>	
	<Aristotle>	<linksTo>	<Summa_Theologica>	
	<Aristotle>	<linksTo>	<On_the_Soul>	
	<Aristotle>	<linksTo>	<Jonathan_Barnes>	
	<Aristotle>	<linksTo>	<Fire_(classical_element)>	
	<Aristotle>	<linksTo>	<Felix_Jacoby>	
	<Aristotle>	<linksTo>	<Thomas_Aquinas>	
	<Aristotle>	<linksTo>	<Historia_Plantarum>	
	<Aristotle>	<linksTo>	<Euboea>	
	<Aristotle>	<linksTo>	<Terence_Irwin>	
	<Aristotle>	<linksTo>	<Dante_Alighieri>	
	<Aristotle>	<linksTo>	<Nuremberg_Chronicle>	
	<Aristotle>	<linksTo>	<Peripatetic_school>	
	<An_American_in_Paris>	<hasWikipediaArticleLength>	"9524"^^xsd:integer	9524
	<An_American_in_Paris>	<hasWikipediaUrl>	<http://en.wikipedia.org/wiki/An_American_in_Paris>	
	<An_American_in_Paris>	<linksTo>	<New_York_Philharmonic>	
	<An_American_in_Paris>	<linksTo>	<Guillaume_Lekeu>	
	<An_American_in_Paris>	<linksTo>	<Johnny_Green>	
	<An_American_in_Paris>	<linksTo>	<Musical_America>	
	<An_American_in_Paris>	<linksTo>	<As_Good_as_It_Gets>	
	<An_American_in_Paris>	<linksTo>	<NBC_Symphony_Orchestra>	
	<An_American_in_Paris>	<linksTo>	<Horn_(instrument)>	
	<An_American_in_Paris>	<linksTo>	<Richard_Wagner>	
	<An_American_in_Paris>	<linksTo>	<Nadia_Boulanger>	
	<An_American_in_Paris>	<linksTo>	<Boston_Pops_Orchestra>	
	<An_American_in_Paris>	<linksTo>	<Leslie_Caron>	
	<An_American_in_Paris>	<linksTo>	<Arturo_Toscanini>	
	<An_American_in_Paris>	<linksTo>	<Philadelphia_Orchestra>	
	<An_American_in_Paris>	<linksTo>	<Maurice_Ravel>	
	<An_American_in_Paris>	<linksTo>	<Carnegie_Hall>	
	<An_American_in_Paris>	<linksTo>	<Arthur_Fiedler>	
	<An_American_in_Paris>	<linksTo>	<Walter_Damrosch>	
	<An_American_in_Paris>	<linksTo>	<Pablo_Picasso>	
	<An_American_in_Paris>	<linksTo>	<Concerto_in_F_(Gershwin)>	
	<An_American_in_Paris>	<linksTo>	<New_York_City>	
	<An_American_in_Paris>	<linksTo>	<Ernest_Hemingway>	
	<An_American_in_Paris>	<linksTo>	<Ternary_form>	
	<An_American_in_Paris>	<linksTo>	<An_American_in_Paris_(film)>	
	<An_American_in_Paris>	<linksTo>	<Gene_Kelly>	
	<An_American_in_Paris>	<linksTo>	<France>	
	<An_American_in_Paris>	<linksTo>	<Paris>	
	<An_American_in_Paris>	<linksTo>	<George_Gershwin>	
	<An_American_in_Paris>	<linksTo>	<Ezra_Pound>	
	<An_American_in_Paris>	<linksTo>	<Vincente_Minnelli>	
	<An_American_in_Paris>	<linksTo>	<Les_Six>	
	<An_American_in_Paris>	<linksTo>	<César_Franck>	
	<An_American_in_Paris>	<linksTo>	<Nathaniel_Shilkret>	
	<An_American_in_Paris>	<linksTo>	<W._B._Yeats>	
	<An_American_in_Paris>	<linksTo>	<Tom-tom_drum>	
	<An_American_in_Paris>	<linksTo>	<Deems_Taylor>	
	<An_American_in_Paris>	<linksTo>	<Claude_Debussy>	
	<Academy_Award_for_Best_Art_Direction>	<hasWikipediaArticleLength>	"89822"^^xsd:integer	89822
	<Academy_Award_for_Best_Art_Direction>	<hasWikipediaUrl>	<http://en.wikipedia.org/wiki/Academy_Award_for_Best_Art_Direction>	
	<Academy_Award_for_Best_Art_Direction>	<linksTo>	<Max_Parker>	
	<Academy_Award_for_Best_Art_Direction>	<linksTo>	<Roger_Ford_(production_designer)>	
	<Academy_Award_for_Best_Art_Direction>	<linksTo>	<Sunset_Boulevard_(film)>	
	<Academy_Award_for_Best_Art_Direction>	<linksTo>	<Wee_Willie_Winkie_(film)>	
	<Academy_Award_for_Best_Art_Direction>	<linksTo>	<Heaven's_Gate_(film)>	
	<Academy_Award_for_Best_Art_Direction>	<linksTo>	<Knights_of_the_Round_Table_(film)>	
	<Academy_Award_for_Best_Art_Direction>	<linksTo>	<Alien_(film)>	
	<Academy_Award_for_Best_Art_Direction>	<linksTo>	<Hal_Gausman>	
	<Academy_Award_for_Best_Art_Direction>	<linksTo>	<William_Ferrari>	
	<Academy_Award_for_Best_Art_Direction>	<linksTo>	<Victor_J._Zolfo>	
	<Academy_Award_for_Best_Art_Direction>	<linksTo>	<Hook_(film)>	
	<Academy_Award_for_Best_Art_Direction>	<linksTo>	<Jean_d'Eaubonne>	
	<Academy_Award_for_Best_Art_Direction>	<linksTo>	<The_Big_Fisherman>	
	<Academy_Award_for_Best_Art_Direction>	<linksTo>	<Dante_Ferretti>	
	<Academy_Award_for_Best_Art_Direction>	<linksTo>	<Lust_for_Life_(film)>	
	<Academy_Award_for_Best_Art_Direction>	<linksTo>	<Blossoms_in_the_Dust>	
	<Academy_Award_for_Best_Art_Direction>	<linksTo>	<Brigadoon_(film)>	
	<Academy_Award_for_Best_Art_Direction>	<linksTo>	<Gretchen_Rau>	
	<Academy_Award_for_Best_Art_Direction>	<linksTo>	<Joe_Alves>	
	<Academy_Award_for_Best_Art_Direction>	<linksTo>	<Arrowsmith_(film)>	
	<Academy_Award_for_Best_Art_Direction>	<linksTo>	<Carefree_(film)>	
	<Academy_Award_for_Best_Art_Direction>	<linksTo>	<Arthur_Lonergan>	
	<Academy_Award_for_Best_Art_Direction>	<linksTo>	<Seven_Samurai>	
	<Academy_Award_for_Best_Art_Direction>	<linksTo>	<Richard_Day_(art_director)>	
	<Academy_Award_for_Best_Art_Direction>	<linksTo>	<Pleasantville_(film)>	
	<Academy_Award_for_Best_Art_Direction>	<linksTo>	<Ralph_S._Hurst>	
	<Academy_Award_for_Best_Art_Direction>	<linksTo>	<Garrett_Lewis>	
	<Academy_Award_for_Best_Art_Direction>	<linksTo>	<Rain_Man>	
	<Academy_Award_for_Best_Art_Direction>	<linksTo>	<Memoirs_of_a_Geisha_(film)>	
	<Academy_Award_for_Best_Art_Direction>	<linksTo>	<Reap_the_Wild_Wind>	
	<Academy_Award_for_Best_Art_Direction>	<linksTo>	<Forrest_Gump>	
	<Academy_Award_for_Best_Art_Direction>	<linksTo>	<Arrigo_Breschi>	
	<Academy_Award_for_Best_Art_Direction>	<linksTo>	<Franz_Bachelin>	
	<Academy_Award_for_Best_Art_Direction>	<linksTo>	<Gil_Parrondo>	
	<Academy_Award_for_Best_Art_Direction>	<linksTo>	<Casey_Roberts>	
	<Academy_Award_for_Best_Art_Direction>	<linksTo>	<Jack_Stubbs>	
	<Academy_Award_for_Best_Art_Direction>	<linksTo>	<The_Last_Samurai>	
	<Academy_Award_for_Best_Art_Direction>	<linksTo>	<Katie_Spencer>	
	<Academy_Award_for_Best_Art_Direction>	<linksTo>	<Stephen_Goosson>	
	<Academy_Award_for_Best_Art_Direction>	<linksTo>	<Anne_Seibel>	
	<Academy_Award_for_Best_Art_Direction>	<linksTo>	<Bruce_Weintraub>	
	<Academy_Award_for_Best_Art_Direction>	<linksTo>	<Mario_Chiari>	
	<Academy_Award_for_Best_Art_Direction>	<linksTo>	<Harry_Lange_(film_designer)>	
	<Academy_Award_for_Best_Art_Direction>	<linksTo>	<The_Longest_Day_(film)>	
	<Academy_Award_for_Best_Art_Direction>	<linksTo>	<What_a_Way_to_Go!>	
	<Academy_Award_for_Best_Art_Direction>	<linksTo>	<Albert_S._D'Agostino>	
	<Academy_Award_for_Best_Art_Direction>	<linksTo>	<Babe_(film)>	
	<Academy_Award_for_Best_Art_Direction>	<linksTo>	<Josie_MacAvin>	
	<Academy_Award_for_Best_Art_Direction>	<linksTo>	<Tony_Inglis>	
	<Academy_Award_for_Best_Art_Direction>	<linksTo>	<Brother_Sun,_Sister_Moon>	
	<Academy_Award_for_Best_Art_Direction>	<linksTo>	<Walter_M._Scott>	
	<Academy_Award_for_Best_Art_Direction>	<linksTo>	<Lady_Sings_the_Blues_(film)>	
	<Academy_Award_for_Best_Art_Direction>	<linksTo>	<Madame_Curie_(film)>	
	<Academy_Award_for_Best_Art_Direction>	<linksTo>	<The_Yearling_(film)>	
	<Academy_Award_for_Best_Art_Direction>	<linksTo>	<Al_Roelofs>	
	<Academy_Award_for_Best_Art_Direction>	<linksTo>	<Joseph_McMillan_Johnson>	
	<Academy_Award_for_Best_Art_Direction>	<linksTo>	<Julia_Heron>	
	<Academy_Award_for_Best_Art_Direction>	<linksTo>	<The_China_Syndrome>	
	<Academy_Award_for_Best_Art_Direction>	<linksTo>	<John_Graysmark>	
	<Academy_Award_for_Best_Art_Direction>	<linksTo>	<Hans_Peters_(art_director)>	
	<Academy_Award_for_Best_Art_Direction>	<linksTo>	<Terence_Marsh>	
	<Academy_Award_for_Best_Art_Direction>	<linksTo>	<Armin_Ganz>	
	<Academy_Award_for_Best_Art_Direction>	<linksTo>	<The_Boys_from_Syracuse_(film)>	
	<Academy_Award_for_Best_Art_Direction>	<linksTo>	<Thoroughly_Modern_Millie>	
	<Academy_Award_for_Best_Art_Direction>	<linksTo>	<Driving_Miss_Daisy>	
	<Academy_Award_for_Best_Art_Direction>	<linksTo>	<Karen_O'Hara>	
	<Academy_Award_for_Best_Art_Direction>	<linksTo>	<Is_Paris_Burning?>	
	<Academy_Award_for_Best_Art_Direction>	<linksTo>	<Howards_End_(film)>	
	<Academy_Award_for_Best_Art_Direction>	<linksTo>	<Lillian_Russell_(film)>	
	<Academy_Award_for_Best_Art_Direction>	<linksTo>	<Jack_Stephens_(set_decorator)>	
	<Academy_Award_for_Best_Art_Direction>	<linksTo>	<Judgment_at_Nuremberg>	
	<Academy_Award_for_Best_Art_Direction>	<linksTo>	<Adventures_of_Don_Juan>	
	<Academy_Award_for_Best_Art_Direction>	<linksTo>	<Pal_Joey_(film)>	
	<Academy_Award_for_Best_Art_Direction>	<linksTo>	<E._Preston_Ames>	
	<Academy_Award_for_Best_Art_Direction>	<linksTo>	<Leslie_Tomkins>	
	<Academy_Award_for_Best_Art_Direction>	<linksTo>	<Elliot_Scott>	
	<Academy_Award_for_Best_Art_Direction>	<linksTo>	<Alan_Tomkins>	
	<Academy_Award_for_Best_Art_Direction>	<linksTo>	<Patrizia_von_Brandenstein>	
	<Academy_Award_for_Best_Art_Direction>	<linksTo>	<Tony_Walton>	
	<Academy_Award_for_Best_Art_Direction>	<linksTo>	<Evita_(film)>	
	<Academy_Award_for_Best_Art_Direction>	<linksTo>	<John_H._Anderson>	
	<Academy_Award_for_Best_Art_Direction>	<linksTo>	<The_Hustler_(film)>	
	<Academy_Award_for_Best_Art_Direction>	<linksTo>	<Robert_Odell>	
	<Academy_Award_for_Best_Art_Direction>	<linksTo>	<Antonio_Mateos>	
	<Academy_Award_for_Best_Art_Direction>	<linksTo>	<The_Fortune_Cookie>	
	<Academy_Award_for_Best_Art_Direction>	<linksTo>	<Ezio_Frigerio>	
	<Academy_Award_for_Best_Art_Direction>	<linksTo>	<George_C._Jenkins>	
	<Academy_Award_for_Best_Art_Direction>	<linksTo>	<Paul_S._Fox>	
	<Academy_Award_for_Best_Art_Direction>	<linksTo>	<Raoul_Pene_Du_Bois>	
	<Academy_Award_for_Best_Art_Direction>	<linksTo>	<Ragtime_(film)>	
	<Academy_Award_for_Best_Art_Direction>	<linksTo>	<The_Remains_of_the_Day_(film)>	
	<Academy_Award_for_Best_Art_Direction>	<linksTo>	<Red_Garters_(film)>	
