<id_1bcczro_1s2_pc2dz5>	<Lenílson_Porto_Peixoto>	<isAffiliatedTo>	<América_Futebol_Clube_(SP)>	
<id_jqyg1z_zkl_1xi58gi>	<Jefferson_County,_Texas>	<owns>	<Jack_Brooks_Regional_Airport>	
<id_zw0wm0_1s2_1b1jycx>	<Tom_Hartley>	<isAffiliatedTo>	<Sinn_Féin>	
<id_f258yz_1gi_15sq7rt>	<Tony_Gibson>	<created>	<Ghetto_Blaster_(video_game)>	
<id_6z0jld_ice_qhtymo>	<Mänttä-Vilppula>	<hasWebsite>	<http://www.manttavilppula.fi>	
<id_ha2a9a_1s2_4mobd4>	<Luis_Carlos_Martín>	<isAffiliatedTo>	<Real_Murcia_Imperial>	
<id_tbw8rw_p3m_zkjp59>	<William_I,_Duke_of_Bavaria>	<hasGender>	<male>	
<id_1e7i0ut_1gi_50uey2>	<Paul_Redford>	<created>	<The_Portland_Trip>	
<id_c6ds23_1ul_q9yabg>	<Jean-Claude_Darcheville>	<playsFor>	<Kavala_F.C.>	
<id_1rx0dux_z7a_rhd6l5>	<Kumamoto_Prefectural_Theater>	<isLocatedIn>	<Kumamoto_Prefecture>	
<id_i22isi_z7a_36zb1a>	<Westwood_Junction,_California>	<isLocatedIn>	<United_States>	
<id_1uo2a7n_1ul_rsmi4v>	<Almamy_Schuman_Bah>	<playsFor>	<Clermont_Foot>	
<id_1csq73n_p3m_zkjp59>	<Frank_Johnson_(rugby_league)>	<hasGender>	<male>	
<id_1u05dbr_p3m_edkbbg>	<Empress_Xiaogongren>	<hasGender>	<female>	
<id_1galjgu_z7a_1c2okpm>	<Letniki,_Podlaskie_Voivodeship>	<isLocatedIn>	<Gmina_Dobrzyniewo_Duże>	
<id_km39u8_10x_1rcsupo>	<Li_Xiaolin>	<graduatedFrom>	<Tsinghua_University>	
<id_12om73x_oyl_27wsag>	<Roderick_Scott>	<wasBornIn>	<London>	
<id_94j6xi_1s2_2wevio>	<David_Nugent>	<isAffiliatedTo>	<Liverpool_F.C.>	
<id_xalmox_1s2_xvcfzu>	<Richard_Carmona>	<isAffiliatedTo>	<Democratic_Party_(United_States)>	
<id_5l7npj_z7a_8txuqw>	<Westport,_Oregon>	<isLocatedIn>	<Clatsop_County,_Oregon>	
<id_1dkrf1w_oyl_7oii9p>	<Kite_Thomas>	<wasBornIn>	<Kansas_City,_Kansas>	
<id_1q7pv55_z7a_3vehhs>	<Lapenty>	<isLocatedIn>	<Lower_Normandy>	
<id_1a9zsqc_oyl_5blrya>	<Paul_Ysebaert>	<wasBornIn>	<Sarnia>	
<id_ptbc5p_z7a_1ibrvx7>	<Bon_Air_(Tampa)>	<isLocatedIn>	<Hillsborough_County,_Florida>	
<id_izyosz_z7a_1o2sr48>	<Central_Lakes_State_Trail>	<isLocatedIn>	<Central_Minnesota>	
<id_sazoe6_1ul_1g1klff>	<Richard_Bohomo>	<playsFor>	<Kuala_Muda_Naza_FC>	
<id_1l70pe1_z7a_rnqc0n>	<Cielechowizna>	<isLocatedIn>	<Masovian_Voivodeship>	
<id_1buhip4_z7a_1gcccga>	<Center_Township,_Snyder_County,_Pennsylvania>	<isLocatedIn>	<Pennsylvania>	
<id_79q3mq_z7a_1bod0p3>	<Franklin,_Tennessee>	<isLocatedIn>	<Williamson_County,_Tennessee>	
<id_1ruck2t_p3m_zkjp59>	<Raynal_Bolling>	<hasGender>	<male>	
<id_c5y42e_1gi_2ft8rz>	<Phideaux_Xavier>	<created>	<Doomsday_Afternoon>	
<id_edrcnu_dhj_ejim4g>	<Helen_Brockman>	<diedIn>	<Manhattan,_Kansas>	
<id_1awmdzd_1ul_13i947v>	<Daniel_Zaccanti>	<playsFor>	<KF_Tirana>	
<id_16ozvni_z7a_1pvb69q>	<Sobkowice>	<isLocatedIn>	<Gmina_Kostomłoty>	
<id_1ua56lo_1s2_f39q01>	<Ante_Tomić_(basketball)>	<isAffiliatedTo>	<Real_Madrid_Baloncesto>	
<id_hpv2j6_10x_18zklrz>	<Augustin_Ahimana>	<graduatedFrom>	<Fuller_Theological_Seminary>	
<id_14302bc_p3m_zkjp59>	<Clint_Ballard,_Jr.>	<hasGender>	<male>	
<id_s2vycl_z7a_1u2y8ju>	<Shiruyeh>	<isLocatedIn>	<Ruin_Rural_District>	
<id_x0m2x4_1ul_20obby>	<Massimo_Oddo>	<playsFor>	<Italy_national_football_team>	
<id_1nywpjq_1ul_ubfy57>	<Csaba_Balog>	<playsFor>	<Zalaegerszegi_TE>	
<id_11jan8a_z7a_1atjych>	<Loftahammar>	<isLocatedIn>	<Kalmar_County>	
<id_fjm6r3_z7a_cgsiq4>	<Helena_Valley_Northwest,_Montana>	<isLocatedIn>	<Montana>	
<id_9qkimj_oyl_1424n6y>	<Enrico_Mattei>	<wasBornIn>	<Acqualagna>	
<id_aym99n_1s2_vs7ss>	<Cory_Riordan>	<isAffiliatedTo>	<Colorado_Rockies>	
<id_qxwd5z_oyl_11il7ng>	<Janar_Talts>	<wasBornIn>	<Tallinn>	
<id_1hsbfud_z7a_916he3>	<Bere_Regis>	<isLocatedIn>	<South_West_England>	
<id_sn9pmo_z7a_zjx1yu>	<Bili,_Ardabil>	<isLocatedIn>	<Iran>	
<id_14r58b3_1ul_13o20wt>	<Jurgen_Colin>	<playsFor>	<RKC_Waalwijk>	
<id_10m8sld_z7a_2g9g7g>	<FANUC>	<isLocatedIn>	<Oshino,_Yamanashi>	
<id_j62540_z7a_1xqr31i>	<San_Fernando,_Pampanga>	<isLocatedIn>	<Central_Luzon>	
<id_1ysavo4_oyl_2s8hfp>	<Pankit_Thakker>	<wasBornIn>	<Mumbai>	
<id_1cbrqt4_z7a_rnqc0n>	<Jelonki,_Masovian_Voivodeship>	<isLocatedIn>	<Masovian_Voivodeship>	
<id_ochfp9_1hp_3mlg34>	<Richard_Band>	<wroteMusicFor>	<Shadowzone_(film)>	
<id_c0bvvy_1s2_or63m6>	<Alexandre_Paes_Lopes>	<isAffiliatedTo>	<Sport_Club_do_Recife>	
<id_8o9fwt_1ul_c519km>	<Jan_Žemlík>	<playsFor>	<MFK_Frýdek-Místek>	
<id_1pechj8_p3m_zkjp59>	<Thomas_S._Martin>	<hasGender>	<male>	
<id_9jt7t4_1gi_1kx0d04>	<Dan'l_Danehy_Oakes>	<created>	<Tales_from_Jabba's_Palace>	
<id_1j5nrmk_1gi_1vimja8>	<Blonde_Redhead>	<created>	<Melody_of_Certain_Damaged_Lemons>	
<id_1lr4jkv_1s2_wh91z4>	<Moris_Carrozzieri>	<isAffiliatedTo>	<A.S._Andria_BAT>	
<id_16twfz4_ice_ykwe35>	<Catholic_Central_High_School_(Manistee,_Michigan)>	<hasWebsite>	<http://www.sabers.org>	
<id_u09q0z_dhj_tnbe1p>	<Earl_Hammond>	<diedIn>	<New_York_City>	
<id_1vvozhi_evc_1gcebsl>	<Battle_of_Ebelsberg>	<happenedIn>	<Austria>	
<id_1l482o2_1s2_euyp5w>	<William_C._Moulton>	<isAffiliatedTo>	<Republican_Party_(United_States)>	
<id_41v4so_gar_1v5k3ak>	<Victor_Moore>	<actedIn>	<Dangerous_Nan_McGrew>	
<id_1hi6x1x_p3m_zkjp59>	<Sergey_Marchuk>	<hasGender>	<male>	
<id_1koh80l_z7a_1nclfta>	<Marymount_College,_Tarrytown>	<isLocatedIn>	<New_York>	
<id_1d3s2ia_p3m_zkjp59>	<Eckhard_Christian>	<hasGender>	<male>	
<id_1jmz109_1gi_t71dyx>	<Peter_Pinne>	<created>	<In_Your_Arms_(Love_song_from_"Neighbours")>	
<id_v9bcjt_ice_fraki6>	<Blanchester,_Ohio>	<hasWebsite>	<http://www.blanchester.com/>	
<id_10tunwc_p3m_zkjp59>	<Hub_(bassist)>	<hasGender>	<male>	
<id_1iynyqt_1gi_12ej4va>	<People's_Television_Network>	<created>	<Teledyaryo>	
<id_1ayzw7e_p3m_zkjp59>	<Clay_Perry_(baseball)>	<hasGender>	<male>	
<id_1n7xdl4_p3m_zkjp59>	<Giovanni_Sartori>	<hasGender>	<male>	
<id_1g7oqlk_oyl_duang>	<Derek_Holland>	<wasBornIn>	<Newark,_Ohio>	
<id_1g7oqlk_oyl_12ic49y>	<Derek_Holland>	<wasBornIn>	<Newark,_Ohio>	
<id_fqqvbe_1ul_wwgqnr>	<Abdoul_Salam_Sow>	<playsFor>	<Hafia_Football_Club>	
<id_omf74t_dhj_5audg5>	<Richard_Williams_(RAAF_officer)>	<diedIn>	<Melbourne>	
<id_zz3kbl_1gi_7ruh46>	<Telligent_Systems>	<created>	<Telligent_Community>	
<id_rbwdep_tje_36zb1a>	<Laura_Hickman>	<isCitizenOf>	<United_States>	
<id_1wau7sx_z7a_7juwj5>	<Baldeo>	<isLocatedIn>	<Mathura_district>	
<id_1fdww9k_z7a_omoffl>	<Tongla_Kenga>	<isLocatedIn>	<Mongar_District>	
<id_1appfia_p3m_zkjp59>	<Jeremiah_Ryan>	<hasGender>	<male>	
<id_1puj3rf_dhj_1cg0avf>	<William_Farnum>	<diedIn>	<Los_Angeles>	
<id_1uynwy4_z7a_1w1716w>	<Varkiza>	<isLocatedIn>	<East_Attica>	
<id_1t7znr6_1s2_15rkoj1>	<Mattia_Pin>	<isAffiliatedTo>	<Crociati_Noceto>	
<id_8o4w64_z7a_t0nqjw>	<UNAH_Library>	<isLocatedIn>	<Honduras>	
<id_8o4w64_z7a_10ldys1>	<UNAH_Library>	<isLocatedIn>	<Honduras>	
<id_o5kumi_zkl_pk4zd6>	<Indiana>	<owns>	<Sarah_T._Bolton_(relief)>	
<id_a7qqc_13l_42asye>	<Luciano_Salce>	<directed>	<Le_pillole_di_Ercole>	
<id_107cyuv_z7a_1m2dm5x>	<São_Sebastião_do_Caí>	<isLocatedIn>	<Rio_Grande_do_Sul>	
<id_13rxt6x_z7a_rnqc0n>	<Władysławów,_Zwoleń_County>	<isLocatedIn>	<Masovian_Voivodeship>	
<id_ub5xj8_p3m_zkjp59>	<Mark_Hendrick>	<hasGender>	<male>	
<id_1c645fq_gar_7v7xw>	<Bill_Owen_(actor)>	<actedIn>	<The_Ship_That_Died_of_Shame>	
<id_1bn61ke_dhj_1i3uobv>	<Gopal_Chandra_Bhattacharya>	<diedIn>	<Kolkata>	
<id_7sxd4y_p3m_zkjp59>	<Paulo_Roberto_Marqués_Roris>	<hasGender>	<male>	
<id_179sg3o_1s2_115kmst>	<Aleksandr_Prudnikov>	<isAffiliatedTo>	<FC_Anzhi_Makhachkala>	
<id_gmvtee_p3m_zkjp59>	<Simon_Widdup>	<hasGender>	<male>	
<id_1nw7raz_ab2_49glp8>	<Lester_Mendez>	<hasWonPrize>	<Latin_Grammy_Award>	
<id_1r2zee8_z7a_vj7xa3>	<Burlington_Curling_Club>	<isLocatedIn>	<Burlington,_Ontario>	
<id_dyvsrk_p3m_zkjp59>	<Jean-Baptiste_Martenot>	<hasGender>	<male>	
<id_1wxx28x_z7a_1nclfta>	<Geneva,_New_York>	<isLocatedIn>	<New_York>	
<id_zk54cq_z7a_w6itit>	<WHVO>	<isLocatedIn>	<Hopkinsville,_Kentucky>	
<id_1gumcvj_p3m_zkjp59>	<Einar_Kristinn_Guðfinnsson>	<hasGender>	<male>	
<id_a17c7l_1gi_1ojz3ak>	<Saffire_(video_game_developer)>	<created>	<Microsoft_Pinball_Arcade>	
<id_79ctsi_z7a_1du7r0z>	<Constantine,_Algeria>	<isLocatedIn>	<Constantine_Province>	
<id_501rmd_z7a_wpdvon>	<Southern_University_System>	<isLocatedIn>	<Louisiana>	
<id_ryg5zh_p3m_zkjp59>	<Jason_Bourgeois>	<hasGender>	<male>	
<id_lihccu_p3m_zkjp59>	<Steve_Strachan>	<hasGender>	<male>	
<id_n3ib7f_p3m_zkjp59>	<Georg_Semper>	<hasGender>	<male>	
<id_1n4jioy_z7a_m3ghjt>	<Yeonyeopsan_(North_Gyeongsang)>	<isLocatedIn>	<North_Gyeongsang_Province>	
<id_1n4jioy_z7a_1k1oqgs>	<Yeonyeopsan_(North_Gyeongsang)>	<isLocatedIn>	<North_Gyeongsang_Province>	
<id_zbuunh_z7a_1lypiez>	<Yuzhong_Subdistrict>	<isLocatedIn>	<Huangshan_City>	
<id_1p7cl30_p3m_edkbbg>	<Siobhan_Heekin-Canedy>	<hasGender>	<female>	
<id_10qdmn3_1gi_huzddo>	<Loona>	<created>	<Baila_Mi_Ritmo>	
<id_1skqfyk_oyl_4colsa>	<Chris_Fleming>	<wasBornIn>	<Chicago>	
<id_oxu9vt_z7a_165h2yx>	<Hkamti_Township>	<isLocatedIn>	<Hkamti_District>	
<id_1pbghyy_p3m_zkjp59>	<William_McKinley,_Sr.>	<hasGender>	<male>	
<id_s4kbh2_1s2_1yjmrdz>	<Jonathon_Blum>	<isAffiliatedTo>	<Nashville_Predators>	
<id_vv0n8z_1s2_kr9t76>	<Horace_Walpole>	<isAffiliatedTo>	<Whig_(British_political_party)>	
<id_qdi2d3_1s2_1595a1a>	<Sergio_Reina>	<isAffiliatedTo>	<C.S._Cartaginés>	
<id_tvrznu_1gi_18rwa4z>	<John_Power_(musician)>	<created>	<Guiding_Star_(song)>	
<id_v6yoqf_ice_47nsle>	<Pride_International>	<hasWebsite>	<http://www.prideinternational.com>	
<id_1wlntzz_1gi_1pru0e0>	<Walter_Scott>	<created>	<The_Abbot>	
<id_vw4ghg_gar_934mss>	<Blanca_Guerra>	<actedIn>	<Santa_Sangre>	
<id_16yeou0_1gi_10qdpp9>	<Guy_Berryman>	<created>	<Lost!>	
<id_dp9hw9_z7a_grtftc>	<Czajków,_Masovian_Voivodeship>	<isLocatedIn>	<Siedlce_County>	
<id_1pnpz9j_p3m_zkjp59>	<Andrew_Dice_Clay>	<hasGender>	<male>	
<id_lc8y32_z7a_1yoykag>	<Eccleston_Paddocks>	<isLocatedIn>	<Eccleston,_Cheshire>	
<id_c9cs33_1ul_6hd37b>	<Martín_Tenemás>	<playsFor>	<Juan_Aurich>	
<id_1souqra_1s2_1o7aysj>	<Manuel_Hegen>	<isAffiliatedTo>	<VfB_Stuttgart>	
<id_1x9iy8w_z7a_5bpmr4>	<Brunndöbra_(river)>	<isLocatedIn>	<Saxony>	
<id_wsi3e8_zkl_3ibqm0>	<Barrington_Broadcasting>	<owns>	<WSTQ-LP>	
<id_tb66im_ice_1jtgs9n>	<Posthuman_(band)>	<hasWebsite>	<http://www.posthumanmusic.com/>	
<id_1wblvhb_z7a_1q852bj>	<Eastview,_Tennessee>	<isLocatedIn>	<McNairy_County,_Tennessee>	
<id_1cho6in_p3m_zkjp59>	<John_Morrissey_(footballer)>	<hasGender>	<male>	
<id_1pwro6g_p3m_zkjp59>	<William_Fetter>	<hasGender>	<male>	
<id_z3bxvi_z7a_hub4bb>	<Hatzor_Airbase>	<isLocatedIn>	<Hatzor>	
<id_1q4hjk1_12k_1j6amt>	<Raja_Ram_Pal>	<livesIn>	<Kanpur>	
<id_ve0444_11e_l7nf1h>	<Charlotte_Marguerite_de_Montmorency>	<hasChild>	<Louis,_Grand_Condé>	
<id_nuf39y_1gi_zjfrhp>	<Chuck_Rose>	<created>	<Terror_Squad_(film)>	
<id_totrfb_z7a_8vrsks>	<Prudenville,_Michigan>	<isLocatedIn>	<Michigan>	
<id_11c40dw_z7a_1yxadn1>	<ALBA_Graduate_Business_School>	<isLocatedIn>	<Greece>	
<id_1im8sdb_1oy_1elfzqq>	<Paul_Child_(singer)>	<hasMusicalRole>	<wordnet_vocal_music_107282006>	
<id_p2u5bd_1s2_20vqem>	<Lindenbergh_Francisco_da_Silva>	<isAffiliatedTo>	<Associação_Atlética_Ponte_Preta>	
<id_tbfglu_1ul_10osr59>	<Robert_Almer>	<playsFor>	<DSV_Leoben>	
<id_54gddk_1sv_1azo7ha>	<Bernie_Wrightson>	<influences>	<Alex_Ross>	
<id_1iqpbp1_p3m_zkjp59>	<Matthew_Couch>	<hasGender>	<male>	
<id_1j545k_p3m_zkjp59>	<Kalulu>	<hasGender>	<male>	
<id_1pwro6h_p3m_zkjp59>	<William_Fettes>	<hasGender>	<male>	
<id_r8ayfm_z7a_1qajofm>	<Shamsabad,_Farrukhabad>	<isLocatedIn>	<Farrukhabad_district>	
<id_xmqvb9_12k_6coxek>	<Jeje_Odongo>	<livesIn>	<Uganda>	
<id_h8bwm3_oyl_1wk3vwh>	<Arseniy_Yatsenyuk>	<wasBornIn>	<Chernivtsi>	
<id_1i08lse_zkl_w0260c>	<Meitetsu>	<owns>	<Meitetsu_Chita_New_Line>	
<id_bqwkfm_p3m_zkjp59>	<Nate_Kaeding>	<hasGender>	<male>	
<id_8jhj9_z7a_1nclfta>	<Water_Mill,_New_York>	<isLocatedIn>	<New_York>	
<id_vulsu0_gar_57uwj>	<Chinmoy_Roy>	<actedIn>	<Goopy_Gyne_Bagha_Byne>	
<id_oriv3f_1s2_1wu0p98>	<Gary_Freeman_(basketball)>	<isAffiliatedTo>	<Liège_Basket>	
<id_dylapy_p3m_edkbbg>	<Tracey_Richardson>	<hasGender>	<female>	
<id_1nywuu7_p3m_zkjp59>	<Jani_Lakanen>	<hasGender>	<male>	
<id_174pndx_gar_1j12dwg>	<Rajeev_Khandelwal>	<actedIn>	<Soundtrack_(film)>	
<id_1jjd2ym_ice_10w8118>	<St_Killian's_College>	<hasWebsite>	<http://www.stkillianscollege.org.uk>	
<id_1k370ef_1hp_10dy5a8>	<Alex_Wurman>	<wroteMusicFor>	<Getting_In>	
<id_3qfkgy_1oy_y5zoq9>	<Dara_Maclean>	<hasMusicalRole>	<wordnet_guitar_103467517>	
<id_1dm1c29_1s2_1q7p4hc>	<Mohamed_Traoré>	<isAffiliatedTo>	<Mali_national_football_team>	
<id_lymq9n_1ul_1whh0ae>	<Omar_Wade>	<playsFor>	<Boluspor>	
<id_hapz7i_ice_krrdtb>	<Hawker_Beechcraft>	<hasWebsite>	<http://www.hawkerbeechcraft.com>	
<id_zaol3e_1gi_1jl5qhj>	<Armando_Manzanero>	<created>	<Somos_Novios_(It's_Impossible)>	
<id_cbgbb0_p3m_edkbbg>	<Maria_Plass>	<hasGender>	<female>	
<id_85ip01_1gi_146p16z>	<Nick_Atkinson>	<created>	<Staring_at_the_Sun_(Rooster_song)>	
<id_1apwfzl_z7a_dewwxe>	<Workman_Township,_Aitkin_County,_Minnesota>	<isLocatedIn>	<Minnesota>	
<id_1c4t329_1ul_17ir3cy>	<Paul_Marshall_(footballer)>	<playsFor>	<Walsall_F.C.>	
<id_j66a5h_1gi_h8e7b3>	<Tom_Rush>	<created>	<Merrimack_County_(album)>	
<id_1jo5w3p_11e_1vyxepc>	<Harry_Stockwell>	<hasChild>	<Guy_Stockwell>	
<id_bk7dep_p3m_zkjp59>	<Arthur_O._Friel>	<hasGender>	<male>	
<id_wwneny_1ul_1tw5voi>	<Antonio_Mohamed>	<playsFor>	<Toros_Neza>	
<id_kl38yq_z7a_8vrsks>	<Russell_Island_(Michigan)>	<isLocatedIn>	<Michigan>	
<id_1xbbbv3_z7a_2dk3tx>	<Devsar>	<isLocatedIn>	<Navsari_district>	
<id_1h4ofd7_p3m_zkjp59>	<Gido_Babilonia>	<hasGender>	<male>	
<id_8wib1y_p3m_zkjp59>	<David_Charles_(philosopher)>	<hasGender>	<male>	
<id_1hc6dih_oyl_1uqk48e>	<Byron_Cook_(Texas_politician)>	<wasBornIn>	<Abilene,_Texas>	
<id_7423jr_z7a_vhlak0>	<Colegio_Nacional_de_la_Capital>	<isLocatedIn>	<Asunción>	
<id_sa4cet_z7a_5ngqoc>	<Ytterhogdal>	<isLocatedIn>	<Sweden>	
<id_1we81f0_p3m_zkjp59>	<Guy_Hendrix_Dyas>	<hasGender>	<male>	
<id_9lhf6w_z7a_rqb0c8>	<Upper_Austrian_Prealps>	<isLocatedIn>	<Upper_Austria>	
<id_1dw6q2o_z7a_vdzs55>	<Nutter_Center>	<isLocatedIn>	<Greene_County,_Ohio>	
<id_1oor3a1_gar_1xx04nx>	<Sunil_Shetty>	<actedIn>	<Enemmy>	
<id_35bzd3_1gi_fe2451>	<Jorge_González_(musician)>	<created>	<Esta_es_para_hacerte_feliz>	
<id_3w7cx9_p3m_zkjp59>	<Marcelino_Britapaja>	<hasGender>	<male>	
<id_1jlfaq8_1s2_zhe8gs>	<Jamie_Green_(footballer)>	<isAffiliatedTo>	<Grimsby_Town_F.C.>	
<id_hwes5q_z7a_o6ta41>	<Jos_East>	<isLocatedIn>	<Nigeria>	
<id_1cfwnwl_gar_y25x99>	<Aubrey_Plaza>	<actedIn>	<Mystery_Team>	
<id_4v0f23_p3m_zkjp59>	<Jim_Smith_(writer)>	<hasGender>	<male>	
<id_10pxq8g_z7a_ijdlu>	<Kurow>	<isLocatedIn>	<New_Zealand>	
<id_868qk5_1ul_esn3e5>	<Paulinho_Cascavel>	<playsFor>	<Vitória_S.C.>	
<id_we1ewd_1s2_ohy4r2>	<Felipe_Ventura_dos_Santos>	<isAffiliatedTo>	<S.C._Braga>	
<id_1icd6ng_1ul_1yat2oi>	<Delron_Buckley>	<playsFor>	<VfL_Bochum_II>	
<id_1w4j91h_z7a_1s4h8at>	<Ilgininkai>	<isLocatedIn>	<Alytus_County>	
<id_1gpp1zs_ab2_k85yoq>	<Michael_Horace_Miller>	<hasWonPrize>	<Air_Force_Cross_(United_Kingdom)>	
<id_tb44ij_p3m_zkjp59>	<Tom_Anderson>	<hasGender>	<male>	
<id_1py5cmr_z7a_pzsous>	<Novo_Selo_(Trgovište)>	<isLocatedIn>	<Pčinja_District>	
<id_28ejey_1s2_g7ri7b>	<Mitch_Cook>	<isAffiliatedTo>	<Scarborough_F.C.>	
<id_w5g00h_1s2_sorz1d>	<John_Frowen>	<isAffiliatedTo>	<Cardiff_City_F.C.>	
<id_923yiz_ice_1gbi5oz>	<Reagrupament>	<hasWebsite>	<http://www.reagrupament.cat/>	
<id_1p5sjnh_oyl_p7zv7v>	<Kim_Han-Yoon>	<wasBornIn>	<Gyeongsan>	
<id_1wcqbvp_oyl_148gn2x>	<Sergei_Piskunov>	<wasBornIn>	<Magnitogorsk>	
<id_1oef25h_p3m_zkjp59>	<Royd_Anderson>	<hasGender>	<male>	
<id_avjx4b_12k_zk77xr>	<Graeme_Moodie>	<livesIn>	<York>	
<id_j67743_ab2_6xni5m>	<Saga_(band)>	<hasWonPrize>	<Juno_Award>	
<id_6hfy82_z7a_tk09e1>	<Notre_Dame_de_Sion>	<isLocatedIn>	<Kansas_City,_Missouri>	
<id_124mex_z7a_7wsdf7>	<Janeži>	<isLocatedIn>	<Lower_Carniola>	
<id_dtf35b_1s2_1pu0fx0>	<Yacine_Hima>	<isAffiliatedTo>	<Al-Watani>	
<id_s6lz41_1gi_17wdgzd>	<Crashdïet>	<created>	<Chemical_(song)>	
<id_bbt55j_1gi_4sctby>	<Yui_(singer)>	<created>	<Hello_(Paradise_Kiss)>	
<id_zk08hs_1s2_1b97r9y>	<Jorge_De_Olivera>	<isAffiliatedTo>	<Club_Olimpo>	
<id_1s2hhhy_1gi_16qgzfs>	<Glen_A._Larson>	<created>	<The_Night_the_Cylons_Landed>	
<id_i9z0ju_1s2_vf5qe1>	<Tommaso_Caudera>	<isAffiliatedTo>	<A.S.D._Junior_Biellese_Libertas>	
<id_bpx16m_p3m_edkbbg>	<Geneviève_de_Fontenay>	<hasGender>	<female>	
<id_3sn9hy_1s2_1m3v2jg>	<Jamie_Bond_(footballer)>	<isAffiliatedTo>	<Fitzroy_Football_Club>	
<id_1ibfowc_1s2_19ewudp>	<Hanif_Omranzadeh>	<isAffiliatedTo>	<PAS_Tehran_F.C.>	
<id_m9dt9d_14p_ib21i1>	<Khabarovsk_Novy_Airport>	<isConnectedTo>	<Beijing_Capital_International_Airport>	
<id_10krx0m_z7a_1i8mp5v>	<Birni>	<isLocatedIn>	<Kouandé>	
<id_z7jwkf_1s2_nh4hh0>	<Kenny_Black>	<isAffiliatedTo>	<Rangers_F.C.>	
<id_1of6jv6_zkl_11500gf>	<Korean_Broadcasting_System>	<owns>	<KBS_World>	
<id_1jxgf4k_z7a_11oo50b>	<Sekolah_Menengah_Kebangsaan_Taman_Universiti>	<isLocatedIn>	<Malaysia>	
<id_1wba3mq_1s2_1hde83c>	<Arthur_Melmoth_Walters>	<isAffiliatedTo>	<England_national_football_team>	
<id_8rlf99_p3m_zkjp59>	<Stanoje_Glavaš>	<hasGender>	<male>	
<id_1e1vpmc_z7a_hovdx6>	<Danish_Union_of_Metalworkers>	<isLocatedIn>	<Denmark>	
<id_1pme78y_oyl_mwgsam>	<Yoko_Horiuchi>	<wasBornIn>	<Sapporo>	
<id_4clwv2_ab2_1biod1w>	<Andrea_Barrett>	<hasWonPrize>	<National_Book_Award>	
<id_14ctw78_z7a_3y6jv>	<Xinlong,_Dongfang>	<isLocatedIn>	<Hainan>	
<id_1w0kes7_p3m_zkjp59>	<Dov_Gazit>	<hasGender>	<male>	
<id_zbrm5m_1s2_195uwl>	<Rory_May>	<isAffiliatedTo>	<Willenhall_Town_F.C.>	
<id_17sab7h_1gi_12kmmi8>	<Kany_García>	<created>	<Esta_Vida_Tuya_Y_Mía>	
<id_3fbd4x_oyl_567t7d>	<Bernard_Blier>	<wasBornIn>	<Buenos_Aires>	
<id_188gvfd_z7a_zlogr8>	<Tojšići>	<isLocatedIn>	<Tuzla_Canton>	
<id_vufmyd_p3m_zkjp59>	<Hamidul_Islam>	<hasGender>	<male>	
<id_1kxo9uv_ice_1d8u75c>	<Norman_Lowell>	<hasWebsite>	<http://www.imperium-europa.org>	
<id_156qhnl_1s2_1jtsbnt>	<Andreas_Dober>	<isAffiliatedTo>	<Portland_Timbers>	
<id_14hql4g_1ul_43izl9>	<Sara_Monforte>	<playsFor>	<Spain_women's_national_football_team>	
<id_11olxh2_z7a_10kzktv>	<Hpanaing>	<isLocatedIn>	<Burma>	
<id_151tuux_z7a_3vehhs>	<Muneville-le-Bingard>	<isLocatedIn>	<Lower_Normandy>	
<id_12dkdlg_p3m_zkjp59>	<Leonidas_Kavakos>	<hasGender>	<male>	
<id_10x9yr9_z7a_13tbybc>	<Yamaq>	<isLocatedIn>	<Kharaqan-e_Sharqi_Rural_District>	
<id_1nagbbf_1s2_1orlpz6>	<David_Sesa>	<isAffiliatedTo>	<Rovigo_Calcio>	
<id_1eytg4o_z7a_oge81i>	<Breitenbush,_Oregon>	<isLocatedIn>	<Marion_County,_Oregon>	
<id_zosvx9_1ul_u9fs8v>	<Timur_Taukenov>	<playsFor>	<PFC_Spartak_Nalchik>	
<id_vem23h_11e_joyrl8>	<Amadeo_I_of_Spain>	<hasChild>	<Prince_Emanuele_Filiberto,_Duke_of_Aosta>	
<id_1al0132_1gi_vksdoj>	<Beverly_Cleary>	<created>	<Ramona's_World>	
<id_5dhmed_z7a_i3u1w8>	<SeaWeb>	<isLocatedIn>	<Washington,_D.C.>	
<id_1nx7nz5_z7a_1yk1ee0>	<Trường_Thủy>	<isLocatedIn>	<Vietnam>	
<id_7rkbi0_p3m_zkjp59>	<Oskar_Grippenberg>	<hasGender>	<male>	
<id_1ttpbyq_1gi_1f3zess>	<Leftover_Salmon>	<created>	<Ask_the_Fish>	
<id_pjxjk4_p3m_zkjp59>	<Usama_al-Nujayfi>	<hasGender>	<male>	
<id_1nmjj52_1s2_143h2c>	<Volodymyr_Lyutyi>	<isAffiliatedTo>	<Soviet_Union_national_football_team>	
<id_yg6g8g_14p_2h7xva>	<Kotoka_International_Airport>	<isConnectedTo>	<Malabo>	
<id_b7d2uk_p3m_zkjp59>	<John_Hunter_(British_politician)>	<hasGender>	<male>	
<id_1krihoq_1gi_pbeo3k>	<Elizabeth_Parker_(composer)>	<created>	<The_Living_Planet>	
<id_36a3cs_oyl_9dv7ex>	<Bucky_Richardson>	<wasBornIn>	<Baton_Rouge,_Louisiana>	
<id_36a3cs_oyl_1ef105v>	<Bucky_Richardson>	<wasBornIn>	<Baton_Rouge,_Louisiana>	
<id_1jcvh6w_z7a_1udcyes>	<Wellton,_Arizona>	<isLocatedIn>	<Yuma_County,_Arizona>	
<id_2xdiw5_p3m_zkjp59>	<Kristoffer_Ericson>	<hasGender>	<male>	
<id_19f0b5_z7a_2tblar>	<Uniszki_Gumowskie>	<isLocatedIn>	<Mława_County>	
<id_11fqool_z7a_36zb1a>	<The_Mambo_Kings>	<isLocatedIn>	<United_States>	
<id_oih7t7_1ul_flphr3>	<Michael_Aspin>	<playsFor>	<Chester_F.C.>	
<id_vijxvr_1ul_tffmuv>	<Billy_Lee_(footballer)>	<playsFor>	<West_Bromwich_Albion_F.C.>	
<id_1j9srg2_z7a_1bw4mbl>	<Museum_of_Modern_Art_of_Algiers>	<isLocatedIn>	<Algeria>	
<id_1jxeqqi_ice_18dgrzi>	<Zabłudów>	<hasWebsite>	<http://um-zabludow.pbip.pl>	
<id_lo55nd_p3m_zkjp59>	<Jamie_Baillie>	<hasGender>	<male>	
<id_q0hrz1_p3m_zkjp59>	<Brandon_Ruckdashel>	<hasGender>	<male>	
<id_nasug6_p3m_zkjp59>	<Adam_Pretty>	<hasGender>	<male>	
<id_12sq8ul_1s2_308lg0>	<Gaetano_Giallanza>	<isAffiliatedTo>	<Norwich_City_F.C.>	
<id_1aomy2b_gar_fgksmh>	<Bobby_Andrews>	<actedIn>	<Wala_Na_Bang_Pag-ibig>	
<id_r78r1e_p3m_edkbbg>	<Gaby_Morlay>	<hasGender>	<female>	
<id_jxaxe5_z7a_fb1zzo>	<Courtmacsherry>	<isLocatedIn>	<Munster>	
<id_1sj8rbv_1s2_erdz5>	<Aloys_Nong>	<isAffiliatedTo>	<KV_Mechelen>	
<id_7mouza_p3m_edkbbg>	<Perpetua_Nkwocha>	<hasGender>	<female>	
<id_17veub5_z7a_qnavor>	<Vilablareix>	<isLocatedIn>	<Province_of_Girona>	
<id_1ur3tnt_10x_gqyapp>	<Selman_Waksman>	<graduatedFrom>	<Rutgers_University>	
<id_5pv482_p3m_zkjp59>	<Salvador_Puig_Antich>	<hasGender>	<male>	
<id_nojruk_z7a_1pjz6kh>	<Chełchy,_Masovian_Voivodeship>	<isLocatedIn>	<Gmina_Sypniewo>	
<id_13hbbks_10x_1jekvoj>	<Robert_Metzenberg>	<graduatedFrom>	<California_Institute_of_Technology>	
<id_16hafk9_z7a_yb0ef1>	<Plettenberg_(mountain)>	<isLocatedIn>	<Zollernalbkreis>	
<id_2nb2t_z7a_1cv5y2v>	<WLLS-LP>	<isLocatedIn>	<Indiana,_Pennsylvania>	
<id_1ttvb6w_z7a_zi2r0l>	<Ain_Kalaieh>	<isLocatedIn>	<Bala_Taleqan_Rural_District>	
<id_7obh55_z7a_1iyioot>	<Danieltown,_Virginia>	<isLocatedIn>	<Brunswick_County,_Virginia>	
<id_1871y2d_z7a_jlh441>	<Ōamishirasato,_Chiba>	<isLocatedIn>	<Chiba_Prefecture>	
<id_1t3xdz_1ul_1isgfa9>	<Yevgeni_Kukulyak>	<playsFor>	<PFC_CSKA_Moscow>	
<id_wyi5ok_p3m_zkjp59>	<Andy_Brick>	<hasGender>	<male>	
<id_1871y2d_z7a_1lnqar5>	<Ōamishirasato,_Chiba>	<isLocatedIn>	<Chiba_Prefecture>	
<id_1i3mspw_1s2_1ri7qin>	<Adam_Griffiths>	<isAffiliatedTo>	<Gippsland_Falcons>	
<id_huifzw_12k_1o03ao>	<Han_Jong_In>	<livesIn>	<North_Korea>	
<id_17aowgd_1gi_18q56zc>	<Sandro_Petraglia>	<created>	<My_Brother_is_an_Only_Child>	
<id_1an5t26_z7a_x8koj9>	<Wayne_Trace_High_School>	<isLocatedIn>	<Paulding_County,_Ohio>	
<id_2vz79x_1gi_1y0bm05>	<Sammi_Cheng>	<created>	<Holiday_(Sammi_Cheng_album)>	
<id_1ppxx5s_p3m_zkjp59>	<John_Burn_(bishop)>	<hasGender>	<male>	
<id_14gcmy1_dhj_1mhxtal>	<Julian_of_Sora>	<diedIn>	<Sora,_Lazio>	
<id_xuevyn_1ul_1ocau3f>	<Laure_Lepailleur>	<playsFor>	<France_women's_national_football_team>	
<id_xempzf_1gi_10cxivl>	<Richard_Waring_(writer)>	<created>	<Not_in_Front_of_the_Children>	
<id_1lqi3h0_ice_1si5ycb>	<Trois-Rivières>	<hasWebsite>	<http://www.v3r.net>	
<id_1cslbpv_1ul_10ztcqn>	<Recep_Niyaz>	<playsFor>	<Fenerbahçe_S.K._Academy>	
<id_19w7az2_oyl_3jyi4l>	<Taylor_Mueller>	<wasBornIn>	<Kirkland,_Washington>	
<id_1det2nx_1s2_1o24i0e>	<Troy_Douglin>	<isAffiliatedTo>	<Celtic_F.C.>	
<id_3ynvgj_12k_1nn3opk>	<Randi_Zuckerberg>	<livesIn>	<California>	
<id_edrppv_1gi_hhipnt>	<Kohei_Tanaka_(composer)>	<created>	<Gravity_Rush>	
<id_jpstzx_1s2_z2cjaj>	<Antonio_Moreno_(footballer)>	<isAffiliatedTo>	<Atlético_Madrid>	
<id_15oejmb_1ul_1fb1nuw>	<Joelson_Santos_Silva>	<playsFor>	<Esporte_Clube_Bahia>	
<id_1jlb95f_z7a_fqbnl7>	<Tornante_Company>	<isLocatedIn>	<Beverly_Hills,_California>	
<id_vjmf4d_z7a_87febl>	<Le_Claire,_Iowa>	<isLocatedIn>	<Quad_Cities>	
<id_qdll07_z7a_zilu1v>	<Stop_Making_Sense>	<isLocatedIn>	<United_States>	
<id_1u1go2c_oyl_10t8b8g>	<Carlos_Ernesto_Castro>	<wasBornIn>	<Quito>	
<id_368zkz_z7a_18jm3e8>	<Młodocin>	<isLocatedIn>	<Kuyavian-Pomeranian_Voivodeship>	
<id_9rmy42_oyl_1bkcdpb>	<Benazir_Bhutto>	<wasBornIn>	<Karachi>	
<id_1hyxczg_p3m_edkbbg>	<Nnenna_Freelon>	<hasGender>	<female>	
<id_1akbfcq_1sv_174qlid>	<Conan_O'Brien>	<influences>	<KevJumba>	
<id_1x1yrq4_p3m_zkjp59>	<Ned_Hayes>	<hasGender>	<male>	
<id_qm4xbi_z7a_1ysiq7a>	<Getty_Oil>	<isLocatedIn>	<East_Meadow,_New_York>	
<id_z4yy2z_p3m_zkjp59>	<William_Moriarty>	<hasGender>	<male>	
<id_ibwltb_1gi_13n64vz>	<Piet_Souer>	<created>	<My_Man_(Luv'_song)>	
<id_1lxshl_p3m_edkbbg>	<Michelle_Sutcliffe>	<hasGender>	<female>	
<id_1r9mn0g_ice_reslim>	<Roman_Catholic_Diocese_of_Fairbanks>	<hasWebsite>	<http://www.cbna.info/>	
<id_1pl5phn_z7a_18d27se>	<Dust_Mohammad>	<isLocatedIn>	<Hirmand_County>	
<id_109l3yy_1ul_u3gb>	<Naoya_Saeki>	<playsFor>	<Kokushikan_University>	
<id_teno8x_1ul_l1n0m4>	<Zhang_Chen>	<playsFor>	<Shanghai_Pudong_Zobon_F.C.>	
<id_1il71wn_p3m_zkjp59>	<Colin_Powell>	<hasGender>	<male>	
<id_1ocldf1_p3m_zkjp59>	<Eliezer_Shlomovich>	<hasGender>	<male>	
<id_34zxsu_14p_10q4ixi>	<Quatro_de_Fevereiro_Airport>	<isConnectedTo>	<Lagos>	
<id_1w4xack_z7a_1ps6vcu>	<Austra>	<isLocatedIn>	<Nordland>	
<id_1q0x83e_1ul_4ewmrn>	<José_Carlos_dos_Anjos_Sávio>	<playsFor>	<Paraná_Clube>	
<id_xkn49t_dhj_2s8hfp>	<Ajit_Vachani>	<diedIn>	<Mumbai>	
<id_mj0bzi_gar_lwcu1x>	<Ronald_Lewis_(actor)>	<actedIn>	<Conspiracy_of_Hearts>	
<id_5t8d69_z7a_1e7xof1>	<Windham_Township,_Portage_County,_Ohio>	<isLocatedIn>	<Portage_County,_Ohio>	
<id_1touhnm_z7a_441xmy>	<Brynica>	<isLocatedIn>	<Poland>	
<id_4dqqd4_z7a_6tpkz6>	<Mineros_de_Fresnillo>	<isLocatedIn>	<Fresnillo>	
<id_1ab299f_ab2_j7rd2y>	<Ernst_Hammer>	<hasWonPrize>	<Knight's_Cross_of_the_Iron_Cross>	
<id_18wokts_1gi_1rygnhg>	<Henry_Wilson_Allen>	<created>	<Young_Billy_Young>	
<id_2kuaio_z7a_10ulrw9>	<Conroe,_Texas>	<isLocatedIn>	<Texas>	
<id_1ir8mja_1ul_521x8w>	<Renato_Civelli>	<playsFor>	<Club_Atlético_Banfield>	
<id_1nzoi5e_z7a_13i9usi>	<Panitya,_Victoria>	<isLocatedIn>	<Mildura>	
<id_qhalcu_z7a_1bw4mbl>	<El_Achour>	<isLocatedIn>	<Algeria>	
<id_ihs04u_z7a_mujvr7>	<Merafong_City_Local_Municipality>	<isLocatedIn>	<West_Rand_District_Municipality>	
<id_4pnri_oyl_vqytsy>	<Magoichi_Tawara>	<wasBornIn>	<Hamada,_Shimane>	
<id_13jyu46_1s2_1d440eu>	<Dušan_Tesařík>	<isAffiliatedTo>	<FC_Baník_Ostrava>	
<id_1uvazyk_p3m_zkjp59>	<John_Stenhouse_Goldie-Taubman>	<hasGender>	<male>	
<id_f3kd8j_ice_aj6q2z>	<Her_Majesty's_Government_Communications_Centre>	<hasWebsite>	<http://www.hmgcc.gov.uk>	
<id_1vceof2_1s2_1gnvvns>	<Jonas_Jessue_da_Silva_Júnior>	<isAffiliatedTo>	<Botafogo_Futebol_Clube_(SP)>	
<id_66ghev_1s2_aslo6c>	<Iris_DeBrito>	<isAffiliatedTo>	<Chicago_Spurs>	
<id_1ie6ugj_z7a_1jtsgfz>	<Dalang_Arena>	<isLocatedIn>	<Dongguan>	
<id_1na3fab_1s2_rceygv>	<Fábio_Paím>	<isAffiliatedTo>	<F.C._Paços_de_Ferreira>	
<id_vez1ak_1s2_b8lxmf>	<Nicolas_Sahnoun>	<isAffiliatedTo>	<Dijon_FCO>	
<id_16i7qj1_z7a_441xmy>	<Naborowiec>	<isLocatedIn>	<Poland>	
<id_w5ltkk_z7a_1hz1gza>	<Ląd,_Greater_Poland_Voivodeship>	<isLocatedIn>	<Greater_Poland_Voivodeship>	
<id_14plh18_z7a_1uzj9i2>	<Technomate>	<isLocatedIn>	<London>	
<id_1okcesl_p3m_zkjp59>	<Yasuharu_Takanashi>	<hasGender>	<male>	
<id_htu04n_z7a_elb7ha>	<Belgrano_Department,_Santa_Fe>	<isLocatedIn>	<Santa_Fe_Province>	
<id_ha1gyt_z7a_sepgyb>	<Şəhər_bağında_xalq_gəzintisi>	<isLocatedIn>	<Azerbaijan>	
<id_14qvhja_1gi_5mnh0a>	<Jackie_DeShannon>	<created>	<This_Is_Jackie_DeShannon>	
<id_6ni49q_z7a_1gz12g7>	<Pang_Hin_Fon>	<isLocatedIn>	<Thailand>	
<id_1a9gmi3_1ul_1ww0b2l>	<Roger_Quenolle>	<playsFor>	<Paris_Saint-Germain_F.C.>	
<id_qdlea_1ul_1owd5z9>	<Armando_Wila>	<playsFor>	<Puebla_F.C.>	
<id_8zoi4m_12c_ht090f>	<Israel_Defense_Forces>	<participatedIn>	<Operation_Bringing_Home_the_Goods>	
<id_zjxmif_z7a_1ussr02>	<KPYK>	<isLocatedIn>	<Terrell,_Texas>	
<id_3kd6vd_1s2_1nefakk>	<Gadzhi_Navruzov>	<isAffiliatedTo>	<FC_Sportakademklub_Moscow>	
<id_xnczdv_oyl_ilw2bi>	<Daniel_Fernholm>	<wasBornIn>	<Stockholm>	
<id_19djpym_gar_1ygj4p1>	<Jorge_Sanz>	<actedIn>	<Year_of_Enlightment>	
<id_t7ddw5_z7a_f9hppy>	<Hovey_Lake-Klein_Archeological_Site>	<isLocatedIn>	<Posey_County,_Indiana>	
<id_4ma3cs_ice_76qyav>	<Columbia_Southern_University>	<hasWebsite>	<http://www.columbiasouthern.edu>	
<id_ms9ldc_z7a_1l0jgij>	<Spring_of_St._Anna,_Rivne_region,_Ukraine>	<isLocatedIn>	<Ukraine>	
<id_1qpirvc_z7a_vzac1r>	<Krivače_(Han_Pijesak)>	<isLocatedIn>	<Han_Pijesak>	
<id_5cwj8u_oyl_10uu0wk>	<Craig_Alcock>	<wasBornIn>	<Truro>	
<id_ray5b3_1ul_1syu0fp>	<Rasmus_Lindgren>	<playsFor>	<Sweden_national_football_team>	
<id_5zgkoa_1gi_oydpl9>	<Jolina_Magdangal>	<created>	<Forever_Jolina>	
<id_hgwydg_oyl_bgw7by>	<Jeff_Salazar>	<wasBornIn>	<Oklahoma_City>	
<id_1jf7f07_z7a_ubgmc8>	<Duboistown,_Pennsylvania>	<isLocatedIn>	<Lycoming_County,_Pennsylvania>	
<id_hgwydg_oyl_pxrc4d>	<Jeff_Salazar>	<wasBornIn>	<Oklahoma_City>	
<id_e6xp46_z7a_5audg5>	<Euroa,_Victoria>	<isLocatedIn>	<Melbourne>	
<id_yrw5zt_p3m_zkjp59>	<Michel_Lévêque>	<hasGender>	<male>	
<id_1eueiwc_12k_132kukh>	<Travis_Childers>	<livesIn>	<Booneville,_Mississippi>	
<id_19r42xe_oyl_1fr5xsj>	<Luna_Vachon>	<wasBornIn>	<Atlanta>	
<id_19r42xe_oyl_1r2hkfs>	<Luna_Vachon>	<wasBornIn>	<Atlanta>	
<id_1alw4vx_z7a_27wsag>	<London_Canal_Museum>	<isLocatedIn>	<London>	
<id_1703pk_1hp_1tl332y>	<Maury_Laws>	<wroteMusicFor>	<The_Mouse_on_the_Mayflower>	
<id_1qy4u66_tje_36zb1a>	<Ricky_Wilson_(basketball)>	<isCitizenOf>	<United_States>	
<id_5lxuvb_14p_1rpnfly>	<Berlin_Brandenburg_Airport>	<isConnectedTo>	<Pula_Airport>	
<id_1eo4kd9_z7a_36zb1a>	<Macon,_Georgia>	<isLocatedIn>	<United_States>	
<id_1tg5l7q_p3m_zkjp59>	<Joseph_Knowland>	<hasGender>	<male>	
<id_1j2j1iz_1ul_1l3tofo>	<Charles_Ducasse>	<playsFor>	<FC_Girondins_de_Bordeaux>	
<id_bvi4yp_1ul_tupxfj>	<Gwennan_Harries>	<playsFor>	<Everton_L.F.C.>	
<id_eo79mi_z7a_1vyipdd>	<Kaga-Bandoro>	<isLocatedIn>	<Central_African_Republic>	
<id_16vk0vt_p3m_zkjp59>	<Cal_Massey>	<hasGender>	<male>	
<id_1nk46o0_1s2_1cbsuwv>	<Paul_McCrossan>	<isAffiliatedTo>	<Progressive_Conservative_Party_of_Canada>	
<id_sxqxjt_z7a_10kzktv>	<Yamethin>	<isLocatedIn>	<Burma>	
<id_u7yam2_p3m_zkjp59>	<Isidro_Márquez>	<hasGender>	<male>	
<id_ytdd16_1s2_que3mo>	<Moshe_Selecter>	<isAffiliatedTo>	<Hapoel_Kfar_Saba_F.C.>	
<id_iji6x4_z7a_1lqxc0l>	<Borowe,_Warmian-Masurian_Voivodeship>	<isLocatedIn>	<Gmina_Sorkwity>	
<id_66msxq_p3m_zkjp59>	<Dennis_Canfield>	<hasGender>	<male>	
<id_5jrb8i_p3m_edkbbg>	<Harriet_Phipps>	<hasGender>	<female>	
<id_1fq13qy_p3m_zkjp59>	<Athol_Moffitt>	<hasGender>	<male>	
<id_qn5amo_z7a_3dgk4n>	<WAPT_(TV)>	<isLocatedIn>	<Jackson,_Mississippi>	
<id_4tm9zj_1ul_20nue8>	<Mark_E'Beyer>	<playsFor>	<Cambridge_City_F.C.>	
<id_1wzj499_13l_1qtdac8>	<Sam_Wood>	<directed>	<For_Whom_the_Bell_Tolls_(film)>	
<id_zilpc1_z7a_1jwbinw>	<Nex>	<isLocatedIn>	<Serangoon>	
<id_17i873c_z7a_1blrg33>	<Connect_(trade_union)>	<isLocatedIn>	<United_Kingdom>	
<id_1td8gl1_10x_1jbm2f4>	<Charles_Augustus_Young>	<graduatedFrom>	<Dartmouth_College>	
<id_ybfi8l_1ul_bwb6vy>	<Darren_Freeman>	<playsFor>	<Worthing_F.C.>	
<id_1mestk7_z7a_36zb1a>	<Can't_Hurry_Love>	<isLocatedIn>	<United_States>	
<id_1rfizjc_gar_ohz38w>	<Kathie_Browne>	<actedIn>	<Hondo_(TV_series)>	
<id_1mieyum_z7a_r5m2pk>	<Proszówka>	<isLocatedIn>	<Gmina_Gryfów_Śląski>	
<id_1705tlo_z7a_qposdd>	<Catbalogan>	<isLocatedIn>	<Philippines>	
<id_ye5gsm_1s2_135ajsg>	<Sean_Roberts_(soccer)>	<isAffiliatedTo>	<Mamelodi_Sundowns_F.C.>	
<id_lm3t8x_z7a_15bnsbw>	<Nowe_Siołkowice>	<isLocatedIn>	<Gmina_Popielów>	
<id_17n9f3w_12c_1nywq8w>	<Kingdom_of_Holland>	<participatedIn>	<War_of_the_Fourth_Coalition>	
<id_p1eb86_p3m_zkjp59>	<Ritchie_Jones>	<hasGender>	<male>	
<id_mfuczm_z7a_xbxrk8>	<St_John_the_Divine's_Church,_Pemberton>	<isLocatedIn>	<Pemberton,_Greater_Manchester>	
<id_165ft98_1gi_dt5h0a>	<André_Pieyre_de_Mandiargues>	<created>	<The_Girl_on_a_Motorcycle>	
<id_ha0qww_p3m_zkjp59>	<Marc_Reagan>	<hasGender>	<male>	
<id_18ym95q_gar_moaxtq>	<Peter_Stormare>	<actedIn>	<Bad_Boys_II>	
<id_1464qd_ice_bm5kh>	<Jeeran>	<hasWebsite>	<http://www.jeeran.com>	
<id_1il2qw8_z7a_10u1t3o>	<TS_Entertainment>	<isLocatedIn>	<Seoul>	
<id_1q3q0n6_z7a_txumgd>	<Mantorville_Township,_Dodge_County,_Minnesota>	<isLocatedIn>	<Dodge_County,_Minnesota>	
<id_1tlq541_gar_hh8s3r>	<Shin_Min-a>	<actedIn>	<Sad_Movie>	
<id_15t0zig_p3m_zkjp59>	<Ahmad_Hassan_Stakoza>	<hasGender>	<male>	
<id_vyepuz_p3m_zkjp59>	<Taizō_Sugimura>	<hasGender>	<male>	
<id_vhf83k_z7a_ess81h>	<Românul_River>	<isLocatedIn>	<Romania>	
<id_12idtob_p3m_zkjp59>	<John_Seys-Llewellyn>	<hasGender>	<male>	
<id_18ho5dk_1ul_mhugay>	<Ibai_Gómez>	<playsFor>	<Athletic_Bilbao>	
<id_1gsncw3_ice_x8j64a>	<Trio_(Swedish_band)>	<hasWebsite>	<http://www.therhythmisodd.com>	
<id_2u0rls_z7a_1y3kn0l>	<The_Saddle_Club>	<isLocatedIn>	<Yarra_Valley>	
<id_11h9r0i_ice_1s058na>	<Social_Democratic_Party_of_Switzerland>	<hasWebsite>	<http://www.sp-ps.ch/>	
<id_zrn0g1_p3m_zkjp59>	<Clifton_Geathers>	<hasGender>	<male>	
<id_3qljdb_z7a_10kxejg>	<Vrbovik>	<isLocatedIn>	<Breza>	
<id_noolhe_p3m_zkjp59>	<Fritz_Wittmann>	<hasGender>	<male>	
<id_4geh11_z7a_grtftc>	<Pruszynek>	<isLocatedIn>	<Siedlce_County>	
<id_whwfq8_ice_9nb0ul>	<Boyd_Rice>	<hasWebsite>	<http://www.boydrice.com>	
<id_8beczy_z7a_1ivxpct>	<Ally,_Haute-Loire>	<isLocatedIn>	<Auvergne_(region)>	
<id_30ddvi_p3m_zkjp59>	<Rajeev_Bagga>	<hasGender>	<male>	
<id_12crz2c_ice_1eq2524>	<Tom_Blenkinsop>	<hasWebsite>	<http://www.tomblenkinsop.com/>	
<id_1rzoatk_1ul_1z10mm9>	<Kirk_Broadfoot>	<playsFor>	<Scotland_national_football_team>	
<id_pwhlud_ice_1uftj9x>	<Montichiari>	<hasWebsite>	<http://www.comune.montichiari.bs.it>	
<id_1hd9qvx_z7a_11hsgf7>	<Springfield,_South_Carolina>	<isLocatedIn>	<Orangeburg_County,_South_Carolina>	
<id_14k02le_z7a_ess81h>	<Valea_Priponului_River>	<isLocatedIn>	<Romania>	
<id_1w7txyw_z7a_1kekila>	<Delaware_State_Police>	<isLocatedIn>	<Dover,_Delaware>	
<id_1x7vmbb_13l_tqqb7b>	<S._P._Jananathan>	<directed>	<E_(film)>	
<id_uatz7v_z7a_6pikdp>	<Gmina_Będków>	<isLocatedIn>	<Tomaszów_Mazowiecki_County>	
<id_354hp3_ice_853jo3>	<David_Banner>	<hasWebsite>	<http://www.facebook.com/Davidbanner>	
<id_1s2hhhy_1gi_1pvfr2h>	<Glen_A._Larson>	<created>	<Spaceball_(Battlestar_Galactica)>	
<id_11wjco7_1ul_s8u1t2>	<Pierre_Grillet>	<playsFor>	<France_national_football_team>	
<id_s8pdsi_z7a_1f32f7l>	<Zon,_Burkina_Faso>	<isLocatedIn>	<Bam_Province>	
<id_pkhox0_ab2_1i4731w>	<Angel_Corella>	<hasWonPrize>	<Prix_Benois_de_la_Danse>	
<id_1ikvsl_p3m_zkjp59>	<Oddvar_Stenstrøm>	<hasGender>	<male>	
<id_1n16i9b_1s2_19l9yeg>	<Dai_Richards>	<isAffiliatedTo>	<Merthyr_Town_F.C.>	
<id_1cyu104_13l_1mc97er>	<Tony_Richardson>	<directed>	<A_Taste_of_Honey_(film)>	
<id_kylvz7_1ul_ezdji>	<Michael_Devine_(footballer)>	<playsFor>	<Cork_City_F.C.>	
<id_1xu1o3o_19y_jj8v9t>	<John_Adams_Dix>	<holdsPoliticalPosition>	<United_States_Secretary_of_the_Treasury>	
<id_warbzg_p3m_zkjp59>	<Don_Peattie>	<hasGender>	<male>	
<id_5ni309_14p_1o9vjh3>	<Jinan_Yaoqiang_International_Airport>	<isConnectedTo>	<Changsha>	
<id_1gp71o9_p3m_edkbbg>	<Virginia_Driving_Hawk_Sneve>	<hasGender>	<female>	
<id_15fwfx8_z7a_11bklq>	<Fairmont_City,_Illinois>	<isLocatedIn>	<Madison_County,_Illinois>	
<id_1hst3vq_1gi_f6c2mr>	<Heather_Headley>	<created>	<This_Is_Who_I_Am_(Heather_Headley_album)>	
<id_1wfkt27_z7a_inji5d>	<Vogričevci>	<isLocatedIn>	<Slovenia>	
<id_h534ee_z7a_7sxd2e>	<Xiamen_International_Bank>	<isLocatedIn>	<Xiamen>	
<id_13wwct5_z7a_xxu7pl>	<River_Valley_High_School_(Bidwell,_Ohio)>	<isLocatedIn>	<Gallia_County,_Ohio>	
<id_4391bd_oyl_1swljqz>	<Leroy_Thompson_(running_back)>	<wasBornIn>	<Knoxville,_Tennessee>	
<id_xt8x89_zkl_zk4zpr>	<Pamal_Broadcasting>	<owns>	<WBNR>	
<id_5x81bz_z7a_sepgyb>	<Dələli>	<isLocatedIn>	<Azerbaijan>	
<id_1dmzxsf_p3m_zkjp59>	<Horace_Sweeney_Oakley>	<hasGender>	<male>	
<id_6n8c9v_p3m_zkjp59>	<Artaxiad_Dynasty>	<hasGender>	<male>	
<id_2qquvr_p3m_zkjp59>	<Pamphilus_of_Caesarea>	<hasGender>	<male>	
<id_1tvvhwy_p3m_zkjp59>	<Oleksandr_Bagach>	<hasGender>	<male>	
<id_1jr9vcz_tje_36zb1a>	<Nikole_Zivalich>	<isCitizenOf>	<United_States>	
<id_1gbdjjj_1s2_1sp3cyv>	<Levy_Thorpe>	<isAffiliatedTo>	<Rochdale_A.F.C.>	
<id_15ca1ky_gar_1qcnbrq>	<Chiranjeevi>	<actedIn>	<Kirayi_Rowdylu>	
<id_1h3u2d5_1s2_gohtyo>	<Mark_Sale>	<isAffiliatedTo>	<Rushden_&_Diamonds_F.C.>	
<id_fmykzb_ab2_1mk0qg0>	<Paul_Quarrington>	<hasWonPrize>	<Stephen_Leacock_Memorial_Medal_for_Humour>	
<id_1kxa2zc_oyl_1swr3uu>	<Duncan_Milroy>	<wasBornIn>	<Edmonton>	
<id_1llfp5x_1gi_1sw86ct>	<Anna_Gordy_Gaye>	<created>	<Baby,_I'm_for_Real>	
<id_l367uw_z7a_1jtqa4g>	<Dhumbadiya>	<isLocatedIn>	<Jalore_district>	
<id_10xprzb_z7a_o7uah1>	<Yzeux>	<isLocatedIn>	<Picardy>	
<id_1143w6n_oyl_1ymp658>	<Elaine_Pagels>	<wasBornIn>	<Palo_Alto,_California>	
<id_u9fmog_1ul_i14mev>	<Roger_Guerreiro>	<playsFor>	<Poland_national_football_team>	
<id_1074k0o_gar_kfk5nh>	<Jack_Richardson_(actor)>	<actedIn>	<Trapped_in_a_Forest_Fire>	
<id_e9tvh3_1s2_1sy4lbi>	<Fernando_Picun>	<isAffiliatedTo>	<Danubio_F.C.>	
<id_w6j2pm_p3m_zkjp59>	<Richard_B._North>	<hasGender>	<male>	
<id_qudybr_1ul_oafd1c>	<Hugo_Évora>	<playsFor>	<CS_Luceafărul_Oradea>	
<id_uzyog1_z7a_6iw2kn>	<Forthbach>	<isLocatedIn>	<North_Rhine-Westphalia>	
<id_1r8n4p9_1ul_12d2ygi>	<Ralph_Banks>	<playsFor>	<Aldershot_F.C.>	
<id_142m4wf_p3m_zkjp59>	<Dennis_Bekkers>	<hasGender>	<male>	
<id_1joym2z_1gi_j1x6ez>	<Don_Omar>	<created>	<Dale_Don_Dale>	
<id_axnque_z7a_1rbcfei>	<Eastside_Historic_Cemetery_District>	<isLocatedIn>	<Detroit>	
<id_1q78wze_z7a_mrrh0j>	<Comilla_City_Corporation>	<isLocatedIn>	<Bangladesh>	
<id_axnque_z7a_hs9ml7>	<Eastside_Historic_Cemetery_District>	<isLocatedIn>	<Detroit>	
<id_17vpg04_1s2_v3xb4s>	<Morris_Stevenson>	<isAffiliatedTo>	<Hibernian_F.C.>	
<id_5wa0kd_1gi_1r717gg>	<Bill_Evans>	<created>	<Turn_Out_the_Stars>	
<id_s2oymm_dhj_2042a7>	<The_Great_Gama>	<diedIn>	<Lahore>	
<id_1cghnmq_oyl_5uo9mw>	<Gegard_Mousasi>	<wasBornIn>	<Tehran>	
<id_60qvma_p3m_edkbbg>	<Olita_Rause>	<hasGender>	<female>	
<id_koajkn_ab2_vtxiiy>	<Komura_Jutarō>	<hasWonPrize>	<Order_of_the_Paulownia_Flowers>	
<id_as5fbm_1gi_16fu5l1>	<William_F._Gernandt>	<created>	<Clay_County_Courthouse_(Nebraska)>	
<id_ph9520_z7a_1ri9w71>	<Momenabad>	<isLocatedIn>	<Azna_County>	
<id_1i4dbl9_1s2_sv2f84>	<Ricky_Pierce>	<isAffiliatedTo>	<Denver_Nuggets>	
<id_19pjiq3_p3m_zkjp59>	<Frederick_A._Conkling>	<hasGender>	<male>	
<id_1ajmm9u_p3m_zkjp59>	<Chico_Fernández>	<hasGender>	<male>	
<id_16jcn0u_z7a_jvpof1>	<Muzaffar_Pur>	<isLocatedIn>	<Mianwali_District>	
<id_ves5ly_p3m_zkjp59>	<Pablo_Schreiber>	<hasGender>	<male>	
<id_8eyrc5_1s2_15mrrto>	<Kevin_Bond_(footballer)>	<isAffiliatedTo>	<Manchester_City_F.C.>	
<id_1y33pej_1gi_edew6f>	<Steven_Pressfield>	<created>	<Gates_of_Fire>	
<id_11950ih_1s2_vxy367>	<Javi_Soria>	<isAffiliatedTo>	<UB_Conquense>	
<id_1m7jl9_p3m_zkjp59>	<Olivier_Jardé>	<hasGender>	<male>	
<id_e698dd_1s2_imzgwf>	<Rubén_Alonso>	<isAffiliatedTo>	<Fuerte_San_Francisco>	
<id_x1uoem_z7a_t0fvte>	<Damengcun>	<isLocatedIn>	<Xingtai>	
<id_1pyiobl_z7a_1g9dqw6>	<Šumeđe>	<isLocatedIn>	<Virovitica-Podravina_County>	
<id_xjx0gw_z7a_qposdd>	<Ubay,_Bohol>	<isLocatedIn>	<Philippines>	
<id_10q4ycm_z7a_sepgyb>	<Güləh>	<isLocatedIn>	<Azerbaijan>	
<id_zln6c1_z7a_143cri1>	<China_Spring,_Texas>	<isLocatedIn>	<McLennan_County,_Texas>	
<id_tpos1q_z7a_ly8uf1>	<Doonan,_Queensland>	<isLocatedIn>	<Sunshine_Coast,_Queensland>	
<id_1rhykrp_ice_2ns2w0>	<St_Aidan's_Anglican_Girls'_School>	<hasWebsite>	<http://www.staidan.qld.edu.au>	
<id_1u17ntq_1gi_1ossmr7>	<Helmet_(band)>	<created>	<Helmet_discography>	
<id_1ujydz0_p3m_edkbbg>	<Jessie_James>	<hasGender>	<female>	
<id_mgexj1_z7a_441xmy>	<Grabno,_Warmian-Masurian_Voivodeship>	<isLocatedIn>	<Poland>	
<id_1xg5hum_1s2_5n7mb3>	<Deives_Thiago_Santos_da_Silva>	<isAffiliatedTo>	<Esporte_Clube_Avenida>	
<id_4cdj8o_p3m_zkjp59>	<Pyotr_Zayev>	<hasGender>	<male>	
<id_10jihhv_z7a_1vznmc3>	<Sheldon_Jackson_College>	<isLocatedIn>	<Alaska>	
<id_gw1ztc_oyl_1j8d8z1>	<Mariel_Hemingway>	<wasBornIn>	<Mill_Valley,_California>	
<id_6wziex_p3m_zkjp59>	<Nelson_V._Brittin>	<hasGender>	<male>	
<id_xuzivz_1s2_xvcfzu>	<Sharon_Weston_Broome>	<isAffiliatedTo>	<Democratic_Party_(United_States)>	
<id_b1nq4d_z7a_q6kjcs>	<Sarare_River>	<isLocatedIn>	<Colombia>	
<id_5yp08b_p3m_zkjp59>	<Leroy_"Twist"_Casey>	<hasGender>	<male>	
<id_10qhmzf_ice_kbnnfp>	<Luxco>	<hasWebsite>	<http://www.luxco.com>	
<id_15nbmpv_ab2_1704cuh>	<Reinhold_Hoffmann>	<hasWonPrize>	<Iron_Cross>	
<id_kuq2ra_1ul_12tevgc>	<Fred_Urmson>	<playsFor>	<Tranmere_Rovers_F.C.>	
<id_1v522v8_p3m_zkjp59>	<Nicholas_Mavrocordatos>	<hasGender>	<male>	
<id_m3m3yc_p3m_zkjp59>	<Moreno_(Portuguese_footballer)>	<hasGender>	<male>	
<id_1unqnfj_1gi_1c02tf9>	<Weather_Report>	<created>	<I_Sing_the_Body_Electric_(album)>	
<id_1hbdi9q_1ul_15mrrto>	<Geoff_Hammond>	<playsFor>	<Manchester_City_F.C.>	
<id_l2twah_1gi_59x49k>	<Catherine_Jinks>	<created>	<Evil_Genius_(novel)>	
<id_12lyo3l_p3m_zkjp59>	<Balakh_Sher_Mazari>	<hasGender>	<male>	
<id_16tl4ny_p3m_zkjp59>	<Anthony_Fothergill_(theologian)>	<hasGender>	<male>	
<id_a368rd_p3m_edkbbg>	<Nicole_de_Boer>	<hasGender>	<female>	
<id_1rqo59p_oyl_1y0un8e>	<Mickey_Kobrosky>	<wasBornIn>	<Springfield,_Massachusetts>	
<id_15adhzh_1ul_1n9ztu8>	<Jovan_Damjanović>	<playsFor>	<FK_Borac_Čačak>	
<id_gymc4m_z7a_1ixe4c2>	<Zgornje_Pirniče>	<isLocatedIn>	<Upper_Carniola>	
<id_19dqzdo_1s2_10cbk3o>	<Kevin_Barron>	<isAffiliatedTo>	<Labour_Party_(UK)>	
<id_1r7l86m_1gi_xg4pm5>	<Alexandre_Desplat>	<created>	<Syriana_(soundtrack)>	
<id_1it8n5c_z7a_r3dbab>	<TSJ_Media>	<isLocatedIn>	<Blue_Ash,_Ohio>	
<id_1ar5ctv_1gi_w376sq>	<Lepa_Brena>	<created>	<Pile_moje>	
<id_11x3qiu_ice_s1ba24>	<Pakistan_Amateur_Radio_Society>	<hasWebsite>	<http://www.pakhams.com/>	
<id_19qmqev_19y_16nwsku>	<John_Gage_(Tudor_politician)>	<holdsPoliticalPosition>	<Lord_Chamberlain>	
<id_safzld_p3m_zkjp59>	<Rod_Hall>	<hasGender>	<male>	
<id_oa7kci_p3m_zkjp59>	<Petr_Skrabanek>	<hasGender>	<male>	
<id_d3m97h_p3m_edkbbg>	<Milenita>	<hasGender>	<female>	
<id_1gu8u7l_1ul_14v2gju>	<Ahmad_Reza_Abedzadeh>	<playsFor>	<Persepolis_F.C.>	
<id_1tashaz_z7a_fx4y0s>	<Senachwine_Lake>	<isLocatedIn>	<Putnam_County,_Illinois>	
<id_hjq8xr_p3m_edkbbg>	<Nadine_Hentschke>	<hasGender>	<female>	
<id_10kze87_z7a_1m6xgd8>	<Buipa>	<isLocatedIn>	<Sagarmatha_Zone>	
<id_1bklipy_oyl_24p66j>	<José_Fernandes>	<wasBornIn>	<Lisbon>	
<id_b8aexk_p3m_zkjp59>	<Nagarjuna_(metallurgist)>	<hasGender>	<male>	
<id_fb90id_1s2_wrs0um>	<Mircea_Ilie>	<isAffiliatedTo>	<CS_Pandurii_Târgu_Jiu>	
<id_zt9bhb_z7a_1440ejo>	<Deûlémont>	<isLocatedIn>	<Nord-Pas-de-Calais>	
<id_5djrae_z7a_1spv6kq>	<Sedaví>	<isLocatedIn>	<Province_of_Valencia>	
<id_1pv8fou_z7a_rf783u>	<Przyczyna_Górna>	<isLocatedIn>	<Lubusz_Voivodeship>	
<id_5djrae_z7a_6j8l33>	<Sedaví>	<isLocatedIn>	<Province_of_Valencia>	
<id_1x2ob9a_p3m_zkjp59>	<Dave_Spoon>	<hasGender>	<male>	
<id_1xviirw_p3m_zkjp59>	<Henry_G._Chiles,_Jr.>	<hasGender>	<male>	
<id_116pd3_z7a_o6ta41>	<Isa,_Nigeria>	<isLocatedIn>	<Nigeria>	
<id_ny32sj_z7a_o5kumi>	<Curtisville,_Indiana>	<isLocatedIn>	<Indiana>	
<id_mulk2p_p3m_zkjp59>	<Dave_Sime>	<hasGender>	<male>	
<id_1dak3z9_1ul_nw2zx5>	<Wang_Shouting>	<playsFor>	<Henan_Jianye_F.C.>	
<id_1tovuox_10x_1xc0532>	<Forrest_Smith>	<graduatedFrom>	<Westminster_College_(Missouri)>	
<id_1poo67l_z7a_36zb1a>	<Darien_Lake>	<isLocatedIn>	<United_States>	
<id_1cylku_p3m_edkbbg>	<Sophie_Dusautoir_Bertrand>	<hasGender>	<female>	
<id_14ny54f_gar_pj1pco>	<Emilio_Gutiérrez_Caba>	<actedIn>	<Luna_Caliente>	
<id_1a8k8e6_z7a_1kgb4ks>	<London_Stone>	<isLocatedIn>	<City_of_London>	
<id_1ew9149_1ul_bfw54p>	<Kevin_Muscat>	<playsFor>	<South_Melbourne_FC>	
<id_13pe5a8_z7a_10ot5dv>	<Nigoglia>	<isLocatedIn>	<Italy>	
<id_1xjftbe_1ul_3xw4ua>	<Matthias_Zimmerling>	<playsFor>	<FC_Energie_Cottbus>	
<id_1taayss_ab2_xarwya>	<Carl_Theodor_Dreyer>	<hasWonPrize>	<Golden_Lion>	
<id_b8r675_ab2_1ul4jun>	<Syed_Shahid_Hamid>	<hasWonPrize>	<Hilal-i-Jur'at>	
<id_1bnvo32_1ul_1jjl9zd>	<Dickson_Agyeman>	<playsFor>	<R.A.E.C._Mons>	
<id_1l7r3fu_z7a_36zb1a>	<Jordan_Township,_Fillmore_County,_Minnesota>	<isLocatedIn>	<United_States>	
<id_1qbtufq_1ul_1f3lwi6>	<Cleidimar_Magalhães_Silva>	<playsFor>	<CFR_Cluj>	
<id_m2gllw_tje_1nw5dt0>	<Ir_Herbowo>	<isCitizenOf>	<Indonesia>	
<id_1h6n80z_zkl_16zjvm>	<Amarillo,_Texas>	<owns>	<Rick_Husband_Amarillo_International_Airport>	
<id_1cc31tc_p3m_edkbbg>	<Catherine_Caradja>	<hasGender>	<female>	
<id_1g7h6gm_11e_19v1d50>	<Paul_I_of_Russia>	<hasChild>	<Anna_Pavlovna_of_Russia>	
<id_5fafuz_z7a_1187gfm>	<Shigay>	<isLocatedIn>	<Kyrgyzstan>	
<id_1sotrbm_oyl_27wsag>	<Maynard_Eziashi>	<wasBornIn>	<London>	
<id_19iliqz_z7a_4lvqxu>	<Karađorđevo_(Bačka_Palanka)>	<isLocatedIn>	<Vojvodina>	
<id_1kp6os_z7a_jebrne>	<Zoukougbeu>	<isLocatedIn>	<Côte_d'Ivoire>	
<id_2wd9hd_p3m_zkjp59>	<Stephen_H._Sachs>	<hasGender>	<male>	
<id_10us3rk_z7a_kr4lie>	<Touka>	<isLocatedIn>	<Burkina_Faso>	
<id_qwkumg_p3m_zkjp59>	<Bolat_Zhamishev>	<hasGender>	<male>	
<id_1e1560g_1s2_h7bvfp>	<Sasha_Kaun>	<isAffiliatedTo>	<PBC_CSKA_Moscow>	
<id_18rdh52_p3m_zkjp59>	<Travis_Schlichting>	<hasGender>	<male>	
<id_1lwftc8_z7a_36zb1a>	<Santee_(film)>	<isLocatedIn>	<United_States>	
<id_9yte3h_z7a_ud9c0m>	<Reftele>	<isLocatedIn>	<Småland>	
<id_qv0d3g_z7a_vc41wl>	<Yellow_Bank_Township,_Lac_qui_Parle_County,_Minnesota>	<isLocatedIn>	<Lac_qui_Parle_County,_Minnesota>	
<id_i5d41l_z7a_k5iicw>	<Zennewijnen>	<isLocatedIn>	<Netherlands>	
<id_d35b9m_p3m_zkjp59>	<Pavel_Tretyakov>	<hasGender>	<male>	
<id_omgpdw_p3m_edkbbg>	<Sylvia_Pogorzelski>	<hasGender>	<female>	
<id_1xro08n_1gi_1cctpa1>	<Pierce_the_Veil>	<created>	<Selfish_Machines>	
<id_15lspg4_z7a_36zb1a>	<University_of_Wisconsin–Parkside>	<isLocatedIn>	<United_States>	
<id_kooda2_dhj_enq3x5>	<Henry_A._Miley,_Jr.>	<diedIn>	<Tampa,_Florida>	
<id_zfgfzv_p3m_edkbbg>	<Cathy_Untalan>	<hasGender>	<female>	
<id_vtmxwm_z7a_1cdwrj4>	<Boulder_River_Waterfalls>	<isLocatedIn>	<Snohomish_County,_Washington>	
<id_ooaasa_z7a_pbd9is>	<Warrnambool>	<isLocatedIn>	<Colac,_Victoria>	
<id_pbd9is_z7a_qtk9ho>	<Colac,_Victoria>	<isLocatedIn>	<Warrnambool>	
<id_nkrpn1_oyl_1qkheov>	<Vaughan_Coveny>	<wasBornIn>	<Wellington>	
<id_1u0sgz8_1s2_bzireu>	<Nathan_Rudge>	<isAffiliatedTo>	<Tiverton_Town_F.C.>	
<id_882puw_ice_di5hy>	<Yerköy>	<hasWebsite>	<http://www.yerkoy.bel.tr/>	
<id_1sea9nf_p3m_zkjp59>	<Blaine_(cartoonist)>	<hasGender>	<male>	
<id_6fgvkr_z7a_p1rzvk>	<Andrews_Independent_School_District>	<isLocatedIn>	<Andrews,_Texas>	
<id_14u180_p3m_zkjp59>	<Liam_de_Young>	<hasGender>	<male>	
<id_rlisxt_p3m_zkjp59>	<James_McCann_(baseball)>	<hasGender>	<male>	
<id_s8o0n6_p3m_zkjp59>	<Vladimir_Yevtushenkov>	<hasGender>	<male>	
<id_sh3ume_12k_10opdlj>	<Raghavendra_Gadagkar>	<livesIn>	<India>	
<id_12bhjk2_ice_1yjhghn>	<Daniel_Martin_Diaz>	<hasWebsite>	<http://www.danielmartindiaz.com/>	
<id_tq3abu_p3m_zkjp59>	<Roberto_Sosa_(footballer)>	<hasGender>	<male>	
<id_18d6kmu_oyl_2p1kvu>	<Valentina_Sidorova>	<wasBornIn>	<Moscow>	
<id_1tiec31_ice_2k7kna>	<A._H._Belo>	<hasWebsite>	<http://www.ahbelo.com/>	
<id_1p3e8va_tje_d2l6cg>	<Barbara_Perry>	<isCitizenOf>	<Australia>	
<id_94wiwb_1ul_1nibsq1>	<Petar_Bošnjak>	<playsFor>	<NK_Bjelovar>	
<id_1o4q6k2_1ul_6e4vx4>	<Michael_Bridges>	<playsFor>	<Sydney_FC>	
<id_6m5412_z7a_5ngug8>	<Kasmandi_Kalan>	<isLocatedIn>	<Lucknow_district>	
<id_psqvyl_1ul_1chnt9p>	<Božo_Milić>	<playsFor>	<Red_Star_Belgrade>	
<id_dai9qf_z7a_1wk05fw>	<Inhuma,_Piauí>	<isLocatedIn>	<Brazil>	
<id_dhdptr_dhj_zk2qwl>	<Giovanni_Leone>	<diedIn>	<Rome>	
<id_4jox6t_ice_tuwkud>	<Roman_Meal>	<hasWebsite>	<http://www.romanmeal.com/>	
<id_uuuc2n_1gi_14moqav>	<Andy_Sturmer>	<created>	<Hi_Hi_(Puffy_AmiYumi)>	
<id_12l2j0z_z7a_3ojclg>	<Lake_Umatilla>	<isLocatedIn>	<Oregon>	
<id_1odfbx3_1s2_1igf4s9>	<Augustin_Deleanu>	<isAffiliatedTo>	<FC_Dinamo_București>	
<id_1hgdh6y_p3m_zkjp59>	<Olivier_Ducastel>	<hasGender>	<male>	
<id_14aqtoq_1ul_j6uoz7>	<Joe_Spottiswood>	<playsFor>	<Swansea_City_A.F.C.>	
<id_dp7cnz_z7a_1xn3pcb>	<Maryland_Heights,_Missouri>	<isLocatedIn>	<St._Louis_County,_Missouri>	
<id_1s9yxck_p3m_zkjp59>	<Michael_Marcus_(musician)>	<hasGender>	<male>	
<id_17iftbl_p3m_zkjp59>	<Morris_Friedman>	<hasGender>	<male>	
<id_154l25h_1ul_qgl2l2>	<Rodrigo_Heffner>	<playsFor>	<Futebol_Clube_Santa_Cruz>	
<id_klmoxk_p3m_zkjp59>	<Martin_Fabinyi>	<hasGender>	<male>	
<id_16w7esp_z7a_36zb1a>	<Aubrey,_Arkansas>	<isLocatedIn>	<United_States>	
<id_yp23kx_z7a_1p6t2y7>	<Pitman,_New_Jersey>	<isLocatedIn>	<New_Jersey>	
<id_12lh9oi_z7a_1mh9pm8>	<Umatilla_Municipal_Airport>	<isLocatedIn>	<Lake_County,_Florida>	
<id_1nvlr0w_1s2_w5h633>	<Džoni_Novak>	<isAffiliatedTo>	<CS_Sedan_Ardennes>	
<id_o3450h_1sv_sfanw7>	<Peter_Sellers>	<influences>	<Artie_Lange>	
<id_2pphv4_ice_1txwm6a>	<Ashton_Chen>	<hasWebsite>	<http://www.shixiaolong.com/about.html>	
<id_pysm09_12k_10seh2f>	<Mohammad_Nizar_Jamaluddin>	<livesIn>	<Perak>	
<id_1du5ejm_gar_14w4ber>	<Romain_Duris>	<actedIn>	<L'Homme_qui_voulait_vivre_sa_vie>	
<id_enht69_1s2_sj1pnb>	<Goce_Sedloski>	<isAffiliatedTo>	<Sheffield_Wednesday_F.C.>	
<id_1nzmtkj_1ul_d4slvk>	<Mateus_Alonso_Honorio>	<playsFor>	<Steel_Azin_F.C.>	
<id_4c9pn9_1ul_l77a2q>	<Ahmed_Mubarak_Al_Mahaijri>	<playsFor>	<Al-Sailiya_Sport_Club>	
<id_p3enkk_p3m_zkjp59>	<William_Penn_Patrick>	<hasGender>	<male>	
<id_pz4vvj_1ul_1tdhrw9>	<Marco_António_Pereira_Leal>	<playsFor>	<Aliados_Lordelo_F.C.>	
<id_1jotwfv_p3m_zkjp59>	<Don_Hahn>	<hasGender>	<male>	
<id_1o6ofvl_gar_h3cic7>	<Sara_García>	<actedIn>	<Los_que_no_deben_nacer>	
<id_61y3tt_ice_9bx63f>	<Trotec>	<hasWebsite>	<http://www.troteclaser.com/>	
<id_1d5z1r9_ice_3d63r3>	<Shoya_Tomizawa>	<hasWebsite>	<http://www.shoya48.com/>	
<id_1j696cq_1s2_cw6foa>	<Georges_Hatz>	<isAffiliatedTo>	<FC_Red_Star_Saint-Ouen>	
<id_acynba_ab2_1mopw3q>	<Jimmy_Cheatham>	<hasWonPrize>	<Grand_Prix_du_Disque>	
<id_3yc6t5_z7a_bda9zj>	<Wymysłów,_Zduńska_Wola_County>	<isLocatedIn>	<Łódź_Voivodeship>	
<id_1bbpn1c_p3m_zkjp59>	<Gingalain>	<hasGender>	<male>	
<id_1hpak2_1s2_1poed20>	<Allan_K._Jepsen>	<isAffiliatedTo>	<Vålerenga_Fotball>	
<id_1raoi39_12k_9dv7ex>	<Dan_Kyle>	<livesIn>	<Baton_Rouge,_Louisiana>	
<id_82vvs9_14p_1k8tm2y>	<Cologne_Bonn_Airport>	<isConnectedTo>	<Amílcar_Cabral_International_Airport>	
<id_1bhkubl_gar_gjwcrs>	<Kenji_Sawada>	<actedIn>	<Boku_to,_bokura_no_natsu>	
<id_604exc_1ul_1g064cw>	<Jiří_Kowalík>	<playsFor>	<FC_Zbrojovka_Brno>	
<id_1d3dli8_1gi_jw93o>	<Christine_McVie>	<created>	<Christine_Perfect_(album)>	
<id_hcuhw_p3m_zkjp59>	<Henry_Latimer_(judge)>	<hasGender>	<male>	
<id_17iwgyf_z7a_fb1zzo>	<Kilmoyley>	<isLocatedIn>	<Munster>	
<id_1qp6uh4_gar_7xqwqd>	<Walter_Matthau>	<actedIn>	<Incident_in_a_Small_Town>	
<id_53mc8o_1gi_1ncwgkt>	<Nick_Zinner>	<created>	<Heads_Will_Roll_(song)>	
<id_1yodifp_1gi_1ng6q1d>	<Adam_Horowitz_(screenwriter)>	<created>	<The_Thing_You_Love_Most>	
<id_1i21n39_p3m_zkjp59>	<Thomas_Szczeponik>	<hasGender>	<male>	
<id_1oe3mex_ice_164mj7p>	<Matt_Zurbo>	<hasWebsite>	<http://www.mattzurbo.com/home.html>	
<id_10tq109_z7a_1y6bbzn>	<Rrasë>	<isLocatedIn>	<Elbasan_District>	
<id_1flair8_dhj_iyk9qj>	<Jeff_Heath>	<diedIn>	<Seattle>	
<id_8eh642_p3m_zkjp59>	<Peter_J._De_Muth>	<hasGender>	<male>	
<id_wkphsn_1s2_711bgh>	<Janne_Hietanen>	<isAffiliatedTo>	<Tromsø_IL>	
<id_i2h2lf_p3m_zkjp59>	<Barrington_Reynolds>	<hasGender>	<male>	
<id_ik4xrk_1ul_xm4liv>	<Jarol_Herrera>	<playsFor>	<Cúcuta_Deportivo>	
<id_1o69tig_z7a_sth8jm>	<Mohammadabad_(near_Dowlatabad),_Mazhan>	<isLocatedIn>	<Khusf_District>	
<id_1azr2bq_z7a_rnqc0n>	<Krajewo-Kłódki>	<isLocatedIn>	<Masovian_Voivodeship>	
<id_wuz7zg_16x_133m1re>	<Chris_Reason>	<isMarriedTo>	<Kathryn_Robinson>	
<id_133m1re_16x_wuz7zg>	<Kathryn_Robinson>	<isMarriedTo>	<Chris_Reason>	
<id_5j3uwu_1hp_1jzzjae>	<Elmer_Bernstein>	<wroteMusicFor>	<To_Kill_a_Mockingbird_(film)>	
<id_1ojj2be_p3m_zkjp59>	<Tony_Linfjärd>	<hasGender>	<male>	
<id_1mv86pv_p3m_zkjp59>	<Edwin_Percy_Whipple>	<hasGender>	<male>	
<id_1zl29j_1ul_17usnm3>	<Leandro_Gil_Miranda_da_Silva>	<playsFor>	<Boavista_Sport_Club>	
<id_id2t42_z7a_1wd8kbk>	<P.A._Semi>	<isLocatedIn>	<Santa_Clara,_California>	
<id_1sr4rg4_1ul_1t09fuw>	<Bogi_Løkin>	<playsFor>	<ÍF_Fuglafjørður>	
<id_thaxwm_z7a_13fk1d7>	<State_College,_Pennsylvania>	<isLocatedIn>	<Centre_County,_Pennsylvania>	
<id_1je94u0_1s2_1gve448>	<Hank_McDowell>	<isAffiliatedTo>	<Liga_ACB>	
<id_1m5x3sw_ice_1wo1luz>	<Dymocks_Booksellers>	<hasWebsite>	<http://www.dymocks.co.nz>	
<id_2p659t_z7a_e56ini>	<Russellville,_Boone_County,_Illinois>	<isLocatedIn>	<Boone_County,_Illinois>	
<id_1tpvspg_gar_vj3b7j>	<Olga_Lindo>	<actedIn>	<When_We_Are_Married_(film)>	
<id_xwqqi5_z7a_bvsom6>	<Dardanelle,_Arkansas>	<isLocatedIn>	<Arkansas>	
<id_c6q5em_oyl_1wd5abl>	<Vidar_Kleppe>	<wasBornIn>	<Bergen>	
<id_1ocdwe1_z7a_zjx1yu>	<Shariaty_Technical_College>	<isLocatedIn>	<Iran>	
<id_kpk6wd_1s2_55cwnw>	<Dion_Frazer>	<isAffiliatedTo>	<Kulture_Yabra_FC>	
<id_12ftorn_z7a_ess81h>	<Călimănelul_cel_Tulbure_River>	<isLocatedIn>	<Romania>	
<id_1oqwam_z7a_10opdlj>	<Sarada_Vilas_College>	<isLocatedIn>	<India>	
<id_ehb80a_z7a_ess81h>	<Valea_Rea_River_(Suhurlui)>	<isLocatedIn>	<Romania>	
<id_s19bq5_tje_36zb1a>	<Nicholas_Honerkamp>	<isCitizenOf>	<United_States>	
<id_1xhikui_p3m_zkjp59>	<Alexander_Vasilyevich_Belyakov>	<hasGender>	<male>	
<id_jm0jvr_z7a_1pcai42>	<Sumprabum_Township>	<isLocatedIn>	<Kachin_State>	
<id_1hge248_p3m_edkbbg>	<Marcelle_Ferron>	<hasGender>	<female>	
<id_1ek9esy_p3m_zkjp59>	<Todd_Bradford>	<hasGender>	<male>	
<id_7ihiev_1oy_y5zoq9>	<Timur_Mutsurayev>	<hasMusicalRole>	<wordnet_guitar_103467517>	
<id_1fwpgsj_z7a_1ujmfgt>	<Totonicapán_Department>	<isLocatedIn>	<Guatemala>	
<id_1ibqxcq_z7a_17l7pux>	<Ludwinów,_Włoszczowa_County>	<isLocatedIn>	<Świętokrzyskie_Voivodeship>	
<id_1kziq1c_z7a_a3bajp>	<Buczyna,_West_Pomeranian_Voivodeship>	<isLocatedIn>	<West_Pomeranian_Voivodeship>	
<id_1om1bns_z7a_36zb1a>	<Scott,_Lincoln_County,_Wisconsin>	<isLocatedIn>	<United_States>	
<id_p0jdmv_ab2_nwush4>	<Constantin_Wallhäuser>	<hasWonPrize>	<Villa_Romana_prize>	
<id_3oxhcu_p3m_zkjp59>	<Frédéric_Xhonneux>	<hasGender>	<male>	
<id_zbymsx_1ul_zl53he>	<Paul_Hopkins_(footballer)>	<playsFor>	<Waterford_United_F.C.>	
<id_jfm2ag_1oy_1elfzqq>	<Marié_Digby>	<hasMusicalRole>	<wordnet_vocal_music_107282006>	
<id_9ix3ek_p3m_zkjp59>	<Daniel_of_Galicia>	<hasGender>	<male>	
<id_m6jgd2_p3m_zkjp59>	<Ariel_Moscovici>	<hasGender>	<male>	
<id_cnugjy_1ul_2mpwm6>	<Rubén_Royo>	<playsFor>	<Écija_Balompié>	
<id_jhfgoe_z7a_1blrg33>	<A_Price_Above_Rubies>	<isLocatedIn>	<United_Kingdom>	
<id_1ufmzym_z7a_15xekkw>	<Strtenik>	<isLocatedIn>	<Slovenske_Konjice>	
<id_gfgpa2_p3m_zkjp59>	<Joyce_Conde>	<hasGender>	<male>	
<id_ieda5d_z7a_n9yt80>	<Marianów,_Gmina_Głowaczów>	<isLocatedIn>	<Gmina_Głowaczów>	
<id_5ev8hq_p3m_zkjp59>	<John_Love_Jones>	<hasGender>	<male>	
<id_ugsa07_1ul_1e8sugn>	<Andrzej_Fischer>	<playsFor>	<Górnik_Zabrze>	
<id_1nm66hi_1sv_ahrzep>	<Lev_Shestov>	<influences>	<Jules_de_Gaultier>	
<id_57zyqs_ice_12b3q2a>	<Sean_Dalton>	<hasWebsite>	<http://www.thetrewsmusic.com/>	
<id_qwvum1_p3m_zkjp59>	<Tobias_Karlsson_(figure_skater)>	<hasGender>	<male>	
<id_eiefi4_p3m_edkbbg>	<Stephanie_Solomonides>	<hasGender>	<female>	
<id_5mh2m1_ice_ftbuzs>	<Sukhoi>	<hasWebsite>	<http://www.sukhoi.org/eng/>	
<id_4x9mky_ice_jcqqo8>	<Tamworth_Regional_Council>	<hasWebsite>	<http://www.tamworth.nsw.gov.au/>	
<id_yknu34_p3m_edkbbg>	<Joanna_Zeiger>	<hasGender>	<female>	
<id_9o0sp_p3m_zkjp59>	<Ljubomir_Popović>	<hasGender>	<male>	
<id_dxk40f_p3m_zkjp59>	<Lev_Manovich>	<hasGender>	<male>	
<id_zqcxk1_1ul_5w4x3u>	<Ren_Yongshun>	<playsFor>	<Jiangsu_Sainty_F.C.>	
<id_1ureyda_1s2_vmyh91>	<Maximiliano_Timpanaro>	<isAffiliatedTo>	<Club_Atlético_Vélez_Sársfield>	
<id_28i9op_tje_10lavwd>	<Alejandra_Chellew>	<isCitizenOf>	<Chile>	
<id_xd9rc1_1hp_1xtg2vu>	<Malcolm_Lockyer>	<wroteMusicFor>	<Our_Man_in_Marrakesh>	
<id_ufo31p_1gi_137zkw2>	<Celine_Dion>	<created>	<The_Colour_of_My_Love>	
<id_1459fux_ice_a6z3nj>	<Linguistic_Agents_Ltd.>	<hasWebsite>	<http://www.linguisticagents.com/English/>	
<id_wym68q_p3m_zkjp59>	<Sulaiman_Areeb>	<hasGender>	<male>	
<id_10sgulh_z7a_bxo2sh>	<Piila>	<isLocatedIn>	<Kaarma_Parish>	
<id_2uznj2_13l_1n6tkqg>	<Neil_LaBute>	<directed>	<In_the_Company_of_Men>	
<id_gwi8gi_1gi_fwdcsv>	<Commodores>	<created>	<All_the_Great_Love_Songs>	
<id_10em5rt_p3m_edkbbg>	<Martine_Coulombe>	<hasGender>	<female>	
<id_1u1zom4_p3m_zkjp59>	<Tim_Green>	<hasGender>	<male>	
<id_1vsfpsh_1s2_aswj1b>	<Damian_Spencer>	<isAffiliatedTo>	<Bristol_City_F.C.>	
<id_1l9pris_z7a_ye61xb>	<Longfellow_School_(Rutland,_Vermont)>	<isLocatedIn>	<Rutland_(city),_Vermont>	
<id_fhc8dj_z7a_92zybj>	<Cree_Lake_(Crystal_Lodge)_Airport>	<isLocatedIn>	<Cree_Lake>	
<id_tm7znx_1s2_1qlevdd>	<Barış_Memiş>	<isAffiliatedTo>	<Karşıyaka_S.K.>	
<id_15n25nr_1ul_gsxwrg>	<Lawrence_Adjei>	<playsFor>	<Sporting_Clube_de_Goa>	
<id_1bmxwx9_p3m_zkjp59>	<Thomas_Munkelt>	<hasGender>	<male>	
<id_1qf13i5_z7a_v60813>	<Tablas_Creek_Vineyard>	<isLocatedIn>	<Paso_Robles,_California>	
<id_d1zm10_1ul_16hqitw>	<Juan_Enrique_García>	<playsFor>	<Caracas_FC>	
<id_181zeff_oyl_zk0ww7>	<Haakon_Lie>	<wasBornIn>	<Oslo>	
<id_htxvwp_z7a_16ih1zr>	<Carter_House_(Elkader,_Iowa)>	<isLocatedIn>	<Elkader,_Iowa>	
<id_15jwsb4_z7a_u8xptj>	<Quinnipiac_University_Poll>	<isLocatedIn>	<Hamden,_Connecticut>	
<id_1ufzuj2_z7a_1rqatu8>	<Pearl_River_(China)>	<isLocatedIn>	<Guangdong>	
<id_xtxkm_1gi_l1l5l5>	<Seymour_Simons>	<created>	<All_of_Me_(song)>	
<id_17z1eg_gar_s0kso8>	<Jack_Lemmon>	<actedIn>	<It_Happened_to_Jane>	
<id_ukumtt_p3m_zkjp59>	<Edward_Denison_(bishop)>	<hasGender>	<male>	
<id_br6sei_z7a_6iw2kn>	<Benfe_(Eder)>	<isLocatedIn>	<North_Rhine-Westphalia>	
<id_1jtmgp3_p3m_zkjp59>	<Brendan_Meyer>	<hasGender>	<male>	
<id_db0y91_gar_4nhojh>	<Alicia_Morton>	<actedIn>	<Miracle_Run>	
<id_12wfkfj_z7a_dewwxe>	<Jeffers_Petroglyphs>	<isLocatedIn>	<Minnesota>	
<id_143dj05_1gi_1tj0iai>	<Space_Cowboy_(musician)>	<created>	<Christmas_Tree_(Lady_Gaga_song)>	
<id_74afvk_1s2_b3n0ji>	<Jean_Tragodara>	<isAffiliatedTo>	<Alianza_Lima>	
<id_jvujrv_z7a_ogu892>	<Siekierzyce>	<isLocatedIn>	<Jawor_County>	
<id_mkq5ej_gar_1r7rj8m>	<Linda_Darnell>	<actedIn>	<Hangover_Square_(film)>	
<id_mulk33_p3m_zkjp59>	<Dave_Sims>	<hasGender>	<male>	
<id_1h8g9w2_ice_6uw5i8>	<Discovery_Holding_Company>	<hasWebsite>	<http://www.discoveryholding.com/>	
<id_1yapmyl_1ul_euke4w>	<Troy_Roberts_(soccer)>	<playsFor>	<California_Golden_Bears>	
<id_nlnm07_1ul_56s58w>	<Ruud_Hesp>	<playsFor>	<HFC_Haarlem>	
<id_1t0fyl6_1s2_rwzy03>	<Harmeet_Singh>	<isAffiliatedTo>	<Norway_national_football_team>	
<id_lpxfob_1gi_3bel3a>	<Crane_Wilbur>	<created>	<Lord_Byron_of_Broadway>	
<id_1l9r7wq_1gi_1m70lej>	<Frank_Stella>	<created>	<Die_Fahne_Hoch!_(Frank_Stella)>	
<id_1096v57_z7a_441xmy>	<Olszewo,_Kościan_County>	<isLocatedIn>	<Poland>	
<id_1be7wa_z7a_w9p91u>	<Kilsyth,_Victoria>	<isLocatedIn>	<Lilydale,_Victoria>	
<id_1thje6g_1s2_1da53ft>	<Víctor_Manguire>	<isAffiliatedTo>	<UD_Pavía>	
<id_qguj1g_z7a_1187gfm>	<Talaabulak>	<isLocatedIn>	<Kyrgyzstan>	
<id_1nfaogs_z7a_362yse>	<Bergsøy>	<isLocatedIn>	<Norway>	
<id_1w3wl0f_p3m_edkbbg>	<Marina_Kiskonen>	<hasGender>	<female>	
<id_ahmecf_gar_1gspo9b>	<Patrick_Warburton>	<actedIn>	<The_Woman_Chaser>	
<id_fjak72_1s2_1pok9u1>	<Víctor_Daniel_Bravo>	<isAffiliatedTo>	<CD_Calahorra>	
<id_19sadn0_z7a_1sfvxzr>	<Gruszów,_Myślenice_County>	<isLocatedIn>	<Gmina_Raciechowice>	
<id_4ta970_1gi_p07rh9>	<Converge_(band)>	<created>	<Halo_in_a_Haystack>	
<id_atzsn9_tje_1wk05fw>	<Olavo_Bilac>	<isCitizenOf>	<Brazil>	
<id_27uhj2_1s2_4g3pev>	<Dmitri_Kharine>	<isAffiliatedTo>	<FC_FShM_Torpedo_Moscow>	
<id_vowwi9_z7a_36zb1a>	<Teleprompt_Records>	<isLocatedIn>	<United_States>	
<id_oct4au_p3m_zkjp59>	<Bui_Thanh_Liem>	<hasGender>	<male>	
<id_mfgw7b_z7a_10lavxz>	<Xindu,_Garzê>	<isLocatedIn>	<China>	
<id_1s60kvm_1ul_1iqqkrm>	<Gérald_Baticle>	<playsFor>	<Amiens_SC>	
<id_p8t72a_10x_rqtbq4>	<Thomas_Willmore>	<graduatedFrom>	<King's_College_London>	
<id_8nbu1j_gar_1csfpoz>	<Bud_Tingwell>	<actedIn>	<King_of_the_Coral_Sea>	
<id_1b0bzap_z7a_1blrg33>	<Brooke_Hospital_for_Animals>	<isLocatedIn>	<United_Kingdom>	
<id_cg6jfk_p3m_zkjp59>	<Anon_Sangsanoi>	<hasGender>	<male>	
<id_1tdb80_p3m_zkjp59>	<Yannick_N'Gog>	<hasGender>	<male>	
<id_128tjp0_13l_15v8xrh>	<Daniel_Mann>	<directed>	<The_Rose_Tattoo_(film)>	
<id_8u2pjj_1ul_16hqitw>	<Fernando_Aristeguieta>	<playsFor>	<Caracas_FC>	
<id_170u1dh_tje_36zb1a>	<Michael_Klausner>	<isCitizenOf>	<United_States>	
<id_fux8qc_z7a_q6npft>	<Paradox_Trail>	<isLocatedIn>	<Colorado>	
<id_bf13xa_z7a_1nclfta>	<Saddle_Rock,_New_York>	<isLocatedIn>	<New_York>	
<id_1nhpb9g_ice_1dg83bl>	<Visvesvaraya_Institute_of_Advanced_Technology>	<hasWebsite>	<http://www.vtu.ac.in>	
<id_ij3m16_11e_5pf7ma>	<Tirey_L._Ford>	<hasChild>	<Byington_Ford>	
<id_1dhfnc_1gi_8hczum>	<Jack_London>	<created>	<The_Sea-Wolf>	
<id_qkweqp_1ul_4y11sp>	<Fayçal_Nini>	<playsFor>	<Nea_Salamis_Famagusta_FC>	
<id_1fwq00s_p3m_zkjp59>	<Chad_Willett>	<hasGender>	<male>	
<id_1ryfxb9_10x_vbeijh>	<Jean_Carnahan>	<graduatedFrom>	<George_Washington_University>	
<id_9ggj53_z7a_19s3l8z>	<Inskip,_Lancashire>	<isLocatedIn>	<North_West_England>	
<id_1p6lkz_oyl_3gfkn0>	<Collien_Ulmen-Fernandes>	<wasBornIn>	<Hamburg>	
<id_oft0k4_ice_18iiyq1>	<Jabiru_Aircraft>	<hasWebsite>	<http://www.jabiru.net.au>	
<id_zfyu7_ice_1ki0qa1>	<Dray_Skky>	<hasWebsite>	<http://www.SkkyMusic.com>	
<id_1h79l3t_zkl_fm2wsq>	<Hellman_&_Friedman>	<owns>	<Internet_Brands>	
<id_1xqel57_1s2_1rlxmtt>	<Giovanni_van_Bronckhorst>	<isAffiliatedTo>	<Netherlands_national_football_team>	
<id_11i1ssh_p3m_zkjp59>	<Obi_Ezeh>	<hasGender>	<male>	
<id_6g1ih4_p3m_zkjp59>	<Patsy_Breen>	<hasGender>	<male>	
<id_b6gnxl_1s2_xvcfzu>	<Thomas_L._J._D'Alesandro_III>	<isAffiliatedTo>	<Democratic_Party_(United_States)>	
<id_1v8gwz3_p3m_zkjp59>	<Chairman_of_the_Municipality_of_Metropolitan_Toronto>	<hasGender>	<male>	
<id_fu0sj4_z7a_1a6setv>	<Vinje_pri_Moravčah>	<isLocatedIn>	<Osrednjeslovenska_statistical_region>	
<id_1u51gn3_z7a_1yxadn1>	<Oenus_(city)>	<isLocatedIn>	<Greece>	
<id_1akbdfw_tje_55ks4b>	<Roman_Abramovich>	<isCitizenOf>	<Russia>	
<id_hq8p2k_z7a_1a7zonu>	<Pontifical_College_Josephinum>	<isLocatedIn>	<Columbus,_Ohio>	
<id_1y84wce_z7a_15fig30>	<Jacksonburg,_Ontario>	<isLocatedIn>	<Ontario>	
<id_1xcxwx8_z7a_ijdlu>	<Hanmer_Springs>	<isLocatedIn>	<New_Zealand>	
<id_1pj9jga_z7a_41gyo7>	<Peru,_Nebraska>	<isLocatedIn>	<Nemaha_County,_Nebraska>	
<id_1gprgcg_1s2_i6c4pm>	<Max_Seeburg>	<isAffiliatedTo>	<Tottenham_Hotspur_F.C.>	
<id_ujql44_1s2_15xiumv>	<Anatoli_Kisurin>	<isAffiliatedTo>	<FC_Luch-Energiya_Vladivostok>	
<id_1fhhiuh_1s2_1kbennq>	<Jeff_Agoos>	<isAffiliatedTo>	<Virginia_Cavaliers>	
<id_3z0whg_1gi_1jtc35v>	<Cristobal_Krusen>	<created>	<The_Bill_Collector>	
<id_1umjz99_p3m_zkjp59>	<Joseph_C._Satterthwaite>	<hasGender>	<male>	
<id_sz6gmo_1s2_1b14gtd>	<Edith_Barney>	<isAffiliatedTo>	<All-American_Girls_Professional_Baseball_League>	
<id_d8xis5_z7a_1iqllmq>	<Wioska,_Greater_Poland_Voivodeship>	<isLocatedIn>	<Gmina_Rakoniewice>	
<id_1bujfmw_z7a_1wg4phg>	<Kleniewo,_Masovian_Voivodeship>	<isLocatedIn>	<Płock_County>	
<id_16jgbfc_p3m_zkjp59>	<Abu_Nasr_Mansur>	<hasGender>	<male>	
<id_1xy24jj_1gi_k13o1r>	<Shining_(Swedish_band)>	<created>	<Within_Deep_Dark_Chambers>	
<id_1sfrzji_z7a_1hz1gza>	<Straszków,_Gmina_Kościelec>	<isLocatedIn>	<Greater_Poland_Voivodeship>	
<id_c8fpm7_1gi_1x2u08e>	<Lou_Donaldson>	<created>	<Sentimental_Journey_(Lou_Donaldson_album)>	
<id_197hkdv_zkl_d64xr0>	<Husky_Energy>	<owns>	<Meridian_Power_Station>	
<id_1qu15vj_1ul_1mtxary>	<Fritz_Balogh>	<playsFor>	<SV_Südwest_Ludwigshafen>	
<id_3lzpdr_p3m_zkjp59>	<David_Cadman>	<hasGender>	<male>	
<id_dx8a2j_z7a_ievsdh>	<Novi_Milanovac>	<isLocatedIn>	<Šumadija>	
<id_1ibfokw_ice_13xtjr5>	<Northern_Arizona_University>	<hasWebsite>	<http://www.nau.edu>	
<id_pe0296_1ul_1psu9n>	<Stéphane_Pichot>	<playsFor>	<FC_Sochaux-Montbéliard>	
<id_jdxc9d_z7a_sqcagd>	<Ambergris_Caye>	<isLocatedIn>	<Caribbean_Sea>	
<id_kp1t62_1ul_12ukvnm>	<Michał_Płotka>	<playsFor>	<Arka_Gdynia>	
<id_1sbfubq_1s2_n6xa50>	<Hugh_John_Flemming>	<isAffiliatedTo>	<Progressive_Conservative_Party_of_New_Brunswick>	
<id_2w8s42_z7a_hnx3pg>	<Mazraeh-ye_Kazemabad>	<isLocatedIn>	<Karaj_County>	
<id_wekrjh_z7a_sepgyb>	<Druz-Iki>	<isLocatedIn>	<Azerbaijan>	
<id_tatdd6_z7a_1yhzevv>	<Haicang_Town>	<isLocatedIn>	<Fujian>	
<id_123shji_gar_o2obdm>	<Uhm_Jung-hwa>	<actedIn>	<Seducing_Mr._Perfect>	
<id_1j5rr2q_p3m_zkjp59>	<Carl_Gustaf_von_Brinkman>	<hasGender>	<male>	
<id_r1hsvh_ice_1tio8x2>	<Magnetawan>	<hasWebsite>	<http://www.magnetawan.com/>	
<id_1d1sykn_ab2_15586pj>	<Celia_Rosser>	<hasWonPrize>	<Order_of_Australia>	
<id_1pyyq9h_1gi_1ionhjc>	<The_Nadas>	<created>	<The_Ghosts_Inside_These_Halls>	
<id_105w02m_dhj_27wsag>	<Gilbert_Blane>	<diedIn>	<London>	
<id_1v3kdla_1gi_1e6xtj4>	<Microsoft>	<created>	<Internet_Explorer_for_UNIX>	
<id_1yczemm_10x_h5spg2>	<Felix_Alvarez>	<graduatedFrom>	<Goldsmiths,_University_of_London>	
<id_1xuktb5_z7a_1gp83z5>	<Zaręby-Warchoły>	<isLocatedIn>	<Ostrów_Mazowiecka_County>	
<id_va9jwp_dhj_2p1kvu>	<Yevgeny_Khrunov>	<diedIn>	<Moscow>	
<id_1j7mew6_p3m_zkjp59>	<John_Spellman>	<hasGender>	<male>	
<id_d04dvm_z7a_zjx1yu>	<Zan,_Tehran>	<isLocatedIn>	<Iran>	
<id_e6ume7_p3m_zkjp59>	<Charles_Yates>	<hasGender>	<male>	
<id_4y7h5x_1s2_9s6lyq>	<Stergos_Marinos>	<isAffiliatedTo>	<Panathinaikos_F.C.>	
<id_ocqvbc_p3m_zkjp59>	<Richard_Pyne>	<hasGender>	<male>	
<id_iai4wz_1ul_17ir3cy>	<Percy_Ellis>	<playsFor>	<Walsall_F.C.>	
<id_1jl3v2w_z7a_441xmy>	<Studniczka>	<isLocatedIn>	<Poland>	
<id_1vqte2s_z7a_3atwif>	<Gresten>	<isLocatedIn>	<Lower_Austria>	
<id_1a5va4f_p3m_zkjp59>	<Raymond_G._H._Seitz>	<hasGender>	<male>	
<id_189jz2b_p3m_zkjp59>	<Diego_De_Buen>	<hasGender>	<male>	
<id_15pqpz9_1gi_nbdz72>	<Bratmobile>	<created>	<The_Peel_Session_(Bratmobile_EP)>	
<id_1pjnqtk_z7a_yqkrp9>	<Anchorena,_San_Luis>	<isLocatedIn>	<San_Luis_Province>	
<id_12ylnj4_1ul_zcgomr>	<Christian_Maggio>	<playsFor>	<U.C._Sampdoria>	
<id_1mcl6xr_p3m_zkjp59>	<Eric_Edgar_Cooke>	<hasGender>	<male>	
<id_9c262m_z7a_1b4yxms>	<Wheaton_North_High_School>	<isLocatedIn>	<Wheaton,_Illinois>	
<id_1vt8z8x_z7a_gw6zg2>	<Bedre_Fine_Chocolates>	<isLocatedIn>	<Pauls_Valley,_Oklahoma>	
<id_1feqprx_1s2_118z8g3>	<Martin_Frýdek>	<isAffiliatedTo>	<Czechoslovakia_national_football_team>	
<id_mrrnpl_p3m_edkbbg>	<Eva_Biaudet>	<hasGender>	<female>	
<id_adqnru_1ul_q2dywb>	<Kakhaber_Gogichaishvili>	<playsFor>	<FC_Dinamo_Tbilisi>	
<id_10q5amx_1ul_1z10mm9>	<Harry_Anderson_(footballer)>	<playsFor>	<Scotland_national_football_team>	
<id_133fsjx_ice_1067q46>	<Trespassers_William>	<hasWebsite>	<http://www.trespasserswilliam.com>	
<id_1w5eb2w_p3m_zkjp59>	<Bev_Lyon>	<hasGender>	<male>	
<id_5nygvm_ice_1gur3gd>	<Amboy_High_School>	<hasWebsite>	<http://amboy.net/ahs/ahs_index.htm>	
<id_qmno8x_oyl_x3ghhc>	<Vitaliy_Reva>	<wasBornIn>	<Dnipropetrovsk>	
<id_ddxase_ab2_jrkpoh>	<Patricio_Guzmán>	<hasWonPrize>	<European_Film_Awards>	
<id_12blg2r_z7a_zjtaa9>	<Santa_Fe,_Isle_of_Youth>	<isLocatedIn>	<Cuba>	
<id_18u45i5_z7a_2jmy1h>	<San_Miguel_Yotao>	<isLocatedIn>	<Mexico>	
<id_gnjm5e_z7a_1ljcr3u>	<Arena_Barueri>	<isLocatedIn>	<Barueri>	
<id_49ywp9_z7a_4s344x>	<Palito_Blanco,_Texas>	<isLocatedIn>	<Jim_Wells_County,_Texas>	
<id_10hcorb_1ul_1i6wi3v>	<Yasuhiro_Nagahashi>	<playsFor>	<Shimizu_S-Pulse>	
<id_1ks0x2y_p3m_zkjp59>	<Gabriel_Caruana>	<hasGender>	<male>	
<id_fj9lfs_z7a_1o6p6q6>	<Warsaw_(village),_New_York>	<isLocatedIn>	<Warsaw_(town),_New_York>	
<id_18skqn3_z7a_1vjwert>	<Wikielec,_Iława_County>	<isLocatedIn>	<Gmina_Iława>	
<id_2dhan1_z7a_1338om5>	<Hõreda>	<isLocatedIn>	<Estonia>	
<id_ay4f7k_1oy_zz2a0x>	<Ray_Gillen>	<hasMusicalRole>	<wordnet_harmonica_103494278>	
<id_v5y3k2_p3m_zkjp59>	<William_Margold>	<hasGender>	<male>	
<id_1e2f9ls_oyl_47fnpg>	<Morgane_Tschiember>	<wasBornIn>	<Brest,_France>	
<id_hna1xu_z7a_1rrr1jp>	<Endla,_Jõgeva_County>	<isLocatedIn>	<Jõgeva_County>	
<id_1mtihyb_z7a_1t3t7nx>	<Northampton_County_Courthouse_Historical_District>	<isLocatedIn>	<Eastville,_Virginia>	
<id_n7jljz_z7a_36zb1a>	<Lake_Louise,_Alaska>	<isLocatedIn>	<United_States>	
<id_1anx3ms_z7a_441xmy>	<Marynowo,_Warmian-Masurian_Voivodeship>	<isLocatedIn>	<Poland>	
<id_w6ss2f_1ul_wip41h>	<Ben_Binyamin>	<playsFor>	<Hapoel_Acre_F.C.>	
<id_1k9axwd_z7a_1hz1gza>	<Paruchów>	<isLocatedIn>	<Greater_Poland_Voivodeship>	
<id_dm8kdy_1s2_1iwhjie>	<John_Kynaston_Cross>	<isAffiliatedTo>	<Liberal_Party_(UK)>	
<id_1gov5zz_1gi_1otwys8>	<Yuzo_Koshiro>	<created>	<ActRaiser>	
<id_1u9kbsb_zkl_1buubn>	<Westfield_Group>	<owns>	<Westfield_Montgomery>	
<id_mlyxoj_p3m_zkjp59>	<Gordon_Vuong>	<hasGender>	<male>	
<id_1ifur28_z7a_1s1eh87>	<Seter,_Norway>	<isLocatedIn>	<Leksvik>	
<id_h6a7gv_z7a_1sh18sl>	<South_Weldon,_North_Carolina>	<isLocatedIn>	<North_Carolina>	
<id_zjvcwj_z7a_1jbr1yk>	<Bøur>	<isLocatedIn>	<Faroe_Islands>	
<id_141nj_p3m_zkjp59>	<Chen_Lanbin>	<hasGender>	<male>	
<id_1oqx0pa_zkl_19hnlb4>	<Hilton_Worldwide>	<owns>	<Boca_Raton_Resort>	
<id_18hyl68_z7a_1hz1gza>	<Góra,_Gmina_Tarnowo_Podgórne>	<isLocatedIn>	<Greater_Poland_Voivodeship>	
<id_1ubmfwb_z7a_1nujl51>	<Bohdalov>	<isLocatedIn>	<Vysočina_Region>	
<id_yql6q_14p_a49k8v>	<Treviso_Airport>	<isConnectedTo>	<Cluj-Napoca>	
<id_ufv53d_1ul_m79cfa>	<Namgung_Do>	<playsFor>	<Sangju_Sangmu_Phoenix>	
<id_12fa8q4_p3m_zkjp59>	<Charles,_Duke_of_Aumale>	<hasGender>	<male>	
<id_a3jz4_p3m_zkjp59>	<General_Stevenson>	<hasGender>	<male>	
<id_1n41pe7_p3m_zkjp59>	<Frederick_Chapple>	<hasGender>	<male>	
<id_1ouasg1_z7a_1h25lle>	<Kvitho_Peak>	<isLocatedIn>	<Queen_Maud_Land>	
<id_1pnmumg_z7a_1vzyqkb>	<Saint-Blaise-la-Roche>	<isLocatedIn>	<Alsace>	
<id_127c0og_1s2_1lu71td>	<Alex_Kinvi-Boh>	<isAffiliatedTo>	<US_Masséda>	
<id_ypwslz_10x_1ja467r>	<John_A._Thayer>	<graduatedFrom>	<Harvard_University>	
<id_njws4f_gar_1sdldu2>	<Annabeth_Gish>	<actedIn>	<SLC_Punk!>	
<id_1yg35lc_1sv_4ca5h0>	<Hans_Urs_von_Balthasar>	<influences>	<Jean-Luc_Marion>	
<id_lylaen_ab2_dzp5c>	<Antoni_Tàpies>	<hasWonPrize>	<Wolf_Prize_in_Arts>	
<id_bhsrza_1s2_1coa4ga>	<Igors_Stepanovs>	<isAffiliatedTo>	<Skonto_FC>	
<id_bhsrza_1s2_11ud9by>	<Igors_Stepanovs>	<isAffiliatedTo>	<Skonto_FC>	
<id_1rb9xqf_1ul_s8crdl>	<Vincenzo_Palumbo>	<playsFor>	<FC_Basel>	
<id_744mlw_p3m_zkjp59>	<Alan_Arnett_McLeod>	<hasGender>	<male>	
<id_1egkc2n_1s2_xvcfzu>	<Barbara_Lambert>	<isAffiliatedTo>	<Democratic_Party_(United_States)>	
<id_1x5wjeo_z7a_1iatxml>	<Tito,_Basilicata>	<isLocatedIn>	<Basilicata>	
<id_lu9glm_z7a_1p02vap>	<Vagaikulam>	<isLocatedIn>	<Thoothukudi_district>	
<id_1rh4dz3_ice_1s2st81>	<Gieckau>	<hasWebsite>	<http://www.vgem-wethautal.de>	
<id_13sttv3_ab2_1feakaq>	<James_R._Hogg>	<hasWonPrize>	<Legion_of_Merit>	
<id_18btcdb_oyl_117ioij>	<Andi_Muhammad_Guntur>	<wasBornIn>	<Makassar>	
<id_jr1hi8_z7a_11k3vke>	<Radomyśl,_Greater_Poland_Voivodeship>	<isLocatedIn>	<Gmina_Wijewo>	
<id_1n14epi_p3m_zkjp59>	<Adolph_Olson_Eberhart>	<hasGender>	<male>	
<id_16g1law_gar_1od263r>	<Henry_Cavill>	<actedIn>	<I_Capture_the_Castle_(film)>	
<id_d758zi_1ul_2hklah>	<Dmitry_Molosh>	<playsFor>	<Belarus_national_football_team>	
<id_kgwo6r_12k_9t5uo2>	<Roger_Chapman_(golfer)>	<livesIn>	<Ascot,_Berkshire>	
<id_xrkf4m_ice_5fyxxq>	<William_Mason_High_School_(Mason,_Ohio)>	<hasWebsite>	<http://www.masoncomets.org>	
<id_m8jzls_1ul_1i6wi3v>	<Celso_Luis_Gomes>	<playsFor>	<Shimizu_S-Pulse>	
<id_pqdi40_z7a_36zb1a>	<Hanover,_Maine>	<isLocatedIn>	<United_States>	
<id_103db85_p3m_zkjp59>	<Braintax>	<hasGender>	<male>	
<id_1u22hli_p3m_zkjp59>	<Nikolay_Semenyako>	<hasGender>	<male>	
<id_1lzv2rm_1ul_rwzy03>	<Bjørn_Rime>	<playsFor>	<Norway_national_football_team>	
<id_1sy703a_ice_y4k1aj>	<Unreal_Voodoo>	<hasWebsite>	<http://www.unrealvoodoo.org/>	
<id_dlx8hs_p3m_zkjp59>	<Giovanni_Pérez>	<hasGender>	<male>	
<id_1dyyjmd_oyl_15rfmps>	<Stan_Campbell>	<wasBornIn>	<Rochelle,_Illinois>	
<id_1xdiblc_gar_oo2wd8>	<Claudie_Blakley>	<actedIn>	<Severance_(film)>	
<id_owa3tw_p3m_zkjp59>	<Jean_Hamel>	<hasGender>	<male>	
<id_fonfeh_p3m_zkjp59>	<Larry_Tee>	<hasGender>	<male>	
<id_6meyk1_p3m_zkjp59>	<Scott_Ryan_(Australian_politician)>	<hasGender>	<male>	
<id_1db4thz_z7a_i5nbdj>	<Oak_Hall,_Virginia>	<isLocatedIn>	<Accomack_County,_Virginia>	
<id_111m128_p3m_zkjp59>	<Alec_Lazo>	<hasGender>	<male>	
<id_1y6b1yt_p3m_zkjp59>	<Erik_Charpentier>	<hasGender>	<male>	
<id_noo0f5_z7a_b9o59k>	<Wyoming,_Michigan>	<isLocatedIn>	<Kent_County,_Michigan>	
<id_opqvfe_p3m_zkjp59>	<Herman_Schueremans>	<hasGender>	<male>	
<id_3p7j80_z7a_57u6xv>	<Przy_Ostaszach>	<isLocatedIn>	<Bielsk_County>	
<id_9w9fkc_14p_1vhbsio>	<Santos_Dumont_Airport>	<isConnectedTo>	<São_José_dos_Campos>	
<id_ogd9za_z7a_10vo8oa>	<Skylight,_Arkansas>	<isLocatedIn>	<Washington_County,_Arkansas>	
<id_1v0w584_z7a_a3bajp>	<Buszcze>	<isLocatedIn>	<West_Pomeranian_Voivodeship>	
<id_jxbfcw_p3m_zkjp59>	<Samir_Rifai>	<hasGender>	<male>	
<id_1dz7218_p3m_zkjp59>	<A._Venkatesh_(cinematographer)>	<hasGender>	<male>	
<id_yxscm7_1s2_erwj92>	<Ertan_Demiri>	<isAffiliatedTo>	<FK_Metalurg_Skopje>	
<id_1exvr3w_oyl_13vxmy5>	<Karol_Marko>	<wasBornIn>	<Bratislava>	
<id_8ggopp_ab2_rlx5nb>	<Marie_Ljalková>	<hasWonPrize>	<Order_of_the_White_Lion>	
<id_3hxd91_z7a_txlk3f>	<Nance,_Virginia>	<isLocatedIn>	<Charles_City_County,_Virginia>	
<id_1icui20_ab2_xif50m>	<Masaichi_Niimi>	<hasWonPrize>	<Order_of_the_Sacred_Treasure>	
<id_1skig9_z7a_9if9l6>	<Dzielawy>	<isLocatedIn>	<Kędzierzyn-Koźle_County>	
<id_1mp5df9_1ul_1g8g4ke>	<Jovan_Stefanović>	<playsFor>	<FK_Hajduk_Beograd>	
<id_1deuffq_1s2_1d3o87g>	<Michael_Agazzi>	<isAffiliatedTo>	<U.S._Foggia>	
<id_17aya20_z7a_2h2hwo>	<Marvin_Lee_Stadium>	<isLocatedIn>	<Macoya>	
<id_1si7w7j_p3m_zkjp59>	<Daniel_Johansson>	<hasGender>	<male>	
<id_1y1m7fo_1gi_1tt8rn>	<Albert_Barillé>	<created>	<Once_Upon_a_Time..._Space>	
<id_im7owt_p3m_zkjp59>	<Eddy_Putter>	<hasGender>	<male>	
<id_1jf38k0_1s2_shrqtu>	<Park_Yong-Ho>	<isAffiliatedTo>	<FC_Seoul>	
<id_16h6bvc_p3m_edkbbg>	<Mary_Richmond>	<hasGender>	<female>	
<id_1xgjnhy_ice_1etx6ao>	<Bagher_Moazen>	<hasWebsite>	<http://www.moazen.com>	
<id_t8cfh9_1ul_lyp3e2>	<Radomir_Đalović>	<playsFor>	<HNK_Rijeka>	
<id_uz3w7v_z7a_599siw>	<Bystřička>	<isLocatedIn>	<Czech_Republic>	
<id_9kso2z_1gi_104badp>	<Led_Zeppelin>	<created>	<Houses_of_the_Holy_(song)>	
<id_17vmo4o_p3m_zkjp59>	<Kim_Jeong_Hoon>	<hasGender>	<male>	
<id_1gje016_tje_d653ux>	<Kemeria_Abajobir_Abajifar>	<isCitizenOf>	<Ethiopia>	
<id_u7fu26_1s2_oelgyo>	<Unai_Vergara>	<isAffiliatedTo>	<Villarreal_CF>	
<id_1ba8zrt_1ul_1r2ax6k>	<Diogo_Lézico_da_Silva>	<playsFor>	<FC_Gloria_Buzău>	
<id_10ubuh8_z7a_14dpl4u>	<Sugah>	<isLocatedIn>	<Qazvin_Province>	
<id_5jd2qv_z7a_5ylr4z>	<Nõmme,_Leisi_Parish>	<isLocatedIn>	<Saare_County>	
<id_115k2sv_1gi_1nje8s7>	<Toni_Cottura>	<created>	<Please_Don't_Break_My_Heart>	
<id_ypy0oc_1ul_1hb1rxv>	<Evangelos_economou>	<playsFor>	<Thyella_Patras_F.C.>	
<id_4w0b8k_p3m_zkjp59>	<Martyn_Rooney>	<hasGender>	<male>	
<id_pyvx26_p3m_edkbbg>	<Eugenia_Cauduro>	<hasGender>	<female>	
<id_t56i7k_1gi_12qnkb6>	<Takashi_Tezuka>	<created>	<Sakura_Momoko_no_Ukiuki_Carnival>	
<id_1cldk2l_11e_1rfr4m1>	<Angélica_María>	<hasChild>	<Angélica_Vale>	
<id_segvwg_z7a_1nclfta>	<Lower_St._Regis_Lake>	<isLocatedIn>	<New_York>	
<id_167bxud_1ul_t8rvgm>	<Kyriacos_Chailis>	<playsFor>	<Anorthosis_Famagusta_FC>	
<id_wp8rir_z7a_1q8tftz>	<The_Whitby_High_School>	<isLocatedIn>	<Cheshire>	
<id_1dioc1w_z7a_i9u5wy>	<Ambodimanga,_Andapa>	<isLocatedIn>	<Andapa_District>	
<id_5k40w6_z7a_t2lxq5>	<Orangeburg,_South_Carolina>	<isLocatedIn>	<South_Carolina>	
<id_1qae1ny_1ul_bat70c>	<Anton_Hysén>	<playsFor>	<Utsiktens_BK>	
<id_y8bd1m_1s2_uqykp6>	<Christian_Cappek>	<isAffiliatedTo>	<FC_Augsburg>	
<id_19ie3q_13l_1fehivq>	<Ray_Milland>	<directed>	<Three_Brave_Men>	
<id_9rb9ew_ice_1313iw1>	<Fu_Jen_Catholic_University>	<hasWebsite>	<http://www.fju.edu.tw>	
<id_1ot7v6v_1gi_9bh8vo>	<Norman_S._Hall>	<created>	<Mysterious_Doctor_Satan>	
