<id_1koas7s_1sn_1ty7e9d>	owl:Thing	<hasWordnetDomain>	<wordnetDomain_factotum>	
<id_1pdv1qr_1sn_1ty7e9d>	<wordnet_thing_100002452>	<hasWordnetDomain>	<wordnetDomain_factotum>	
<id_137svyt_1sn_1ty7e9d>	<wordnet_nothing_113740168>	<hasWordnetDomain>	<wordnetDomain_factotum>	
<id_k68cvx_1sn_1ty7e9d>	<wordnet_whole_100003553>	<hasWordnetDomain>	<wordnetDomain_factotum>	
<id_1wj6vmf_1sn_1ty7e9d>	<wordnet_living_thing_100004258>	<hasWordnetDomain>	<wordnetDomain_factotum>	
<id_qu84i6_1sn_1ty7e9d>	<wordnet_organism_100004475>	<hasWordnetDomain>	<wordnetDomain_factotum>	
<id_vnqah6_1sn_1ty7e9d>	<wordnet_benthos_100005787>	<hasWordnetDomain>	<wordnetDomain_factotum>	
<id_urnsww_1sn_1ty7e9d>	<wordnet_heterotroph_100006024>	<hasWordnetDomain>	<wordnetDomain_factotum>	
<id_102wyah_1sn_1ty7e9d>	<wordnet_life_100006269>	<hasWordnetDomain>	<wordnetDomain_factotum>	
<id_155zjv6_1sn_1ty7e9d>	<wordnet_biont_100006400>	<hasWordnetDomain>	<wordnetDomain_factotum>	
<id_6jubsq_1sn_4o05f9>	<wordnet_cell_100006484>	<hasWordnetDomain>	<wordnetDomain_biology>	
<id_1o693my_1sn_1ty7e9d>	<wordnet_causal_agent_100007347>	<hasWordnetDomain>	<wordnetDomain_factotum>	
<id_hsj9sm_1sn_4o05f9>	<wordnet_person_100007846>	<hasWordnetDomain>	<wordnetDomain_biology>	
<id_hsj9sm_1sn_17dphul>	<wordnet_person_100007846>	<hasWordnetDomain>	<wordnetDomain_person>	
<id_5jil6h_1sn_1ranmb3>	<wordnet_animal_100015388>	<hasWordnetDomain>	<wordnetDomain_animals>	
<id_5jil6h_1sn_4o05f9>	<wordnet_animal_100015388>	<hasWordnetDomain>	<wordnetDomain_biology>	
<id_6w9ydp_1sn_4o05f9>	<wordnet_plant_100017222>	<hasWordnetDomain>	<wordnetDomain_biology>	
<id_6w9ydp_1sn_17h93n4>	<wordnet_plant_100017222>	<hasWordnetDomain>	<wordnetDomain_plants>	
<id_oe4sf1_1sn_1ty7e9d>	<wordnet_object_100002684>	<hasWordnetDomain>	<wordnetDomain_factotum>	
<id_q6rnpu_1sn_1ty7e9d>	<wordnet_natural_object_100019128>	<hasWordnetDomain>	<wordnetDomain_factotum>	
<id_1tqyz8u_1sn_1vrwohr>	<wordnet_matter_100020827>	<hasWordnetDomain>	<wordnetDomain_physics>	
<id_z27sta_1sn_vyyfty>	<wordnet_food_100021265>	<hasWordnetDomain>	<wordnetDomain_food>	
<id_1wvoge8_1sn_1ty7e9d>	<wordnet_artifact_100021939>	<hasWordnetDomain>	<wordnetDomain_factotum>	
<id_6rvj60_1sn_1ty7e9d>	<wordnet_article_100022903>	<hasWordnetDomain>	<wordnetDomain_factotum>	
<id_gekkwi_1sn_1692gpd>	<wordnet_psychological_feature_100023100>	<hasWordnetDomain>	<wordnetDomain_psychology>	
<id_ttgs0f_1sn_1ty7e9d>	<wordnet_abstraction_100002137>	<hasWordnetDomain>	<wordnetDomain_factotum>	
<id_8898az_1sn_1ty7e9d>	<wordnet_cognition_100023271>	<hasWordnetDomain>	<wordnetDomain_factotum>	
<id_bipi7q_1sn_1ty7e9d>	<wordnet_motivation_100023773>	<hasWordnetDomain>	<wordnetDomain_factotum>	
<id_t80l08_1sn_1dvs0sv>	<wordnet_feeling_100026192>	<hasWordnetDomain>	<wordnetDomain_psychological_features>	
<id_pkskhc_1sn_1ty7e9d>	<wordnet_location_100027167>	<hasWordnetDomain>	<wordnetDomain_factotum>	
<id_1vza4sx_1sn_1ty7e9d>	<wordnet_shape_100027807>	<hasWordnetDomain>	<wordnetDomain_factotum>	
<id_1j75p8g_1sn_geky7f>	<wordnet_time_100028270>	<hasWordnetDomain>	<wordnetDomain_time_period>	
<id_18dcsx4_1sn_1ty7e9d>	<wordnet_space_100028651>	<hasWordnetDomain>	<wordnetDomain_factotum>	
<id_u5us70_1sn_1ty7e9d>	<wordnet_absolute_space_100029007>	<hasWordnetDomain>	<wordnetDomain_factotum>	
<id_128lz9h_1sn_1ty7e9d>	<wordnet_phase_space_100029114>	<hasWordnetDomain>	<wordnetDomain_factotum>	
<id_1b7si6y_1sn_1ty7e9d>	<wordnet_state_100024720>	<hasWordnetDomain>	<wordnetDomain_factotum>	
<id_1jtpavx_1sn_1ty7e9d>	<wordnet_event_100029378>	<hasWordnetDomain>	<wordnetDomain_factotum>	
<id_1tqi3pd_1sn_1ty7e9d>	<wordnet_act_100030358>	<hasWordnetDomain>	<wordnetDomain_factotum>	
<id_bcffzb_1sn_1ty7e9d>	<wordnet_group_100031264>	<hasWordnetDomain>	<wordnetDomain_factotum>	
<id_1ew0c3t_1sn_1ty7e9d>	<wordnet_possession_100032613>	<hasWordnetDomain>	<wordnetDomain_factotum>	
<id_d22wbk_1sn_1ty7e9d>	<wordnet_attribute_100024264>	<hasWordnetDomain>	<wordnetDomain_factotum>	
<id_1h18sg4_1sn_1ty7e9d>	<wordnet_relation_100031921>	<hasWordnetDomain>	<wordnetDomain_factotum>	
<id_dcejby_1sn_1tav0m2>	<wordnet_social_relation_100032823>	<hasWordnetDomain>	<wordnetDomain_sociology>	
<id_1mxlvju_1sn_xgty86>	<wordnet_communication_100033020>	<hasWordnetDomain>	<wordnetDomain_linguistics>	
<id_1mxlvju_1sn_2trg2s>	<wordnet_communication_100033020>	<hasWordnetDomain>	<wordnetDomain_telecommunication>	
<id_11eauwe_1sn_1w57q4m>	<wordnet_measure_100033615>	<hasWordnetDomain>	<wordnetDomain_metrology>	
<id_1jc64ug_1sn_1ty7e9d>	<wordnet_phenomenon_100034213>	<hasWordnetDomain>	<wordnetDomain_factotum>	
<id_1pfjpjt_1sn_1ty7e9d>	<wordnet_thing_100034479>	<hasWordnetDomain>	<wordnetDomain_factotum>	
<id_wbv8q2_1sn_1ty7e9d>	<wordnet_kindness_100034574>	<hasWordnetDomain>	<wordnetDomain_factotum>	
<id_137w7eo_1sn_1ty7e9d>	<wordnet_abdominoplasty_100034777>	<hasWordnetDomain>	<wordnetDomain_factotum>	
<id_ett3j3_1sn_1ty7e9d>	<wordnet_accomplishment_100035189>	<hasWordnetDomain>	<wordnetDomain_factotum>	
<id_vm1w85_1sn_1ydcp6g>	<wordnet_agon_100035697>	<hasWordnetDomain>	<wordnetDomain_free_time>	
<id_9uq4dm_1sn_1ty7e9d>	<wordnet_alienation_100035891>	<hasWordnetDomain>	<wordnetDomain_factotum>	
<id_al53c8_1sn_1ty7e9d>	<wordnet_beachhead_100036299>	<hasWordnetDomain>	<wordnetDomain_factotum>	
<id_1od0wnt_1sn_1ty7e9d>	<wordnet_cakewalk_100036580>	<hasWordnetDomain>	<wordnetDomain_factotum>	
<id_4epj80_1sn_1ty7e9d>	<wordnet_feat_100036762>	<hasWordnetDomain>	<wordnetDomain_factotum>	
<id_11auxtg_1sn_1ty7e9d>	<wordnet_masterpiece_100037006>	<hasWordnetDomain>	<wordnetDomain_factotum>	
<id_13m26zv_1sn_1ty7e9d>	<wordnet_masterstroke_100037090>	<hasWordnetDomain>	<wordnetDomain_factotum>	
<id_fw6b91_1sn_1ty7e9d>	<wordnet_credit_100037200>	<hasWordnetDomain>	<wordnetDomain_factotum>	
<id_1je6ukw_1sn_1ty7e9d>	<wordnet_action_100037396>	<hasWordnetDomain>	<wordnetDomain_factotum>	
<id_18vvyoq_1sn_1ty7e9d>	<wordnet_res_gestae_100038175>	<hasWordnetDomain>	<wordnetDomain_factotum>	
<id_1sg62ia_1sn_1ty7e9d>	<wordnet_course_100038262>	<hasWordnetDomain>	<wordnetDomain_factotum>	
<id_1nbykst_1sn_1ty7e9d>	<wordnet_blind_alley_100038573>	<hasWordnetDomain>	<wordnetDomain_factotum>	
<id_1tj91k6_1sn_1ty7e9d>	<wordnet_collision_course_100038863>	<hasWordnetDomain>	<wordnetDomain_factotum>	
<id_1w0iycx_1sn_1ty7e9d>	<wordnet_interaction_100039021>	<hasWordnetDomain>	<wordnetDomain_factotum>	
<id_1gbaixe_1sn_1ty7e9d>	<wordnet_interplay_100039211>	<hasWordnetDomain>	<wordnetDomain_factotum>	
<id_jbefkw_1sn_1ty7e9d>	<wordnet_contact_100039297>	<hasWordnetDomain>	<wordnetDomain_factotum>	
<id_k0q7c0_1sn_1ty7e9d>	<wordnet_brush_100039545>	<hasWordnetDomain>	<wordnetDomain_factotum>	
<id_ec8b91_1sn_1ty7e9d>	<wordnet_eye_contact_100039740>	<hasWordnetDomain>	<wordnetDomain_factotum>	
<id_1mp29t1_1sn_1ty7e9d>	<wordnet_placement_100039990>	<hasWordnetDomain>	<wordnetDomain_factotum>	
<id_1rkeyt0_1sn_1ty7e9d>	<wordnet_interchange_100040152>	<hasWordnetDomain>	<wordnetDomain_factotum>	
<id_1ji336z_1sn_1ty7e9d>	<wordnet_reciprocity_100040420>	<hasWordnetDomain>	<wordnetDomain_factotum>	
<id_d3qk3n_1sn_1ty7e9d>	<wordnet_cross-fertilization_100040545>	<hasWordnetDomain>	<wordnetDomain_factotum>	
<id_1juxg6j_1sn_1ty7e9d>	<wordnet_dealings_100040804>	<hasWordnetDomain>	<wordnetDomain_factotum>	
<id_1h1ry5f_1sn_1ty7e9d>	<wordnet_relation_100040962>	<hasWordnetDomain>	<wordnetDomain_factotum>	
<id_1kkhz88_1sn_1vwcw8c>	<wordnet_playing_100041188>	<hasWordnetDomain>	<wordnetDomain_sport>	
<id_mdki2j_1sn_1pgp4yu>	<wordnet_play_100041468>	<hasWordnetDomain>	<wordnetDomain_fencing>	
<id_o9qwl6_1sn_1ty7e9d>	<wordnet_boondoggle_100041614>	<hasWordnetDomain>	<wordnetDomain_factotum>	
<id_jy4ejw_1sn_7mo48o>	<wordnet_bowling_100041740>	<hasWordnetDomain>	<wordnetDomain_bowling>	
<id_1h58skk_1sn_1ty7e9d>	<wordnet_acquiring_100041899>	<hasWordnetDomain>	<wordnetDomain_factotum>	
<id_1g5732p_1sn_1ty7e9d>	<wordnet_causing_100042311>	<hasWordnetDomain>	<wordnetDomain_factotum>	
<id_nhqm8m_1sn_1r6e0vn>	<wordnet_delivery_100042541>	<hasWordnetDomain>	<wordnetDomain_anatomy>	
<id_nhqm8m_1sn_16lhmde>	<wordnet_delivery_100042541>	<hasWordnetDomain>	<wordnetDomain_medicine>	
<id_1m1lt2d_1sn_1ty7e9d>	<wordnet_departure_100042757>	<hasWordnetDomain>	<wordnetDomain_factotum>	
<id_jgl3ss_1sn_1ty7e9d>	<wordnet_derring-do_100043116>	<hasWordnetDomain>	<wordnetDomain_factotum>	
<id_2cdhtg_1sn_1ty7e9d>	<wordnet_discovery_100043195>	<hasWordnetDomain>	<wordnetDomain_factotum>	
<id_u0a4f_1sn_1ty7e9d>	<wordnet_disposal_100043609>	<hasWordnetDomain>	<wordnetDomain_factotum>	
<id_18lfkat_1sn_t11w9k>	<wordnet_hit_100043902>	<hasWordnetDomain>	<wordnetDomain_baseball>	
<id_61g4do_1sn_1ty7e9d>	<wordnet_implementation_100044150>	<hasWordnetDomain>	<wordnetDomain_factotum>	
<id_hfxiev_1sn_1ty7e9d>	<wordnet_egress_100044455>	<hasWordnetDomain>	<wordnetDomain_factotum>	
<id_i1f73k_1sn_1ty7e9d>	<wordnet_equalization_100044673>	<hasWordnetDomain>	<wordnetDomain_factotum>	
<id_1k7ar67_1sn_1234b6q>	<wordnet_exhumation_100044900>	<hasWordnetDomain>	<wordnetDomain_archaeology>	
<id_4egkuc_1sn_1ty7e9d>	<wordnet_mitzvah_100045114>	<hasWordnetDomain>	<wordnetDomain_factotum>	
<id_1hcy349_1sn_1ty7e9d>	<wordnet_propulsion_100045250>	<hasWordnetDomain>	<wordnetDomain_factotum>	
<id_dkjz4n_1sn_1ty7e9d>	<wordnet_rally_100045646>	<hasWordnetDomain>	<wordnetDomain_factotum>	
<id_i7xlia_1sn_1ty7e9d>	<wordnet_recovery_100045907>	<hasWordnetDomain>	<wordnetDomain_factotum>	
<id_xxqcbv_1sn_1ty7e9d>	<wordnet_running_away_100046177>	<hasWordnetDomain>	<wordnetDomain_factotum>	
<id_1nv54qp_1sn_1vwcw8c>	<wordnet_stunt_100046344>	<hasWordnetDomain>	<wordnetDomain_sport>	
<id_xjxjew_1sn_1ty7e9d>	<wordnet_touch_100046522>	<hasWordnetDomain>	<wordnetDomain_factotum>	
<id_1bm7xha_1sn_1ty7e9d>	<wordnet_tour_de_force_100047018>	<hasWordnetDomain>	<wordnetDomain_factotum>	
<id_bmmkwq_1sn_1ty7e9d>	<wordnet_performance_100047106>	<hasWordnetDomain>	<wordnetDomain_factotum>	
<id_j93azm_1sn_1ty7e9d>	<wordnet_overachievement_100047356>	<hasWordnetDomain>	<wordnetDomain_factotum>	
<id_7t9z8y_1sn_1ty7e9d>	<wordnet_underachievement_100047550>	<hasWordnetDomain>	<wordnetDomain_factotum>	
<id_n6yw0k_1sn_1ty7e9d>	<wordnet_record_100047745>	<hasWordnetDomain>	<wordnetDomain_factotum>	
<id_dsh368_1sn_1ty7e9d>	<wordnet_fait_accompli_100047941>	<hasWordnetDomain>	<wordnetDomain_factotum>	
<id_xyi8rc_1sn_1ty7e9d>	<wordnet_going_100048051>	<hasWordnetDomain>	<wordnetDomain_factotum>	
<id_1nf8tvk_1sn_1ty7e9d>	<wordnet_arrival_100048225>	<hasWordnetDomain>	<wordnetDomain_factotum>	
<id_1nf8uqj_1sn_nx7n4x>	<wordnet_arrival_100048374>	<hasWordnetDomain>	<wordnetDomain_transport>	
<id_x48u3o_1sn_1ty7e9d>	<wordnet_attainment_100048656>	<hasWordnetDomain>	<wordnetDomain_factotum>	
<id_18na9q8_1sn_1ty7e9d>	<wordnet_advent_100048828>	<hasWordnetDomain>	<wordnetDomain_factotum>	
<id_1t3od6a_1sn_1ty7e9d>	<wordnet_entrance_100049003>	<hasWordnetDomain>	<wordnetDomain_factotum>	
<id_p2tyqc_1sn_1ty7e9d>	<wordnet_incursion_100049344>	<hasWordnetDomain>	<wordnetDomain_factotum>	
<id_8gxh9m_1sn_1ty7e9d>	<wordnet_intrusion_100049530>	<hasWordnetDomain>	<wordnetDomain_factotum>	
<id_niqtia_1sn_1ty7e9d>	<wordnet_irruption_100049636>	<hasWordnetDomain>	<wordnetDomain_factotum>	
<id_14bphk_1sn_1ty7e9d>	<wordnet_entree_100049789>	<hasWordnetDomain>	<wordnetDomain_factotum>	
<id_q6l8xw_1sn_1ty7e9d>	<wordnet_entail_100049909>	<hasWordnetDomain>	<wordnetDomain_factotum>	
<id_3aqqv4_1sn_1gq7h5y>	<wordnet_registration_100050037>	<hasWordnetDomain>	<wordnetDomain_administration>	
<id_3aqqv4_1sn_19uyjue>	<wordnet_registration_100050037>	<hasWordnetDomain>	<wordnetDomain_economy>	
<id_12c1338_1sn_1ty7e9d>	<wordnet_appearance_100050195>	<hasWordnetDomain>	<wordnetDomain_factotum>	
<id_1kt5m32_1sn_1ty7e9d>	<wordnet_apparition_100050484>	<hasWordnetDomain>	<wordnetDomain_factotum>	
<id_etufqg_1sn_1d13auc>	<wordnet_emergence_100050693>	<hasWordnetDomain>	<wordnetDomain_astronomy>	
<id_zfmev5_1sn_1ty7e9d>	<wordnet_reappearance_100050887>	<hasWordnetDomain>	<wordnetDomain_factotum>	
<id_fzqolp_1sn_1ty7e9d>	<wordnet_comeback_100051077>	<hasWordnetDomain>	<wordnetDomain_factotum>	
<id_1fzkbgs_1sn_nx7n4x>	<wordnet_return_100051192>	<hasWordnetDomain>	<wordnetDomain_transport>	
<id_1www5sg_1sn_nx7n4x>	<wordnet_repatriation_100051385>	<hasWordnetDomain>	<wordnetDomain_transport>	
<id_hhj4n1_1sn_1ty7e9d>	<wordnet_penetration_100051525>	<hasWordnetDomain>	<wordnetDomain_factotum>	
<id_m4k8t5_1sn_1ty7e9d>	<wordnet_interpenetration_100051712>	<hasWordnetDomain>	<wordnetDomain_factotum>	
<id_mlfx80_1sn_1ty7e9d>	<wordnet_market_penetration_100051897>	<hasWordnetDomain>	<wordnetDomain_factotum>	
<id_175ysls_1sn_nx7n4x>	<wordnet_anchorage_100052052>	<hasWordnetDomain>	<wordnetDomain_transport>	
<id_mntjv_1sn_kxfyxr>	<wordnet_docking_100052146>	<hasWordnetDomain>	<wordnetDomain_nautical>	
<id_1qf3jt0_1sn_nx7n4x>	<wordnet_landing_100052334>	<hasWordnetDomain>	<wordnetDomain_transport>	
<id_1qf3l7p_1sn_jizfft>	<wordnet_landing_100052500>	<hasWordnetDomain>	<wordnetDomain_aviation>	
<id_1qf3l7p_1sn_1mphb6r>	<wordnet_landing_100052500>	<hasWordnetDomain>	<wordnetDomain_tourism>	
<id_wcywj5_1sn_jizfft>	<wordnet_forced_landing_100052791>	<hasWordnetDomain>	<wordnetDomain_aviation>	
<id_wcywj5_1sn_1mphb6r>	<wordnet_forced_landing_100052791>	<hasWordnetDomain>	<wordnetDomain_tourism>	
<id_19z92s0_1sn_1ty7e9d>	<wordnet_breaking_away_100053020>	<hasWordnetDomain>	<wordnetDomain_factotum>	
<id_18r3b2y_1sn_1ty7e9d>	<wordnet_farewell_100053097>	<hasWordnetDomain>	<wordnetDomain_factotum>	
<id_3939ge_1sn_1ty7e9d>	<wordnet_valediction_100053525>	<hasWordnetDomain>	<wordnetDomain_factotum>	
<id_bwejft_1sn_1ty7e9d>	<wordnet_disappearance_100053609>	<hasWordnetDomain>	<wordnetDomain_factotum>	
<id_hwf9dp_1sn_1ty7e9d>	<wordnet_vanishing_100053806>	<hasWordnetDomain>	<wordnetDomain_factotum>	
<id_1qe43z4_1sn_1ty7e9d>	<wordnet_withdrawal_100053913>	<hasWordnetDomain>	<wordnetDomain_factotum>	
<id_19n7udg_1sn_1ty7e9d>	<wordnet_effacement_100054328>	<hasWordnetDomain>	<wordnetDomain_factotum>	
<id_6cocu3_1sn_1cfteux>	<wordnet_retirement_100054652>	<hasWordnetDomain>	<wordnetDomain_religion>	
<id_dajcex_1sn_1ty7e9d>	<wordnet_evacuation_100054821>	<hasWordnetDomain>	<wordnetDomain_factotum>	
<id_h5wz5w_1sn_1ty7e9d>	<wordnet_medical_evacuation_100055038>	<hasWordnetDomain>	<wordnetDomain_factotum>	
<id_ljefqd_1sn_y2mded>	<wordnet_decampment_100055227>	<hasWordnetDomain>	<wordnetDomain_military>	
<id_hupd40_1sn_y2mded>	<wordnet_desertion_100055315>	<hasWordnetDomain>	<wordnetDomain_military>	
<id_1jqmkce_1sn_y2mded>	<wordnet_abscondment_100055633>	<hasWordnetDomain>	<wordnetDomain_military>	
<id_84oj5x_1sn_y2mded>	<wordnet_absence_without_leave_100055793>	<hasWordnetDomain>	<wordnetDomain_military>	
<id_1bjpll4_1sn_y2mded>	<wordnet_deviationism_100055932>	<hasWordnetDomain>	<wordnetDomain_military>	
<id_1ew6cv9_1sn_1tav0m2>	<wordnet_emigration_100056087>	<hasWordnetDomain>	<wordnetDomain_sociology>	
<id_m620sy_1sn_1tav0m2>	<wordnet_immigration_100056311>	<hasWordnetDomain>	<wordnetDomain_sociology>	
<id_gdu6rk_1sn_1tav0m2>	<wordnet_aliyah_100056551>	<hasWordnetDomain>	<wordnetDomain_sociology>	
<id_1buqaz3_1sn_1ty7e9d>	<wordnet_pullback_100056688>	<hasWordnetDomain>	<wordnetDomain_factotum>	
<id_dvx1me_1sn_y2mded>	<wordnet_retreat_100056912>	<hasWordnetDomain>	<wordnetDomain_military>	
<id_1qdp42h_1sn_y2mded>	<wordnet_standdown_100057162>	<hasWordnetDomain>	<wordnetDomain_military>	
<id_1yb8v22_1sn_y2mded>	<wordnet_disengagement_100057306>	<hasWordnetDomain>	<wordnetDomain_military>	
<id_7i9jl_1sn_1ty7e9d>	<wordnet_receding_100057486>	<hasWordnetDomain>	<wordnetDomain_factotum>	
<id_rjibrx_1sn_nx7n4x>	<wordnet_sailing_100057657>	<hasWordnetDomain>	<wordnetDomain_transport>	
<id_1lmr2cg_1sn_y2mded>	<wordnet_amphibious_landing_100057748>	<hasWordnetDomain>	<wordnetDomain_military>	
<id_1lmr2cg_1sn_nx7n4x>	<wordnet_amphibious_landing_100057748>	<hasWordnetDomain>	<wordnetDomain_transport>	
<id_acfcpt_1sn_nx7n4x>	<wordnet_debarkation_100058002>	<hasWordnetDomain>	<wordnetDomain_transport>	
<id_1vjbx0x_1sn_nx7n4x>	<wordnet_going_ashore_100058247>	<hasWordnetDomain>	<wordnetDomain_transport>	
<id_1bisygu_1sn_nx7n4x>	<wordnet_boarding_100058337>	<hasWordnetDomain>	<wordnetDomain_transport>	
<id_8prk86_1sn_1ty7e9d>	<wordnet_exit_100058519>	<hasWordnetDomain>	<wordnetDomain_factotum>	
<id_1ortg98_1sn_1ty7e9d>	<wordnet_elopement_100058608>	<hasWordnetDomain>	<wordnetDomain_factotum>	
<id_ir1db6_1sn_1ty7e9d>	<wordnet_escape_100058743>	<hasWordnetDomain>	<wordnetDomain_factotum>	
<id_1vg8bu5_1sn_1ty7e9d>	<wordnet_evasion_100059127>	<hasWordnetDomain>	<wordnetDomain_factotum>	
<id_1wrh93w_1sn_1ty7e9d>	<wordnet_slip_100059376>	<hasWordnetDomain>	<wordnetDomain_factotum>	
<id_1n8f2t1_1sn_1ty7e9d>	<wordnet_maneuver_100059552>	<hasWordnetDomain>	<wordnetDomain_factotum>	
<id_1l57ksa_1sn_10wocqn>	<wordnet_clinch_100059728>	<hasWordnetDomain>	<wordnetDomain_boxing>	
<id_rxku71_1sn_1ty7e9d>	<wordnet_dodge_100059895>	<hasWordnetDomain>	<wordnetDomain_factotum>	
<id_154z3qj_1sn_1ty7e9d>	<wordnet_break_100059989>	<hasWordnetDomain>	<wordnetDomain_factotum>	
<id_t29jmb_1sn_1ty7e9d>	<wordnet_getaway_100060201>	<hasWordnetDomain>	<wordnetDomain_factotum>	
<id_1dc50dt_1sn_1ty7e9d>	<wordnet_exodus_100060414>	<hasWordnetDomain>	<wordnetDomain_factotum>	
<id_1dc50dt_1sn_1ty7e9d>	<wordnet_exodus_100060414>	<hasWordnetDomain>	<wordnetDomain_factotum>	
<id_18pa4rv_1sn_1ty7e9d>	<wordnet_close_call_100061014>	<hasWordnetDomain>	<wordnetDomain_factotum>	
<id_659row_1sn_1ty7e9d>	<wordnet_surfacing_100061171>	<hasWordnetDomain>	<wordnetDomain_factotum>	
<id_n44ys6_1sn_nx7n4x>	<wordnet_dispatch_100061290>	<hasWordnetDomain>	<wordnetDomain_transport>	
<id_1uldzg2_1sn_nx7n4x>	<wordnet_reshipment_100061453>	<hasWordnetDomain>	<wordnetDomain_transport>	
<id_1vddb4o_1sn_1ty7e9d>	<wordnet_consummation_100061598>	<hasWordnetDomain>	<wordnetDomain_factotum>	
<id_1vddclw_1sn_1ty7e9d>	<wordnet_consummation_100061792>	<hasWordnetDomain>	<wordnetDomain_factotum>	
<id_1p085gg_1sn_1ty7e9d>	<wordnet_realization_100061917>	<hasWordnetDomain>	<wordnetDomain_factotum>	
<id_1yspm56_1sn_jqoezw>	<wordnet_orgasm_100062133>	<hasWordnetDomain>	<wordnetDomain_sexuality>	
<id_du8qk4_1sn_jqoezw>	<wordnet_male_orgasm_100062331>	<hasWordnetDomain>	<wordnetDomain_sexuality>	
<id_432rgo_1sn_1ty7e9d>	<wordnet_fulfillment_100062451>	<hasWordnetDomain>	<wordnetDomain_factotum>	
<id_1e1ckpr_1sn_1ty7e9d>	<wordnet_self-fulfillment_100062671>	<hasWordnetDomain>	<wordnetDomain_factotum>	
<id_x58mqb_1sn_1ty7e9d>	<wordnet_attainment_100062806>	<hasWordnetDomain>	<wordnetDomain_factotum>	
<id_n7zrzp_1sn_1vwcw8c>	<wordnet_record_100063014>	<hasWordnetDomain>	<wordnetDomain_sport>	
<id_1yv4duw_1sn_1vwcw8c>	<wordnet_track_record_100063310>	<hasWordnetDomain>	<wordnetDomain_sport>	
<id_1b5bah4_1sn_1vwcw8c>	<wordnet_world_record_100063559>	<hasWordnetDomain>	<wordnetDomain_sport>	
<id_q21aa7_1sn_1ty7e9d>	<wordnet_success_100063652>	<hasWordnetDomain>	<wordnetDomain_factotum>	
<id_fesw73_1sn_1ty7e9d>	<wordnet_winning_100064018>	<hasWordnetDomain>	<wordnetDomain_factotum>	
<id_199di8j_1sn_1ty7e9d>	<wordnet_blockbuster_100064151>	<hasWordnetDomain>	<wordnetDomain_factotum>	
<id_am30a0_1sn_1ty7e9d>	<wordnet_sleeper_100064370>	<hasWordnetDomain>	<wordnetDomain_factotum>	
<id_18mjpic_1sn_1ty7e9d>	<wordnet_hit_100064504>	<hasWordnetDomain>	<wordnetDomain_factotum>	
<id_re0cfd_1sn_1ty7e9d>	<wordnet_bell_ringer_100064789>	<hasWordnetDomain>	<wordnetDomain_factotum>	
<id_11lowk5_1sn_1ty7e9d>	<wordnet_ennoblement_100065098>	<hasWordnetDomain>	<wordnetDomain_factotum>	
<id_118k5s6_1sn_1ty7e9d>	<wordnet_conquest_100065216>	<hasWordnetDomain>	<wordnetDomain_factotum>	
<id_iqoz0_1sn_1ty7e9d>	<wordnet_coup_100065336>	<hasWordnetDomain>	<wordnetDomain_factotum>	
<id_rn619u_1sn_1ty7e9d>	<wordnet_flying_colors_100065418>	<hasWordnetDomain>	<wordnetDomain_factotum>	
<id_957vwb_1sn_1ty7e9d>	<wordnet_passing_100065575>	<hasWordnetDomain>	<wordnetDomain_factotum>	
<id_fxsjmo_1sn_18rkb0c>	<wordnet_credit_100065855>	<hasWordnetDomain>	<wordnetDomain_school>	
<id_1ggjlbj_1sn_18rkb0c>	<wordnet_semester_hour_100066075>	<hasWordnetDomain>	<wordnetDomain_school>	
<id_11rqmvv_1sn_1ty7e9d>	<wordnet_nonaccomplishment_100066216>	<hasWordnetDomain>	<wordnetDomain_factotum>	
<id_ugyve9_1sn_1ty7e9d>	<wordnet_failure_100066397>	<hasWordnetDomain>	<wordnetDomain_factotum>	
<id_ugyxh5_1sn_1ty7e9d>	<wordnet_failure_100066636>	<hasWordnetDomain>	<wordnetDomain_factotum>	
<id_kq25lg_1sn_1ty7e9d>	<wordnet_failing_100066901>	<hasWordnetDomain>	<wordnetDomain_factotum>	
<id_1n22qel_1sn_1ty7e9d>	<wordnet_naught_100067153>	<hasWordnetDomain>	<wordnetDomain_factotum>	
<id_nh50so_1sn_1ty7e9d>	<wordnet_cut_100067254>	<hasWordnetDomain>	<wordnetDomain_factotum>	
<id_7qsatj_1sn_1ty7e9d>	<wordnet_default_100067397>	<hasWordnetDomain>	<wordnetDomain_factotum>	
<id_18xv76x_1sn_1ty7e9d>	<wordnet_loss_100067526>	<hasWordnetDomain>	<wordnetDomain_factotum>	
<id_1sfpzzg_1sn_1ty7e9d>	<wordnet_capitulation_100067707>	<hasWordnetDomain>	<wordnetDomain_factotum>	
<id_1r94rrm_1sn_1ty7e9d>	<wordnet_frustration_100067990>	<hasWordnetDomain>	<wordnetDomain_factotum>	
<id_1psf747_1sn_1ty7e9d>	<wordnet_overturn_100068170>	<hasWordnetDomain>	<wordnetDomain_factotum>	
<id_1dgloge_1sn_1ty7e9d>	<wordnet_backsliding_100068333>	<hasWordnetDomain>	<wordnetDomain_factotum>	
<id_1ofcdir_1sn_1ty7e9d>	<wordnet_recidivism_100068617>	<hasWordnetDomain>	<wordnetDomain_factotum>	
<id_vkzuok_1sn_1ty7e9d>	<wordnet_disappointment_100068755>	<hasWordnetDomain>	<wordnetDomain_factotum>	
<id_rlhczb_1sn_1ty7e9d>	<wordnet_breach_100068901>	<hasWordnetDomain>	<wordnetDomain_factotum>	
<id_yi9gjj_1sn_1ty7e9d>	<wordnet_copout_100069060>	<hasWordnetDomain>	<wordnetDomain_factotum>	
<id_1me56sk_1sn_es20d6>	<wordnet_breach_of_contract_100069173>	<hasWordnetDomain>	<wordnetDomain_law>	
<id_1b2qzlo_1sn_es20d6>	<wordnet_anticipatory_breach_100069444>	<hasWordnetDomain>	<wordnetDomain_law>	
<id_1j83bkl_1sn_1ty7e9d>	<wordnet_breach_of_duty_100069604>	<hasWordnetDomain>	<wordnetDomain_factotum>	
<id_yd5su7_1sn_es20d6>	<wordnet_breach_of_the_covenant_of_warranty_100069685>	<hasWordnetDomain>	<wordnetDomain_law>	
<id_1jxzfxs_1sn_es20d6>	<wordnet_breach_of_promise_100069815>	<hasWordnetDomain>	<wordnetDomain_law>	
<id_xdzf01_1sn_es20d6>	<wordnet_breach_of_trust_100069918>	<hasWordnetDomain>	<wordnetDomain_law>	
<id_1c68xa0_1sn_es20d6>	<wordnet_breach_of_trust_with_fraudulent_intent_100070077>	<hasWordnetDomain>	<wordnetDomain_law>	
<id_8p669t_1sn_es20d6>	<wordnet_breach_of_warranty_100070215>	<hasWordnetDomain>	<wordnetDomain_law>	
<id_1b4she1_1sn_1ty7e9d>	<wordnet_leaning_100070363>	<hasWordnetDomain>	<wordnetDomain_factotum>	
<id_1xt0fna_1sn_es20d6>	<wordnet_material_breach_100070462>	<hasWordnetDomain>	<wordnetDomain_law>	
<id_blejem_1sn_1ty7e9d>	<wordnet_motivation_100070641>	<hasWordnetDomain>	<wordnetDomain_factotum>	
<id_9vg7gj_1sn_es20d6>	<wordnet_partial_breach_100070807>	<hasWordnetDomain>	<wordnetDomain_law>	
<id_szl48j_1sn_1ty7e9d>	<wordnet_mistake_100070965>	<hasWordnetDomain>	<wordnetDomain_factotum>	
<id_1vsjhq7_1sn_5wxz90>	<wordnet_double_fault_100071546>	<hasWordnetDomain>	<wordnetDomain_table_tennis>	
<id_1vsjhq7_1sn_199tbmr>	<wordnet_double_fault_100071546>	<hasWordnetDomain>	<wordnetDomain_tennis>	
<id_6y59pj_1sn_5wxz90>	<wordnet_footfault_100071700>	<hasWordnetDomain>	<wordnetDomain_table_tennis>	
<id_6y59pj_1sn_199tbmr>	<wordnet_footfault_100071700>	<hasWordnetDomain>	<wordnetDomain_tennis>	
<id_gsvb2t_1sn_t11w9k>	<wordnet_error_100072068>	<hasWordnetDomain>	<wordnetDomain_baseball>	
<id_xtypov_1sn_1ty7e9d>	<wordnet_blot_100072261>	<hasWordnetDomain>	<wordnetDomain_factotum>	
<id_16umx69_1sn_1ty7e9d>	<wordnet_confusion_100072473>	<hasWordnetDomain>	<wordnetDomain_factotum>	
<id_p4cxy1_1sn_1ty7e9d>	<wordnet_incursion_100072691>	<hasWordnetDomain>	<wordnetDomain_factotum>	
<id_dwnvgl_1sn_1ty7e9d>	<wordnet_miscalculation_100072808>	<hasWordnetDomain>	<wordnetDomain_factotum>	
<id_k8n79a_1sn_1ty7e9d>	<wordnet_backfire_100073032>	<hasWordnetDomain>	<wordnetDomain_factotum>	
<id_cc3iev_1sn_1ty7e9d>	<wordnet_rounding_100073177>	<hasWordnetDomain>	<wordnetDomain_factotum>	
<id_r55kkc_1sn_1ty7e9d>	<wordnet_truncation_error_100073525>	<hasWordnetDomain>	<wordnetDomain_factotum>	
<id_1di75ag_1sn_1ty7e9d>	<wordnet_distortion_100073713>	<hasWordnetDomain>	<wordnetDomain_factotum>	
<id_1wsh3yo_1sn_1ty7e9d>	<wordnet_slip_100073828>	<hasWordnetDomain>	<wordnetDomain_factotum>	
<id_hl4h5l_1sn_1ty7e9d>	<wordnet_oversight_100074524>	<hasWordnetDomain>	<wordnetDomain_factotum>	
<id_1hrz2ee_1sn_1ty7e9d>	<wordnet_omission_100074624>	<hasWordnetDomain>	<wordnetDomain_factotum>	
<id_c1gprp_1sn_1ty7e9d>	<wordnet_blunder_100074790>	<hasWordnetDomain>	<wordnetDomain_factotum>	
<id_i9jguy_1sn_1ty7e9d>	<wordnet_snafu_100075283>	<hasWordnetDomain>	<wordnetDomain_factotum>	
<id_16jmsai_1sn_1ty7e9d>	<wordnet_spectacle_100075471>	<hasWordnetDomain>	<wordnetDomain_factotum>	
<id_2ulk7b_1sn_1ty7e9d>	<wordnet_ballup_100075618>	<hasWordnetDomain>	<wordnetDomain_factotum>	
<id_8etxdd_1sn_1ty7e9d>	<wordnet_bull_100075790>	<hasWordnetDomain>	<wordnetDomain_factotum>	
<id_y8al3b_1sn_t11w9k>	<wordnet_fumble_100075912>	<hasWordnetDomain>	<wordnetDomain_baseball>	
<id_y8al3b_1sn_1s0pz1x>	<wordnet_fumble_100075912>	<hasWordnetDomain>	<wordnetDomain_football>	
<id_1nlhlw1_1sn_1j52ma7>	<wordnet_fluff_100076072>	<hasWordnetDomain>	<wordnetDomain_theatre>	
<id_1hsea66_1sn_1ty7e9d>	<wordnet_faux_pas_100076196>	<hasWordnetDomain>	<wordnetDomain_factotum>	
<id_18n8ezw_1sn_1ty7e9d>	<wordnet_howler_100076323>	<hasWordnetDomain>	<wordnetDomain_factotum>	
<id_ift50i_1sn_1ty7e9d>	<wordnet_clanger_100076393>	<hasWordnetDomain>	<wordnetDomain_factotum>	
<id_vbf806_1sn_1ty7e9d>	<wordnet_trip_100076563>	<hasWordnetDomain>	<wordnetDomain_factotum>	
<id_twlfp3_1sn_1ty7e9d>	<wordnet_spill_100076884>	<hasWordnetDomain>	<wordnetDomain_factotum>	
<id_o5n3kk_1sn_1ty7e9d>	<wordnet_wipeout_100077249>	<hasWordnetDomain>	<wordnetDomain_factotum>	
<id_17vtdun_1sn_1ty7e9d>	<wordnet_acquisition_100077419>	<hasWordnetDomain>	<wordnetDomain_factotum>	
<id_1btzjca_1sn_1ty7e9d>	<wordnet_obtainment_100077856>	<hasWordnetDomain>	<wordnetDomain_factotum>	
<id_28vv5z_1sn_1ty7e9d>	<wordnet_catching_100077981>	<hasWordnetDomain>	<wordnetDomain_factotum>	
<id_qaa194_1sn_1ty7e9d>	<wordnet_incurring_100078217>	<hasWordnetDomain>	<wordnetDomain_factotum>	
<id_jj7ft9_1sn_1ty7e9d>	<wordnet_moneymaking_100078393>	<hasWordnetDomain>	<wordnetDomain_factotum>	
<id_s70l9i_1sn_1ty7e9d>	<wordnet_annexation_100078536>	<hasWordnetDomain>	<wordnetDomain_factotum>	
<id_1faqaob_1sn_19uyjue>	<wordnet_pork-barreling_100078821>	<hasWordnetDomain>	<wordnetDomain_economy>	
<id_6618f8_1sn_19uyjue>	<wordnet_purchase_100079018>	<hasWordnetDomain>	<wordnetDomain_economy>	
<id_vfde6i_1sn_19uyjue>	<wordnet_redemption_100079212>	<hasWordnetDomain>	<wordnetDomain_economy>	
<id_1lz149z_1sn_1bj328z>	<wordnet_trading_100079398>	<hasWordnetDomain>	<wordnetDomain_commerce>	
<id_1q0p8tm_1sn_1bj328z>	<wordnet_bond_trading_100079603>	<hasWordnetDomain>	<wordnetDomain_commerce>	
<id_pc4t4e_1sn_1bj328z>	<wordnet_program_trading_100079752>	<hasWordnetDomain>	<wordnetDomain_commerce>	
<id_1not8c7_1sn_1bj328z>	<wordnet_short_sale_100079908>	<hasWordnetDomain>	<wordnetDomain_commerce>	
<id_1aj8tm9_1sn_1bj328z>	<wordnet_short_covering_100080096>	<hasWordnetDomain>	<wordnetDomain_commerce>	
<id_1wcfnvq_1sn_1bj328z>	<wordnet_insider_trading_100080242>	<hasWordnetDomain>	<wordnetDomain_commerce>	
<id_19j735w_1sn_jdakq3>	<wordnet_naked_option_100080474>	<hasWordnetDomain>	<wordnetDomain_exchange>	
<id_19j735w_1sn_es20d6>	<wordnet_naked_option_100080474>	<hasWordnetDomain>	<wordnetDomain_law>	
<id_j1v24y_1sn_jdakq3>	<wordnet_covered_option_100080619>	<hasWordnetDomain>	<wordnetDomain_exchange>	
<id_j1v24y_1sn_es20d6>	<wordnet_covered_option_100080619>	<hasWordnetDomain>	<wordnetDomain_law>	
<id_1i1f8ga_1sn_1bj328z>	<wordnet_call_option_100080743>	<hasWordnetDomain>	<wordnetDomain_commerce>	
<id_1i1f8ga_1sn_jdakq3>	<wordnet_call_option_100080743>	<hasWordnetDomain>	<wordnetDomain_exchange>	
<id_19rsemu_1sn_1bj328z>	<wordnet_put_option_100080968>	<hasWordnetDomain>	<wordnetDomain_commerce>	
<id_19rsemu_1sn_jdakq3>	<wordnet_put_option_100080968>	<hasWordnetDomain>	<wordnetDomain_exchange>	
<id_ugwd9o_1sn_jdakq3>	<wordnet_straddle_100081174>	<hasWordnetDomain>	<wordnetDomain_exchange>	
<id_ugwd9o_1sn_es20d6>	<wordnet_straddle_100081174>	<hasWordnetDomain>	<wordnetDomain_law>	
<id_1fdndrh_1sn_1afa2sp>	<wordnet_incentive_option_100081395>	<hasWordnetDomain>	<wordnetDomain_enterprise>	
<id_1fdndrh_1sn_jdakq3>	<wordnet_incentive_option_100081395>	<hasWordnetDomain>	<wordnetDomain_exchange>	
<id_1fdndrh_1sn_es20d6>	<wordnet_incentive_option_100081395>	<hasWordnetDomain>	<wordnetDomain_law>	
<id_km2hfl_1sn_19uyjue>	<wordnet_buying_100081572>	<hasWordnetDomain>	<wordnetDomain_economy>	
<id_1gh5hlk_1sn_19uyjue>	<wordnet_shopping_100081836>	<hasWordnetDomain>	<wordnetDomain_economy>	
<id_1f0pqgb_1sn_19uyjue>	<wordnet_marketing_100082081>	<hasWordnetDomain>	<wordnetDomain_economy>	
<id_4xwdci_1sn_19uyjue>	<wordnet_mail-order_buying_100082223>	<hasWordnetDomain>	<wordnetDomain_economy>	
<id_137y81z_1sn_19uyjue>	<wordnet_viatication_100082347>	<hasWordnetDomain>	<wordnetDomain_economy>	
<id_2d6s8z_1sn_1ty7e9d>	<wordnet_acceptance_100082525>	<hasWordnetDomain>	<wordnetDomain_factotum>	
<id_1tpppkf_1sn_19uyjue>	<wordnet_succession_100082754>	<hasWordnetDomain>	<wordnetDomain_economy>	
<id_1plxefk_1sn_1ty7e9d>	<wordnet_assumption_100082870>	<hasWordnetDomain>	<wordnetDomain_factotum>	
<id_1plxwy2_1sn_1ty7e9d>	<wordnet_assumption_100083260>	<hasWordnetDomain>	<wordnetDomain_factotum>	
<id_o2m6r8_1sn_1ty7e9d>	<wordnet_position_100083448>	<hasWordnetDomain>	<wordnetDomain_factotum>	
<id_190uarb_1sn_1ty7e9d>	<wordnet_inheritance_100083585>	<hasWordnetDomain>	<wordnetDomain_factotum>	
<id_13a8kdl_1sn_1ty7e9d>	<wordnet_procurement_100083729>	<hasWordnetDomain>	<wordnetDomain_factotum>	
<id_kc6qfy_1sn_1ty7e9d>	<wordnet_appropriation_100083975>	<hasWordnetDomain>	<wordnetDomain_factotum>	
<id_1vw7xf8_1sn_1ty7e9d>	<wordnet_borrowing_100084371>	<hasWordnetDomain>	<wordnetDomain_factotum>	
<id_k40sn5_1sn_1ty7e9d>	<wordnet_naturalization_100084642>	<hasWordnetDomain>	<wordnetDomain_factotum>	
<id_16cs4b_1sn_1ty7e9d>	<wordnet_misappropriation_100084895>	<hasWordnetDomain>	<wordnetDomain_factotum>	
<id_1o09kbb_1sn_1ty7e9d>	<wordnet_preemption_100085041>	<hasWordnetDomain>	<wordnetDomain_factotum>	
<id_skgyag_1sn_es20d6>	<wordnet_seizure_100085219>	<hasWordnetDomain>	<wordnetDomain_law>	
<id_1u88wo4_1sn_1ty7e9d>	<wordnet_usurpation_100085432>	<hasWordnetDomain>	<wordnetDomain_factotum>	
<id_qa52ug_1sn_es20d6>	<wordnet_confiscation_100085678>	<hasWordnetDomain>	<wordnetDomain_law>	
<id_18wilqh_1sn_es20d6>	<wordnet_distress_100085829>	<hasWordnetDomain>	<wordnetDomain_law>	
<id_1a4q6ml_1sn_19uyjue>	<wordnet_expropriation_100086140>	<hasWordnetDomain>	<wordnetDomain_economy>	
<id_1a4q6ml_1sn_es20d6>	<wordnet_expropriation_100086140>	<hasWordnetDomain>	<wordnetDomain_law>	
<id_1mpqo32_1sn_es20d6>	<wordnet_impoundment_100086297>	<hasWordnetDomain>	<wordnetDomain_law>	
<id_1pjbykj_1sn_es20d6>	<wordnet_drug_bust_100086547>	<hasWordnetDomain>	<wordnetDomain_law>	
<id_1wiwg0c_1sn_es20d6>	<wordnet_impress_100086654>	<hasWordnetDomain>	<wordnetDomain_law>	
<id_1ixn0n0_1sn_1ty7e9d>	<wordnet_occupation_100086809>	<hasWordnetDomain>	<wordnetDomain_factotum>	
<id_1o0dyqt_1sn_1ty7e9d>	<wordnet_preoccupancy_100087073>	<hasWordnetDomain>	<wordnetDomain_factotum>	
<id_mhm0o3_1sn_1ty7e9d>	<wordnet_sequestration_100087218>	<hasWordnetDomain>	<wordnetDomain_factotum>	
<id_gkkwy0_1sn_19uyjue>	<wordnet_grant_100087423>	<hasWordnetDomain>	<wordnetDomain_economy>	
<id_p2y6kn_1sn_es20d6>	<wordnet_award_100087663>	<hasWordnetDomain>	<wordnetDomain_law>	
<id_174eclf_1sn_es20d6>	<wordnet_addiction_100087849>	<hasWordnetDomain>	<wordnetDomain_law>	
<id_1u110nk_1sn_19uyjue>	<wordnet_block_grant_100088154>	<hasWordnetDomain>	<wordnetDomain_economy>	
<id_1u110nk_1sn_1ujnjjd>	<wordnet_block_grant_100088154>	<hasWordnetDomain>	<wordnetDomain_politics>	
<id_umognb_1sn_19uyjue>	<wordnet_grant-in-aid_100088367>	<hasWordnetDomain>	<wordnetDomain_economy>	
<id_umognb_1sn_1ujnjjd>	<wordnet_grant-in-aid_100088367>	<hasWordnetDomain>	<wordnetDomain_politics>	
<id_1yzuumh_1sn_1ty7e9d>	<wordnet_capture_100088481>	<hasWordnetDomain>	<wordnetDomain_factotum>	
<id_1ffkvdm_1sn_es20d6>	<wordnet_apprehension_100088725>	<hasWordnetDomain>	<wordnetDomain_law>	
<id_119q9gi_1sn_1ty7e9d>	<wordnet_conquest_100089027>	<hasWordnetDomain>	<wordnetDomain_factotum>	
<id_1gis850_1sn_1ty7e9d>	<wordnet_enslavement_100089234>	<hasWordnetDomain>	<wordnetDomain_factotum>	
<id_dxzx7y_1sn_1ty7e9d>	<wordnet_restitution_100089351>	<hasWordnetDomain>	<wordnetDomain_factotum>	
<id_1s3ze3_1sn_19uyjue>	<wordnet_clawback_100089657>	<hasWordnetDomain>	<wordnetDomain_economy>	
<id_1c2h09e_1sn_1ty7e9d>	<wordnet_repossession_100089891>	<hasWordnetDomain>	<wordnetDomain_factotum>	
<id_vbewrx_1sn_es20d6>	<wordnet_foreclosure_100090076>	<hasWordnetDomain>	<wordnetDomain_law>	
<id_1hp88e6_1sn_1ty7e9d>	<wordnet_reception_100090253>	<hasWordnetDomain>	<wordnetDomain_factotum>	
<id_1xser9n_1sn_es20d6>	<wordnet_appointment_100090393>	<hasWordnetDomain>	<wordnetDomain_law>	
<id_gdzrym_1sn_1ty7e9d>	<wordnet_comb-out_100090610>	<hasWordnetDomain>	<wordnetDomain_factotum>	
<id_1ngo6hq_1sn_1ty7e9d>	<wordnet_giving_100090779>	<hasWordnetDomain>	<wordnetDomain_factotum>	
<id_1dgb7fn_1sn_1ty7e9d>	<wordnet_abandonment_100091013>	<hasWordnetDomain>	<wordnetDomain_factotum>	
<id_edxprj_1sn_1ty7e9d>	<wordnet_discard_100091234>	<hasWordnetDomain>	<wordnetDomain_factotum>	
<id_1sogvn5_1sn_1ty7e9d>	<wordnet_staging_100091404>	<hasWordnetDomain>	<wordnetDomain_factotum>	
<id_edxrx0_1sn_vyw8k8>	<wordnet_discard_100091503>	<hasWordnetDomain>	<wordnetDomain_card>	
<id_1f1stt6_1sn_1ty7e9d>	<wordnet_mine_disposal_100091670>	<hasWordnetDomain>	<wordnetDomain_factotum>	
<id_2hx2w_1sn_1ty7e9d>	<wordnet_minesweeping_100091779>	<hasWordnetDomain>	<wordnetDomain_factotum>	
<id_bnrfvq_1sn_1ty7e9d>	<wordnet_sewage_disposal_100091893>	<hasWordnetDomain>	<wordnetDomain_factotum>	
<id_6fgcx4_1sn_1bj328z>	<wordnet_bait_and_switch_100091977>	<hasWordnetDomain>	<wordnetDomain_commerce>	
<id_oi934z_1sn_1bj328z>	<wordnet_private_treaty_100092212>	<hasWordnetDomain>	<wordnetDomain_commerce>	
<id_rxhd3n_1sn_1bj328z>	<wordnet_auction_100092366>	<hasWordnetDomain>	<wordnetDomain_commerce>	
<id_ykxe2v_1sn_1bj328z>	<wordnet_bootlegging_100092663>	<hasWordnetDomain>	<wordnetDomain_commerce>	
<id_ykxe2v_1sn_1bj328z>	<wordnet_bootlegging_100092663>	<hasWordnetDomain>	<wordnetDomain_commerce>	
<id_14n3gli_1sn_1bj328z>	<wordnet_capitalization_100093006>	<hasWordnetDomain>	<wordnetDomain_commerce>	
<id_187b3bu_1sn_1bj328z>	<wordnet_overcapitalization_100093127>	<hasWordnetDomain>	<wordnetDomain_commerce>	
<id_yv4kxn_1sn_1ty7e9d>	<wordnet_reclamation_100093354>	<hasWordnetDomain>	<wordnetDomain_factotum>	
<id_1ugu8wm_1sn_1ty7e9d>	<wordnet_rescue_100093483>	<hasWordnetDomain>	<wordnetDomain_factotum>	
<id_vtx3j3_1sn_1ty7e9d>	<wordnet_lifesaving_100093874>	<hasWordnetDomain>	<wordnetDomain_factotum>	
<id_vgdqxb_1sn_1cfteux>	<wordnet_redemption_100094001>	<hasWordnetDomain>	<wordnetDomain_religion>	
<id_dqnm0r_1sn_1cfteux>	<wordnet_absolution_100094240>	<hasWordnetDomain>	<wordnetDomain_religion>	
<id_pkx7dw_1sn_1cfteux>	<wordnet_indulgence_100094500>	<hasWordnetDomain>	<wordnetDomain_religion>	
<id_1eg0xkw_1sn_1cfteux>	<wordnet_conversion_100094788>	<hasWordnetDomain>	<wordnetDomain_religion>	
<id_10eg0b2_1sn_1cfteux>	<wordnet_proselytism_100094954>	<hasWordnetDomain>	<wordnetDomain_religion>	
<id_i8zwqb_1sn_1cfteux>	<wordnet_expiation_100095121>	<hasWordnetDomain>	<wordnetDomain_religion>	
<id_125w8z7_1sn_1cfteux>	<wordnet_reparation_100095329>	<hasWordnetDomain>	<wordnetDomain_religion>	
<id_1n4hxos_1sn_1ty7e9d>	<wordnet_liberation_100095502>	<hasWordnetDomain>	<wordnetDomain_factotum>	
<id_3p8rlz_1sn_1ty7e9d>	<wordnet_jail_delivery_100095873>	<hasWordnetDomain>	<wordnetDomain_factotum>	
<id_yv5zei_1sn_1ty7e9d>	<wordnet_reclamation_100095971>	<hasWordnetDomain>	<wordnetDomain_factotum>	
<id_v2ias2_1sn_1ty7e9d>	<wordnet_salvage_100096211>	<hasWordnetDomain>	<wordnetDomain_factotum>	
<id_v2ible_1sn_1ty7e9d>	<wordnet_salvage_100096343>	<hasWordnetDomain>	<wordnetDomain_factotum>	
<id_2pahfx_1sn_1ty7e9d>	<wordnet_salvation_100096513>	<hasWordnetDomain>	<wordnetDomain_factotum>	
<id_4mylxp_1sn_1ty7e9d>	<wordnet_search_and_rescue_mission_100096720>	<hasWordnetDomain>	<wordnetDomain_factotum>	
<id_zi9xqv_1sn_1ty7e9d>	<wordnet_ransom_100096851>	<hasWordnetDomain>	<wordnetDomain_factotum>	
<id_izsjd4_1sn_1ty7e9d>	<wordnet_recapture_100096969>	<hasWordnetDomain>	<wordnetDomain_factotum>	
<id_izt0bg_1sn_es20d6>	<wordnet_recapture_100097122>	<hasWordnetDomain>	<wordnetDomain_law>	
<id_u8vidu_1sn_1ty7e9d>	<wordnet_invocation_100097244>	<hasWordnetDomain>	<wordnetDomain_factotum>	
<id_15t1bq5_1sn_1ty7e9d>	<wordnet_instrumentation_100097348>	<hasWordnetDomain>	<wordnetDomain_factotum>	
<id_bpdmu9_1sn_1ty7e9d>	<wordnet_performance_100097504>	<hasWordnetDomain>	<wordnetDomain_factotum>	
<id_14tjar1_1sn_es20d6>	<wordnet_specific_performance_100097923>	<hasWordnetDomain>	<wordnetDomain_law>	
<id_pqlp5s_1sn_qrovfr>	<wordnet_mechanism_100098385>	<hasWordnetDomain>	<wordnetDomain_mechanics>	
<id_si20ed_1sn_1ty7e9d>	<wordnet_service_100098625>	<hasWordnetDomain>	<wordnetDomain_factotum>	
<id_kp98qn_1sn_1ty7e9d>	<wordnet_curb_service_100098822>	<hasWordnetDomain>	<wordnetDomain_factotum>	
<id_lkyrya_1sn_1mphb6r>	<wordnet_self-service_100098939>	<hasWordnetDomain>	<wordnetDomain_tourism>	
<id_kbla6y_1sn_1ty7e9d>	<wordnet_dramatic_production_100099267>	<hasWordnetDomain>	<wordnetDomain_factotum>	
<id_17kxb1s_1sn_1ty7e9d>	<wordnet_encore_100099439>	<hasWordnetDomain>	<wordnetDomain_factotum>	
<id_lngcmd_1sn_1ty7e9d>	<wordnet_extemporization_100099588>	<hasWordnetDomain>	<wordnetDomain_factotum>	
<id_qe6nbd_1sn_1ty7e9d>	<wordnet_juggle_100099799>	<hasWordnetDomain>	<wordnetDomain_factotum>	
<id_18o5frg_1sn_1ty7e9d>	<wordnet_magic_trick_100099951>	<hasWordnetDomain>	<wordnetDomain_factotum>	
<id_1fklut6_1sn_1mphb6r>	<wordnet_mush_100308208>	<hasWordnetDomain>	<wordnetDomain_tourism>	
<id_j2ewue_1sn_1vt5ecd>	<wordnet_musical_performance_100100253>	<hasWordnetDomain>	<wordnetDomain_music>	
<id_ba6nyt_1sn_1ty7e9d>	<wordnet_one-night_stand_100100437>	<hasWordnetDomain>	<wordnetDomain_factotum>	
<id_1r494bh_1sn_1ty7e9d>	<wordnet_rendition_100100543>	<hasWordnetDomain>	<wordnetDomain_factotum>	
<id_t8x535_1sn_1ty7e9d>	<wordnet_reinterpretation_100100889>	<hasWordnetDomain>	<wordnetDomain_factotum>	
<id_125hwip_1sn_1ty7e9d>	<wordnet_spin_100101003>	<hasWordnetDomain>	<wordnetDomain_factotum>	
<id_1kzcf9n_1sn_1vt5ecd>	<wordnet_playing_100101191>	<hasWordnetDomain>	<wordnetDomain_music>	
<id_u5l6on_1sn_1vt5ecd>	<wordnet_bowing_100101410>	<hasWordnetDomain>	<wordnetDomain_music>	
<id_n20hqi_1sn_1vt5ecd>	<wordnet_spiccato_100101570>	<hasWordnetDomain>	<wordnetDomain_music>	
<id_xz4vbq_1sn_1vt5ecd>	<wordnet_piping_100101708>	<hasWordnetDomain>	<wordnetDomain_music>	
<id_11a20m9_1sn_1vt5ecd>	<wordnet_stopping_100101809>	<hasWordnetDomain>	<wordnetDomain_music>	
<id_1wnsu97_1sn_1vt5ecd>	<wordnet_double_stopping_100102039>	<hasWordnetDomain>	<wordnetDomain_music>	
<id_qx614h_1sn_1vt5ecd>	<wordnet_transposition_100102162>	<hasWordnetDomain>	<wordnetDomain_music>	
<id_163s2nk_1sn_1vt5ecd>	<wordnet_jam_session_100102374>	<hasWordnetDomain>	<wordnetDomain_music>	
<id_6hgkmw_1sn_w4meob>	<wordnet_automation_100102457>	<hasWordnetDomain>	<wordnetDomain_engineering>	
<id_6hgkmw_1sn_1nlg9ba>	<wordnet_automation_100102457>	<hasWordnetDomain>	<wordnetDomain_industry>	
<id_ai05bp_1sn_w4meob>	<wordnet_computerization_100102779>	<hasWordnetDomain>	<wordnetDomain_engineering>	
<id_ai05bp_1sn_1nlg9ba>	<wordnet_computerization_100102779>	<hasWordnetDomain>	<wordnetDomain_industry>	
<id_mcynmg_1sn_nx7n4x>	<wordnet_motorization_100102927>	<hasWordnetDomain>	<wordnetDomain_transport>	
<id_fk2p8u_1sn_1ty7e9d>	<wordnet_launching_100103140>	<hasWordnetDomain>	<wordnetDomain_factotum>	
<id_fk2q3v_1sn_1ty7e9d>	<wordnet_launching_100103291>	<hasWordnetDomain>	<wordnetDomain_factotum>	
<id_4w3gx8_1sn_1ty7e9d>	<wordnet_rocket_firing_100103419>	<hasWordnetDomain>	<wordnetDomain_factotum>	
<id_1wjptgt_1sn_1ty7e9d>	<wordnet_blastoff_100103590>	<hasWordnetDomain>	<wordnetDomain_factotum>	
<id_1ntvh5x_1sn_1ty7e9d>	<wordnet_moon_shot_100103737>	<hasWordnetDomain>	<wordnetDomain_factotum>	
<id_b055v9_1sn_1ty7e9d>	<wordnet_drive_100103834>	<hasWordnetDomain>	<wordnetDomain_factotum>	
<id_uilzy1_1sn_1ty7e9d>	<wordnet_firewall_100104088>	<hasWordnetDomain>	<wordnetDomain_factotum>	
<id_1yq6lct_1sn_1ty7e9d>	<wordnet_impulse_100104249>	<hasWordnetDomain>	<wordnetDomain_factotum>	
<id_1a6e8w3_1sn_7mo48o>	<wordnet_roll_100104409>	<hasWordnetDomain>	<wordnetDomain_bowling>	
<id_161orxu_1sn_1ty7e9d>	<wordnet_throw_100104539>	<hasWordnetDomain>	<wordnetDomain_factotum>	
<id_kd0t3d_1sn_7mo48o>	<wordnet_bowling_100104976>	<hasWordnetDomain>	<wordnetDomain_bowling>	
<id_kd0t3d_1sn_nicfqh>	<wordnet_bowling_100104976>	<hasWordnetDomain>	<wordnetDomain_cricket>	
<id_yiqcrf_1sn_1ty7e9d>	<wordnet_fling_100105164>	<hasWordnetDomain>	<wordnetDomain_factotum>	
<id_195hytr_1sn_1ty7e9d>	<wordnet_heave_100105271>	<hasWordnetDomain>	<wordnetDomain_factotum>	
<id_16g9vb9_1sn_1ty7e9d>	<wordnet_hurl_100105479>	<hasWordnetDomain>	<wordnetDomain_factotum>	
<id_76o6r7_1sn_1ty7e9d>	<wordnet_leaner_100105624>	<hasWordnetDomain>	<wordnetDomain_factotum>	
<id_8s2b3j_1sn_1vwcw8c>	<wordnet_pass_100105820>	<hasWordnetDomain>	<wordnetDomain_sport>	
<id_1oabl44_1sn_1ty7e9d>	<wordnet_pitch_100106104>	<hasWordnetDomain>	<wordnetDomain_factotum>	
<id_1oabm0s_1sn_t11w9k>	<wordnet_pitch_100106272>	<hasWordnetDomain>	<wordnetDomain_baseball>	
<id_1gk46jj_1sn_1ty7e9d>	<wordnet_ringer_100106726>	<hasWordnetDomain>	<wordnetDomain_factotum>	
<id_1hzzrsb_1sn_1vwcw8c>	<wordnet_shy_100106888>	<hasWordnetDomain>	<wordnetDomain_sport>	
<id_5b2m50_1sn_1ty7e9d>	<wordnet_slinging_100107016>	<hasWordnetDomain>	<wordnetDomain_factotum>	
<id_1z0rx7r_1sn_1vwcw8c>	<wordnet_throw-in_100107137>	<hasWordnetDomain>	<wordnetDomain_sport>	
<id_1sihwl4_1sn_t11w9k>	<wordnet_balk_100107279>	<hasWordnetDomain>	<wordnetDomain_baseball>	
<id_ysn1cp_1sn_t11w9k>	<wordnet_ball_100107400>	<hasWordnetDomain>	<wordnetDomain_baseball>	
<id_1h8qug6_1sn_t11w9k>	<wordnet_beanball_100107551>	<hasWordnetDomain>	<wordnetDomain_baseball>	
<id_pr70bc_1sn_t11w9k>	<wordnet_change-up_100107684>	<hasWordnetDomain>	<wordnetDomain_baseball>	
<id_1ndqbyr_1sn_t11w9k>	<wordnet_curve_100107875>	<hasWordnetDomain>	<wordnetDomain_baseball>	
<id_9wtcy5_1sn_t11w9k>	<wordnet_duster_100108081>	<hasWordnetDomain>	<wordnetDomain_baseball>	
<id_11fn6yy_1sn_t11w9k>	<wordnet_fastball_100108181>	<hasWordnetDomain>	<wordnetDomain_baseball>	
<id_1u308vs_1sn_t11w9k>	<wordnet_knuckleball_100108427>	<hasWordnetDomain>	<wordnetDomain_baseball>	
<id_3cam4w_1sn_t11w9k>	<wordnet_passed_ball_100108665>	<hasWordnetDomain>	<wordnetDomain_baseball>	
<id_18b2skf_1sn_t11w9k>	<wordnet_screwball_100108818>	<hasWordnetDomain>	<wordnetDomain_baseball>	
<id_opgekd_1sn_t11w9k>	<wordnet_sinker_100108965>	<hasWordnetDomain>	<wordnetDomain_baseball>	
<id_x7oucu_1sn_t11w9k>	<wordnet_slider_100109081>	<hasWordnetDomain>	<wordnetDomain_baseball>	
<id_u4lcv6_1sn_t11w9k>	<wordnet_spitball_100109227>	<hasWordnetDomain>	<wordnetDomain_baseball>	
<id_z38v3h_1sn_t11w9k>	<wordnet_strike_100109414>	<hasWordnetDomain>	<wordnetDomain_baseball>	
<id_1shkqxd_1sn_t11w9k>	<wordnet_submarine_ball_100109771>	<hasWordnetDomain>	<wordnetDomain_baseball>	
<id_qac4jk_1sn_t11w9k>	<wordnet_wild_pitch_100109892>	<hasWordnetDomain>	<wordnetDomain_baseball>	
<id_kv8cl8_1sn_p0t8t>	<wordnet_basketball_shot_100110057>	<hasWordnetDomain>	<wordnetDomain_basketball>	
<id_kv8cl8_1sn_vz4r5o>	<wordnet_basketball_shot_100110057>	<hasWordnetDomain>	<wordnetDomain_play>	
<id_l382y3_1sn_p0t8t>	<wordnet_bank_shot_100110415>	<hasWordnetDomain>	<wordnetDomain_basketball>	
<id_q222wg_1sn_p0t8t>	<wordnet_dunk_100110554>	<hasWordnetDomain>	<wordnetDomain_basketball>	
<id_1cabqeu_1sn_p0t8t>	<wordnet_slam_dunk_100110745>	<hasWordnetDomain>	<wordnetDomain_basketball>	
<id_10417xs_1sn_p0t8t>	<wordnet_finger-roll_100110834>	<hasWordnetDomain>	<wordnetDomain_basketball>	
<id_onmp5y_1sn_p0t8t>	<wordnet_foul_shot_100110964>	<hasWordnetDomain>	<wordnetDomain_basketball>	
<id_o74es0_1sn_p0t8t>	<wordnet_one-and-one_100111222>	<hasWordnetDomain>	<wordnetDomain_basketball>	
<id_cxx6bl_1sn_p0t8t>	<wordnet_hook_shot_100111358>	<hasWordnetDomain>	<wordnetDomain_basketball>	
<id_su7i0w_1sn_p0t8t>	<wordnet_jumper_100111503>	<hasWordnetDomain>	<wordnetDomain_basketball>	
<id_18rqukh_1sn_p0t8t>	<wordnet_lay-up_100111660>	<hasWordnetDomain>	<wordnetDomain_basketball>	
<id_1dr5n36_1sn_p0t8t>	<wordnet_pivot_shot_100111839>	<hasWordnetDomain>	<wordnetDomain_basketball>	
<id_12lr4t5_1sn_p0t8t>	<wordnet_set_shot_100111962>	<hasWordnetDomain>	<wordnetDomain_basketball>	
<id_1ddjacw_1sn_p0t8t>	<wordnet_scoop_shot_100112072>	<hasWordnetDomain>	<wordnetDomain_basketball>	
<id_174rxs3_1sn_p0t8t>	<wordnet_tip_in_100112185>	<hasWordnetDomain>	<wordnetDomain_basketball>	
<id_pjyyuy_1sn_1ty7e9d>	<wordnet_push_100112312>	<hasWordnetDomain>	<wordnetDomain_factotum>	
<id_f3a345_1sn_1ty7e9d>	<wordnet_depression_100112674>	<hasWordnetDomain>	<wordnetDomain_factotum>	
<id_uh34hm_1sn_1ty7e9d>	<wordnet_click_100112828>	<hasWordnetDomain>	<wordnetDomain_factotum>	
<id_eek352_1sn_1ty7e9d>	<wordnet_nudge_100112997>	<hasWordnetDomain>	<wordnetDomain_factotum>	
<id_1d7rkvd_1sn_1ty7e9d>	<wordnet_press_100113113>	<hasWordnetDomain>	<wordnetDomain_factotum>	
<id_bmahxk_1sn_1ty7e9d>	<wordnet_impression_100113532>	<hasWordnetDomain>	<wordnetDomain_factotum>	
<id_db8i7r_1sn_1ty7e9d>	<wordnet_shove_100113726>	<hasWordnetDomain>	<wordnetDomain_factotum>	
<id_bo8ngi_1sn_1ty7e9d>	<wordnet_bundling_100113954>	<hasWordnetDomain>	<wordnetDomain_factotum>	
<id_1ww3k39_1sn_1ty7e9d>	<wordnet_jostle_100114095>	<hasWordnetDomain>	<wordnetDomain_factotum>	
<id_18di7kq_1sn_1ty7e9d>	<wordnet_elbowing_100114298>	<hasWordnetDomain>	<wordnetDomain_factotum>	
<id_xstxcx_1sn_1ty7e9d>	<wordnet_pull_100114431>	<hasWordnetDomain>	<wordnetDomain_factotum>	
<id_1opf7ps_1sn_1ty7e9d>	<wordnet_drag_100114871>	<hasWordnetDomain>	<wordnetDomain_factotum>	
<id_bedjuo_1sn_1ty7e9d>	<wordnet_draw_100115036>	<hasWordnetDomain>	<wordnetDomain_factotum>	
<id_1gieqwo_1sn_nx7n4x>	<wordnet_tow_100115292>	<hasWordnetDomain>	<wordnetDomain_transport>	
<id_17lh0y4_1sn_1ty7e9d>	<wordnet_tug_100115500>	<hasWordnetDomain>	<wordnetDomain_factotum>	
<id_1v4h4kp_1sn_1ty7e9d>	<wordnet_draft_100115667>	<hasWordnetDomain>	<wordnetDomain_factotum>	
<id_siguu3_1sn_1ty7e9d>	<wordnet_extirpation_100115803>	<hasWordnetDomain>	<wordnetDomain_factotum>	
<id_c8qfih_1sn_1ty7e9d>	<wordnet_pluck_100116008>	<hasWordnetDomain>	<wordnetDomain_factotum>	
<id_s0fj59_1sn_1ty7e9d>	<wordnet_traction_100116122>	<hasWordnetDomain>	<wordnetDomain_factotum>	
<id_gzb5r9_1sn_1ty7e9d>	<wordnet_lift_100116376>	<hasWordnetDomain>	<wordnetDomain_factotum>	
<id_1lu274e_1sn_1ty7e9d>	<wordnet_expulsion_100116687>	<hasWordnetDomain>	<wordnetDomain_factotum>	
<id_1o2opel_1sn_1ty7e9d>	<wordnet_defenestration_100116989>	<hasWordnetDomain>	<wordnetDomain_factotum>	
<id_yotf4j_1sn_124sfjp>	<wordnet_accommodation_reflex_100117124>	<hasWordnetDomain>	<wordnetDomain_physiology>	
<id_1vn01n7_1sn_124sfjp>	<wordnet_belch_100117578>	<hasWordnetDomain>	<wordnetDomain_physiology>	
<id_y4lyeq_1sn_1ty7e9d>	<wordnet_belching_100117810>	<hasWordnetDomain>	<wordnetDomain_factotum>	
<id_t0zvbc_1sn_124sfjp>	<wordnet_blink_100117959>	<hasWordnetDomain>	<wordnetDomain_physiology>	
<id_1ymmski_1sn_124sfjp>	<wordnet_blush_100118268>	<hasWordnetDomain>	<wordnetDomain_physiology>	
<id_g8b2jp_1sn_1ty7e9d>	<wordnet_coughing_up_100118445>	<hasWordnetDomain>	<wordnetDomain_factotum>	
<id_1x8yjk_1sn_1ty7e9d>	<wordnet_spit_100118552>	<hasWordnetDomain>	<wordnetDomain_factotum>	
<id_1qz7wlg_1sn_124sfjp>	<wordnet_vomit_100118733>	<hasWordnetDomain>	<wordnetDomain_physiology>	
<id_6bls0t_1sn_124sfjp>	<wordnet_rumination_100119079>	<hasWordnetDomain>	<wordnetDomain_physiology>	
<id_135fwo1_1sn_124sfjp>	<wordnet_hematemesis_100119210>	<hasWordnetDomain>	<wordnetDomain_physiology>	
<id_zfio95_1sn_124sfjp>	<wordnet_hyperemesis_100119297>	<hasWordnetDomain>	<wordnetDomain_physiology>	
<id_1wbni1e_1sn_124sfjp>	<wordnet_hyperemesis_gravidarum_100119402>	<hasWordnetDomain>	<wordnetDomain_physiology>	
<id_1qddjfu_1sn_124sfjp>	<wordnet_cough_114359174>	<hasWordnetDomain>	<wordnetDomain_physiology>	
<id_129fiyy_1sn_1ty7e9d>	<wordnet_jump_100119568>	<hasWordnetDomain>	<wordnetDomain_factotum>	
<id_igv1tw_1sn_1ty7e9d>	<wordnet_header_100119893>	<hasWordnetDomain>	<wordnetDomain_factotum>	
<id_ynn5an_1sn_1ty7e9d>	<wordnet_hop_100120010>	<hasWordnetDomain>	<wordnetDomain_factotum>	
<id_2jfq97_1sn_1ty7e9d>	<wordnet_leap_100120202>	<hasWordnetDomain>	<wordnetDomain_factotum>	
<id_5kfm6a_1sn_1ty7e9d>	<wordnet_vault_100120515>	<hasWordnetDomain>	<wordnetDomain_factotum>	
<id_1qple6r_1sn_1ty7e9d>	<wordnet_jumping_up_and_down_100120647>	<hasWordnetDomain>	<wordnetDomain_factotum>	
<id_549242_1sn_1ty7e9d>	<wordnet_lob_100120804>	<hasWordnetDomain>	<wordnetDomain_factotum>	
<id_1bc8vrw_1sn_1vwcw8c>	<wordnet_centering_100120943>	<hasWordnetDomain>	<wordnetDomain_sport>	
<id_17ohsf5_1sn_1ty7e9d>	<wordnet_sending_100121166>	<hasWordnetDomain>	<wordnetDomain_factotum>	
<id_18tu879_1sn_1ty7e9d>	<wordnet_transmission_100121366>	<hasWordnetDomain>	<wordnetDomain_factotum>	
<id_1vwnd2a_1sn_1ty7e9d>	<wordnet_forwarding_100121645>	<hasWordnetDomain>	<wordnetDomain_factotum>	
<id_1sf3z9k_1sn_1ty7e9d>	<wordnet_referral_100121904>	<hasWordnetDomain>	<wordnetDomain_factotum>	
<id_1753kbp_1sn_1ty7e9d>	<wordnet_remission_100122106>	<hasWordnetDomain>	<wordnetDomain_factotum>	
<id_zqoogo_1sn_1ty7e9d>	<wordnet_mailing_100122338>	<hasWordnetDomain>	<wordnetDomain_factotum>	
<id_17m65qe_1sn_1ty7e9d>	<wordnet_wheeling_100122530>	<hasWordnetDomain>	<wordnetDomain_factotum>	
<id_1tihffl_1sn_1ty7e9d>	<wordnet_shooting_100122661>	<hasWordnetDomain>	<wordnetDomain_factotum>	
<id_1dtpp0s_1sn_1ty7e9d>	<wordnet_shoot_100122954>	<hasWordnetDomain>	<wordnetDomain_factotum>	
<id_r7gbi2_1sn_1ty7e9d>	<wordnet_countershot_100123143>	<hasWordnetDomain>	<wordnetDomain_factotum>	
<id_efg6nd_1sn_1ty7e9d>	<wordnet_discharge_100123234>	<hasWordnetDomain>	<wordnetDomain_factotum>	
<id_14q3orp_1sn_1ty7e9d>	<wordnet_gun_100123430>	<hasWordnetDomain>	<wordnetDomain_factotum>	
<id_7vwpjn_1sn_1ty7e9d>	<wordnet_fire_control_100123652>	<hasWordnetDomain>	<wordnetDomain_factotum>	
<id_1af6hto_1sn_1ty7e9d>	<wordnet_gunfire_100123783>	<hasWordnetDomain>	<wordnetDomain_factotum>	
<id_3mud2d_1sn_1ty7e9d>	<wordnet_enfilade_100124008>	<hasWordnetDomain>	<wordnetDomain_factotum>	
<id_1ehxc9v_1sn_1ty7e9d>	<wordnet_snipe_100124151>	<hasWordnetDomain>	<wordnetDomain_factotum>	
<id_7vig1k_1sn_1ty7e9d>	<wordnet_headshot_100124256>	<hasWordnetDomain>	<wordnetDomain_factotum>	
<id_1fx2rds_1sn_1ty7e9d>	<wordnet_skeet_100124342>	<hasWordnetDomain>	<wordnetDomain_factotum>	
<id_1ie8fld_1sn_1ty7e9d>	<wordnet_shellfire_100124536>	<hasWordnetDomain>	<wordnetDomain_factotum>	
<id_14xiwfr_1sn_1ty7e9d>	<wordnet_gunfight_100124617>	<hasWordnetDomain>	<wordnetDomain_factotum>	
<id_y5chyx_1sn_1ty7e9d>	<wordnet_potshot_100124766>	<hasWordnetDomain>	<wordnetDomain_factotum>	
<id_jrt6v7_1sn_1ty7e9d>	<wordnet_contact_100124880>	<hasWordnetDomain>	<wordnetDomain_factotum>	
<id_1nugft2_1sn_1ty7e9d>	<wordnet_rub_100125126>	<hasWordnetDomain>	<wordnetDomain_factotum>	
<id_x6b3ta_1sn_1ty7e9d>	<wordnet_scuff_100125315>	<hasWordnetDomain>	<wordnetDomain_factotum>	
<id_hkp2mk_1sn_1ty7e9d>	<wordnet_tap_100125436>	<hasWordnetDomain>	<wordnetDomain_factotum>	
<id_191etb6_1sn_1ty7e9d>	<wordnet_hit_100125629>	<hasWordnetDomain>	<wordnetDomain_factotum>	
<id_1v3swey_1sn_1ty7e9d>	<wordnet_contusion_100126100>	<hasWordnetDomain>	<wordnetDomain_factotum>	
<id_e6wkt_1sn_1ty7e9d>	<wordnet_crash_100126236>	<hasWordnetDomain>	<wordnetDomain_factotum>	
<id_edco5x_1sn_1ty7e9d>	<wordnet_impingement_100126447>	<hasWordnetDomain>	<wordnetDomain_factotum>	
<id_1vy1pgl_1sn_t11w9k>	<wordnet_batting_100126584>	<hasWordnetDomain>	<wordnetDomain_baseball>	
<id_jho65j_1sn_t11w9k>	<wordnet_fielding_100126721>	<hasWordnetDomain>	<wordnetDomain_baseball>	
<id_2n5uva_1sn_1vwcw8c>	<wordnet_catching_100126886>	<hasWordnetDomain>	<wordnetDomain_sport>	
<id_1e9vd6n_1sn_vyz2qy>	<wordnet_golfing_100127021>	<hasWordnetDomain>	<wordnetDomain_golf>	
<id_12cw0rb_1sn_1vwcw8c>	<wordnet_pitching_100127151>	<hasWordnetDomain>	<wordnetDomain_sport>	
<id_15zx02q_1sn_t11w9k>	<wordnet_base_on_balls_100127286>	<hasWordnetDomain>	<wordnetDomain_baseball>	
<id_5pfu5b_1sn_1ty7e9d>	<wordnet_best_100127531>	<hasWordnetDomain>	<wordnetDomain_factotum>	
<id_dzaql8_1sn_1ty7e9d>	<wordnet_worst_100127672>	<hasWordnetDomain>	<wordnetDomain_factotum>	
<id_1nm9s3m_1sn_t11w9k>	<wordnet_fair_ball_100127866>	<hasWordnetDomain>	<wordnetDomain_baseball>	
<id_5xong5_1sn_t11w9k>	<wordnet_foul_ball_100128091>	<hasWordnetDomain>	<wordnetDomain_baseball>	
<id_5xong5_1sn_1tav0m2>	<wordnet_foul_ball_100128091>	<hasWordnetDomain>	<wordnetDomain_sociology>	
<id_1lj3p2y_1sn_nicfqh>	<wordnet_snick_100128324>	<hasWordnetDomain>	<wordnetDomain_cricket>	
<id_1lj3p2y_1sn_vz4r5o>	<wordnet_snick_100128324>	<hasWordnetDomain>	<wordnetDomain_play>	
<id_1nggss4_1sn_1ty7e9d>	<wordnet_bunt_100128477>	<hasWordnetDomain>	<wordnetDomain_factotum>	
<id_1imbojh_1sn_t11w9k>	<wordnet_fly_100128638>	<hasWordnetDomain>	<wordnetDomain_baseball>	
<id_o5wx7k_1sn_t11w9k>	<wordnet_blast_100128867>	<hasWordnetDomain>	<wordnetDomain_baseball>	
<id_rdr3gs_1sn_t11w9k>	<wordnet_pop_fly_100128976>	<hasWordnetDomain>	<wordnetDomain_baseball>	
<id_9yi3yj_1sn_1ty7e9d>	<wordnet_grounder_100129089>	<hasWordnetDomain>	<wordnetDomain_factotum>	
<id_m3c26d_1sn_1ty7e9d>	<wordnet_chop_100129317>	<hasWordnetDomain>	<wordnetDomain_factotum>	
<id_1gkyg2u_1sn_1ty7e9d>	<wordnet_roller_100129435>	<hasWordnetDomain>	<wordnetDomain_factotum>	
<id_10ox4eu_1sn_t11w9k>	<wordnet_out_100129527>	<hasWordnetDomain>	<wordnetDomain_baseball>	
<id_15be3qx_1sn_t11w9k>	<wordnet_putout_100130093>	<hasWordnetDomain>	<wordnetDomain_baseball>	
<id_16x0vey_1sn_t11w9k>	<wordnet_strikeout_100130347>	<hasWordnetDomain>	<wordnetDomain_baseball>	
<id_7a09ja_1sn_t11w9k>	<wordnet_whiff_100130512>	<hasWordnetDomain>	<wordnetDomain_baseball>	
<id_bxf9db_1sn_t11w9k>	<wordnet_fielder's_choice_100130673>	<hasWordnetDomain>	<wordnetDomain_baseball>	
<id_12mkwv7_1sn_t11w9k>	<wordnet_sacrifice_100130846>	<hasWordnetDomain>	<wordnetDomain_baseball>	
<id_1hjk3it_1sn_t11w9k>	<wordnet_sacrifice_fly_100130987>	<hasWordnetDomain>	<wordnetDomain_baseball>	
<id_18o07mj_1sn_t11w9k>	<wordnet_base_hit_100131090>	<hasWordnetDomain>	<wordnetDomain_baseball>	
<id_t5a19t_1sn_vz4r5o>	<wordnet_daisy_cutter_100131347>	<hasWordnetDomain>	<wordnetDomain_play>	
<id_t5a19t_1sn_1vwcw8c>	<wordnet_daisy_cutter_100131347>	<hasWordnetDomain>	<wordnetDomain_sport>	
<id_ihtg4t_1sn_18y2e29>	<wordnet_header_100131485>	<hasWordnetDomain>	<wordnetDomain_soccer>	
<id_1fyg3f7_1sn_t11w9k>	<wordnet_liner_100131608>	<hasWordnetDomain>	<wordnetDomain_baseball>	
<id_16dwqbn_1sn_1ty7e9d>	<wordnet_scorcher_100131791>	<hasWordnetDomain>	<wordnetDomain_factotum>	
<id_1yn81vp_1sn_t11w9k>	<wordnet_line-drive_single_100131877>	<hasWordnetDomain>	<wordnetDomain_baseball>	
<id_shy4zr_1sn_t11w9k>	<wordnet_line-drive_double_100131991>	<hasWordnetDomain>	<wordnetDomain_baseball>	
<id_lnzh4_1sn_t11w9k>	<wordnet_line-drive_triple_100132105>	<hasWordnetDomain>	<wordnetDomain_baseball>	
<id_zr53ra_1sn_1ty7e9d>	<wordnet_plunk_100132219>	<hasWordnetDomain>	<wordnetDomain_factotum>	
<id_1cz5wl8_1sn_t11w9k>	<wordnet_homer_100132355>	<hasWordnetDomain>	<wordnetDomain_baseball>	
<id_1qctylv_1sn_t11w9k>	<wordnet_solo_homer_100132497>	<hasWordnetDomain>	<wordnetDomain_baseball>	
<id_j96q4t_1sn_t11w9k>	<wordnet_single_100132601>	<hasWordnetDomain>	<wordnetDomain_baseball>	
<id_1c50vav_1sn_t11w9k>	<wordnet_double_100132756>	<hasWordnetDomain>	<wordnetDomain_baseball>	
<id_k8qahr_1sn_t11w9k>	<wordnet_triple_100132982>	<hasWordnetDomain>	<wordnetDomain_baseball>	
<id_1ox1c40_1sn_1ty7e9d>	<wordnet_clip_100133234>	<hasWordnetDomain>	<wordnetDomain_factotum>	
<id_162c22p_1sn_1ty7e9d>	<wordnet_knock_100133338>	<hasWordnetDomain>	<wordnetDomain_factotum>	
<id_qcgbrd_1sn_1ty7e9d>	<wordnet_thwack_100133567>	<hasWordnetDomain>	<wordnetDomain_factotum>	
<id_xoxcak_1sn_1ty7e9d>	<wordnet_smack_100133668>	<hasWordnetDomain>	<wordnetDomain_factotum>	
<id_evsybr_1sn_1ty7e9d>	<wordnet_smacker_100133875>	<hasWordnetDomain>	<wordnetDomain_factotum>	
<id_1uu1fh_1sn_1ty7e9d>	<wordnet_knockdown_100133981>	<hasWordnetDomain>	<wordnetDomain_factotum>	
<id_1qg0g9i_1sn_1ty7e9d>	<wordnet_knockout_100134099>	<hasWordnetDomain>	<wordnetDomain_factotum>	
<id_13swml8_1sn_1ty7e9d>	<wordnet_technical_knockout_100134246>	<hasWordnetDomain>	<wordnetDomain_factotum>	
<id_lxryzy_1sn_1ty7e9d>	<wordnet_swat_100134391>	<hasWordnetDomain>	<wordnetDomain_factotum>	
<id_w3bwpw_1sn_1ty7e9d>	<wordnet_spank_100134472>	<hasWordnetDomain>	<wordnetDomain_factotum>	
<id_1j637km_1sn_1ty7e9d>	<wordnet_whip_100134574>	<hasWordnetDomain>	<wordnetDomain_factotum>	
<id_1o578ep_1sn_10wocqn>	<wordnet_punch_100134780>	<hasWordnetDomain>	<wordnetDomain_boxing>	
<id_134uyhf_1sn_1ty7e9d>	<wordnet_box_100135148>	<hasWordnetDomain>	<wordnetDomain_factotum>	
<id_om6joo_1sn_1ty7e9d>	<wordnet_dig_100135311>	<hasWordnetDomain>	<wordnetDomain_factotum>	
<id_of85xy_1sn_10wocqn>	<wordnet_counterpunch_100135504>	<hasWordnetDomain>	<wordnetDomain_boxing>	
<id_1745acp_1sn_10wocqn>	<wordnet_haymaker_100135637>	<hasWordnetDomain>	<wordnetDomain_boxing>	
<id_nw7ylh_1sn_10wocqn>	<wordnet_hook_100135799>	<hasWordnetDomain>	<wordnetDomain_boxing>	
<id_1jzfqt0_1sn_10wocqn>	<wordnet_jab_100135952>	<hasWordnetDomain>	<wordnetDomain_boxing>	
<id_hauflz_1sn_10wocqn>	<wordnet_rabbit_punch_100136048>	<hasWordnetDomain>	<wordnetDomain_boxing>	
<id_d9w0ce_1sn_10wocqn>	<wordnet_sucker_punch_100136152>	<hasWordnetDomain>	<wordnetDomain_boxing>	
<id_kfdvsb_1sn_10wocqn>	<wordnet_roundhouse_100136230>	<hasWordnetDomain>	<wordnetDomain_boxing>	
<id_2b4gqy_1sn_1s0pz1x>	<wordnet_kick_100136329>	<hasWordnetDomain>	<wordnetDomain_football>	
<id_2b4gqy_1sn_18y2e29>	<wordnet_kick_100136329>	<hasWordnetDomain>	<wordnetDomain_soccer>	
<id_14zpklc_1sn_18y2e29>	<wordnet_goal-kick_100136691>	<hasWordnetDomain>	<wordnetDomain_soccer>	
<id_14zpm15_1sn_1vvw49f>	<wordnet_goal-kick_100136876>	<hasWordnetDomain>	<wordnetDomain_rugby>	
<id_dg57nu_1sn_1s0pz1x>	<wordnet_punt_100136984>	<hasWordnetDomain>	<wordnetDomain_football>	
<id_dg57nu_1sn_18y2e29>	<wordnet_punt_100136984>	<hasWordnetDomain>	<wordnetDomain_soccer>	
<id_iwybln_1sn_1s0pz1x>	<wordnet_place_kick_100137279>	<hasWordnetDomain>	<wordnetDomain_football>	
<id_iwybln_1sn_18y2e29>	<wordnet_place_kick_100137279>	<hasWordnetDomain>	<wordnetDomain_soccer>	
<id_1f4yfmo_1sn_18y2e29>	<wordnet_free_kick_100137534>	<hasWordnetDomain>	<wordnetDomain_soccer>	
<id_m25g3l_1sn_18y2e29>	<wordnet_corner_kick_100137709>	<hasWordnetDomain>	<wordnetDomain_soccer>	
<id_1wbvwvq_1sn_1s0pz1x>	<wordnet_dropkick_100137877>	<hasWordnetDomain>	<wordnetDomain_football>	
<id_1wbvwvq_1sn_18y2e29>	<wordnet_dropkick_100137877>	<hasWordnetDomain>	<wordnetDomain_soccer>	
<id_bt9o0n_1sn_1ty7e9d>	<wordnet_kiss_100138078>	<hasWordnetDomain>	<wordnetDomain_factotum>	
<id_bt9pdj_1sn_1ty7e9d>	<wordnet_kiss_100138221>	<hasWordnetDomain>	<wordnetDomain_factotum>	
<id_1nhzotd_1sn_1ty7e9d>	<wordnet_laying_on_100138441>	<hasWordnetDomain>	<wordnetDomain_factotum>	
<id_xp0ik4_1sn_1ty7e9d>	<wordnet_smack_100138599>	<hasWordnetDomain>	<wordnetDomain_factotum>	
<id_evw4f8_1sn_1ty7e9d>	<wordnet_smacker_100138734>	<hasWordnetDomain>	<wordnetDomain_factotum>	
<id_egfx75_1sn_1ty7e9d>	<wordnet_soul_kiss_100138799>	<hasWordnetDomain>	<wordnetDomain_factotum>	
<id_g72pmt_1sn_1ty7e9d>	<wordnet_catch_100138956>	<hasWordnetDomain>	<wordnetDomain_factotum>	
<id_3f9rr0_1sn_1ty7e9d>	<wordnet_fair_catch_100139544>	<hasWordnetDomain>	<wordnetDomain_factotum>	
<id_3b7rb_1sn_1ty7e9d>	<wordnet_interception_100139758>	<hasWordnetDomain>	<wordnetDomain_factotum>	
<id_1i34z7j_1sn_1ty7e9d>	<wordnet_reception_100139919>	<hasWordnetDomain>	<wordnetDomain_factotum>	
<id_g94f5i_1sn_p0t8t>	<wordnet_rebound_100140112>	<hasWordnetDomain>	<wordnetDomain_basketball>	
<id_g94f5i_1sn_vz4r5o>	<wordnet_rebound_100140112>	<hasWordnetDomain>	<wordnetDomain_play>	
<id_hl9htl_1sn_t11w9k>	<wordnet_shoestring_catch_100140264>	<hasWordnetDomain>	<wordnetDomain_baseball>	
<id_1laeytn_1sn_1ty7e9d>	<wordnet_mesh_100140393>	<hasWordnetDomain>	<wordnetDomain_factotum>	
<id_xefp8p_1sn_1ty7e9d>	<wordnet_handling_100140652>	<hasWordnetDomain>	<wordnetDomain_factotum>	
<id_1d9yg23_1sn_1ty7e9d>	<wordnet_fingering_100140900>	<hasWordnetDomain>	<wordnetDomain_factotum>	
<id_17xr352_1sn_1ty7e9d>	<wordnet_grope_100141027>	<hasWordnetDomain>	<wordnetDomain_factotum>	
<id_u607sz_1sn_1ty7e9d>	<wordnet_audit_100141176>	<hasWordnetDomain>	<wordnetDomain_factotum>	
<id_1yma5gv_1sn_1r6e0vn>	<wordnet_autopsy_100141396>	<hasWordnetDomain>	<wordnetDomain_anatomy>	
<id_1d7zx0z_1sn_nx7n4x>	<wordnet_check-in_100141669>	<hasWordnetDomain>	<wordnetDomain_transport>	
<id_ccbw7y_1sn_1ty7e9d>	<wordnet_check_100141806>	<hasWordnetDomain>	<wordnetDomain_factotum>	
<id_35uv0n_1sn_1ty7e9d>	<wordnet_spot_check_100142140>	<hasWordnetDomain>	<wordnetDomain_factotum>	
<id_yebv2g_1sn_16lhmde>	<wordnet_checkup_100142361>	<hasWordnetDomain>	<wordnetDomain_medicine>	
<id_1winil_1sn_1ty7e9d>	<wordnet_comparison_100142665>	<hasWordnetDomain>	<wordnetDomain_factotum>	
<id_1v0l6r7_1sn_1ty7e9d>	<wordnet_fine-tooth_comb_100143057>	<hasWordnetDomain>	<wordnetDomain_factotum>	
<id_12gro63_1sn_1ty7e9d>	<wordnet_follow-up_100143251>	<hasWordnetDomain>	<wordnetDomain_factotum>	
<id_8zxvyl_1sn_1ty7e9d>	<wordnet_going-over_100143536>	<hasWordnetDomain>	<wordnetDomain_factotum>	
<id_xh1qeo_1sn_1ty7e9d>	<wordnet_once-over_100143626>	<hasWordnetDomain>	<wordnetDomain_factotum>	
<id_omi8h7_1sn_1ty7e9d>	<wordnet_palpation_100143885>	<hasWordnetDomain>	<wordnetDomain_factotum>	
<id_2fvycr_1sn_1ty7e9d>	<wordnet_ballottement_100144182>	<hasWordnetDomain>	<wordnetDomain_factotum>	
<id_ccx8ns_1sn_1ty7e9d>	<wordnet_tickle_100144445>	<hasWordnetDomain>	<wordnetDomain_factotum>	
<id_6190t6_1sn_1ty7e9d>	<wordnet_stroke_100144632>	<hasWordnetDomain>	<wordnetDomain_factotum>	
<id_r9rxw6_1sn_1ty7e9d>	<wordnet_caress_100144778>	<hasWordnetDomain>	<wordnetDomain_factotum>	
<id_y2hsw_1sn_1ty7e9d>	<wordnet_tag_100145024>	<hasWordnetDomain>	<wordnetDomain_factotum>	
<id_1askxnp_1sn_1ty7e9d>	<wordnet_joining_100145218>	<hasWordnetDomain>	<wordnetDomain_factotum>	
<id_192ifcw_1sn_1ty7e9d>	<wordnet_hit_100145779>	<hasWordnetDomain>	<wordnetDomain_factotum>	
<id_1ez058u_1sn_1ty7e9d>	<wordnet_interconnection_100145929>	<hasWordnetDomain>	<wordnetDomain_factotum>	
<id_y362hx_1sn_1ty7e9d>	<wordnet_intersection_100146111>	<hasWordnetDomain>	<wordnetDomain_factotum>	
<id_8s89q4_1sn_1ty7e9d>	<wordnet_approximation_100146277>	<hasWordnetDomain>	<wordnetDomain_factotum>	
<id_1lhb62m_1sn_1ty7e9d>	<wordnet_concatenation_100146443>	<hasWordnetDomain>	<wordnetDomain_factotum>	
<id_1tkgfas_1sn_1ty7e9d>	<wordnet_convergence_100146572>	<hasWordnetDomain>	<wordnetDomain_factotum>	
<id_1j3oo3l_1sn_1ty7e9d>	<wordnet_merging_100146856>	<hasWordnetDomain>	<wordnetDomain_factotum>	
<id_1rliprr_1sn_1ty7e9d>	<wordnet_concourse_100147091>	<hasWordnetDomain>	<wordnetDomain_factotum>	
<id_1j2v7ed_1sn_1ty7e9d>	<wordnet_encounter_100147187>	<hasWordnetDomain>	<wordnetDomain_factotum>	
<id_it2qxt_1sn_1ty7e9d>	<wordnet_articulation_100147314>	<hasWordnetDomain>	<wordnetDomain_factotum>	
<id_89wc41_1sn_1ty7e9d>	<wordnet_junction_100147454>	<hasWordnetDomain>	<wordnetDomain_factotum>	
<id_3oxt9c_1sn_1ty7e9d>	<wordnet_fastening_100147595>	<hasWordnetDomain>	<wordnetDomain_factotum>	
<id_y56cuw_1sn_1ty7e9d>	<wordnet_loosening_100147862>	<hasWordnetDomain>	<wordnetDomain_factotum>	
<id_18wmw9i_1sn_1ty7e9d>	<wordnet_tightening_100148057>	<hasWordnetDomain>	<wordnetDomain_factotum>	
<id_2zq90_1sn_16lhmde>	<wordnet_ligation_100148242>	<hasWordnetDomain>	<wordnetDomain_medicine>	
<id_1itmlwd_1sn_16lhmde>	<wordnet_tubal_ligation_100148446>	<hasWordnetDomain>	<wordnetDomain_medicine>	
<id_1itmlwd_1sn_jqoezw>	<wordnet_tubal_ligation_100148446>	<hasWordnetDomain>	<wordnetDomain_sexuality>	
<id_4zgzk4_1sn_1ty7e9d>	<wordnet_bonding_100148653>	<hasWordnetDomain>	<wordnetDomain_factotum>	
<id_6hmk97_1sn_1ty7e9d>	<wordnet_doweling_100148762>	<hasWordnetDomain>	<wordnetDomain_factotum>	
<id_1phsr2f_1sn_1ty7e9d>	<wordnet_grounding_100148836>	<hasWordnetDomain>	<wordnetDomain_factotum>	
<id_k4a6j4_1sn_1ty7e9d>	<wordnet_linkage_100148978>	<hasWordnetDomain>	<wordnetDomain_factotum>	
<id_1puigft_1sn_1ty7e9d>	<wordnet_tying_100149084>	<hasWordnetDomain>	<wordnetDomain_factotum>	
<id_1lj358i_1sn_1ty7e9d>	<wordnet_untying_100149262>	<hasWordnetDomain>	<wordnetDomain_factotum>	
<id_ccevah_1sn_1ty7e9d>	<wordnet_welding_100149508>	<hasWordnetDomain>	<wordnetDomain_factotum>	
<id_1lgojqm_1sn_1ty7e9d>	<wordnet_butt_welding_100149699>	<hasWordnetDomain>	<wordnetDomain_factotum>	
<id_1x1j6vv_1sn_1ty7e9d>	<wordnet_spot_welding_100149895>	<hasWordnetDomain>	<wordnetDomain_factotum>	
<id_1ycvsd2_1sn_t11w9k>	<wordnet_flare_100150097>	<hasWordnetDomain>	<wordnetDomain_baseball>	
<id_1mglcd8_1sn_1ty7e9d>	<wordnet_flash_welding_100150379>	<hasWordnetDomain>	<wordnetDomain_factotum>	
<id_1t08g3o_1sn_1ty7e9d>	<wordnet_lick_100150591>	<hasWordnetDomain>	<wordnetDomain_factotum>	
<id_9p4xuz_1sn_1ty7e9d>	<wordnet_grazing_100150762>	<hasWordnetDomain>	<wordnetDomain_factotum>	
<id_lvlril_1sn_1ty7e9d>	<wordnet_detection_100151087>	<hasWordnetDomain>	<wordnetDomain_factotum>	
<id_udi8qe_1sn_1ty7e9d>	<wordnet_self-discovery_100151314>	<hasWordnetDomain>	<wordnetDomain_factotum>	
<id_7400t0_1sn_1ty7e9d>	<wordnet_breakthrough_100151409>	<hasWordnetDomain>	<wordnetDomain_factotum>	
<id_yyoccu_1sn_1ty7e9d>	<wordnet_determination_100151497>	<hasWordnetDomain>	<wordnetDomain_factotum>	
<id_l2gxxu_1sn_1ty7e9d>	<wordnet_rediscovery_100151914>	<hasWordnetDomain>	<wordnetDomain_factotum>	
<id_989l3a_1sn_1ty7e9d>	<wordnet_designation_100152018>	<hasWordnetDomain>	<wordnetDomain_factotum>	
<id_cgac2u_1sn_1ty7e9d>	<wordnet_fingerprinting_100152338>	<hasWordnetDomain>	<wordnetDomain_factotum>	
<id_nu6onp_1sn_1ty7e9d>	<wordnet_genetic_profiling_100152519>	<hasWordnetDomain>	<wordnetDomain_factotum>	
<id_1a3xm1x_1sn_1ty7e9d>	<wordnet_diagnosis_100152727>	<hasWordnetDomain>	<wordnetDomain_factotum>	
<id_xdiud8_1sn_1ty7e9d>	<wordnet_blood_typing_100152990>	<hasWordnetDomain>	<wordnetDomain_factotum>	
<id_gg3tg0_1sn_16lhmde>	<wordnet_medical_diagnosis_100153105>	<hasWordnetDomain>	<wordnetDomain_medicine>	
<id_vzypi4_1sn_16lhmde>	<wordnet_prenatal_diagnosis_100153288>	<hasWordnetDomain>	<wordnetDomain_medicine>	
<id_lbmzjk_1sn_16lhmde>	<wordnet_differential_diagnosis_100153499>	<hasWordnetDomain>	<wordnetDomain_medicine>	
<id_17g3x2m_1sn_16lhmde>	<wordnet_prognosis_100153665>	<hasWordnetDomain>	<wordnetDomain_medicine>	
<id_1yemxwc_1sn_1ty7e9d>	<wordnet_resolution_100153809>	<hasWordnetDomain>	<wordnetDomain_factotum>	
<id_4fa49o_1sn_1ty7e9d>	<wordnet_validation_100153961>	<hasWordnetDomain>	<wordnetDomain_factotum>	
<id_eot82g_1sn_1ty7e9d>	<wordnet_authentication_100154233>	<hasWordnetDomain>	<wordnetDomain_factotum>	
<id_6e78jo_1sn_1ty7e9d>	<wordnet_documentation_100154433>	<hasWordnetDomain>	<wordnetDomain_factotum>	
<id_rmg21a_1sn_1ty7e9d>	<wordnet_monetization_100154689>	<hasWordnetDomain>	<wordnetDomain_factotum>	
<id_jjf1ie_1sn_1ty7e9d>	<wordnet_probate_100154894>	<hasWordnetDomain>	<wordnetDomain_factotum>	
<id_q4upk4_1sn_1ty7e9d>	<wordnet_demonetization_100155085>	<hasWordnetDomain>	<wordnetDomain_factotum>	
<id_1v6njwi_1sn_1ty7e9d>	<wordnet_falsification_100155298>	<hasWordnetDomain>	<wordnetDomain_factotum>	
<id_13d0ewp_1sn_1ty7e9d>	<wordnet_localization_100155487>	<hasWordnetDomain>	<wordnetDomain_factotum>	
<id_1cdxdr0_1sn_1ty7e9d>	<wordnet_echolocation_100155797>	<hasWordnetDomain>	<wordnetDomain_factotum>	
<id_7stlun_1sn_1ty7e9d>	<wordnet_predetermination_100155970>	<hasWordnetDomain>	<wordnetDomain_factotum>	
<id_1y58qdj_1sn_1ty7e9d>	<wordnet_rectification_100156119>	<hasWordnetDomain>	<wordnetDomain_factotum>	
<id_52owgg_1sn_1ty7e9d>	<wordnet_redetermination_100156293>	<hasWordnetDomain>	<wordnetDomain_factotum>	
<id_12fvdx2_1sn_1ty7e9d>	<wordnet_trigger_100156390>	<hasWordnetDomain>	<wordnetDomain_factotum>	
<id_1qb9b8b_1sn_1ty7e9d>	<wordnet_fomentation_100156625>	<hasWordnetDomain>	<wordnetDomain_factotum>	
<id_3j27pc_1sn_1ty7e9d>	<wordnet_compulsion_100156812>	<hasWordnetDomain>	<wordnetDomain_factotum>	
<id_9vzqk1_1sn_1ty7e9d>	<wordnet_influence_100157081>	<hasWordnetDomain>	<wordnetDomain_factotum>	
<id_1m7xstt_1sn_1ty7e9d>	<wordnet_cross-pollination_100157318>	<hasWordnetDomain>	<wordnetDomain_factotum>	
<id_owlq77_1sn_1ty7e9d>	<wordnet_exposure_100157463>	<hasWordnetDomain>	<wordnetDomain_factotum>	
<id_13264cb_1sn_1ty7e9d>	<wordnet_overexposure_100157687>	<hasWordnetDomain>	<wordnetDomain_factotum>	
<id_1j0tmru_1sn_1ty7e9d>	<wordnet_underexposure_100157877>	<hasWordnetDomain>	<wordnetDomain_factotum>	
<id_ef0snv_1sn_1ty7e9d>	<wordnet_impingement_100157957>	<hasWordnetDomain>	<wordnetDomain_factotum>	
<id_keu8ut_1sn_1ty7e9d>	<wordnet_manipulation_100158185>	<hasWordnetDomain>	<wordnetDomain_factotum>	
<id_fd1kkk_1sn_1ty7e9d>	<wordnet_mind_game_100158443>	<hasWordnetDomain>	<wordnetDomain_factotum>	
<id_l8rmdz_1sn_1ty7e9d>	<wordnet_hypnotism_100158996>	<hasWordnetDomain>	<wordnetDomain_factotum>	
<id_wsqgs0_1sn_1ty7e9d>	<wordnet_inducement_100159177>	<hasWordnetDomain>	<wordnetDomain_factotum>	
<id_1l7n2fo_1sn_1ty7e9d>	<wordnet_corruption_100159396>	<hasWordnetDomain>	<wordnetDomain_factotum>	
<id_azy871_1sn_1ty7e9d>	<wordnet_persuasion_107245125>	<hasWordnetDomain>	<wordnetDomain_factotum>	
<id_onc0sb_1sn_1ty7e9d>	<wordnet_enticement_100159620>	<hasWordnetDomain>	<wordnetDomain_factotum>	
<id_yr1yi8_1sn_1ty7e9d>	<wordnet_blandishment_100159899>	<hasWordnetDomain>	<wordnetDomain_factotum>	
<id_hgl4um_1sn_1ty7e9d>	<wordnet_ingratiation_100160073>	<hasWordnetDomain>	<wordnetDomain_factotum>	
<id_185ixus_1sn_1ty7e9d>	<wordnet_leading_astray_100160297>	<hasWordnetDomain>	<wordnetDomain_factotum>	
<id_tinthj_1sn_1ty7e9d>	<wordnet_seduction_100160415>	<hasWordnetDomain>	<wordnetDomain_factotum>	
<id_tinu9v_1sn_1ty7e9d>	<wordnet_seduction_100160532>	<hasWordnetDomain>	<wordnetDomain_factotum>	
<id_10xubp2_1sn_jqoezw>	<wordnet_sexual_conquest_100160688>	<hasWordnetDomain>	<wordnetDomain_sexuality>	
<id_170kllu_1sn_1ty7e9d>	<wordnet_solicitation_100161044>	<hasWordnetDomain>	<wordnetDomain_factotum>	
<id_js20x8_1sn_1ty7e9d>	<wordnet_dissuasion_107245686>	<hasWordnetDomain>	<wordnetDomain_factotum>	
<id_l5g70k_1sn_1ty7e9d>	<wordnet_choice_100161243>	<hasWordnetDomain>	<wordnetDomain_factotum>	
<id_1tgbrh2_1sn_11a8qpl>	<wordnet_casting_100161603>	<hasWordnetDomain>	<wordnetDomain_cinema>	
<id_1tgbrh2_1sn_1j52ma7>	<wordnet_casting_100161603>	<hasWordnetDomain>	<wordnetDomain_theatre>	
<id_ohmk01_1sn_1ty7e9d>	<wordnet_coloration_100161739>	<hasWordnetDomain>	<wordnetDomain_factotum>	
<id_hm19ap_1sn_1ty7e9d>	<wordnet_sampling_100161888>	<hasWordnetDomain>	<wordnetDomain_factotum>	
<id_12r55gs_1sn_1ty7e9d>	<wordnet_random_sampling_100162055>	<hasWordnetDomain>	<wordnetDomain_factotum>	
<id_xcs1c2_1sn_1ty7e9d>	<wordnet_lucky_dip_100162236>	<hasWordnetDomain>	<wordnetDomain_factotum>	
<id_gkbniq_1sn_1ty7e9d>	<wordnet_stratified_sampling_100162417>	<hasWordnetDomain>	<wordnetDomain_factotum>	
<id_1z0360y_1sn_1ty7e9d>	<wordnet_decision_100162632>	<hasWordnetDomain>	<wordnetDomain_factotum>	
<id_1jpli3x_1sn_1ty7e9d>	<wordnet_volition_100163047>	<hasWordnetDomain>	<wordnetDomain_factotum>	
<id_6vn97a_1sn_1ty7e9d>	<wordnet_intention_100163233>	<hasWordnetDomain>	<wordnetDomain_factotum>	
<id_s124w7_1sn_1ujnjjd>	<wordnet_about-face_100163406>	<hasWordnetDomain>	<wordnetDomain_politics>	
<id_dhux81_1sn_1ty7e9d>	<wordnet_adulteration_100163630>	<hasWordnetDomain>	<wordnetDomain_factotum>	
<id_1y7uzrk_1sn_1ty7e9d>	<wordnet_appointment_100163779>	<hasWordnetDomain>	<wordnetDomain_factotum>	
<id_1a7fdxd_1sn_1ty7e9d>	<wordnet_nomination_100164152>	<hasWordnetDomain>	<wordnetDomain_factotum>	
<id_1ax3z4g_1sn_1ty7e9d>	<wordnet_assignment_100164345>	<hasWordnetDomain>	<wordnetDomain_factotum>	
<id_1shz1l2_1sn_zx86fc>	<wordnet_allocation_100164579>	<hasWordnetDomain>	<wordnetDomain_computer_science>	
<id_qiw3dy_1sn_1vwcw8c>	<wordnet_call_100164801>	<hasWordnetDomain>	<wordnetDomain_sport>	
<id_d86hc6_1sn_1ty7e9d>	<wordnet_co-option_100164999>	<hasWordnetDomain>	<wordnetDomain_factotum>	
<id_112lr2i_1sn_1ty7e9d>	<wordnet_delegacy_100165178>	<hasWordnetDomain>	<wordnetDomain_factotum>	
<id_3w60ku_1sn_1cfteux>	<wordnet_ordination_100165298>	<hasWordnetDomain>	<wordnetDomain_religion>	
<id_r02im7_1sn_1ty7e9d>	<wordnet_recognition_100165563>	<hasWordnetDomain>	<wordnetDomain_factotum>	
<id_1yi9b16_1sn_1cfteux>	<wordnet_laying_on_of_hands_100165793>	<hasWordnetDomain>	<wordnetDomain_religion>	
<id_xbs5fa_1sn_1ty7e9d>	<wordnet_move_100165942>	<hasWordnetDomain>	<wordnetDomain_factotum>	
<id_xbsmju_1sn_vz4r5o>	<wordnet_move_100166172>	<hasWordnetDomain>	<wordnetDomain_play>	
<id_xbsmju_1sn_1vwcw8c>	<wordnet_move_100166172>	<hasWordnetDomain>	<wordnetDomain_sport>	
<id_ch2368_1sn_1vnevg8>	<wordnet_chess_move_100166355>	<hasWordnetDomain>	<wordnetDomain_chess>	
<id_ch2368_1sn_1vwcw8c>	<wordnet_chess_move_100166355>	<hasWordnetDomain>	<wordnetDomain_sport>	
<id_1r58thz_1sn_1vnevg8>	<wordnet_castle_100166552>	<hasWordnetDomain>	<wordnetDomain_chess>	
<id_1r58thz_1sn_1vwcw8c>	<wordnet_castle_100166552>	<hasWordnetDomain>	<wordnetDomain_sport>	
<id_enlx0_1sn_1vnevg8>	<wordnet_capture_100166702>	<hasWordnetDomain>	<wordnetDomain_chess>	
<id_enlx0_1sn_1vwcw8c>	<wordnet_capture_100166702>	<hasWordnetDomain>	<wordnetDomain_sport>	
<id_1e3ycfw_1sn_1vnevg8>	<wordnet_exchange_100167063>	<hasWordnetDomain>	<wordnetDomain_chess>	
<id_1e3ycfw_1sn_1vwcw8c>	<wordnet_exchange_100167063>	<hasWordnetDomain>	<wordnetDomain_sport>	
<id_1e3ydya_1sn_1vnevg8>	<wordnet_exchange_100167278>	<hasWordnetDomain>	<wordnetDomain_chess>	
<id_1e3ydya_1sn_1vwcw8c>	<wordnet_exchange_100167278>	<hasWordnetDomain>	<wordnetDomain_sport>	
<id_cdj8gi_1sn_1vnevg8>	<wordnet_check_100167446>	<hasWordnetDomain>	<wordnetDomain_chess>	
<id_14cqe5m_1sn_1vnevg8>	<wordnet_discovered_check_100167580>	<hasWordnetDomain>	<wordnetDomain_chess>	
<id_teqrpy_1sn_1vnevg8>	<wordnet_checkmate_100167764>	<hasWordnetDomain>	<wordnetDomain_chess>	
<id_teqrpy_1sn_1vwcw8c>	<wordnet_checkmate_100167764>	<hasWordnetDomain>	<wordnetDomain_sport>	
<id_1xuuysa_1sn_1vnevg8>	<wordnet_gambit_100167950>	<hasWordnetDomain>	<wordnetDomain_chess>	
<id_1xuuysa_1sn_1vwcw8c>	<wordnet_gambit_100167950>	<hasWordnetDomain>	<wordnetDomain_sport>	
<id_62w5ku_1sn_1ty7e9d>	<wordnet_demarche_100168121>	<hasWordnetDomain>	<wordnetDomain_factotum>	
<id_1npzsje_1sn_1ty7e9d>	<wordnet_maneuver_100168237>	<hasWordnetDomain>	<wordnetDomain_factotum>	
<id_1fkqcx1_1sn_nx7n4x>	<wordnet_parking_100168505>	<hasWordnetDomain>	<wordnetDomain_transport>	
<id_xbu06t_1sn_1ty7e9d>	<wordnet_move_100168658>	<hasWordnetDomain>	<wordnetDomain_factotum>	
<id_1n2kx5h_1sn_1ty7e9d>	<wordnet_flit_100168911>	<hasWordnetDomain>	<wordnetDomain_factotum>	
<id_1wvjcf2_1sn_jizfft>	<wordnet_bank_100169305>	<hasWordnetDomain>	<wordnetDomain_aviation>	
<id_cqvx0s_1sn_jizfft>	<wordnet_vertical_bank_100169522>	<hasWordnetDomain>	<wordnetDomain_aviation>	
<id_o2m0ie_1sn_jizfft>	<wordnet_chandelle_100169651>	<hasWordnetDomain>	<wordnetDomain_aviation>	
<id_1j001ye_1sn_jizfft>	<wordnet_loop_100169811>	<hasWordnetDomain>	<wordnetDomain_aviation>	
<id_199kq48_1sn_jizfft>	<wordnet_inside_loop_100170005>	<hasWordnetDomain>	<wordnetDomain_aviation>	
<id_1qg2k4e_1sn_jizfft>	<wordnet_outside_loop_100170172>	<hasWordnetDomain>	<wordnetDomain_aviation>	
<id_1aa68g0_1sn_jizfft>	<wordnet_roll_100170340>	<hasWordnetDomain>	<wordnetDomain_aviation>	
<id_1yv41e2_1sn_jizfft>	<wordnet_barrel_roll_100170536>	<hasWordnetDomain>	<wordnetDomain_aviation>	
<id_a7awqr_1sn_jizfft>	<wordnet_snap_roll_100170643>	<hasWordnetDomain>	<wordnetDomain_aviation>	
<id_1x9gsmi_1sn_jizfft>	<wordnet_slip_100170710>	<hasWordnetDomain>	<wordnetDomain_aviation>	
<id_1r0o08s_1sn_jizfft>	<wordnet_flight_maneuver_100170844>	<hasWordnetDomain>	<wordnetDomain_aviation>	
<id_o1o7if_1sn_1s0pz1x>	<wordnet_straight-arm_100171050>	<hasWordnetDomain>	<wordnetDomain_football>	
<id_lgm8w0_1sn_1ty7e9d>	<wordnet_device_100171249>	<hasWordnetDomain>	<wordnetDomain_factotum>	
<id_1d3atmz_1sn_1ty7e9d>	<wordnet_trick_100171618>	<hasWordnetDomain>	<wordnetDomain_factotum>	
<id_1v7am26_1sn_1ty7e9d>	<wordnet_shtik_100171882>	<hasWordnetDomain>	<wordnetDomain_factotum>	
<id_1pywms6_1sn_1ty7e9d>	<wordnet_feint_100172073>	<hasWordnetDomain>	<wordnetDomain_factotum>	
<id_5ts1n3_1sn_1ty7e9d>	<wordnet_juke_100172217>	<hasWordnetDomain>	<wordnetDomain_factotum>	
<id_15lma9z_1sn_1ty7e9d>	<wordnet_footwork_100172347>	<hasWordnetDomain>	<wordnetDomain_factotum>	
<id_1gs7tdv_1sn_1ty7e9d>	<wordnet_ploy_100172490>	<hasWordnetDomain>	<wordnetDomain_factotum>	
<id_r1qoor_1sn_1ty7e9d>	<wordnet_ruse_100172598>	<hasWordnetDomain>	<wordnetDomain_factotum>	
<id_kwp332_1sn_1ty7e9d>	<wordnet_means_100172710>	<hasWordnetDomain>	<wordnetDomain_factotum>	
<id_u08g20_1sn_1ty7e9d>	<wordnet_dint_100173172>	<hasWordnetDomain>	<wordnetDomain_factotum>	
<id_j93acf_1sn_1ty7e9d>	<wordnet_escape_100173283>	<hasWordnetDomain>	<wordnetDomain_factotum>	
<id_q18tfw_1sn_1ty7e9d>	<wordnet_fast_track_100173487>	<hasWordnetDomain>	<wordnetDomain_factotum>	
<id_zd2p3e_1sn_1ty7e9d>	<wordnet_instrument_100173761>	<hasWordnetDomain>	<wordnetDomain_factotum>	
<id_1bge6zn_1sn_1ty7e9d>	<wordnet_road_100174003>	<hasWordnetDomain>	<wordnetDomain_factotum>	
<id_68jpy6_1sn_1ty7e9d>	<wordnet_royal_road_100174127>	<hasWordnetDomain>	<wordnetDomain_factotum>	
<id_1wlz28w_1sn_1ty7e9d>	<wordnet_stepping_stone_100174260>	<hasWordnetDomain>	<wordnetDomain_factotum>	
<id_11xk963_1sn_1ty7e9d>	<wordnet_measure_100174412>	<hasWordnetDomain>	<wordnetDomain_factotum>	
<id_h20zfp_1sn_1ty7e9d>	<wordnet_countermeasure_100174663>	<hasWordnetDomain>	<wordnetDomain_factotum>	
<id_rvhflc_1sn_1ty7e9d>	<wordnet_bear_hug_100174782>	<hasWordnetDomain>	<wordnetDomain_factotum>	
<id_1eashl7_1sn_1ty7e9d>	<wordnet_proxy_fight_100174950>	<hasWordnetDomain>	<wordnetDomain_factotum>	
<id_1eju911_1sn_jdakq3>	<wordnet_leveraged_buyout_100175174>	<hasWordnetDomain>	<wordnetDomain_exchange>	
<id_18p5yg9_1sn_jdakq3>	<wordnet_bust-up_takeover_100175433>	<hasWordnetDomain>	<wordnetDomain_exchange>	
<id_labfp7_1sn_1afa2sp>	<wordnet_shark_repellent_100175605>	<hasWordnetDomain>	<wordnetDomain_enterprise>	
<id_usex1s_1sn_1afa2sp>	<wordnet_golden_parachute_100175875>	<hasWordnetDomain>	<wordnetDomain_enterprise>	
<id_1p8wad9_1sn_1afa2sp>	<wordnet_greenmail_100176052>	<hasWordnetDomain>	<wordnetDomain_enterprise>	
<id_16kq911_1sn_1afa2sp>	<wordnet_pac-man_strategy_100176312>	<hasWordnetDomain>	<wordnetDomain_enterprise>	
<id_vygssf_1sn_1afa2sp>	<wordnet_poison_pill_100176449>	<hasWordnetDomain>	<wordnetDomain_enterprise>	
<id_1dgyuk7_1sn_1afa2sp>	<wordnet_suicide_pill_100176609>	<hasWordnetDomain>	<wordnetDomain_enterprise>	
<id_1wncu97_1sn_1afa2sp>	<wordnet_safe_harbor_100176766>	<hasWordnetDomain>	<wordnetDomain_enterprise>	
<id_qwdiqv_1sn_1afa2sp>	<wordnet_scorched-earth_policy_100176994>	<hasWordnetDomain>	<wordnetDomain_enterprise>	
<id_rhkk0u_1sn_16lhmde>	<wordnet_diagnostic_procedure_100177127>	<hasWordnetDomain>	<wordnetDomain_medicine>	
<id_1m76nsb_1sn_1ty7e9d>	<wordnet_expedient_100177448>	<hasWordnetDomain>	<wordnetDomain_factotum>	
<id_k7h8a4_1sn_16lhmde>	<wordnet_emergency_procedure_100177783>	<hasWordnetDomain>	<wordnetDomain_medicine>	
<id_rz4t6i_1sn_1ty7e9d>	<wordnet_experimental_procedure_100178024>	<hasWordnetDomain>	<wordnetDomain_factotum>	
<id_rdueq2_1sn_1ty7e9d>	<wordnet_double-blind_procedure_100178177>	<hasWordnetDomain>	<wordnetDomain_factotum>	
<id_1qgvz4p_1sn_1ty7e9d>	<wordnet_makeshift_100178551>	<hasWordnetDomain>	<wordnetDomain_factotum>	
<id_6ri48m_1sn_1ty7e9d>	<wordnet_crutch_100178700>	<hasWordnetDomain>	<wordnetDomain_factotum>	
<id_17v41wp_1sn_1ty7e9d>	<wordnet_improvisation_100178832>	<hasWordnetDomain>	<wordnetDomain_factotum>	
<id_y1f90x_1sn_1ty7e9d>	<wordnet_pis_aller_100178972>	<hasWordnetDomain>	<wordnetDomain_factotum>	
<id_1ttzxsd_1sn_1ty7e9d>	<wordnet_desperate_measure_100179125>	<hasWordnetDomain>	<wordnetDomain_factotum>	
<id_1q5py9c_1sn_1ty7e9d>	<wordnet_open_sesame_100179275>	<hasWordnetDomain>	<wordnetDomain_factotum>	
<id_35aeaj_1sn_1ty7e9d>	<wordnet_salvation_100179380>	<hasWordnetDomain>	<wordnetDomain_factotum>	
<id_sg60mn_1sn_1ty7e9d>	<wordnet_tooth_100179576>	<hasWordnetDomain>	<wordnetDomain_factotum>	
<id_i88whi_1sn_1ty7e9d>	<wordnet_voice_100179683>	<hasWordnetDomain>	<wordnetDomain_factotum>	
<id_gpbfuh_1sn_1ty7e9d>	<wordnet_wings_100179916>	<hasWordnetDomain>	<wordnetDomain_factotum>	
<id_l1p7du_1sn_1ty7e9d>	<wordnet_casting_lots_100180054>	<hasWordnetDomain>	<wordnetDomain_factotum>	
<id_1yg8abd_1sn_1ty7e9d>	<wordnet_resolution_100180228>	<hasWordnetDomain>	<wordnetDomain_factotum>	
<id_kwhq9v_1sn_1ujnjjd>	<wordnet_adoption_100180413>	<hasWordnetDomain>	<wordnetDomain_politics>	
<id_vq907s_1sn_1ujnjjd>	<wordnet_embrace_100180770>	<hasWordnetDomain>	<wordnetDomain_politics>	
<id_10dcd9f_1sn_1ujnjjd>	<wordnet_election_100180962>	<hasWordnetDomain>	<wordnetDomain_politics>	
<id_d97zmj_1sn_1ujnjjd>	<wordnet_co-option_100181191>	<hasWordnetDomain>	<wordnetDomain_politics>	
<id_1lkx9cf_1sn_1ujnjjd>	<wordnet_reelection_100181373>	<hasWordnetDomain>	<wordnetDomain_politics>	
<id_11q9fz2_1sn_1ujnjjd>	<wordnet_plebiscite_100181495>	<hasWordnetDomain>	<wordnetDomain_politics>	
<id_cicp7d_1sn_1ujnjjd>	<wordnet_referendum_100181640>	<hasWordnetDomain>	<wordnetDomain_politics>	
<id_10dcyt9_1sn_1ujnjjd>	<wordnet_election_100181781>	<hasWordnetDomain>	<wordnetDomain_politics>	
<id_ov9gup_1sn_1ujnjjd>	<wordnet_vote_100182213>	<hasWordnetDomain>	<wordnetDomain_politics>	
<id_1kl2t5_1sn_1ujnjjd>	<wordnet_general_election_100182435>	<hasWordnetDomain>	<wordnetDomain_politics>	
<id_vr78ss_1sn_1ujnjjd>	<wordnet_primary_100182571>	<hasWordnetDomain>	<wordnetDomain_politics>	
<id_wlv2d3_1sn_1ujnjjd>	<wordnet_direct_primary_100182723>	<hasWordnetDomain>	<wordnetDomain_politics>	
<id_t9vt3s_1sn_1ujnjjd>	<wordnet_closed_primary_100182897>	<hasWordnetDomain>	<wordnetDomain_politics>	
<id_jj38h7_1sn_1ujnjjd>	<wordnet_open_primary_100183084>	<hasWordnetDomain>	<wordnetDomain_politics>	
<id_bwo2vr_1sn_1ujnjjd>	<wordnet_by-election_100183240>	<hasWordnetDomain>	<wordnetDomain_politics>	
<id_wit8ej_1sn_1ujnjjd>	<wordnet_runoff_100183357>	<hasWordnetDomain>	<wordnetDomain_politics>	
<id_ova61i_1sn_1ujnjjd>	<wordnet_vote_100183505>	<hasWordnetDomain>	<wordnetDomain_politics>	
<id_1vphr8j_1sn_1ujnjjd>	<wordnet_block_vote_100183995>	<hasWordnetDomain>	<wordnetDomain_politics>	
<id_ousi0y_1sn_1ujnjjd>	<wordnet_cumulative_vote_100184135>	<hasWordnetDomain>	<wordnetDomain_politics>	
<id_e56kl7_1sn_1ujnjjd>	<wordnet_secret_ballot_100184362>	<hasWordnetDomain>	<wordnetDomain_politics>	
<id_tshs48_1sn_1ujnjjd>	<wordnet_split_ticket_100184501>	<hasWordnetDomain>	<wordnetDomain_politics>	
<id_1t4pqkd_1sn_1ujnjjd>	<wordnet_straight_ticket_100184652>	<hasWordnetDomain>	<wordnetDomain_politics>	
<id_16o7wrt_1sn_1ujnjjd>	<wordnet_multiple_voting_100184802>	<hasWordnetDomain>	<wordnetDomain_politics>	
<id_1xddmg9_1sn_1ujnjjd>	<wordnet_casting_vote_100184981>	<hasWordnetDomain>	<wordnetDomain_politics>	
<id_1lew6mg_1sn_1ty7e9d>	<wordnet_reconciliation_100185104>	<hasWordnetDomain>	<wordnetDomain_factotum>	
<id_ycpnw6_1sn_1ty7e9d>	<wordnet_equation_100185307>	<hasWordnetDomain>	<wordnetDomain_factotum>	
<id_1sqnsnj_1sn_16lhmde>	<wordnet_breech_delivery_100185438>	<hasWordnetDomain>	<wordnetDomain_medicine>	
<id_jfjd61_1sn_16lhmde>	<wordnet_frank_breech_100185612>	<hasWordnetDomain>	<wordnetDomain_medicine>	
<id_koa78z_1sn_16lhmde>	<wordnet_cesarean_delivery_100185778>	<hasWordnetDomain>	<wordnetDomain_medicine>	
<id_16usoua_1sn_16lhmde>	<wordnet_forceps_delivery_100186251>	<hasWordnetDomain>	<wordnetDomain_medicine>	
<id_1v3cjm9_1sn_16lhmde>	<wordnet_midwifery_100186549>	<hasWordnetDomain>	<wordnetDomain_medicine>	
<id_1aopktc_1sn_vz4r5o>	<wordnet_score_100186634>	<hasWordnetDomain>	<wordnetDomain_play>	
<id_1aopktc_1sn_1vwcw8c>	<wordnet_score_100186634>	<hasWordnetDomain>	<wordnetDomain_sport>	
<id_7f9rga_1sn_7mo48o>	<wordnet_bowling_score_100187056>	<hasWordnetDomain>	<wordnetDomain_bowling>	
<id_pk0amo_1sn_vz4r5o>	<wordnet_bull's_eye_100187144>	<hasWordnetDomain>	<wordnetDomain_play>	
<id_pk0amo_1sn_1vwcw8c>	<wordnet_bull's_eye_100187144>	<hasWordnetDomain>	<wordnetDomain_sport>	
<id_17rbhaw_1sn_vz4r5o>	<wordnet_goal_100187337>	<hasWordnetDomain>	<wordnetDomain_play>	
<id_17rbhaw_1sn_1vwcw8c>	<wordnet_goal_100187337>	<hasWordnetDomain>	<wordnetDomain_sport>	
<id_1f2wlny_1sn_vz4r5o>	<wordnet_own_goal_100187499>	<hasWordnetDomain>	<wordnetDomain_play>	
<id_1f2wlny_1sn_1vwcw8c>	<wordnet_own_goal_100187499>	<hasWordnetDomain>	<wordnetDomain_sport>	
<id_z7m03a_1sn_vz4r5o>	<wordnet_strike_100187710>	<hasWordnetDomain>	<wordnetDomain_play>	
<id_z7m03a_1sn_1vwcw8c>	<wordnet_strike_100187710>	<hasWordnetDomain>	<wordnetDomain_sport>	
<id_5xcwfw_1sn_vz4r5o>	<wordnet_spare_100187890>	<hasWordnetDomain>	<wordnetDomain_play>	
<id_5xcwfw_1sn_1vwcw8c>	<wordnet_spare_100187890>	<hasWordnetDomain>	<wordnetDomain_sport>	
<id_1m1il8c_1sn_vz4r5o>	<wordnet_open_frame_100188007>	<hasWordnetDomain>	<wordnetDomain_play>	
<id_1m1il8c_1sn_1vwcw8c>	<wordnet_open_frame_100188007>	<hasWordnetDomain>	<wordnetDomain_sport>	
<id_gwv3r1_1sn_vz4r5o>	<wordnet_football_score_100188341>	<hasWordnetDomain>	<wordnetDomain_play>	
<id_gwv3r1_1sn_1vwcw8c>	<wordnet_football_score_100188341>	<hasWordnetDomain>	<wordnetDomain_sport>	
<id_1ectxck_1sn_1s0pz1x>	<wordnet_touchback_100188449>	<hasWordnetDomain>	<wordnetDomain_football>	
<id_thpa6r_1sn_vz4r5o>	<wordnet_safety_100188620>	<hasWordnetDomain>	<wordnetDomain_play>	
<id_thpa6r_1sn_1vwcw8c>	<wordnet_safety_100188620>	<hasWordnetDomain>	<wordnetDomain_sport>	
<id_1payf7x_1sn_vz4r5o>	<wordnet_touchdown_100188766>	<hasWordnetDomain>	<wordnetDomain_play>	
<id_1payf7x_1sn_1vwcw8c>	<wordnet_touchdown_100188766>	<hasWordnetDomain>	<wordnetDomain_sport>	
<id_to144f_1sn_vz4r5o>	<wordnet_field_goal_100188934>	<hasWordnetDomain>	<wordnetDomain_play>	
<id_to144f_1sn_1vwcw8c>	<wordnet_field_goal_100188934>	<hasWordnetDomain>	<wordnetDomain_sport>	
<id_1ewlto9_1sn_vz4r5o>	<wordnet_conversion_100189106>	<hasWordnetDomain>	<wordnetDomain_play>	
<id_1ewlto9_1sn_1vwcw8c>	<wordnet_conversion_100189106>	<hasWordnetDomain>	<wordnetDomain_sport>	
<id_qqbuvp_1sn_vz4r5o>	<wordnet_point_after_100189257>	<hasWordnetDomain>	<wordnetDomain_play>	
<id_qqbuvp_1sn_1vwcw8c>	<wordnet_point_after_100189257>	<hasWordnetDomain>	<wordnetDomain_sport>	
<id_173py5e_1sn_vz4r5o>	<wordnet_baseball_score_100189476>	<hasWordnetDomain>	<wordnetDomain_play>	
<id_173py5e_1sn_1vwcw8c>	<wordnet_baseball_score_100189476>	<hasWordnetDomain>	<wordnetDomain_sport>	
<id_1mh39qr_1sn_vz4r5o>	<wordnet_run_100189565>	<hasWordnetDomain>	<wordnetDomain_play>	
<id_1mh39qr_1sn_1vwcw8c>	<wordnet_run_100189565>	<hasWordnetDomain>	<wordnetDomain_sport>	
<id_1nbvoec_1sn_vz4r5o>	<wordnet_earned_run_100189896>	<hasWordnetDomain>	<wordnetDomain_play>	
<id_1nbvoec_1sn_1vwcw8c>	<wordnet_earned_run_100189896>	<hasWordnetDomain>	<wordnetDomain_sport>	
<id_1lt8sf2_1sn_vz4r5o>	<wordnet_unearned_run_100190040>	<hasWordnetDomain>	<wordnetDomain_play>	
<id_1lt8sf2_1sn_1vwcw8c>	<wordnet_unearned_run_100190040>	<hasWordnetDomain>	<wordnetDomain_sport>	
<id_1ecb921_1sn_vz4r5o>	<wordnet_run_batted_in_100190180>	<hasWordnetDomain>	<wordnetDomain_play>	
<id_1ecb921_1sn_1vwcw8c>	<wordnet_run_batted_in_100190180>	<hasWordnetDomain>	<wordnetDomain_sport>	
<id_s2cjgm_1sn_p0t8t>	<wordnet_basketball_score_100190338>	<hasWordnetDomain>	<wordnetDomain_basketball>	
<id_s2cjgm_1sn_vz4r5o>	<wordnet_basketball_score_100190338>	<hasWordnetDomain>	<wordnetDomain_play>	
<id_9qmju6_1sn_vz4r5o>	<wordnet_basket_100190431>	<hasWordnetDomain>	<wordnetDomain_play>	
<id_9qmju6_1sn_1vwcw8c>	<wordnet_basket_100190431>	<hasWordnetDomain>	<wordnetDomain_sport>	
<id_ijvfk4_1sn_vz4r5o>	<wordnet_hat_trick_100190579>	<hasWordnetDomain>	<wordnetDomain_play>	
<id_ijvfk4_1sn_1vwcw8c>	<wordnet_hat_trick_100190579>	<hasWordnetDomain>	<wordnetDomain_sport>	
<id_1d97t8h_1sn_1ty7e9d>	<wordnet_solution_100190783>	<hasWordnetDomain>	<wordnetDomain_factotum>	
<id_1fhxaxg_1sn_1ty7e9d>	<wordnet_change_100191142>	<hasWordnetDomain>	<wordnetDomain_factotum>	
<id_1lw4p9w_1sn_1ty7e9d>	<wordnet_filtration_100191980>	<hasWordnetDomain>	<wordnetDomain_factotum>	
<id_4x6mmc_1sn_1ty7e9d>	<wordnet_percolation_100192149>	<hasWordnetDomain>	<wordnetDomain_factotum>	
<id_17j4f4y_1sn_1ty7e9d>	<wordnet_reduction_100192300>	<hasWordnetDomain>	<wordnetDomain_factotum>	
<id_mjdit7_1sn_1ty7e9d>	<wordnet_schematization_100192457>	<hasWordnetDomain>	<wordnetDomain_factotum>	
<id_19vrl76_1sn_19uyjue>	<wordnet_economy_100192613>	<hasWordnetDomain>	<wordnetDomain_economy>	
<id_eg5pe1_1sn_19uyjue>	<wordnet_retrenchment_100192910>	<hasWordnetDomain>	<wordnetDomain_economy>	
<id_1cmvb0m_1sn_19uyjue>	<wordnet_economy_of_scale_100193099>	<hasWordnetDomain>	<wordnetDomain_economy>	
<id_180pfx2_1sn_124sfjp>	<wordnet_adjustment_107369604>	<hasWordnetDomain>	<wordnetDomain_physiology>	
<id_neuj0g_1sn_124sfjp>	<wordnet_adaptation_100193406>	<hasWordnetDomain>	<wordnetDomain_physiology>	
<id_z3qt71_1sn_124sfjp>	<wordnet_dark_adaptation_100193622>	<hasWordnetDomain>	<wordnetDomain_physiology>	
<id_1mgj78n_1sn_124sfjp>	<wordnet_light_adaptation_100193811>	<hasWordnetDomain>	<wordnetDomain_physiology>	
<id_1jelqs0_1sn_1ty7e9d>	<wordnet_take-up_100194005>	<hasWordnetDomain>	<wordnetDomain_factotum>	
<id_8i3jc8_1sn_124sfjp>	<wordnet_readjustment_100194127>	<hasWordnetDomain>	<wordnetDomain_physiology>	
<id_1r62cf9_1sn_124sfjp>	<wordnet_domestication_100194257>	<hasWordnetDomain>	<wordnetDomain_physiology>	
<id_13lvdi4_1sn_1w57q4m>	<wordnet_decimalization_100194414>	<hasWordnetDomain>	<wordnetDomain_metrology>	
<id_147vdyx_1sn_1w57q4m>	<wordnet_metrification_100194645>	<hasWordnetDomain>	<wordnetDomain_metrology>	
<id_mdl6n8_1sn_124sfjp>	<wordnet_habituation_100194831>	<hasWordnetDomain>	<wordnetDomain_physiology>	
<id_1r9keo9_1sn_1ty7e9d>	<wordnet_variation_100194969>	<hasWordnetDomain>	<wordnetDomain_factotum>	
<id_1r9kvso_1sn_1ty7e9d>	<wordnet_variation_100195194>	<hasWordnetDomain>	<wordnetDomain_factotum>	
<id_i86cc6_1sn_1ty7e9d>	<wordnet_turning_100195415>	<hasWordnetDomain>	<wordnetDomain_factotum>	
<id_j33k62_1sn_1ty7e9d>	<wordnet_diversification_100195569>	<hasWordnetDomain>	<wordnetDomain_factotum>	
<id_10w346w_1sn_1ty7e9d>	<wordnet_flux_100195938>	<hasWordnetDomain>	<wordnetDomain_factotum>	
<id_pnurw0_1sn_1ty7e9d>	<wordnet_switch_100196084>	<hasWordnetDomain>	<wordnetDomain_factotum>	
<id_z2z9hj_1sn_1ty7e9d>	<wordnet_switcheroo_100196402>	<hasWordnetDomain>	<wordnetDomain_factotum>	
<id_1w8rqda_1sn_1ty7e9d>	<wordnet_substitution_100196485>	<hasWordnetDomain>	<wordnetDomain_factotum>	
<id_19uj424_1sn_1ty7e9d>	<wordnet_novation_100196848>	<hasWordnetDomain>	<wordnetDomain_factotum>	
<id_1l6mb14_1sn_1ty7e9d>	<wordnet_pitching_change_100197136>	<hasWordnetDomain>	<wordnetDomain_factotum>	
<id_1mkrmxa_1sn_19uyjue>	<wordnet_superannuation_100197229>	<hasWordnetDomain>	<wordnetDomain_economy>	
<id_47r6h0_1sn_1ty7e9d>	<wordnet_supersedure_100197419>	<hasWordnetDomain>	<wordnetDomain_factotum>	
<id_1rg3rgx_1sn_1ty7e9d>	<wordnet_supplanting_100197610>	<hasWordnetDomain>	<wordnetDomain_factotum>	
<id_6gsfnf_1sn_1ty7e9d>	<wordnet_replacement_100197772>	<hasWordnetDomain>	<wordnetDomain_factotum>	
<id_1vmbcu1_1sn_1ty7e9d>	<wordnet_subrogation_100198118>	<hasWordnetDomain>	<wordnetDomain_factotum>	
<id_9plx54_1sn_1ty7e9d>	<wordnet_weaning_100198270>	<hasWordnetDomain>	<wordnetDomain_factotum>	
<id_17u8tih_1sn_1ty7e9d>	<wordnet_promotion_100198451>	<hasWordnetDomain>	<wordnetDomain_factotum>	
<id_qr0yz4_1sn_1ty7e9d>	<wordnet_preferment_100198631>	<hasWordnetDomain>	<wordnetDomain_factotum>	
<id_1kthopi_1sn_1ty7e9d>	<wordnet_demotion_100198793>	<hasWordnetDomain>	<wordnetDomain_factotum>	
<id_170n8si_1sn_1ty7e9d>	<wordnet_investment_100198919>	<hasWordnetDomain>	<wordnetDomain_factotum>	
<id_romlvf_1sn_1ty7e9d>	<wordnet_change_of_state_100199130>	<hasWordnetDomain>	<wordnetDomain_factotum>	
<id_8cp70q_1sn_1ty7e9d>	<wordnet_alteration_100199707>	<hasWordnetDomain>	<wordnetDomain_factotum>	
<id_1syb2rn_1sn_1ty7e9d>	<wordnet_distraction_100200041>	<hasWordnetDomain>	<wordnetDomain_factotum>	
<id_1yiauf9_1sn_1ty7e9d>	<wordnet_aeration_100200244>	<hasWordnetDomain>	<wordnetDomain_factotum>	
<id_1p14xkt_1sn_1ty7e9d>	<wordnet_modulation_100200379>	<hasWordnetDomain>	<wordnetDomain_factotum>	
<id_1iz6p4l_1sn_1ty7e9d>	<wordnet_qualification_100200563>	<hasWordnetDomain>	<wordnetDomain_factotum>	
<id_e5q4ej_1sn_1ty7e9d>	<wordnet_reorganization_100200768>	<hasWordnetDomain>	<wordnetDomain_factotum>	
<id_ma1s5w_1sn_1ty7e9d>	<wordnet_passage_100201058>	<hasWordnetDomain>	<wordnetDomain_factotum>	
<id_11cb54w_1sn_1ty7e9d>	<wordnet_fossilization_100201269>	<hasWordnetDomain>	<wordnetDomain_factotum>	
<id_1iaisdv_1sn_1ty7e9d>	<wordnet_meddling_100201516>	<hasWordnetDomain>	<wordnetDomain_factotum>	
<id_17cu6va_1sn_1ty7e9d>	<wordnet_transfer_100201671>	<hasWordnetDomain>	<wordnetDomain_factotum>	
<id_qew452_1sn_1ty7e9d>	<wordnet_prohibition_100201923>	<hasWordnetDomain>	<wordnetDomain_factotum>	
<id_ftyhsh_1sn_1ty7e9d>	<wordnet_resistance_100202284>	<hasWordnetDomain>	<wordnetDomain_factotum>	
<id_1s5ym89_1sn_1afa2sp>	<wordnet_lockout_100202620>	<hasWordnetDomain>	<wordnetDomain_enterprise>	
<id_1im506o_1sn_1ty7e9d>	<wordnet_reaction_100202816>	<hasWordnetDomain>	<wordnetDomain_factotum>	
<id_1srvvjc_1sn_1ujnjjd>	<wordnet_backlash_100203020>	<hasWordnetDomain>	<wordnetDomain_politics>	
<id_w6lvry_1sn_1ujnjjd>	<wordnet_whitelash_100203208>	<hasWordnetDomain>	<wordnetDomain_politics>	
<id_t4hd4b_1sn_1ty7e9d>	<wordnet_rejection_100203342>	<hasWordnetDomain>	<wordnetDomain_factotum>	
<id_8g7edk_1sn_1ty7e9d>	<wordnet_brush-off_100203649>	<hasWordnetDomain>	<wordnetDomain_factotum>	
<id_13jn3uy_1sn_1ty7e9d>	<wordnet_avoidance_100203753>	<hasWordnetDomain>	<wordnetDomain_factotum>	
<id_1xk6ien_1sn_1ty7e9d>	<wordnet_aversion_100204022>	<hasWordnetDomain>	<wordnetDomain_factotum>	
<id_jmayuy_1sn_1ty7e9d>	<wordnet_escape_100204199>	<hasWordnetDomain>	<wordnetDomain_factotum>	
<id_hrqhf_1sn_1ty7e9d>	<wordnet_near_thing_100204334>	<hasWordnetDomain>	<wordnetDomain_factotum>	
<id_1e9iav1_1sn_1ty7e9d>	<wordnet_abandonment_100204439>	<hasWordnetDomain>	<wordnetDomain_factotum>	
<id_paui4p_1sn_1ty7e9d>	<wordnet_exposure_100204659>	<hasWordnetDomain>	<wordnetDomain_factotum>	
<id_e1x8mh_1sn_1ty7e9d>	<wordnet_apostasy_100204814>	<hasWordnetDomain>	<wordnetDomain_factotum>	
<id_dpmt85_1sn_1ty7e9d>	<wordnet_bolt_100204943>	<hasWordnetDomain>	<wordnetDomain_factotum>	
<id_1sf9kfo_1sn_1ty7e9d>	<wordnet_renunciation_100205079>	<hasWordnetDomain>	<wordnetDomain_factotum>	
<id_xxrn2j_1sn_1ty7e9d>	<wordnet_nonacceptance_100205349>	<hasWordnetDomain>	<wordnetDomain_factotum>	
<id_13tgwwh_1sn_1ty7e9d>	<wordnet_forsaking_100205543>	<hasWordnetDomain>	<wordnetDomain_factotum>	
<id_1k1djk8_1sn_1ty7e9d>	<wordnet_abnegation_100205649>	<hasWordnetDomain>	<wordnetDomain_factotum>	
<id_df23zm_1sn_1ty7e9d>	<wordnet_forfeit_100205891>	<hasWordnetDomain>	<wordnetDomain_factotum>	
<id_rfhatw_1sn_1tav0m2>	<wordnet_boycott_100206130>	<hasWordnetDomain>	<wordnetDomain_sociology>	
<id_1gfntzc_1sn_1ty7e9d>	<wordnet_banishment_100206302>	<hasWordnetDomain>	<wordnetDomain_factotum>	
<id_n1x31_1sn_1ty7e9d>	<wordnet_anathematization_100206600>	<hasWordnetDomain>	<wordnetDomain_factotum>	
<id_ic4o0y_1sn_1ty7e9d>	<wordnet_disbarment_100206779>	<hasWordnetDomain>	<wordnetDomain_factotum>	
<id_1qzr9tn_1sn_1ty7e9d>	<wordnet_ejection_100206927>	<hasWordnetDomain>	<wordnetDomain_factotum>	
<id_6276qh_1sn_1ty7e9d>	<wordnet_deportation_100207306>	<hasWordnetDomain>	<wordnetDomain_factotum>	
<id_dptl4x_1sn_1ty7e9d>	<wordnet_ostracism_100207434>	<hasWordnetDomain>	<wordnetDomain_factotum>	
<id_z8w0h2_1sn_1ty7e9d>	<wordnet_barring_100207622>	<hasWordnetDomain>	<wordnetDomain_factotum>	
<id_zxfa3y_1sn_lrm3bg>	<wordnet_exile_100207761>	<hasWordnetDomain>	<wordnetDomain_history>	
<id_zxfa3y_1sn_es20d6>	<wordnet_exile_100207761>	<hasWordnetDomain>	<wordnetDomain_law>	
<id_tapyn5_1sn_1cfteux>	<wordnet_excommunication_100208277>	<hasWordnetDomain>	<wordnetDomain_religion>	
<id_37m65u_1sn_1ty7e9d>	<wordnet_relegation_100208521>	<hasWordnetDomain>	<wordnetDomain_factotum>	
<id_1cp5r4k_1sn_1ty7e9d>	<wordnet_rustication_100208694>	<hasWordnetDomain>	<wordnetDomain_factotum>	
<id_1nkjiwd_1sn_1ty7e9d>	<wordnet_ouster_100208797>	<hasWordnetDomain>	<wordnetDomain_factotum>	
<id_1xqi01y_1sn_1ty7e9d>	<wordnet_deposition_100208943>	<hasWordnetDomain>	<wordnetDomain_factotum>	
<id_1416qgg_1sn_es20d6>	<wordnet_suspension_100209132>	<hasWordnetDomain>	<wordnetDomain_law>	
<id_1cp6bo6_1sn_es20d6>	<wordnet_rustication_100209301>	<hasWordnetDomain>	<wordnetDomain_law>	
<id_1i5tqxc_1sn_1afa2sp>	<wordnet_displacement_100209446>	<hasWordnetDomain>	<wordnetDomain_enterprise>	
<id_1ooqw9w_1sn_1ujnjjd>	<wordnet_veto_100209546>	<hasWordnetDomain>	<wordnetDomain_politics>	
<id_csn9fw_1sn_1ujnjjd>	<wordnet_pocket_veto_100209680>	<hasWordnetDomain>	<wordnetDomain_politics>	
<id_sqocum_1sn_1ujnjjd>	<wordnet_write-in_100209789>	<hasWordnetDomain>	<wordnetDomain_politics>	
<id_1mbpyg7_1sn_1ty7e9d>	<wordnet_termination_100209943>	<hasWordnetDomain>	<wordnetDomain_factotum>	
<id_19jl1ng_1sn_1ty7e9d>	<wordnet_finish_100210518>	<hasWordnetDomain>	<wordnetDomain_factotum>	
<id_gig0mp_1sn_1ty7e9d>	<wordnet_finale_100210797>	<hasWordnetDomain>	<wordnetDomain_factotum>	
<id_1fhde9_1sn_1vt5ecd>	<wordnet_release_100210940>	<hasWordnetDomain>	<wordnetDomain_music>	
<id_133rraw_1sn_1ty7e9d>	<wordnet_completion_100211110>	<hasWordnetDomain>	<wordnetDomain_factotum>	
