	<Quarante>	<hasGeonamesEntityId>	"2984879"^^xsd:integer	2984879
	<Savigliano>	<hasGeonamesEntityId>	"3167034"^^xsd:integer	3167034
	<Terrasini>	<hasGeonamesEntityId>	"2522952"^^xsd:integer	2522952
	<Kloof>	<hasGeonamesEntityId>	"988886"^^xsd:integer	988886
	<Bertre>	<hasGeonamesEntityId>	"3033160"^^xsd:integer	3033160
	<Söllbach>	<hasGeonamesEntityId>	"2831554"^^xsd:integer	2831554
	<Vauchelles-lès-Authie>	<hasGeonamesEntityId>	"2970570"^^xsd:integer	2970570
	<Costineşti>	<hasGeonamesEntityId>	"680546"^^xsd:integer	680546
	<Aielli>	<hasGeonamesEntityId>	"3183392"^^xsd:integer	3183392
	<Talamporuwa>	<hasGeonamesEntityId>	"1227358"^^xsd:integer	1227358
	<Lewosze>	<hasGeonamesEntityId>	"766334"^^xsd:integer	766334
	<Jetnamsklumpen>	<hasGeonamesEntityId>	"3150848"^^xsd:integer	3150848
	<Teaca>	<hasGeonamesEntityId>	"665370"^^xsd:integer	665370
	<Rumendingen>	<hasGeonamesEntityId>	"7286980"^^xsd:integer	7286980
	<Unaí>	<hasGeonamesEntityId>	"3445764"^^xsd:integer	3445764
	<Buinen>	<hasGeonamesEntityId>	"2758156"^^xsd:integer	2758156
	<Loughgall>	<hasGeonamesEntityId>	"2643563"^^xsd:integer	2643563
	<Bayarque>	<hasGeonamesEntityId>	"2521219"^^xsd:integer	2521219
	<Jakobsweiler>	<hasGeonamesEntityId>	"2895234"^^xsd:integer	2895234
	<Dembwa>	<hasGeonamesEntityId>	"199043"^^xsd:integer	199043
	<Khnkoyan>	<hasGeonamesEntityId>	"616533"^^xsd:integer	616533
	<Mojácar>	<hasGeonamesEntityId>	"2513786"^^xsd:integer	2513786
	<Lipomo>	<hasGeonamesEntityId>	"6535128"^^xsd:integer	6535128
	<Allenwiller>	<hasGeonamesEntityId>	"3038141"^^xsd:integer	3038141
	<Reijola>	<hasGeonamesEntityId>	"639595"^^xsd:integer	639595
	<Arorangi>	<hasGeonamesEntityId>	"4035726"^^xsd:integer	4035726
	<Zamysłów>	<hasGeonamesEntityId>	"3080707"^^xsd:integer	3080707
	<Sychandzhuk>	<hasGeonamesEntityId>	"389242"^^xsd:integer	389242
	<Siecie>	<hasGeonamesEntityId>	"3086105"^^xsd:integer	3086105
	<Buisson>	<hasGeonamesEntityId>	"3029599"^^xsd:integer	3029599
	<Rimburg>	<hasGeonamesEntityId>	"2846738"^^xsd:integer	2846738
	<Matogjin>	<hasGeonamesEntityId>	"3184777"^^xsd:integer	3184777
	<Pervijze>	<hasGeonamesEntityId>	"2789160"^^xsd:integer	2789160
	<Ermistu>	<hasGeonamesEntityId>	"592254"^^xsd:integer	592254
	<Bertry>	<hasGeonamesEntityId>	"3033149"^^xsd:integer	3033149
	<Reineskarvet>	<hasGeonamesEntityId>	"3142121"^^xsd:integer	3142121
	<Salakta>	<hasGeonamesEntityId>	"2467341"^^xsd:integer	2467341
	<Jésonville>	<hasGeonamesEntityId>	"3012358"^^xsd:integer	3012358
	<Paklje>	<hasGeonamesEntityId>	"3193712"^^xsd:integer	3193712
	<Kayaldzha>	<hasGeonamesEntityId>	"800538"^^xsd:integer	800538
	<Apremont-la-Forêt>	<hasGeonamesEntityId>	"3037355"^^xsd:integer	3037355
	<Zibyugon>	<hasGeonamesEntityId>	"1283953"^^xsd:integer	1283953
	<Stâlpu>	<hasGeonamesEntityId>	"666147"^^xsd:integer	666147
	<Ignase>	<hasGeonamesEntityId>	"794126"^^xsd:integer	794126
	<Malayagiri>	<hasGeonamesEntityId>	"1264131"^^xsd:integer	1264131
	<Trie-la-Ville>	<hasGeonamesEntityId>	"2971691"^^xsd:integer	2971691
	<Heikinlaakso>	<hasGeonamesEntityId>	"847508"^^xsd:integer	847508
	<Zévaco>	<hasGeonamesEntityId>	"2967146"^^xsd:integer	2967146
	<Heemse>	<hasGeonamesEntityId>	"2754700"^^xsd:integer	2754700
	<Autreville-sur-la-Renne>	<hasGeonamesEntityId>	"3035902"^^xsd:integer	3035902
	<Soběslav>	<hasGeonamesEntityId>	"3065644"^^xsd:integer	3065644
	<Torcieu>	<hasGeonamesEntityId>	"2972446"^^xsd:integer	2972446
	<Etersheim>	<hasGeonamesEntityId>	"2755998"^^xsd:integer	2755998
	<Qorağan>	<hasGeonamesEntityId>	"586431"^^xsd:integer	586431
	<Lavillatte>	<hasGeonamesEntityId>	"3005559"^^xsd:integer	3005559
	<Dobrogostowo>	<hasGeonamesEntityId>	"3100340"^^xsd:integer	3100340
	<Waldershare>	<hasGeonamesEntityId>	"2634899"^^xsd:integer	2634899
	<Sinmi-do>	<hasGeonamesEntityId>	"1870431"^^xsd:integer	1870431
	<Valaam>	<hasGeonamesEntityId>	"477316"^^xsd:integer	477316
	<Arrazua-Ubarrundia>	<hasGeonamesEntityId>	"6355248"^^xsd:integer	6355248
	<Frøyfjorden>	<hasGeonamesEntityId>	"3156427"^^xsd:integer	3156427
	<Kapelica>	<hasGeonamesEntityId>	"3198314"^^xsd:integer	3198314
	<Pitrufquén>	<hasGeonamesEntityId>	"3875746"^^xsd:integer	3875746
	<Souspierre>	<hasGeonamesEntityId>	"2973926"^^xsd:integer	2973926
	<Tizaung>	<hasGeonamesEntityId>	"1290824"^^xsd:integer	1290824
	<Svépravice>	<hasGeonamesEntityId>	"3064532"^^xsd:integer	3064532
	<Rząśnia>	<hasGeonamesEntityId>	"3086479"^^xsd:integer	3086479
	<Seyssinet-Pariset>	<hasGeonamesEntityId>	"2974645"^^xsd:integer	2974645
	<Unec>	<hasGeonamesEntityId>	"3188484"^^xsd:integer	3188484
	<Uduwawala>	<hasGeonamesEntityId>	"1225729"^^xsd:integer	1225729
	<Cotswolds>	<hasGeonamesEntityId>	"1819902"^^xsd:integer	1819902
	<Tswiza>	<hasGeonamesEntityId>	"1105867"^^xsd:integer	1105867
	<Sylwerynów>	<hasGeonamesEntityId>	"757538"^^xsd:integer	757538
	<Šafov>	<hasGeonamesEntityId>	"3066443"^^xsd:integer	3066443
	<Saint-Quentin-le-Petit>	<hasGeonamesEntityId>	"2977272"^^xsd:integer	2977272
	<Cadarcet>	<hasGeonamesEntityId>	"3029268"^^xsd:integer	3029268
	<Undy>	<hasGeonamesEntityId>	"2635174"^^xsd:integer	2635174
	<Mosmota>	<hasGeonamesEntityId>	"3843609"^^xsd:integer	3843609
	<Kaltensundheim>	<hasGeonamesEntityId>	"2893524"^^xsd:integer	2893524
	<Susegana>	<hasGeonamesEntityId>	"3166013"^^xsd:integer	3166013
	<Lixing-lès-Rouhling>	<hasGeonamesEntityId>	"2998050"^^xsd:integer	2998050
	<Bezalles>	<hasGeonamesEntityId>	"3032853"^^xsd:integer	3032853
	<Jakobshorn>	<hasGeonamesEntityId>	"6936856"^^xsd:integer	6936856
	<Dziergowice>	<hasGeonamesEntityId>	"3099873"^^xsd:integer	3099873
	<Tilly-Capelle>	<hasGeonamesEntityId>	"2972563"^^xsd:integer	2972563
	<Camini>	<hasGeonamesEntityId>	"2525434"^^xsd:integer	2525434
	<Saint-Hilaire-sur-Risle>	<hasGeonamesEntityId>	"2979494"^^xsd:integer	2979494
	<Petropolje>	<hasGeonamesEntityId>	"862793"^^xsd:integer	862793
	<Dejčići>	<hasGeonamesEntityId>	"3202113"^^xsd:integer	3202113
	<Hopeman>	<hasGeonamesEntityId>	"2646630"^^xsd:integer	2646630
	<Fitzen>	<hasGeonamesEntityId>	"2926447"^^xsd:integer	2926447
	<Rederscheid>	<hasGeonamesEntityId>	"2849589"^^xsd:integer	2849589
	<Winde>	<hasGeonamesEntityId>	"2744363"^^xsd:integer	2744363
	<Upernavik>	<hasGeonamesEntityId>	"3418910"^^xsd:integer	3418910
	<Dorotea>	<hasGeonamesEntityId>	"2717401"^^xsd:integer	2717401
	<Doştat>	<hasGeonamesEntityId>	"679050"^^xsd:integer	679050
	<Filice>	<hasGeonamesEntityId>	"772532"^^xsd:integer	772532
	<Horadiz>	<hasGeonamesEntityId>	"148003"^^xsd:integer	148003
	<Yingcheng>	<hasGeonamesEntityId>	"1786640"^^xsd:integer	1786640
	<Tunçoluk>	<hasGeonamesEntityId>	"738632"^^xsd:integer	738632
	<Märket>	<hasGeonamesEntityId>	"2692583"^^xsd:integer	2692583
	<Kozaklı>	<hasGeonamesEntityId>	"306115"^^xsd:integer	306115
	<Chislehurst>	<hasGeonamesEntityId>	"2653123"^^xsd:integer	2653123
	<Braciszewo>	<hasGeonamesEntityId>	"3102691"^^xsd:integer	3102691
	<Ogougouworo>	<hasGeonamesEntityId>	"2392420"^^xsd:integer	2392420
	<Ville-sur-Ancre>	<hasGeonamesEntityId>	"2968289"^^xsd:integer	2968289
	<Narynkol>	<hasGeonamesEntityId>	"1520747"^^xsd:integer	1520747
	<Fay-lès-Marcilly>	<hasGeonamesEntityId>	"3018821"^^xsd:integer	3018821
	<Stropsko>	<hasGeonamesEntityId>	"785392"^^xsd:integer	785392
	<Saint-Germain-sur-Meuse>	<hasGeonamesEntityId>	"2979732"^^xsd:integer	2979732
	<Horadis>	<hasGeonamesEntityId>	"448099"^^xsd:integer	448099
	<Yairipok>	<hasGeonamesEntityId>	"1252810"^^xsd:integer	1252810
	<Mutundwe>	<hasGeonamesEntityId>	"228693"^^xsd:integer	228693
	<Kaminaria>	<hasGeonamesEntityId>	"146561"^^xsd:integer	146561
	<Hraběšín>	<hasGeonamesEntityId>	"3075018"^^xsd:integer	3075018
	<Valgorge>	<hasGeonamesEntityId>	"2970996"^^xsd:integer	2970996
	<Seilhenker>	<hasGeonamesEntityId>	"2833341"^^xsd:integer	2833341
	<Ruciane-Nida>	<hasGeonamesEntityId>	"760166"^^xsd:integer	760166
	<Fronville>	<hasGeonamesEntityId>	"3016950"^^xsd:integer	3016950
	<Vrbanovec>	<hasGeonamesEntityId>	"3187298"^^xsd:integer	3187298
	<Saint-Étienne-d'Albagnan>	<hasGeonamesEntityId>	"2980279"^^xsd:integer	2980279
	<Hapugaharawa>	<hasGeonamesEntityId>	"1244744"^^xsd:integer	1244744
	<Garashi>	<hasGeonamesEntityId>	"197778"^^xsd:integer	197778
	<Haugschlag>	<hasGeonamesEntityId>	"2776682"^^xsd:integer	2776682
	<Strękowizna>	<hasGeonamesEntityId>	"758078"^^xsd:integer	758078
	<Brandiston>	<hasGeonamesEntityId>	"7291416"^^xsd:integer	7291416
	<Seidli>	<hasGeonamesEntityId>	"585110"^^xsd:integer	585110
	<Sowczyce>	<hasGeonamesEntityId>	"3085110"^^xsd:integer	3085110
	<Saint-Gérons>	<hasGeonamesEntityId>	"2979716"^^xsd:integer	2979716
	<Bessède-de-Sault>	<hasGeonamesEntityId>	"3033075"^^xsd:integer	3033075
	<Tsaghkaber>	<hasGeonamesEntityId>	"616159"^^xsd:integer	616159
	<Mopti>	<hasGeonamesEntityId>	"2453348"^^xsd:integer	2453348
	<Marchainville>	<hasGeonamesEntityId>	"2996037"^^xsd:integer	2996037
	<Savanette>	<hasGeonamesEntityId>	"3717230"^^xsd:integer	3717230
	<Kullorsuaq>	<hasGeonamesEntityId>	"3422228"^^xsd:integer	3422228
	<Checea>	<hasGeonamesEntityId>	"682233"^^xsd:integer	682233
	<Xınıslı>	<hasGeonamesEntityId>	"585916"^^xsd:integer	585916
	<Pueu>	<hasGeonamesEntityId>	"4033792"^^xsd:integer	4033792
	<Unjha>	<hasGeonamesEntityId>	"1253750"^^xsd:integer	1253750
	<Tokopal>	<hasGeonamesEntityId>	"7037547"^^xsd:integer	7037547
	<Kountori>	<hasGeonamesEntityId>	"2393166"^^xsd:integer	2393166
	<Benney>	<hasGeonamesEntityId>	"3033474"^^xsd:integer	3033474
	<Wattens>	<hasGeonamesEntityId>	"2761834"^^xsd:integer	2761834
	<Rimpton>	<hasGeonamesEntityId>	"7292421"^^xsd:integer	7292421
	<Szeligi-Leśnica>	<hasGeonamesEntityId>	"757344"^^xsd:integer	757344
	<Graglia>	<hasGeonamesEntityId>	"3175955"^^xsd:integer	3175955
	<Chatelay>	<hasGeonamesEntityId>	"3026159"^^xsd:integer	3026159
	<Rimbo>	<hasGeonamesEntityId>	"2682570"^^xsd:integer	2682570
	<Śniepie>	<hasGeonamesEntityId>	"758737"^^xsd:integer	758737
	<Beauvais>	<hasGeonamesEntityId>	"3034006"^^xsd:integer	3034006
	<Méziré>	<hasGeonamesEntityId>	"2994002"^^xsd:integer	2994002
	<Qaramahmudlu>	<hasGeonamesEntityId>	"586167"^^xsd:integer	586167
	<Sfruz>	<hasGeonamesEntityId>	"6534639"^^xsd:integer	6534639
	<Canet-de-Salars>	<hasGeonamesEntityId>	"3028827"^^xsd:integer	3028827
	<Acklins>	<hasGeonamesEntityId>	"3572939"^^xsd:integer	3572939
	<Lélex>	<hasGeonamesEntityId>	"3003703"^^xsd:integer	3003703
	<Carlus>	<hasGeonamesEntityId>	"3028585"^^xsd:integer	3028585
	<Byszewy>	<hasGeonamesEntityId>	"3101959"^^xsd:integer	3101959
	<Lopary>	<hasGeonamesEntityId>	"1062977"^^xsd:integer	1062977
	<Maamora>	<hasGeonamesEntityId>	"2490693"^^xsd:integer	2490693
	<Wieża>	<hasGeonamesEntityId>	"3082049"^^xsd:integer	3082049
	<Bhaktapur>	<hasGeonamesEntityId>	"1283617"^^xsd:integer	1283617
	<Ottaviano>	<hasGeonamesEntityId>	"3171778"^^xsd:integer	3171778
	<Kadyny>	<hasGeonamesEntityId>	"3096954"^^xsd:integer	3096954
	<Ludesse>	<hasGeonamesEntityId>	"2997189"^^xsd:integer	2997189
	<Budaševo>	<hasGeonamesEntityId>	"3203138"^^xsd:integer	3203138
	<Korytno>	<hasGeonamesEntityId>	"3095177"^^xsd:integer	3095177
	<Brinckheim>	<hasGeonamesEntityId>	"3030030"^^xsd:integer	3030030
	<Bitschhoffen>	<hasGeonamesEntityId>	"3032510"^^xsd:integer	3032510
	<Nieradza>	<hasGeonamesEntityId>	"3090935"^^xsd:integer	3090935
	<Hudovo>	<hasGeonamesEntityId>	"3199215"^^xsd:integer	3199215
	<Gehlberg>	<hasGeonamesEntityId>	"2922039"^^xsd:integer	2922039
	<Leordeni>	<hasGeonamesEntityId>	"674885"^^xsd:integer	674885
	<Skórowo>	<hasGeonamesEntityId>	"3085756"^^xsd:integer	3085756
	<Memurubu>	<hasGeonamesEntityId>	"3146036"^^xsd:integer	3146036
	<Káptalanfa>	<hasGeonamesEntityId>	"3050604"^^xsd:integer	3050604
	<Marolles-en-Beauce>	<hasGeonamesEntityId>	"2995574"^^xsd:integer	2995574
	<Myukhpyaw>	<hasGeonamesEntityId>	"1307607"^^xsd:integer	1307607
	<Seidla>	<hasGeonamesEntityId>	"793284"^^xsd:integer	793284
	<Potnjani>	<hasGeonamesEntityId>	"3192663"^^xsd:integer	3192663
	<Lopare>	<hasGeonamesEntityId>	"3196209"^^xsd:integer	3196209
	<Waskerley>	<hasGeonamesEntityId>	"2634711"^^xsd:integer	2634711
	<Sorlaci>	<hasGeonamesEntityId>	"3190315"^^xsd:integer	3190315
	<Szaruty>	<hasGeonamesEntityId>	"757477"^^xsd:integer	757477
	<Håksberg>	<hasGeonamesEntityId>	"2708970"^^xsd:integer	2708970
	<Selimpaşa>	<hasGeonamesEntityId>	"739838"^^xsd:integer	739838
	<Eldoret>	<hasGeonamesEntityId>	"198629"^^xsd:integer	198629
	<Cérans-Foulletourte>	<hasGeonamesEntityId>	"3027918"^^xsd:integer	3027918
	<Såner>	<hasGeonamesEntityId>	"3140101"^^xsd:integer	3140101
	<Prestine>	<hasGeonamesEntityId>	"6534558"^^xsd:integer	6534558
	<Saint-Phal>	<hasGeonamesEntityId>	"2977606"^^xsd:integer	2977606
	<Merston>	<hasGeonamesEntityId>	"2642710"^^xsd:integer	2642710
	<Castrocielo>	<hasGeonamesEntityId>	"3179377"^^xsd:integer	3179377
	<Raniżów>	<hasGeonamesEntityId>	"760624"^^xsd:integer	760624
	<Quaranti>	<hasGeonamesEntityId>	"6534340"^^xsd:integer	6534340
	<Grzechynia>	<hasGeonamesEntityId>	"3098182"^^xsd:integer	3098182
	<Novotroitsk>	<hasGeonamesEntityId>	"517836"^^xsd:integer	517836
	<Meshdally>	<hasGeonamesEntityId>	"147520"^^xsd:integer	147520
	<Boffles>	<hasGeonamesEntityId>	"3032133"^^xsd:integer	3032133
	<Fülöpjakab>	<hasGeonamesEntityId>	"3050997"^^xsd:integer	3050997
	<Stanišić>	<hasGeonamesEntityId>	"3190042"^^xsd:integer	3190042
	<Lusigny>	<hasGeonamesEntityId>	"2997054"^^xsd:integer	2997054
	<Rogierówko>	<hasGeonamesEntityId>	"3087114"^^xsd:integer	3087114
	<Lenzing>	<hasGeonamesEntityId>	"2772653"^^xsd:integer	2772653
	<Vělopolí>	<hasGeonamesEntityId>	"3063115"^^xsd:integer	3063115
	<Vandar>	<hasGeonamesEntityId>	"112249"^^xsd:integer	112249
	<Unac>	<hasGeonamesEntityId>	"2971384"^^xsd:integer	2971384
	<Arqarly>	<hasGeonamesEntityId>	"1538002"^^xsd:integer	1538002
	<Veličná>	<hasGeonamesEntityId>	"3056940"^^xsd:integer	3056940
	<Hillesley>	<hasGeonamesEntityId>	"2646886"^^xsd:integer	2646886
	<Kopitarce>	<hasGeonamesEntityId>	"789304"^^xsd:integer	789304
	<Tešica>	<hasGeonamesEntityId>	"785086"^^xsd:integer	785086
	<Raigla>	<hasGeonamesEntityId>	"589180"^^xsd:integer	589180
	<Conilhac-Corbières>	<hasGeonamesEntityId>	"3023899"^^xsd:integer	3023899
	<Herschdorf>	<hasGeonamesEntityId>	"2905592"^^xsd:integer	2905592
	<Dorohucza>	<hasGeonamesEntityId>	"773015"^^xsd:integer	773015
	<Sindelfingen>	<hasGeonamesEntityId>	"2831948"^^xsd:integer	2831948
	<Pukawa>	<hasGeonamesEntityId>	"6229274"^^xsd:integer	6229274
	<Crosia>	<hasGeonamesEntityId>	"2524882"^^xsd:integer	2524882
	<Dessalines>	<hasGeonamesEntityId>	"3726540"^^xsd:integer	3726540
	<Jirny>	<hasGeonamesEntityId>	"3074107"^^xsd:integer	3074107
	<Torvaianica>	<hasGeonamesEntityId>	"6620312"^^xsd:integer	6620312
	<Dianguirdé>	<hasGeonamesEntityId>	"2458983"^^xsd:integer	2458983
	<Vire-sur-Lot>	<hasGeonamesEntityId>	"2967974"^^xsd:integer	2967974
	<Zöhramlı>	<hasGeonamesEntityId>	"584556"^^xsd:integer	584556
	<Méreuil>	<hasGeonamesEntityId>	"2994417"^^xsd:integer	2994417
	<Valkininkai>	<hasGeonamesEntityId>	"593439"^^xsd:integer	593439
	<Saint-Mathieu>	<hasGeonamesEntityId>	"2978202"^^xsd:integer	2978202
	<Bíňa>	<hasGeonamesEntityId>	"3061071"^^xsd:integer	3061071
	<Courris>	<hasGeonamesEntityId>	"3022968"^^xsd:integer	3022968
	<Dontreix>	<hasGeonamesEntityId>	"3021070"^^xsd:integer	3021070
	<Briançon>	<hasGeonamesEntityId>	"3030142"^^xsd:integer	3030142
	<Sourcieux-les-Mines>	<hasGeonamesEntityId>	"2973953"^^xsd:integer	2973953
	<Rosochackie>	<hasGeonamesEntityId>	"760327"^^xsd:integer	760327
	<Meycauayan>	<hasGeonamesEntityId>	"1699802"^^xsd:integer	1699802
	<Épenouse>	<hasGeonamesEntityId>	"3020071"^^xsd:integer	3020071
	<Rammingen>	<hasGeonamesEntityId>	"2850636"^^xsd:integer	2850636
	<Rymanów>	<hasGeonamesEntityId>	"759843"^^xsd:integer	759843
	<Lunjevica>	<hasGeonamesEntityId>	"862760"^^xsd:integer	862760
	<Dawaxung>	<hasGeonamesEntityId>	"1281395"^^xsd:integer	1281395
	<Saint-Aubin-le-Cauf>	<hasGeonamesEntityId>	"2981552"^^xsd:integer	2981552
	<Tumiany>	<hasGeonamesEntityId>	"756609"^^xsd:integer	756609
	<Carlux>	<hasGeonamesEntityId>	"3028584"^^xsd:integer	3028584
	<Irmtraut>	<hasGeonamesEntityId>	"2895785"^^xsd:integer	2895785
	<Cublize>	<hasGeonamesEntityId>	"3022187"^^xsd:integer	3022187
	<Trzcin>	<hasGeonamesEntityId>	"3083172"^^xsd:integer	3083172
	<Kozármisleny>	<hasGeonamesEntityId>	"3049277"^^xsd:integer	3049277
	<Hpongsauk>	<hasGeonamesEntityId>	"1323476"^^xsd:integer	1323476
	<Banaaney>	<hasGeonamesEntityId>	"64828"^^xsd:integer	64828
	<Pollone>	<hasGeonamesEntityId>	"3170370"^^xsd:integer	3170370
	<Paragaswewa>	<hasGeonamesEntityId>	"1231027"^^xsd:integer	1231027
	<Gauchy>	<hasGeonamesEntityId>	"3016524"^^xsd:integer	3016524
	<Garnay>	<hasGeonamesEntityId>	"3016606"^^xsd:integer	3016606
	<Ogolcho>	<hasGeonamesEntityId>	"329926"^^xsd:integer	329926
	<Herbsheim>	<hasGeonamesEntityId>	"3013473"^^xsd:integer	3013473
	<Alatala>	<hasGeonamesEntityId>	"616976"^^xsd:integer	616976
	<Ciechostowice>	<hasGeonamesEntityId>	"774202"^^xsd:integer	774202
	<Oberstadt>	<hasGeonamesEntityId>	"2858973"^^xsd:integer	2858973
	<Stende>	<hasGeonamesEntityId>	"455260"^^xsd:integer	455260
	<Alithinou>	<hasGeonamesEntityId>	"146828"^^xsd:integer	146828
	<Gelaysor>	<hasGeonamesEntityId>	"616676"^^xsd:integer	616676
	<Pampachiri>	<hasGeonamesEntityId>	"3933286"^^xsd:integer	3933286
	<Strachomino>	<hasGeonamesEntityId>	"3084560"^^xsd:integer	3084560
	<Ngwo>	<hasGeonamesEntityId>	"6855216"^^xsd:integer	6855216
	<Bouin-Plumoison>	<hasGeonamesEntityId>	"3031221"^^xsd:integer	3031221
	<Bambolim>	<hasGeonamesEntityId>	"1277477"^^xsd:integer	1277477
	<Velichovky>	<hasGeonamesEntityId>	"3063294"^^xsd:integer	3063294
	<Dragnjić>	<hasGeonamesEntityId>	"3201303"^^xsd:integer	3201303
	<Sauvigny-les-Bois>	<hasGeonamesEntityId>	"2975635"^^xsd:integer	2975635
	<Bicurga>	<hasGeonamesEntityId>	"2309890"^^xsd:integer	2309890
	<Kranów>	<hasGeonamesEntityId>	"767680"^^xsd:integer	767680
	<Zhaoyanghe>	<hasGeonamesEntityId>	"2035375"^^xsd:integer	2035375
	<Keresztéte>	<hasGeonamesEntityId>	"719164"^^xsd:integer	719164
	<Stimigliano>	<hasGeonamesEntityId>	"3166135"^^xsd:integer	3166135
	<Ambodiangezoka>	<hasGeonamesEntityId>	"1081678"^^xsd:integer	1081678
	<Timahdite>	<hasGeonamesEntityId>	"6545846"^^xsd:integer	6545846
	<Vinsobres>	<hasGeonamesEntityId>	"2968019"^^xsd:integer	2968019
	<Dagampitiya>	<hasGeonamesEntityId>	"1248922"^^xsd:integer	1248922
	<Boroszów>	<hasGeonamesEntityId>	"3102867"^^xsd:integer	3102867
	<Lapotince>	<hasGeonamesEntityId>	"788793"^^xsd:integer	788793
	<Séligney>	<hasGeonamesEntityId>	"2975230"^^xsd:integer	2975230
	<Krummesse>	<hasGeonamesEntityId>	"2883270"^^xsd:integer	2883270
	<Hostětice>	<hasGeonamesEntityId>	"3075075"^^xsd:integer	3075075
	<Liessies>	<hasGeonamesEntityId>	"2998458"^^xsd:integer	2998458
	<Maaherra>	<hasGeonamesEntityId>	"604435"^^xsd:integer	604435
	<Kinyona>	<hasGeonamesEntityId>	"191753"^^xsd:integer	191753
	<Oeffelt>	<hasGeonamesEntityId>	"2749726"^^xsd:integer	2749726
	<Qassiarsuk>	<hasGeonamesEntityId>	"3420741"^^xsd:integer	3420741
	<Creys-Mépieu>	<hasGeonamesEntityId>	"3022482"^^xsd:integer	3022482
	<Hirna>	<hasGeonamesEntityId>	"7007331"^^xsd:integer	7007331
	<Pobershau>	<hasGeonamesEntityId>	"2853085"^^xsd:integer	2853085
	<Mistelbach>	<hasGeonamesEntityId>	"2771557"^^xsd:integer	2771557
	<Krabbendijke>	<hasGeonamesEntityId>	"2752331"^^xsd:integer	2752331
	<Tambao>	<hasGeonamesEntityId>	"2355120"^^xsd:integer	2355120
	<Pikeliai>	<hasGeonamesEntityId>	"595777"^^xsd:integer	595777
	<Ambositra>	<hasGeonamesEntityId>	"1079088"^^xsd:integer	1079088
	<Figanières>	<hasGeonamesEntityId>	"3018513"^^xsd:integer	3018513
	<Eemshaven>	<hasGeonamesEntityId>	"2756386"^^xsd:integer	2756386
	<Morfontaine>	<hasGeonamesEntityId>	"2991831"^^xsd:integer	2991831
	<Rikassaare>	<hasGeonamesEntityId>	"589021"^^xsd:integer	589021
	<Gugalwa>	<hasGeonamesEntityId>	"7018818"^^xsd:integer	7018818
	<Nažbilj>	<hasGeonamesEntityId>	"3194572"^^xsd:integer	3194572
	<Bičer>	<hasGeonamesEntityId>	"3204234"^^xsd:integer	3204234
	<Saint-Nicolas-de-la-Balerme>	<hasGeonamesEntityId>	"2977886"^^xsd:integer	2977886
	<Fichtenohe>	<hasGeonamesEntityId>	"2926943"^^xsd:integer	2926943
	<Camiri>	<hasGeonamesEntityId>	"3922413"^^xsd:integer	3922413
	<Šelešovice>	<hasGeonamesEntityId>	"3066242"^^xsd:integer	3066242
	<Lož>	<hasGeonamesEntityId>	"3196163"^^xsd:integer	3196163
	<Catillon-sur-Sambre>	<hasGeonamesEntityId>	"3028243"^^xsd:integer	3028243
	<Quiévelon>	<hasGeonamesEntityId>	"2984729"^^xsd:integer	2984729
	<Cassaignes>	<hasGeonamesEntityId>	"3028444"^^xsd:integer	3028444
	<Reftele>	<hasGeonamesEntityId>	"2682834"^^xsd:integer	2682834
	<Radziucie>	<hasGeonamesEntityId>	"760691"^^xsd:integer	760691
	<Clermont-Dessous>	<hasGeonamesEntityId>	"3024639"^^xsd:integer	3024639
	<Gölmarmara>	<hasGeonamesEntityId>	"314038"^^xsd:integer	314038
	<Szczurawice>	<hasGeonamesEntityId>	"3083767"^^xsd:integer	3083767
	<Lul>	<hasGeonamesEntityId>	"371064"^^xsd:integer	371064
	<Villastrada>	<hasGeonamesEntityId>	"6544013"^^xsd:integer	6544013
	<Oziemkówka>	<hasGeonamesEntityId>	"762760"^^xsd:integer	762760
	<Saint-Pierre-Aigle>	<hasGeonamesEntityId>	"2977556"^^xsd:integer	2977556
	<Szczukwin>	<hasGeonamesEntityId>	"3083769"^^xsd:integer	3083769
	<Kazin>	<hasGeonamesEntityId>	"1319448"^^xsd:integer	1319448
	<Nyírbátor>	<hasGeonamesEntityId>	"716948"^^xsd:integer	716948
	<Cebollatí>	<hasGeonamesEntityId>	"3443256"^^xsd:integer	3443256
	<Montowo>	<hasGeonamesEntityId>	"3091465"^^xsd:integer	3091465
	<Selbjørn>	<hasGeonamesEntityId>	"3139943"^^xsd:integer	3139943
	<Slunj>	<hasGeonamesEntityId>	"3190523"^^xsd:integer	3190523
	<Skepparkroken>	<hasGeonamesEntityId>	"3213759"^^xsd:integer	3213759
	<Szumanie>	<hasGeonamesEntityId>	"3083606"^^xsd:integer	3083606
	<Alasoo>	<hasGeonamesEntityId>	"592559"^^xsd:integer	592559
	<Givry-en-Argonne>	<hasGeonamesEntityId>	"3015885"^^xsd:integer	3015885
	<Mvindeni>	<hasGeonamesEntityId>	"185200"^^xsd:integer	185200
	<Villeneuve-d'Ascq>	<hasGeonamesEntityId>	"2968577"^^xsd:integer	2968577
	<Zabuże>	<hasGeonamesEntityId>	"754272"^^xsd:integer	754272
	<Baklan>	<hasGeonamesEntityId>	"322250"^^xsd:integer	322250
	<Seeheim>	<hasGeonamesEntityId>	"3353190"^^xsd:integer	3353190
	<Villemoiron-en-Othe>	<hasGeonamesEntityId>	"2968658"^^xsd:integer	2968658
	<Ujazd>	<hasGeonamesEntityId>	"3082855"^^xsd:integer	3082855
	<Perarrúa>	<hasGeonamesEntityId>	"6358388"^^xsd:integer	6358388
	<Brignon>	<hasGeonamesEntityId>	"3030055"^^xsd:integer	3030055
	<Maison-Ponthieu>	<hasGeonamesEntityId>	"2996577"^^xsd:integer	2996577
	<Tunhitiyawa>	<hasGeonamesEntityId>	"1226197"^^xsd:integer	1226197
	<Cernay-l'Église>	<hasGeonamesEntityId>	"3027851"^^xsd:integer	3027851
	<Terenia>	<hasGeonamesEntityId>	"756946"^^xsd:integer	756946
	<Llansaint>	<hasGeonamesEntityId>	"3345175"^^xsd:integer	3345175
	<Mátyus>	<hasGeonamesEntityId>	"717748"^^xsd:integer	717748
	<Poćwiardówka>	<hasGeonamesEntityId>	"3088734"^^xsd:integer	3088734
	<Chemolgan>	<hasGeonamesEntityId>	"1539153"^^xsd:integer	1539153
	<Abyei>	<hasGeonamesEntityId>	"380308"^^xsd:integer	380308
	<Reyssouze>	<hasGeonamesEntityId>	"2983775"^^xsd:integer	2983775
	<Vršani>	<hasGeonamesEntityId>	"3211149"^^xsd:integer	3211149
	<Schauinsland>	<hasGeonamesEntityId>	"2840143"^^xsd:integer	2840143
	<Uskelanjoki>	<hasGeonamesEntityId>	"633303"^^xsd:integer	633303
	<Bournmoor>	<hasGeonamesEntityId>	"7294459"^^xsd:integer	7294459
	<Bôle>	<hasGeonamesEntityId>	"7285281"^^xsd:integer	7285281
	<Villaguay>	<hasGeonamesEntityId>	"3427428"^^xsd:integer	3427428
	<Épineuil-le-Fleuriel>	<hasGeonamesEntityId>	"3020008"^^xsd:integer	3020008
	<Alzen>	<hasGeonamesEntityId>	"3037993"^^xsd:integer	3037993
	<Colpy>	<hasGeonamesEntityId>	"2652531"^^xsd:integer	2652531
	<Macaiamo>	<hasGeonamesEntityId>	"1042940"^^xsd:integer	1042940
	<Regnévelle>	<hasGeonamesEntityId>	"2984161"^^xsd:integer	2984161
	<Sunaynah>	<hasGeonamesEntityId>	"288958"^^xsd:integer	288958
	<Équennes-Éramecourt>	<hasGeonamesEntityId>	"3019961"^^xsd:integer	3019961
	<Heyerode>	<hasGeonamesEntityId>	"2904909"^^xsd:integer	2904909
	<Wodziany>	<hasGeonamesEntityId>	"3081682"^^xsd:integer	3081682
	<Stenay>	<hasGeonamesEntityId>	"2973809"^^xsd:integer	2973809
	<Réclonville>	<hasGeonamesEntityId>	"2984237"^^xsd:integer	2984237
	<Vassogne>	<hasGeonamesEntityId>	"2970617"^^xsd:integer	2970617
	<Fesques>	<hasGeonamesEntityId>	"3018603"^^xsd:integer	3018603
	<Trebra>	<hasGeonamesEntityId>	"2821422"^^xsd:integer	2821422
	<Bobięcino>	<hasGeonamesEntityId>	"3103184"^^xsd:integer	3103184
	<Zyuri>	<hasGeonamesEntityId>	"461751"^^xsd:integer	461751
	<Kvemo-Achabeti>	<hasGeonamesEntityId>	"613509"^^xsd:integer	613509
	<Kidal>	<hasGeonamesEntityId>	"2455289"^^xsd:integer	2455289
	<Borowianka>	<hasGeonamesEntityId>	"3102843"^^xsd:integer	3102843
	<Beauvale>	<hasGeonamesEntityId>	"1020622"^^xsd:integer	1020622
	<Maskar>	<hasGeonamesEntityId>	"411626"^^xsd:integer	411626
	<Ancourteville-sur-Héricourt>	<hasGeonamesEntityId>	"3037767"^^xsd:integer	3037767
	<Tisnaren>	<hasGeonamesEntityId>	"2668977"^^xsd:integer	2668977
	<Jagare>	<hasGeonamesEntityId>	"3198955"^^xsd:integer	3198955
	<Moitron-sur-Sarthe>	<hasGeonamesEntityId>	"2993566"^^xsd:integer	2993566
	<Villarboit>	<hasGeonamesEntityId>	"3164159"^^xsd:integer	3164159
	<Lencăuţi>	<hasGeonamesEntityId>	"617907"^^xsd:integer	617907
	<Pełczyce>	<hasGeonamesEntityId>	"3089286"^^xsd:integer	3089286
	<Lovnik>	<hasGeonamesEntityId>	"3196177"^^xsd:integer	3196177
	<Koukoulou>	<hasGeonamesEntityId>	"2358885"^^xsd:integer	2358885
	<Jászberény>	<hasGeonamesEntityId>	"3050907"^^xsd:integer	3050907
	<Carperby>	<hasGeonamesEntityId>	"2653697"^^xsd:integer	2653697
	<Novoseoci>	<hasGeonamesEntityId>	"3194322"^^xsd:integer	3194322
	<Arleux-en-Gohelle>	<hasGeonamesEntityId>	"3036931"^^xsd:integer	3036931
	<Obuasi>	<hasGeonamesEntityId>	"2296606"^^xsd:integer	2296606
	<Kloto>	<hasGeonamesEntityId>	"2365983"^^xsd:integer	2365983
	<Dandawailo>	<hasGeonamesEntityId>	"2277918"^^xsd:integer	2277918
	<Dobratice>	<hasGeonamesEntityId>	"3077071"^^xsd:integer	3077071
	<Rouziers>	<hasGeonamesEntityId>	"2982358"^^xsd:integer	2982358
	<Grudów>	<hasGeonamesEntityId>	"6695599"^^xsd:integer	6695599
	<Kisejärv>	<hasGeonamesEntityId>	"591336"^^xsd:integer	591336
	<Tetake>	<hasGeonamesEntityId>	"2110040"^^xsd:integer	2110040
	<Pyszków>	<hasGeonamesEntityId>	"3087622"^^xsd:integer	3087622
	<Sarrant>	<hasGeonamesEntityId>	"2975982"^^xsd:integer	2975982
	<Polšnik>	<hasGeonamesEntityId>	"3192764"^^xsd:integer	3192764
	<Bunčići>	<hasGeonamesEntityId>	"3271191"^^xsd:integer	3271191
	<Gilly-sur-Isère>	<hasGeonamesEntityId>	"3016038"^^xsd:integer	3016038
	<Jinín>	<hasGeonamesEntityId>	"3074145"^^xsd:integer	3074145
	<Vertaizon>	<hasGeonamesEntityId>	"2969646"^^xsd:integer	2969646
	<Kukmang>	<hasGeonamesEntityId>	"1406837"^^xsd:integer	1406837
	<Luy>	<hasGeonamesEntityId>	"2996992"^^xsd:integer	2996992
	<Kvitfjell>	<hasGeonamesEntityId>	"3226839"^^xsd:integer	3226839
	<Montlivault>	<hasGeonamesEntityId>	"2992302"^^xsd:integer	2992302
	<Moskosel>	<hasGeonamesEntityId>	"2691086"^^xsd:integer	2691086
	<Pritoka>	<hasGeonamesEntityId>	"3192353"^^xsd:integer	3192353
	<Bargstall>	<hasGeonamesEntityId>	"2952639"^^xsd:integer	2952639
	<Bucharzewo>	<hasGeonamesEntityId>	"3102270"^^xsd:integer	3102270
	<Lunegarde>	<hasGeonamesEntityId>	"2997117"^^xsd:integer	2997117
	<Penville>	<hasGeonamesEntityId>	"6101158"^^xsd:integer	6101158
	<Yquebeuf>	<hasGeonamesEntityId>	"2967214"^^xsd:integer	2967214
	<Cabanac>	<hasGeonamesEntityId>	"3029322"^^xsd:integer	3029322
	<Saint-Benoît-d'Hébertot>	<hasGeonamesEntityId>	"2981399"^^xsd:integer	2981399
	<Nemeskeresztúr>	<hasGeonamesEntityId>	"3047408"^^xsd:integer	3047408
	<Rozniszew>	<hasGeonamesEntityId>	"760212"^^xsd:integer	760212
	<Miwaladeniya>	<hasGeonamesEntityId>	"1234910"^^xsd:integer	1234910
	<Habovka>	<hasGeonamesEntityId>	"3060174"^^xsd:integer	3060174
	<Écorches>	<hasGeonamesEntityId>	"3020459"^^xsd:integer	3020459
	<Zindanmuruqqışlaq>	<hasGeonamesEntityId>	"584565"^^xsd:integer	584565
	<Orechová>	<hasGeonamesEntityId>	"723973"^^xsd:integer	723973
	<Gömörszőlős>	<hasGeonamesEntityId>	"720495"^^xsd:integer	720495
	<Courmayeur>	<hasGeonamesEntityId>	"3177872"^^xsd:integer	3177872
	<Mushqeta>	<hasGeonamesEntityId>	"3184635"^^xsd:integer	3184635
	<Unewel>	<hasGeonamesEntityId>	"756338"^^xsd:integer	756338
	<Schmilau>	<hasGeonamesEntityId>	"2837732"^^xsd:integer	2837732
	<Fladda>	<hasGeonamesEntityId>	"2649344"^^xsd:integer	2649344
	<Kontein>	<hasGeonamesEntityId>	"1318210"^^xsd:integer	1318210
	<Moustier-Ventadour>	<hasGeonamesEntityId>	"2991345"^^xsd:integer	2991345
	<Kotovice>	<hasGeonamesEntityId>	"3073100"^^xsd:integer	3073100
	<Saint-Loup-des-Vignes>	<hasGeonamesEntityId>	"2978697"^^xsd:integer	2978697
	<Beauzelle>	<hasGeonamesEntityId>	"3033953"^^xsd:integer	3033953
	<Fauguerolles>	<hasGeonamesEntityId>	"3018950"^^xsd:integer	3018950
	<Yakorra>	<hasGeonamesEntityId>	"1621268"^^xsd:integer	1621268
	<Maizières-sur-Amance>	<hasGeonamesEntityId>	"2996536"^^xsd:integer	2996536
	<Mesnil-la-Comtesse>	<hasGeonamesEntityId>	"2994234"^^xsd:integer	2994234
	<Qoryale>	<hasGeonamesEntityId>	"52884"^^xsd:integer	52884
	<Hausbrunn>	<hasGeonamesEntityId>	"2776660"^^xsd:integer	2776660
	<Bodmér>	<hasGeonamesEntityId>	"3054927"^^xsd:integer	3054927
	<Dorotka>	<hasGeonamesEntityId>	"773013"^^xsd:integer	773013
	<Suchań>	<hasGeonamesEntityId>	"3084289"^^xsd:integer	3084289
	<Lospalos>	<hasGeonamesEntityId>	"1937274"^^xsd:integer	1937274
	<Munkfors>	<hasGeonamesEntityId>	"2690829"^^xsd:integer	2690829
	<Častkov>	<hasGeonamesEntityId>	"3060811"^^xsd:integer	3060811
	<Arnières-sur-Iton>	<hasGeonamesEntityId>	"3036850"^^xsd:integer	3036850
	<Marieux>	<hasGeonamesEntityId>	"2995761"^^xsd:integer	2995761
	<Beinsdorp>	<hasGeonamesEntityId>	"2759266"^^xsd:integer	2759266
	<Montmirat>	<hasGeonamesEntityId>	"2992236"^^xsd:integer	2992236
	<Ndile>	<hasGeonamesEntityId>	"184111"^^xsd:integer	184111
	<Vägari>	<hasGeonamesEntityId>	"793323"^^xsd:integer	793323
	<Andonabe>	<hasGeonamesEntityId>	"1075848"^^xsd:integer	1075848
	<Kaharlyk>	<hasGeonamesEntityId>	"707251"^^xsd:integer	707251
	<Sinzos>	<hasGeonamesEntityId>	"2974490"^^xsd:integer	2974490
	<Shirdi>	<hasGeonamesEntityId>	"1256489"^^xsd:integer	1256489
	<Skrzypaczowice>	<hasGeonamesEntityId>	"759015"^^xsd:integer	759015
	<Einbeck>	<hasGeonamesEntityId>	"2931804"^^xsd:integer	2931804
	<Soledar>	<hasGeonamesEntityId>	"706757"^^xsd:integer	706757
	<Garasan>	<hasGeonamesEntityId>	"1445039"^^xsd:integer	1445039
	<Joltai>	<hasGeonamesEntityId>	"618350"^^xsd:integer	618350
	<Suldalslågen>	<hasGeonamesEntityId>	"3135517"^^xsd:integer	3135517
	<Vignevieille>	<hasGeonamesEntityId>	"2969108"^^xsd:integer	2969108
	<Ørland>	<hasGeonamesEntityId>	"3143410"^^xsd:integer	3143410
	<Aignay-le-Duc>	<hasGeonamesEntityId>	"3038537"^^xsd:integer	3038537
	<Paproty>	<hasGeonamesEntityId>	"3089471"^^xsd:integer	3089471
	<Bilsby>	<hasGeonamesEntityId>	"7299160"^^xsd:integer	7299160
	<Montmiral>	<hasGeonamesEntityId>	"2992237"^^xsd:integer	2992237
	<Šipovljani>	<hasGeonamesEntityId>	"3190838"^^xsd:integer	3190838
	<Lipovu>	<hasGeonamesEntityId>	"674726"^^xsd:integer	674726
	<Līgatne>	<hasGeonamesEntityId>	"457912"^^xsd:integer	457912
	<Verneix>	<hasGeonamesEntityId>	"2969827"^^xsd:integer	2969827
	<Tanlouka>	<hasGeonamesEntityId>	"2354891"^^xsd:integer	2354891
	<Laneuvelle>	<hasGeonamesEntityId>	"3007789"^^xsd:integer	3007789
	<Pleternica>	<hasGeonamesEntityId>	"3193187"^^xsd:integer	3193187
	<Zarogów>	<hasGeonamesEntityId>	"753780"^^xsd:integer	753780
	<Wojtele>	<hasGeonamesEntityId>	"755360"^^xsd:integer	755360
	<Syukeyevo>	<hasGeonamesEntityId>	"485076"^^xsd:integer	485076
	<Mudigere>	<hasGeonamesEntityId>	"1262658"^^xsd:integer	1262658
	<Piddinghoe>	<hasGeonamesEntityId>	"7300474"^^xsd:integer	7300474
	<Balignac>	<hasGeonamesEntityId>	"3035240"^^xsd:integer	3035240
	<Bulciago>	<hasGeonamesEntityId>	"6535344"^^xsd:integer	6535344
	<Chillanes>	<hasGeonamesEntityId>	"3659256"^^xsd:integer	3659256
	<Chahchaheh>	<hasGeonamesEntityId>	"1161577"^^xsd:integer	1161577
	<Larrazet>	<hasGeonamesEntityId>	"3006633"^^xsd:integer	3006633
	<Ma-ubin>	<hasGeonamesEntityId>	"1310355"^^xsd:integer	1310355
	<Quercamps>	<hasGeonamesEntityId>	"2984813"^^xsd:integer	2984813
	<Triei>	<hasGeonamesEntityId>	"3165188"^^xsd:integer	3165188
	<Alykes>	<hasGeonamesEntityId>	"7302994"^^xsd:integer	7302994
	<Susješno>	<hasGeonamesEntityId>	"3267707"^^xsd:integer	3267707
	<Słostowice>	<hasGeonamesEntityId>	"3085515"^^xsd:integer	3085515
	<Wilczany>	<hasGeonamesEntityId>	"3082006"^^xsd:integer	3082006
	<Dărmăneşti>	<hasGeonamesEntityId>	"679724"^^xsd:integer	679724
	<Ljungby>	<hasGeonamesEntityId>	"2694560"^^xsd:integer	2694560
	<Małowista>	<hasGeonamesEntityId>	"765297"^^xsd:integer	765297
	<Autafond>	<hasGeonamesEntityId>	"7285121"^^xsd:integer	7285121
	<Pargny-lès-Reims>	<hasGeonamesEntityId>	"2988526"^^xsd:integer	2988526
	<Alzon>	<hasGeonamesEntityId>	"3037988"^^xsd:integer	3037988
	<Gückingen>	<hasGeonamesEntityId>	"2913905"^^xsd:integer	2913905
	<Świerchowa>	<hasGeonamesEntityId>	"757649"^^xsd:integer	757649
	<Blaymont>	<hasGeonamesEntityId>	"6614912"^^xsd:integer	6614912
	<Mensignac>	<hasGeonamesEntityId>	"2994509"^^xsd:integer	2994509
	<Crostwitz>	<hasGeonamesEntityId>	"2939714"^^xsd:integer	2939714
	<Alfambra>	<hasGeonamesEntityId>	"3130408"^^xsd:integer	3130408
	<Cienkowice>	<hasGeonamesEntityId>	"3101376"^^xsd:integer	3101376
	<Cserdi>	<hasGeonamesEntityId>	"3054248"^^xsd:integer	3054248
	<Sobíšky>	<hasGeonamesEntityId>	"3065631"^^xsd:integer	3065631
	<Khazora>	<hasGeonamesEntityId>	"1221722"^^xsd:integer	1221722
	<Staploe>	<hasGeonamesEntityId>	"7297809"^^xsd:integer	7297809
	<Potočić>	<hasGeonamesEntityId>	"786839"^^xsd:integer	786839
	<Betchton>	<hasGeonamesEntityId>	"7294558"^^xsd:integer	7294558
	<Chépica>	<hasGeonamesEntityId>	"3895262"^^xsd:integer	3895262
	<Pukë>	<hasGeonamesEntityId>	"3184387"^^xsd:integer	3184387
	<Vanault-les-Dames>	<hasGeonamesEntityId>	"2970814"^^xsd:integer	2970814
	<Postřelmov>	<hasGeonamesEntityId>	"3067765"^^xsd:integer	3067765
	<Marhaura>	<hasGeonamesEntityId>	"1263528"^^xsd:integer	1263528
	<Sceaux-du-Gâtinais>	<hasGeonamesEntityId>	"2975466"^^xsd:integer	2975466
	<Troškūnai>	<hasGeonamesEntityId>	"593821"^^xsd:integer	593821
	<Montone>	<hasGeonamesEntityId>	"3172653"^^xsd:integer	3172653
	<Szlatyn>	<hasGeonamesEntityId>	"757279"^^xsd:integer	757279
	<Nuvem>	<hasGeonamesEntityId>	"1261111"^^xsd:integer	1261111
	<Löberöd>	<hasGeonamesEntityId>	"2694417"^^xsd:integer	2694417
	<Snopki>	<hasGeonamesEntityId>	"758731"^^xsd:integer	758731
	<Lipków>	<hasGeonamesEntityId>	"766226"^^xsd:integer	766226
	<Mont-de-Marrast>	<hasGeonamesEntityId>	"2992772"^^xsd:integer	2992772
	<Xoxocotla>	<hasGeonamesEntityId>	"3514399"^^xsd:integer	3514399
	<Fjotland>	<hasGeonamesEntityId>	"3157247"^^xsd:integer	3157247
	<Molleville>	<hasGeonamesEntityId>	"2993493"^^xsd:integer	2993493
	<Pitelis>	<hasGeonamesEntityId>	"456671"^^xsd:integer	456671
	<Goumogo>	<hasGeonamesEntityId>	"2360275"^^xsd:integer	2360275
	<Wyskoki>	<hasGeonamesEntityId>	"3081150"^^xsd:integer	3081150
	<Peymeinade>	<hasGeonamesEntityId>	"2987554"^^xsd:integer	2987554
	<Ancarano>	<hasGeonamesEntityId>	"3183093"^^xsd:integer	3183093
	<Çumra>	<hasGeonamesEntityId>	"317844"^^xsd:integer	317844
	<Ajellidine>	<hasGeonamesEntityId>	"2558760"^^xsd:integer	2558760
	<Woblitzsee>	<hasGeonamesEntityId>	"2807131"^^xsd:integer	2807131
	<Leipzig>	<hasGeonamesEntityId>	"2879139"^^xsd:integer	2879139
	<Blois-sur-Seille>	<hasGeonamesEntityId>	"3032210"^^xsd:integer	3032210
	<Bassillac>	<hasGeonamesEntityId>	"3034665"^^xsd:integer	3034665
	<Polenitsa>	<hasGeonamesEntityId>	"728146"^^xsd:integer	728146
	<Suchha>	<hasGeonamesEntityId>	"1252435"^^xsd:integer	1252435
	<Hermeray>	<hasGeonamesEntityId>	"3013427"^^xsd:integer	3013427
	<Nyírtét>	<hasGeonamesEntityId>	"716891"^^xsd:integer	716891
	<Rejet-de-Beaulieu>	<hasGeonamesEntityId>	"2984096"^^xsd:integer	2984096
	<Głobino>	<hasGeonamesEntityId>	"3099226"^^xsd:integer	3099226
	<Bilsen>	<hasGeonamesEntityId>	"2948902"^^xsd:integer	2948902
	<Torreby>	<hasGeonamesEntityId>	"2667962"^^xsd:integer	2667962
	<Stoianovca>	<hasGeonamesEntityId>	"617304"^^xsd:integer	617304
	<Achiwib>	<hasGeonamesEntityId>	"3379974"^^xsd:integer	3379974
	<Teano>	<hasGeonamesEntityId>	"3165856"^^xsd:integer	3165856
	<Pune>	<hasGeonamesEntityId>	"1259229"^^xsd:integer	1259229
	<Ambatondrakalavao>	<hasGeonamesEntityId>	"1082645"^^xsd:integer	1082645
	<Muzaffarabad>	<hasGeonamesEntityId>	"7046264"^^xsd:integer	7046264
	<Saint-Auban>	<hasGeonamesEntityId>	"2981622"^^xsd:integer	2981622
	<Strubby>	<hasGeonamesEntityId>	"2636612"^^xsd:integer	2636612
	<Tomushlv>	<hasGeonamesEntityId>	"389068"^^xsd:integer	389068
	<Skrukkelia>	<hasGeonamesEntityId>	"3138442"^^xsd:integer	3138442
	<Vydrná>	<hasGeonamesEntityId>	"3056672"^^xsd:integer	3056672
	<Lanthes>	<hasGeonamesEntityId>	"3007518"^^xsd:integer	3007518
	<Anyós>	<hasGeonamesEntityId>	"3041543"^^xsd:integer	3041543
	<Urou-et-Crennes>	<hasGeonamesEntityId>	"2971337"^^xsd:integer	2971337
	<Sulupere>	<hasGeonamesEntityId>	"795007"^^xsd:integer	795007
	<Myrviken>	<hasGeonamesEntityId>	"2690625"^^xsd:integer	2690625
	<Aubréville>	<hasGeonamesEntityId>	"3036303"^^xsd:integer	3036303
	<Olanu>	<hasGeonamesEntityId>	"671884"^^xsd:integer	671884
	<Herbede>	<hasGeonamesEntityId>	"2906246"^^xsd:integer	2906246
	<Concerviano>	<hasGeonamesEntityId>	"3178206"^^xsd:integer	3178206
	<Teana>	<hasGeonamesEntityId>	"3165857"^^xsd:integer	3165857
	<Settefrati>	<hasGeonamesEntityId>	"3166586"^^xsd:integer	3166586
	<Kado-thingan>	<hasGeonamesEntityId>	"1321560"^^xsd:integer	1321560
	<Puno>	<hasGeonamesEntityId>	"3931276"^^xsd:integer	3931276
	<Očihov>	<hasGeonamesEntityId>	"3069160"^^xsd:integer	3069160
	<Æðaklettar>	<hasGeonamesEntityId>	"3418671"^^xsd:integer	3418671
	<Ustou>	<hasGeonamesEntityId>	"2971284"^^xsd:integer	2971284
	<Zboriv>	<hasGeonamesEntityId>	"687449"^^xsd:integer	687449
	<Romang>	<hasGeonamesEntityId>	"3429458"^^xsd:integer	3429458
	<Białobrzegi>	<hasGeonamesEntityId>	"776114"^^xsd:integer	776114
	<Sallynoggin>	<hasGeonamesEntityId>	"3315282"^^xsd:integer	3315282
	<Stelągi>	<hasGeonamesEntityId>	"758191"^^xsd:integer	758191
	<Civitacampomarano>	<hasGeonamesEntityId>	"3178596"^^xsd:integer	3178596
	<Saint-Cyran-du-Jambot>	<hasGeonamesEntityId>	"2980965"^^xsd:integer	2980965
	<Toužim>	<hasGeonamesEntityId>	"3064145"^^xsd:integer	3064145
	<Rouvres-sous-Meilly>	<hasGeonamesEntityId>	"2982388"^^xsd:integer	2982388
	<Nützen>	<hasGeonamesEntityId>	"2861537"^^xsd:integer	2861537
	<Maromaku>	<hasGeonamesEntityId>	"2187293"^^xsd:integer	2187293
	<Arynów>	<hasGeonamesEntityId>	"776607"^^xsd:integer	776607
	<Saint-Laurent-d'Onay>	<hasGeonamesEntityId>	"2978901"^^xsd:integer	2978901
	<Valailles>	<hasGeonamesEntityId>	"2971136"^^xsd:integer	2971136
	<Saint-Pierre-Chérignat>	<hasGeonamesEntityId>	"2977548"^^xsd:integer	2977548
	<Nieurlet>	<hasGeonamesEntityId>	"2990376"^^xsd:integer	2990376
	<Jagbung>	<hasGeonamesEntityId>	"1280988"^^xsd:integer	1280988
	<Xiaosuangou>	<hasGeonamesEntityId>	"2033931"^^xsd:integer	2033931
	<Sundhoffen>	<hasGeonamesEntityId>	"2973698"^^xsd:integer	2973698
	<Esmans>	<hasGeonamesEntityId>	"3019737"^^xsd:integer	3019737
	<Malija>	<hasGeonamesEntityId>	"3195702"^^xsd:integer	3195702
	<Lafraye>	<hasGeonamesEntityId>	"3009279"^^xsd:integer	3009279
	<Trois-Ponts>	<hasGeonamesEntityId>	"2784103"^^xsd:integer	2784103
	<Leskovik>	<hasGeonamesEntityId>	"782534"^^xsd:integer	782534
	<Marles-sur-Canche>	<hasGeonamesEntityId>	"2995668"^^xsd:integer	2995668
	<Chimoio>	<hasGeonamesEntityId>	"1049261"^^xsd:integer	1049261
	<Apetina>	<hasGeonamesEntityId>	"3384740"^^xsd:integer	3384740
	<Lammershagen>	<hasGeonamesEntityId>	"2881728"^^xsd:integer	2881728
	<Urecho>	<hasGeonamesEntityId>	"4029540"^^xsd:integer	4029540
	<Troyes>	<hasGeonamesEntityId>	"2971549"^^xsd:integer	2971549
	<Saint-Aubin-de-Scellon>	<hasGeonamesEntityId>	"2981575"^^xsd:integer	2981575
	<Matczyn>	<hasGeonamesEntityId>	"765100"^^xsd:integer	765100
	<Distroff>	<hasGeonamesEntityId>	"3021314"^^xsd:integer	3021314
	<Grabašnica>	<hasGeonamesEntityId>	"3199832"^^xsd:integer	3199832
	<Oosterscheldekering>	<hasGeonamesEntityId>	"6954290"^^xsd:integer	6954290
	<Épineuse>	<hasGeonamesEntityId>	"3020006"^^xsd:integer	3020006
	<Marsaglia>	<hasGeonamesEntityId>	"6535470"^^xsd:integer	6535470
	<Montigny-sur-Chiers>	<hasGeonamesEntityId>	"2992391"^^xsd:integer	2992391
	<Drochia>	<hasGeonamesEntityId>	"618370"^^xsd:integer	618370
	<Caccamo>	<hasGeonamesEntityId>	"2525476"^^xsd:integer	2525476
	<Pašiaušė>	<hasGeonamesEntityId>	"596043"^^xsd:integer	596043
	<Żurawica>	<hasGeonamesEntityId>	"753056"^^xsd:integer	753056
	<Cerenzia>	<hasGeonamesEntityId>	"2525024"^^xsd:integer	2525024
	<Enese>	<hasGeonamesEntityId>	"3053299"^^xsd:integer	3053299
	<Trige>	<hasGeonamesEntityId>	"2611256"^^xsd:integer	2611256
	<Saint-André-les-Alpes>	<hasGeonamesEntityId>	"2981717"^^xsd:integer	2981717
	<Výrovice>	<hasGeonamesEntityId>	"3062299"^^xsd:integer	3062299
	<Neuville-sur-Margival>	<hasGeonamesEntityId>	"2990519"^^xsd:integer	2990519
	<Wiesbaum>	<hasGeonamesEntityId>	"2809341"^^xsd:integer	2809341
	<Htonmalut>	<hasGeonamesEntityId>	"1322588"^^xsd:integer	1322588
	<Saint-Aubin-le-Monial>	<hasGeonamesEntityId>	"2981548"^^xsd:integer	2981548
	<Grimalda>	<hasGeonamesEntityId>	"3199567"^^xsd:integer	3199567
	<Vauquois>	<hasGeonamesEntityId>	"2970436"^^xsd:integer	2970436
	<Poissy>	<hasGeonamesEntityId>	"2986501"^^xsd:integer	2986501
	<Khargapur>	<hasGeonamesEntityId>	"1197560"^^xsd:integer	1197560
	<Unka>	<hasGeonamesEntityId>	"3212116"^^xsd:integer	3212116
	<Saincaize-Meauce>	<hasGeonamesEntityId>	"2981952"^^xsd:integer	2981952
	<Kroczyce>	<hasGeonamesEntityId>	"3094683"^^xsd:integer	3094683
	<Harrowdale>	<hasGeonamesEntityId>	"997741"^^xsd:integer	997741
	<Tournissan>	<hasGeonamesEntityId>	"2972218"^^xsd:integer	2972218
	<Vásárosfalu>	<hasGeonamesEntityId>	"3043078"^^xsd:integer	3043078
	<Ekeby-Almby>	<hasGeonamesEntityId>	"2716663"^^xsd:integer	2716663
	<Solalinden>	<hasGeonamesEntityId>	"2831612"^^xsd:integer	2831612
	<Saint-Saturnin-de-Lenne>	<hasGeonamesEntityId>	"2977067"^^xsd:integer	2977067
	<Hejőbába>	<hasGeonamesEntityId>	"720061"^^xsd:integer	720061
	<Sabanitas>	<hasGeonamesEntityId>	"3701682"^^xsd:integer	3701682
	<Bunschoten>	<hasGeonamesEntityId>	"2758104"^^xsd:integer	2758104
	<Kelenly>	<hasGeonamesEntityId>	"586044"^^xsd:integer	586044
	<Pult>	<hasGeonamesEntityId>	"3184384"^^xsd:integer	3184384
	<Pístina>	<hasGeonamesEntityId>	"3068276"^^xsd:integer	3068276
	<Hebrecht>	<hasGeonamesEntityId>	"2754721"^^xsd:integer	2754721
	<Eidsdal>	<hasGeonamesEntityId>	"3158643"^^xsd:integer	3158643
	<Újtelek>	<hasGeonamesEntityId>	"3045875"^^xsd:integer	3045875
	<Mancey>	<hasGeonamesEntityId>	"2996271"^^xsd:integer	2996271
	<Lautna>	<hasGeonamesEntityId>	"590748"^^xsd:integer	590748
	<Zilupe>	<hasGeonamesEntityId>	"453850"^^xsd:integer	453850
	<Äspered>	<hasGeonamesEntityId>	"2724612"^^xsd:integer	2724612
	<Jerzyce>	<hasGeonamesEntityId>	"3097214"^^xsd:integer	3097214
	<Luč>	<hasGeonamesEntityId>	"3196137"^^xsd:integer	3196137
	<Gunjetina>	<hasGeonamesEntityId>	"790088"^^xsd:integer	790088
	<Bouilhonnac>	<hasGeonamesEntityId>	"3031252"^^xsd:integer	3031252
	<Courléon>	<hasGeonamesEntityId>	"3023013"^^xsd:integer	3023013
	<Skołyszyn>	<hasGeonamesEntityId>	"759092"^^xsd:integer	759092
	<Sieroszów>	<hasGeonamesEntityId>	"3085944"^^xsd:integer	3085944
	<Moislains>	<hasGeonamesEntityId>	"2993588"^^xsd:integer	2993588
	<Brzyczyna>	<hasGeonamesEntityId>	"3102282"^^xsd:integer	3102282
	<Hansca>	<hasGeonamesEntityId>	"618304"^^xsd:integer	618304
	<Placilla>	<hasGeonamesEntityId>	"3875690"^^xsd:integer	3875690
	<Swetes>	<hasGeonamesEntityId>	"3575975"^^xsd:integer	3575975
	<Bopolu>	<hasGeonamesEntityId>	"2278248"^^xsd:integer	2278248
	<Saint-Yrieix-la-Montagne>	<hasGeonamesEntityId>	"2976547"^^xsd:integer	2976547
	<Sáránd>	<hasGeonamesEntityId>	"715904"^^xsd:integer	715904
	<Dêgyi>	<hasGeonamesEntityId>	"1281382"^^xsd:integer	1281382
	<Višķi>	<hasGeonamesEntityId>	"454078"^^xsd:integer	454078
	<Graemsay>	<hasGeonamesEntityId>	"2648244"^^xsd:integer	2648244
	<Aldomirovtsi>	<hasGeonamesEntityId>	"733701"^^xsd:integer	733701
	<Jaltocan>	<hasGeonamesEntityId>	"3818574"^^xsd:integer	3818574
	<Mzurów>	<hasGeonamesEntityId>	"3091207"^^xsd:integer	3091207
	<Leitzersdorf>	<hasGeonamesEntityId>	"2772689"^^xsd:integer	2772689
	<Kodzhoyar>	<hasGeonamesEntityId>	"1539149"^^xsd:integer	1539149
	<Röblinsee>	<hasGeonamesEntityId>	"2846273"^^xsd:integer	2846273
	<Cumlosen>	<hasGeonamesEntityId>	"2939693"^^xsd:integer	2939693
	<Bangbou>	<hasGeonamesEntityId>	"2367599"^^xsd:integer	2367599
	<Chassignieu>	<hasGeonamesEntityId>	"3026370"^^xsd:integer	3026370
	<Millesimo>	<hasGeonamesEntityId>	"3173410"^^xsd:integer	3173410
	<Nimpšov>	<hasGeonamesEntityId>	"3069749"^^xsd:integer	3069749
	<Ceteń>	<hasGeonamesEntityId>	"774622"^^xsd:integer	774622
	<Paurito>	<hasGeonamesEntityId>	"3908263"^^xsd:integer	3908263
	<Tukeli>	<hasGeonamesEntityId>	"179025"^^xsd:integer	179025
	<Massoulès>	<hasGeonamesEntityId>	"2995211"^^xsd:integer	2995211
	<Tinosu>	<hasGeonamesEntityId>	"665061"^^xsd:integer	665061
	<Tarikere>	<hasGeonamesEntityId>	"1254880"^^xsd:integer	1254880
	<Čeminac>	<hasGeonamesEntityId>	"3202763"^^xsd:integer	3202763
	<Saint-Ulphace>	<hasGeonamesEntityId>	"2976734"^^xsd:integer	2976734
	<Pašvitinys>	<hasGeonamesEntityId>	"595991"^^xsd:integer	595991
	<Saint-Georges-d'Aurac>	<hasGeonamesEntityId>	"2979948"^^xsd:integer	2979948
	<Borotou-Koro>	<hasGeonamesEntityId>	"2597400"^^xsd:integer	2597400
	<Małociechowo>	<hasGeonamesEntityId>	"3092405"^^xsd:integer	3092405
	<Autry-Issards>	<hasGeonamesEntityId>	"3035887"^^xsd:integer	3035887
	<Sint-Pieters>	<hasGeonamesEntityId>	"2786567"^^xsd:integer	2786567
	<Ambohidranandriana>	<hasGeonamesEntityId>	"1080537"^^xsd:integer	1080537
	<Pluwig>	<hasGeonamesEntityId>	"2853089"^^xsd:integer	2853089
	<Bettiah>	<hasGeonamesEntityId>	"1276393"^^xsd:integer	1276393
	<Malínky>	<hasGeonamesEntityId>	"3071129"^^xsd:integer	3071129
	<Miričina>	<hasGeonamesEntityId>	"3195053"^^xsd:integer	3195053
	<Stråholmen>	<hasGeonamesEntityId>	"3135860"^^xsd:integer	3135860
	<Belize>	<hasGeonamesEntityId>	"3582678"^^xsd:integer	3582678
	<Vijfhuizen>	<hasGeonamesEntityId>	"2745528"^^xsd:integer	2745528
	<Piotroniowice>	<hasGeonamesEntityId>	"3088971"^^xsd:integer	3088971
	<Szczepice>	<hasGeonamesEntityId>	"3083796"^^xsd:integer	3083796
	<Wettehena>	<hasGeonamesEntityId>	"1223358"^^xsd:integer	1223358
	<Thury-sous-Clermont>	<hasGeonamesEntityId>	"2972639"^^xsd:integer	2972639
	<Saint-Front-d'Alemps>	<hasGeonamesEntityId>	"2980065"^^xsd:integer	2980065
	<Noord-Sleen>	<hasGeonamesEntityId>	"2749830"^^xsd:integer	2749830
	<Raadama>	<hasGeonamesEntityId>	"794150"^^xsd:integer	794150
	<Nagybaracska>	<hasGeonamesEntityId>	"3047804"^^xsd:integer	3047804
	<Reuzenhoek>	<hasGeonamesEntityId>	"2748207"^^xsd:integer	2748207
	<Ordes>	<hasGeonamesEntityId>	"3114992"^^xsd:integer	3114992
	<Borehamwood>	<hasGeonamesEntityId>	"2655186"^^xsd:integer	2655186
	<Omblèze>	<hasGeonamesEntityId>	"2989562"^^xsd:integer	2989562
	<Theil-sur-Vanne>	<hasGeonamesEntityId>	"2972982"^^xsd:integer	2972982
	<Quero>	<hasGeonamesEntityId>	"3169673"^^xsd:integer	3169673
	<Vikmanshyttan>	<hasGeonamesEntityId>	"2662993"^^xsd:integer	2662993
	<Dizzasco>	<hasGeonamesEntityId>	"3177572"^^xsd:integer	3177572
	<Gozna>	<hasGeonamesEntityId>	"771657"^^xsd:integer	771657
	<Krzętle>	<hasGeonamesEntityId>	"3094487"^^xsd:integer	3094487
	<Saint-Michel-sur-Ternoise>	<hasGeonamesEntityId>	"2974635"^^xsd:integer	2974635
	<Tërpan>	<hasGeonamesEntityId>	"781436"^^xsd:integer	781436
	<Mezzenile>	<hasGeonamesEntityId>	"6535813"^^xsd:integer	6535813
	<Quers>	<hasGeonamesEntityId>	"2984792"^^xsd:integer	2984792
	<Ouolon>	<hasGeonamesEntityId>	"2416718"^^xsd:integer	2416718
	<Blausasc>	<hasGeonamesEntityId>	"3032308"^^xsd:integer	3032308
	<Lasnamäe>	<hasGeonamesEntityId>	"590775"^^xsd:integer	590775
	<Locharbriggs>	<hasGeonamesEntityId>	"2643853"^^xsd:integer	2643853
	<Sluhy>	<hasGeonamesEntityId>	"3065769"^^xsd:integer	3065769
	<Kolqışlaq>	<hasGeonamesEntityId>	"585824"^^xsd:integer	585824
	<Vardal>	<hasGeonamesEntityId>	"3132693"^^xsd:integer	3132693
	<Nettersheim>	<hasGeonamesEntityId>	"2866336"^^xsd:integer	2866336
	<Thurton>	<hasGeonamesEntityId>	"2635876"^^xsd:integer	2635876
	<Gnieżdżewo>	<hasGeonamesEntityId>	"3099113"^^xsd:integer	3099113
	<Noordsebuurt>	<hasGeonamesEntityId>	"2749833"^^xsd:integer	2749833
	<Oberkrämer>	<hasGeonamesEntityId>	"2860019"^^xsd:integer	2860019
	<Felixkirk>	<hasGeonamesEntityId>	"7291508"^^xsd:integer	7291508
	<Sărata-Galbenă>	<hasGeonamesEntityId>	"617461"^^xsd:integer	617461
	<Wombwell>	<hasGeonamesEntityId>	"2633681"^^xsd:integer	2633681
	<Lissegazoun>	<hasGeonamesEntityId>	"2392912"^^xsd:integer	2392912
	<Caranavi>	<hasGeonamesEntityId>	"3922037"^^xsd:integer	3922037
	<Saint-Vincent-la-Châtre>	<hasGeonamesEntityId>	"2976594"^^xsd:integer	2976594
	<Prokosovići>	<hasGeonamesEntityId>	"3192309"^^xsd:integer	3192309
	<Muschwitz>	<hasGeonamesEntityId>	"2867396"^^xsd:integer	2867396
	<Parcewo>	<hasGeonamesEntityId>	"762650"^^xsd:integer	762650
	<Montord>	<hasGeonamesEntityId>	"2992196"^^xsd:integer	2992196
	<Liaudė>	<hasGeonamesEntityId>	"597507"^^xsd:integer	597507
	<Marolles-sur-Seine>	<hasGeonamesEntityId>	"2995565"^^xsd:integer	2995565
	<Rigidalstock>	<hasGeonamesEntityId>	"6937416"^^xsd:integer	6937416
	<Piagge>	<hasGeonamesEntityId>	"3171050"^^xsd:integer	3171050
	<Lizant>	<hasGeonamesEntityId>	"2998046"^^xsd:integer	2998046
	<Frebécourt>	<hasGeonamesEntityId>	"3017283"^^xsd:integer	3017283
	<Bükkábrány>	<hasGeonamesEntityId>	"721982"^^xsd:integer	721982
	<Iligan>	<hasGeonamesEntityId>	"1711084"^^xsd:integer	1711084
	<Layham>	<hasGeonamesEntityId>	"2644769"^^xsd:integer	2644769
	<Romanu>	<hasGeonamesEntityId>	"668723"^^xsd:integer	668723
	<Negotinac>	<hasGeonamesEntityId>	"835416"^^xsd:integer	835416
	<Vojščica>	<hasGeonamesEntityId>	"3187443"^^xsd:integer	3187443
	<Champlecy>	<hasGeonamesEntityId>	"3027092"^^xsd:integer	3027092
	<Saint-Laurent-du-Cros>	<hasGeonamesEntityId>	"2978899"^^xsd:integer	2978899
	<Bolejny>	<hasGeonamesEntityId>	"775645"^^xsd:integer	775645
	<Pujo>	<hasGeonamesEntityId>	"2985075"^^xsd:integer	2985075
	<Alsótold>	<hasGeonamesEntityId>	"3056021"^^xsd:integer	3056021
	<Öljaren>	<hasGeonamesEntityId>	"2687138"^^xsd:integer	2687138
	<Rasteau>	<hasGeonamesEntityId>	"2984386"^^xsd:integer	2984386
	<Krasar>	<hasGeonamesEntityId>	"616516"^^xsd:integer	616516
	<Tanus>	<hasGeonamesEntityId>	"2973408"^^xsd:integer	2973408
	<Ourikela>	<hasGeonamesEntityId>	"2452206"^^xsd:integer	2452206
	<Chauvoncourt>	<hasGeonamesEntityId>	"3025804"^^xsd:integer	3025804
	<Anteza>	<hasGeonamesEntityId>	"1070195"^^xsd:integer	1070195
	<Passa-Vinte>	<hasGeonamesEntityId>	"6321639"^^xsd:integer	6321639
	<Fontaine-Mâcon>	<hasGeonamesEntityId>	"3018022"^^xsd:integer	3018022
	<Robecq>	<hasGeonamesEntityId>	"2983354"^^xsd:integer	2983354
	<Joudes>	<hasGeonamesEntityId>	"3012228"^^xsd:integer	3012228
	<Savigné>	<hasGeonamesEntityId>	"2975561"^^xsd:integer	2975561
	<Monjas>	<hasGeonamesEntityId>	"3592477"^^xsd:integer	3592477
	<Kartanonkoski>	<hasGeonamesEntityId>	"6947065"^^xsd:integer	6947065
	<Mankara>	<hasGeonamesEntityId>	"1263676"^^xsd:integer	1263676
	<Gjegnalundsbreen>	<hasGeonamesEntityId>	"3155774"^^xsd:integer	3155774
	<Templenoe>	<hasGeonamesEntityId>	"3230708"^^xsd:integer	3230708
	<Fulbourn>	<hasGeonamesEntityId>	"2649000"^^xsd:integer	2649000
	<Yanahuanca>	<hasGeonamesEntityId>	"3925809"^^xsd:integer	3925809
	<Blizianka>	<hasGeonamesEntityId>	"775844"^^xsd:integer	775844
	<Castejón>	<hasGeonamesEntityId>	"3125951"^^xsd:integer	3125951
	<Bafatá>	<hasGeonamesEntityId>	"2375254"^^xsd:integer	2375254
	<Alleyrac>	<hasGeonamesEntityId>	"3038127"^^xsd:integer	3038127
	<Plač>	<hasGeonamesEntityId>	"3193283"^^xsd:integer	3193283
	<Khayrabad>	<hasGeonamesEntityId>	"1221378"^^xsd:integer	1221378
	<Malind>	<hasGeonamesEntityId>	"782396"^^xsd:integer	782396
	<Épierre>	<hasGeonamesEntityId>	"3020042"^^xsd:integer	3020042
	<Echeandía>	<hasGeonamesEntityId>	"3658396"^^xsd:integer	3658396
	<Sancey-le-Long>	<hasGeonamesEntityId>	"2976248"^^xsd:integer	2976248
	<Dommartin-le-Franc>	<hasGeonamesEntityId>	"3021168"^^xsd:integer	3021168
	<Béthemont-la-Forêt>	<hasGeonamesEntityId>	"3033023"^^xsd:integer	3033023
	<Saintala>	<hasGeonamesEntityId>	"1257756"^^xsd:integer	1257756
	<Sariñena>	<hasGeonamesEntityId>	"3109380"^^xsd:integer	3109380
	<Lyø>	<hasGeonamesEntityId>	"2617201"^^xsd:integer	2617201
	<Sisovatnet>	<hasGeonamesEntityId>	"3139599"^^xsd:integer	3139599
	<Aliskerovo>	<hasGeonamesEntityId>	"2127263"^^xsd:integer	2127263
	<Kaghnut>	<hasGeonamesEntityId>	"174879"^^xsd:integer	174879
	<Aga-Mirza-Obasi>	<hasGeonamesEntityId>	"800386"^^xsd:integer	800386
	<Veuvey-sur-Ouche>	<hasGeonamesEntityId>	"2969528"^^xsd:integer	2969528
	<Shiraz>	<hasGeonamesEntityId>	"6300074"^^xsd:integer	6300074
	<Tinnura>	<hasGeonamesEntityId>	"3165657"^^xsd:integer	3165657
	<Bousignies>	<hasGeonamesEntityId>	"3030844"^^xsd:integer	3030844
	<Bejubang>	<hasGeonamesEntityId>	"1649383"^^xsd:integer	1649383
	<Şaphane>	<hasGeonamesEntityId>	"301884"^^xsd:integer	301884
	<Brinsworth>	<hasGeonamesEntityId>	"7301041"^^xsd:integer	7301041
	<Pomáz>	<hasGeonamesEntityId>	"3046230"^^xsd:integer	3046230
	<Mdzewo>	<hasGeonamesEntityId>	"765045"^^xsd:integer	765045
	<Nyírpazony>	<hasGeonamesEntityId>	"716899"^^xsd:integer	716899
	<Tallaboa>	<hasGeonamesEntityId>	"4568367"^^xsd:integer	4568367
	<Øresund>	<hasGeonamesEntityId>	"3263411"^^xsd:integer	3263411
	<Kutakan>	<hasGeonamesEntityId>	"616506"^^xsd:integer	616506
	<Bromley>	<hasGeonamesEntityId>	"2654588"^^xsd:integer	2654588
	<Alleyras>	<hasGeonamesEntityId>	"3038126"^^xsd:integer	3038126
	<Komtenga>	<hasGeonamesEntityId>	"2359195"^^xsd:integer	2359195
	<Kasese>	<hasGeonamesEntityId>	"6297379"^^xsd:integer	6297379
	<Ignace>	<hasGeonamesEntityId>	"5979367"^^xsd:integer	5979367
	<Tuinan>	<hasGeonamesEntityId>	"1623133"^^xsd:integer	1623133
	<Bedugul>	<hasGeonamesEntityId>	"7087175"^^xsd:integer	7087175
	<Siemszyce>	<hasGeonamesEntityId>	"3086004"^^xsd:integer	3086004
	<Domžale>	<hasGeonamesEntityId>	"3201730"^^xsd:integer	3201730
	<Treville>	<hasGeonamesEntityId>	"6534903"^^xsd:integer	6534903
	<Clermont-de-Beauregard>	<hasGeonamesEntityId>	"3024640"^^xsd:integer	3024640
	<Soestduinen>	<hasGeonamesEntityId>	"2747031"^^xsd:integer	2747031
	<Złotoryja>	<hasGeonamesEntityId>	"3080074"^^xsd:integer	3080074
	<Saint-Martin-de-Villereglan>	<hasGeonamesEntityId>	"2978319"^^xsd:integer	2978319
	<Warpalice>	<hasGeonamesEntityId>	"3082600"^^xsd:integer	3082600
	<Jakówki>	<hasGeonamesEntityId>	"770619"^^xsd:integer	770619
	<Hingstheide>	<hasGeonamesEntityId>	"2904448"^^xsd:integer	2904448
	<Saint-Cyr-les-Colons>	<hasGeonamesEntityId>	"2980939"^^xsd:integer	2980939
	<Stejari>	<hasGeonamesEntityId>	"666198"^^xsd:integer	666198
	<Mölltorp>	<hasGeonamesEntityId>	"2691471"^^xsd:integer	2691471
	<Bicinicco>	<hasGeonamesEntityId>	"3182054"^^xsd:integer	3182054
	<Soboń>	<hasGeonamesEntityId>	"758692"^^xsd:integer	758692
	<Précy-Notre-Dame>	<hasGeonamesEntityId>	"2985502"^^xsd:integer	2985502
	<Čabulja>	<hasGeonamesEntityId>	"3202926"^^xsd:integer	3202926
	<Sarkajmy>	<hasGeonamesEntityId>	"759580"^^xsd:integer	759580
	<Šípy>	<hasGeonamesEntityId>	"3066111"^^xsd:integer	3066111
	<Răcoasa>	<hasGeonamesEntityId>	"669348"^^xsd:integer	669348
	<Sauchy-Cauchy>	<hasGeonamesEntityId>	"2975877"^^xsd:integer	2975877
	<Pouilly-sur-Loire>	<hasGeonamesEntityId>	"2985832"^^xsd:integer	2985832
	<Korytná>	<hasGeonamesEntityId>	"3073212"^^xsd:integer	3073212
	<Ylike>	<hasGeonamesEntityId>	"630923"^^xsd:integer	630923
	<Răchitoasa>	<hasGeonamesEntityId>	"669364"^^xsd:integer	669364
	<Watronville>	<hasGeonamesEntityId>	"2967428"^^xsd:integer	2967428
	<Belmont-lès-Darney>	<hasGeonamesEntityId>	"3033577"^^xsd:integer	3033577
	<Zawistowszczyzna>	<hasGeonamesEntityId>	"753601"^^xsd:integer	753601
	<Balogunyom>	<hasGeonamesEntityId>	"3055488"^^xsd:integer	3055488
	<Pieczonki>	<hasGeonamesEntityId>	"762353"^^xsd:integer	762353
	<Malrevers>	<hasGeonamesEntityId>	"2996340"^^xsd:integer	2996340
	<Acatzingo>	<hasGeonamesEntityId>	"3533435"^^xsd:integer	3533435
	<Savigny-lès-Beaune>	<hasGeonamesEntityId>	"2975538"^^xsd:integer	2975538
	<Bregava>	<hasGeonamesEntityId>	"3203476"^^xsd:integer	3203476
	<Rithtaung>	<hasGeonamesEntityId>	"1298734"^^xsd:integer	1298734
	<Kolartsi>	<hasGeonamesEntityId>	"730235"^^xsd:integer	730235
	<Lübbecke>	<hasGeonamesEntityId>	"2875626"^^xsd:integer	2875626
	<Bohostice>	<hasGeonamesEntityId>	"3079144"^^xsd:integer	3079144
	<Cetki>	<hasGeonamesEntityId>	"3101876"^^xsd:integer	3101876
	<Fontaine-Simon>	<hasGeonamesEntityId>	"3018003"^^xsd:integer	3018003
	<Saint-Martin-la-Patrouille>	<hasGeonamesEntityId>	"2978264"^^xsd:integer	2978264
	<Příluka>	<hasGeonamesEntityId>	"3067503"^^xsd:integer	3067503
	<Wortegem-Petegem>	<hasGeonamesEntityId>	"7022354"^^xsd:integer	7022354
	<Grimma>	<hasGeonamesEntityId>	"2917325"^^xsd:integer	2917325
	<Sommières>	<hasGeonamesEntityId>	"2974273"^^xsd:integer	2974273
	<Cieplewo>	<hasGeonamesEntityId>	"3101369"^^xsd:integer	3101369
	<Kapālama>	<hasGeonamesEntityId>	"5848344"^^xsd:integer	5848344
	<Forotic>	<hasGeonamesEntityId>	"677976"^^xsd:integer	677976
	<Sombreffe>	<hasGeonamesEntityId>	"2786390"^^xsd:integer	2786390
	<Soboš>	<hasGeonamesEntityId>	"723557"^^xsd:integer	723557
	<Olasz>	<hasGeonamesEntityId>	"3047164"^^xsd:integer	3047164
	<Ringsaker>	<hasGeonamesEntityId>	"3141831"^^xsd:integer	3141831
	<Lège>	<hasGeonamesEntityId>	"3004116"^^xsd:integer	3004116
	<Arbanija>	<hasGeonamesEntityId>	"3204781"^^xsd:integer	3204781
	<Martonoš>	<hasGeonamesEntityId>	"788120"^^xsd:integer	788120
	<Tarnaszentmária>	<hasGeonamesEntityId>	"714947"^^xsd:integer	714947
	<Jacmel>	<hasGeonamesEntityId>	"3723779"^^xsd:integer	3723779
	<Ordis>	<hasGeonamesEntityId>	"3114985"^^xsd:integer	3114985
	<Valergues>	<hasGeonamesEntityId>	"2971025"^^xsd:integer	2971025
	<Binkolo>	<hasGeonamesEntityId>	"2410090"^^xsd:integer	2410090
	<Kassinurme>	<hasGeonamesEntityId>	"591526"^^xsd:integer	591526
	<Chamboulive>	<hasGeonamesEntityId>	"3027353"^^xsd:integer	3027353
	<Schnebelhorn>	<hasGeonamesEntityId>	"2658716"^^xsd:integer	2658716
	<Macroplaza>	<hasGeonamesEntityId>	"7287804"^^xsd:integer	7287804
	<Lérouville>	<hasGeonamesEntityId>	"3002277"^^xsd:integer	3002277
	<Dupljaj>	<hasGeonamesEntityId>	"3200972"^^xsd:integer	3200972
	<Lafitte-sur-Lot>	<hasGeonamesEntityId>	"3009449"^^xsd:integer	3009449
	<Roupov>	<hasGeonamesEntityId>	"3066721"^^xsd:integer	3066721
	<Przełazy>	<hasGeonamesEntityId>	"3087963"^^xsd:integer	3087963
	<Malošište>	<hasGeonamesEntityId>	"788197"^^xsd:integer	788197
	<Dhanghata>	<hasGeonamesEntityId>	"1272954"^^xsd:integer	1272954
	<Kretomino>	<hasGeonamesEntityId>	"3094697"^^xsd:integer	3094697
	<Troyon>	<hasGeonamesEntityId>	"2971546"^^xsd:integer	2971546
	<Veyrier-du-Lac>	<hasGeonamesEntityId>	"2969502"^^xsd:integer	2969502
	<Wyszewo>	<hasGeonamesEntityId>	"3081099"^^xsd:integer	3081099
	<Castellanza>	<hasGeonamesEntityId>	"3179650"^^xsd:integer	3179650
	<Mikashevichy>	<hasGeonamesEntityId>	"625228"^^xsd:integer	625228
	<Planchez>	<hasGeonamesEntityId>	"2986895"^^xsd:integer	2986895
	<Durok>	<hasGeonamesEntityId>	"382687"^^xsd:integer	382687
	<Kliczków>	<hasGeonamesEntityId>	"3096112"^^xsd:integer	3096112
	<Uszyce>	<hasGeonamesEntityId>	"3082742"^^xsd:integer	3082742
	<Tüscherz-Alfermée>	<hasGeonamesEntityId>	"7287355"^^xsd:integer	7287355
	<Villiers-sur-Loir>	<hasGeonamesEntityId>	"2968144"^^xsd:integer	2968144
	<Soudou>	<hasGeonamesEntityId>	"2364074"^^xsd:integer	2364074
	<Planches>	<hasGeonamesEntityId>	"2986900"^^xsd:integer	2986900
	<Fåset>	<hasGeonamesEntityId>	"3157795"^^xsd:integer	3157795
	<Strongoli>	<hasGeonamesEntityId>	"2522990"^^xsd:integer	2522990
	<Barry-d'Islemade>	<hasGeonamesEntityId>	"3034811"^^xsd:integer	3034811
	<Guerstling>	<hasGeonamesEntityId>	"3014354"^^xsd:integer	3014354
	<Unuz>	<hasGeonamesEntityId>	"400446"^^xsd:integer	400446
	<Blötberget>	<hasGeonamesEntityId>	"2721282"^^xsd:integer	2721282
	<Quend>	<hasGeonamesEntityId>	"2984828"^^xsd:integer	2984828
	<Paraguarí>	<hasGeonamesEntityId>	"3437600"^^xsd:integer	3437600
	<Gariès>	<hasGeonamesEntityId>	"3016617"^^xsd:integer	3016617
	<Carlat>	<hasGeonamesEntityId>	"3028593"^^xsd:integer	3028593
	<Beaulieu-sur-Loire>	<hasGeonamesEntityId>	"3034239"^^xsd:integer	3034239
	<Ingelsträde>	<hasGeonamesEntityId>	"2703665"^^xsd:integer	2703665
	<Gørlev>	<hasGeonamesEntityId>	"2621304"^^xsd:integer	2621304
	<Hansot>	<hasGeonamesEntityId>	"1270413"^^xsd:integer	1270413
	<Lusnić>	<hasGeonamesEntityId>	"3196011"^^xsd:integer	3196011
	<Kulikówka>	<hasGeonamesEntityId>	"767051"^^xsd:integer	767051
	<Ihaladiggala>	<hasGeonamesEntityId>	"1243593"^^xsd:integer	1243593
	<Lashio>	<hasGeonamesEntityId>	"1314759"^^xsd:integer	1314759
	<Võngjärv>	<hasGeonamesEntityId>	"794136"^^xsd:integer	794136
	<Skerryvore>	<hasGeonamesEntityId>	"2637723"^^xsd:integer	2637723
	<Trebišnjica>	<hasGeonamesEntityId>	"3188891"^^xsd:integer	3188891
	<Vidikovac>	<hasGeonamesEntityId>	"3269743"^^xsd:integer	3269743
	<Herzeele>	<hasGeonamesEntityId>	"3013370"^^xsd:integer	3013370
	<Courcelles-sur-Aire>	<hasGeonamesEntityId>	"3023089"^^xsd:integer	3023089
	<Ptuj>	<hasGeonamesEntityId>	"3192241"^^xsd:integer	3192241
	<Aachen>	<hasGeonamesEntityId>	"3247449"^^xsd:integer	3247449
	<Lüdersfeld>	<hasGeonamesEntityId>	"2875427"^^xsd:integer	2875427
	<Tréfols>	<hasGeonamesEntityId>	"2971965"^^xsd:integer	2971965
	<Jabur>	<hasGeonamesEntityId>	"373444"^^xsd:integer	373444
	<Głobica>	<hasGeonamesEntityId>	"3099227"^^xsd:integer	3099227
	<Hermaville>	<hasGeonamesEntityId>	"3013432"^^xsd:integer	3013432
	<Thuthuriki>	<hasGeonamesEntityId>	"179243"^^xsd:integer	179243
	<Włościejewki>	<hasGeonamesEntityId>	"3081712"^^xsd:integer	3081712
	<Zağalı>	<hasGeonamesEntityId>	"584612"^^xsd:integer	584612
	<Fienstedt>	<hasGeonamesEntityId>	"2926897"^^xsd:integer	2926897
	<Boulwando>	<hasGeonamesEntityId>	"2361938"^^xsd:integer	2361938
	<Leskovca>	<hasGeonamesEntityId>	"3218287"^^xsd:integer	3218287
	<Bakkum>	<hasGeonamesEntityId>	"2759483"^^xsd:integer	2759483
	<Hombori>	<hasGeonamesEntityId>	"2456630"^^xsd:integer	2456630
	<Veltěže>	<hasGeonamesEntityId>	"3063113"^^xsd:integer	3063113
	<Klöverträsk>	<hasGeonamesEntityId>	"605116"^^xsd:integer	605116
	<Lède>	<hasGeonamesEntityId>	"3004369"^^xsd:integer	3004369
	<Saint-Martin-de-Bréthencourt>	<hasGeonamesEntityId>	"2978408"^^xsd:integer	2978408
	<Lærdal>	<hasGeonamesEntityId>	"3148572"^^xsd:integer	3148572
	<Engesland>	<hasGeonamesEntityId>	"3158198"^^xsd:integer	3158198
	<Enkenbach-Alsenborn>	<hasGeonamesEntityId>	"2930071"^^xsd:integer	2930071
	<Slabčice>	<hasGeonamesEntityId>	"3065910"^^xsd:integer	3065910
	<Bey-sur-Seille>	<hasGeonamesEntityId>	"3032859"^^xsd:integer	3032859
	<Ursynów>	<hasGeonamesEntityId>	"6545326"^^xsd:integer	6545326
	<Camjac>	<hasGeonamesEntityId>	"3029009"^^xsd:integer	3029009
	<Grimme>	<hasGeonamesEntityId>	"2917320"^^xsd:integer	2917320
	<Piève>	<hasGeonamesEntityId>	"2987188"^^xsd:integer	2987188
	<Saint-Pardoux-de-Drône>	<hasGeonamesEntityId>	"2977735"^^xsd:integer	2977735
	<Kasserine>	<hasGeonamesEntityId>	"2473457"^^xsd:integer	2473457
	<Lion-en-Sullias>	<hasGeonamesEntityId>	"2998191"^^xsd:integer	2998191
	<Leirvogsvatn>	<hasGeonamesEntityId>	"3414798"^^xsd:integer	3414798
	<Borroloola>	<hasGeonamesEntityId>	"2076017"^^xsd:integer	2076017
	<Taczalin>	<hasGeonamesEntityId>	"3083528"^^xsd:integer	3083528
	<Dodan>	<hasGeonamesEntityId>	"1528457"^^xsd:integer	1528457
	<Trino>	<hasGeonamesEntityId>	"3165165"^^xsd:integer	3165165
	<Koturlu>	<hasGeonamesEntityId>	"147700"^^xsd:integer	147700
	<Badondo>	<hasGeonamesEntityId>	"2261160"^^xsd:integer	2261160
	<Lommerange>	<hasGeonamesEntityId>	"2997802"^^xsd:integer	2997802
	<Pitunugama>	<hasGeonamesEntityId>	"1230034"^^xsd:integer	1230034
	<Rafały>	<hasGeonamesEntityId>	"760675"^^xsd:integer	760675
	<Valjouze>	<hasGeonamesEntityId>	"2970981"^^xsd:integer	2970981
	<Chebuk>	<hasGeonamesEntityId>	"1327303"^^xsd:integer	1327303
	<Luoyang>	<hasGeonamesEntityId>	"1801792"^^xsd:integer	1801792
	<Hovmantorp>	<hasGeonamesEntityId>	"2704654"^^xsd:integer	2704654
	<Röjtökmuzsaj>	<hasGeonamesEntityId>	"3045782"^^xsd:integer	3045782
	<Cospeito>	<hasGeonamesEntityId>	"3124403"^^xsd:integer	3124403
	<Lae>	<hasGeonamesEntityId>	"2092740"^^xsd:integer	2092740
	<Kubiki>	<hasGeonamesEntityId>	"1858547"^^xsd:integer	1858547
	<Krowica>	<hasGeonamesEntityId>	"767462"^^xsd:integer	767462
	<Emohua>	<hasGeonamesEntityId>	"2343308"^^xsd:integer	2343308
	<Livraga>	<hasGeonamesEntityId>	"6535712"^^xsd:integer	6535712
	<Uzhur>	<hasGeonamesEntityId>	"1487882"^^xsd:integer	1487882
	<Ciasna>	<hasGeonamesEntityId>	"3101446"^^xsd:integer	3101446
	<Tripi>	<hasGeonamesEntityId>	"2522853"^^xsd:integer	2522853
	<Zawarża>	<hasGeonamesEntityId>	"753612"^^xsd:integer	753612
	<Unst>	<hasGeonamesEntityId>	"2635166"^^xsd:integer	2635166
	<Bukulja>	<hasGeonamesEntityId>	"792133"^^xsd:integer	792133
	<Colinsburgh>	<hasGeonamesEntityId>	"2652578"^^xsd:integer	2652578
	<Sigy-le-Châtel>	<hasGeonamesEntityId>	"2974561"^^xsd:integer	2974561
	<Abrıx>	<hasGeonamesEntityId>	"824913"^^xsd:integer	824913
	<Mossendjo>	<hasGeonamesEntityId>	"2256895"^^xsd:integer	2256895
	<IJburg>	<hasGeonamesEntityId>	"7118108"^^xsd:integer	7118108
	<Ceton>	<hasGeonamesEntityId>	"3027758"^^xsd:integer	3027758
	<Merče>	<hasGeonamesEntityId>	"3195242"^^xsd:integer	3195242
	<Chłaniów>	<hasGeonamesEntityId>	"774545"^^xsd:integer	774545
	<Mšeno>	<hasGeonamesEntityId>	"3070223"^^xsd:integer	3070223
	<Vana-Koiola>	<hasGeonamesEntityId>	"587819"^^xsd:integer	587819
