	<Ervauville>	rdf:type	<wordnet_commune_108541609>	
	<Gumki>	rdf:type	<wordnet_administrative_district_108491826>	
	<Minnesota_v._Mille_Lacs_Band_of_Chippewa_Indians>	rdf:type	<wordnet_area_108497294>	
	<This_Time_(Thomas_Anders_album)>	rdf:type	<wordnet_album_106591815>	
	<Llerena,_Badajoz>	rdf:type	<wordnet_administrative_district_108491826>	
	<Roger_Peyrefitte>	rdf:type	<wordnet_novelist_110363573>	
	<Miguel_Cano>	rdf:type	<wordnet_architect_109805475>	
	<Pico-Union,_Los_Angeles>	rdf:type	<wordnet_administrative_district_108491826>	
	<Coín>	rdf:type	<wordnet_municipality_108626283>	
	<Hedley_Verity>	rdf:type	<wordnet_soldier_110622053>	
	<Manuel_González_Prada>	rdf:type	<wordnet_poet_110444194>	
	<Lajos_Vajda>	rdf:type	<wordnet_painter_110391653>	
	<Ray_Burse>	rdf:type	<wordnet_soccer_player_110618342>	
	<Mare_Erythraeum>	rdf:type	<wordnet_feature_105849789>	
	<Colin_Colahan>	rdf:type	<wordnet_sculptor_110566072>	
	<Carlos_Ruiz_(baseball)>	rdf:type	<wordnet_catcher_109901143>	
	<Hussein_al_Idrissy>	rdf:type	<wordnet_football_player_110101634>	
	<Department_of_Energy_(United_Kingdom)>	rdf:type	<wordnet_department_108114861>	
	<Dan_Debicella>	rdf:type	<wordnet_person_100007846>	
	<United_American_Insurance_Company>	rdf:type	<wordnet_insurance_company_108070465>	
	<Coast_FM_Tasmania>	rdf:type	<wordnet_radio_station_104044119>	
	<Françoise_Marie_de_Bourbon>	rdf:type	<wordnet_bastard_109842823>	
	<Osceola_Parkway>	rdf:type	<wordnet_drive_103242713>	
	<Disney_Development_Company>	rdf:type	<wordnet_subsidiary_company_108003935>	
	<Yeni_Novruzlu>	rdf:type	<wordnet_site_108651247>	
	<Rhys_Bobridge>	rdf:type	<wordnet_contestant_109613191>	
	<Hermann_Friedrich_Wilhelm_Hinrichs>	rdf:type	<wordnet_philosopher_110423589>	
	<AWS_Shopper>	rdf:type	<wordnet_manufacturer_108060446>	
	<Geoff_Wright>	rdf:type	<wordnet_writer_110794014>	
	<Sirarpie_Der_Nersessian>	rdf:type	<wordnet_person_100007846>	
	<Amydrium>	rdf:type	<wordnet_genus_105845013>	
	<Israel_Philharmonic_Orchestra>	rdf:type	<wordnet_orchestra_108248157>	
	<The_Bay_(radio_station)>	rdf:type	<wordnet_radio_station_104044119>	
	<Darryl_Middleton>	rdf:type	<wordnet_person_100007846>	
	<Wan_Jamak_Wan_Hassan>	rdf:type	<wordnet_person_100007846>	
	<Andy_Higgins>	rdf:type	<wordnet_player_110439851>	
	<Peter_Rawson>	rdf:type	<wordnet_cricketer_109977326>	
	<The_Robots>	rdf:type	<wordnet_medium_106254669>	
	<Iván_Díaz>	rdf:type	<wordnet_person_100007846>	
	<Samuel_C._Phillips>	rdf:type	<wordnet_person_100007846>	
	<Logical_atomism>	rdf:type	<wordnet_theory_105989479>	
	<Mark_Brouhard>	rdf:type	<wordnet_person_100007846>	
	<Valiabad-e_Jazairi>	rdf:type	<wordnet_administrative_district_108491826>	
	<George_Weldon>	rdf:type	<wordnet_alumnus_109786338>	
	<Sarmila_Bose>	rdf:type	<wordnet_academician_109759069>	
	<Douglas_McBain>	rdf:type	<wordnet_player_110439851>	
	<Darrell_McCall>	rdf:type	<wordnet_person_100007846>	
	<Białobłota>	rdf:type	<wordnet_village_108672738>	
	<Estadio_Municipal_de_Santo_Domingo_(Alcorcón)>	rdf:type	<wordnet_stadium_104295881>	
	<Zoraida_di_Granata>	rdf:type	<wordnet_opera_107026352>	
	<Gundula_Krause>	rdf:type	<wordnet_violinist_110754578>	
	<Michelle_Duncan>	rdf:type	<wordnet_alumnus_109786338>	
	<New_Alexandra_Theatre>	rdf:type	<wordnet_theater_104417809>	
	<Charles_Culling_Smith>	rdf:type	<wordnet_civil_servant_109925459>	
	<Chester_(district)>	rdf:type	<wordnet_district_108552138>	
	<Clocking_Off>	rdf:type	<wordnet_introduction_100238022>	
	<Eagles_(band)>	rdf:type	<wordnet_rock_group_108250501>	
	<Dien_Del>	rdf:type	<wordnet_general_110123844>	
	<Ramón_Ávila>	rdf:type	<wordnet_football_player_110101634>	
	<Gradski_stadion_(Berane)>	rdf:type	<wordnet_venue_108677628>	
	<Pawłowo,_Płońsk_County>	rdf:type	<wordnet_administrative_district_108491826>	
	<List_College>	rdf:type	<wordnet_university_108286569>	
	<Film_as_a_Subversive_Art>	rdf:type	<wordnet_book_106410904>	
	<Konstanze_Eickhorst>	rdf:type	<wordnet_pianist_110430665>	
	<MS_Lodbrog>	rdf:type	<wordnet_ship_104194289>	
	<Center_Moriches_(LIRR_station)>	rdf:type	<wordnet_railway_station_104049098>	
	<Southland_Astronomical_Society_Observatory>	rdf:type	<wordnet_observatory_103839671>	
	<Dashina_Station>	rdf:type	<wordnet_railway_station_104049098>	
	<Scotts_Junction,_Wisconsin>	rdf:type	<wordnet_administrative_district_108491826>	
	<Moss_Hart>	rdf:type	<wordnet_director_110015215>	
	<Kasey_Russell>	rdf:type	<wordnet_person_100007846>	
	<Died_Pretty>	rdf:type	<wordnet_rock_group_108250501>	
	<Slobodanka_Stupar>	rdf:type	<wordnet_artist_109812338>	
	<Zuzana_Tomas>	rdf:type	<wordnet_person_100007846>	
	<Lewis_Horner>	rdf:type	<wordnet_player_110439851>	
	<Koua>	rdf:type	<wordnet_site_108651247>	
	<London_Road_Stadium>	rdf:type	<wordnet_venue_108677628>	
	<Soundview_Park_(Bronx)>	rdf:type	<wordnet_park_108615149>	
	<Neville_Meade>	rdf:type	<wordnet_medalist_110305062>	
	<Ray_Clemons>	rdf:type	<wordnet_player_110439851>	
	<Alexander_Bashilov>	rdf:type	<wordnet_commanding_officer_109941964>	
	<Shannon_Lively>	rdf:type	<wordnet_person_100007846>	
	<Bonny_Warner>	rdf:type	<wordnet_hockey_player_110179291>	
	<Keio_University>	rdf:type	<wordnet_educational_institution_108276342>	
	<Walter_Oi>	rdf:type	<wordnet_person_100007846>	
	<Cathy_Crowe>	rdf:type	<wordnet_militant_110315837>	
	<Princess_Marie_of_Hohenzollern-Sigmaringen>	rdf:type	<wordnet_person_100007846>	
	<Michael_Francke>	rdf:type	<wordnet_victim_110752093>	
	<Severino_Compagnoni>	rdf:type	<wordnet_skier_110605253>	
	<William_Perry_(American_football)>	rdf:type	<wordnet_player_110439851>	
	<Mikhail_Botvinnik>	rdf:type	<wordnet_champion_109906704>	
	<Ormiston_Venture_Academy>	rdf:type	<wordnet_educational_institution_108276342>	
	<Beryl_Marsden>	rdf:type	<wordnet_singer_110599806>	
	<John_Mark_Taylor>	rdf:type	<wordnet_council_member_109944763>	
	<Efterslægten>	rdf:type	<wordnet_school_108276720>	
	<Velké_Hydčice>	rdf:type	<wordnet_village_108672738>	
	<Zebrilus>	rdf:type	<wordnet_bird_genus_101507175>	
	<Frank_Isola>	rdf:type	<wordnet_drummer_110036929>	
	<Gatcombe_House>	rdf:type	<wordnet_house_103544360>	
	<Philo_Township,_Champaign_County,_Illinois>	rdf:type	<wordnet_administrative_district_108491826>	
	<Fabio_Machado>	rdf:type	<wordnet_person_100007846>	
	<Lily_of_the_West>	rdf:type	<wordnet_song_107048000>	
	<Henning_Kvitnes>	rdf:type	<wordnet_person_100007846>	
	<Ikebukuro_West_Gate_Park>	rdf:type	<wordnet_play_107007945>	
	<Gayatri_Vihar>	rdf:type	<wordnet_vicinity_108641113>	
	<Gitarzan_(compilation)>	rdf:type	<wordnet_album_106591815>	
	<Ammunition_Technical_Officer>	rdf:type	<wordnet_specialism_105705184>	
	<Black-Eyed_Susan_Stakes>	rdf:type	<wordnet_horse_race_107461411>	
	<Roman_Kostomarov>	rdf:type	<wordnet_dancer_109989502>	
	<Animal,_Vegetable_or_Mineral?>	rdf:type	<wordnet_program_106748466>	
	<Grójec_Wielki,_Łódź_Voivodeship>	rdf:type	<wordnet_administrative_district_108491826>	
	<Manor_(Sefton_ward)>	rdf:type	<wordnet_ward_110767020>	
	<Upper_Mifflin_Township,_Cumberland_County,_Pennsylvania>	rdf:type	<wordnet_administrative_district_108491826>	
	<Why'd_You_Come_in_Here_Lookin'_Like_That>	rdf:type	<wordnet_medium_106254669>	
	<Salomon_Jadassohn>	rdf:type	<wordnet_educator_110045713>	
	<ALTIS_–_Postgraduate_School_Business_&_Society>	rdf:type	<wordnet_university_108286569>	
	<Christopher_Kibanzaga>	rdf:type	<wordnet_person_100007846>	
	<Charles_Heidsieck>	rdf:type	<wordnet_vintner_110754088>	
	<Marvin_Coleman>	rdf:type	<wordnet_football_player_110101634>	
	<Cyclops_class_monitor>	rdf:type	<wordnet_proctor_110478960>	
	<Travis_Sullivan's_Bjorkestra>	rdf:type	<wordnet_ensemble_108188235>	
	<Dunas_Park>	rdf:type	<wordnet_park_108615149>	
	<Cooder_Graw_(album)>	rdf:type	<wordnet_album_106591815>	
	<Us-kab-wan-ka_River>	rdf:type	<wordnet_river_109411430>	
	<Harrington,_Washington>	rdf:type	<wordnet_administrative_district_108491826>	
	<Mörsil>	rdf:type	<wordnet_administrative_district_108491826>	
	<Philip_Clemo>	rdf:type	<wordnet_film_maker_110088390>	
	<Unity_Aerodrome>	rdf:type	<wordnet_airport_102692232>	
	<Brigitte_Gabriel>	rdf:type	<wordnet_journalist_110224578>	
	<Řeřichy>	rdf:type	<wordnet_village_108672738>	
	<Mervyn_Pinfield>	rdf:type	<wordnet_manufacturer_110292316>	
	<Clarence_River_(Alaska–Yukon)>	rdf:type	<wordnet_river_109411430>	
	<Denise_Poirier-Rivard>	rdf:type	<wordnet_woman_110787470>	
	<Samuli_Torssonen>	rdf:type	<wordnet_film_director_110088200>	
	<Patrick_Van_Caeckenbergh>	rdf:type	<wordnet_sculptor_110566072>	
	<Lixus_(ancient_city)>	rdf:type	<wordnet_site_108651247>	
	<Sakyo_Komatsu>	rdf:type	<wordnet_guest_of_honor_110151261>	
	<Sternberg_Lake_District_Nature_Park>	rdf:type	<wordnet_park_108615149>	
	<Dan_Darragh>	rdf:type	<wordnet_person_100007846>	
	<Coxhill_Green,_Surrey>	rdf:type	<wordnet_village_108672738>	
	<Adam_Kennedy_(actor)>	rdf:type	<wordnet_painter_110391653>	
	<Gazprombank_(Transnistria)>	rdf:type	<wordnet_company_108058098>	
	<Marcos_Vales>	rdf:type	<wordnet_person_100007846>	
	<Seguin,_Texas>	rdf:type	<wordnet_administrative_district_108491826>	
	<Pubbarawela>	rdf:type	<wordnet_administrative_district_108491826>	
	<Kyun-u,_Homalin>	rdf:type	<wordnet_administrative_district_108491826>	
	<Karen_Maud_Rasmussen>	rdf:type	<wordnet_swimmer_110683349>	
	<Cayenne_Nightjar>	rdf:type	<wordnet_bird_101503061>	
	<Anne_Smith>	rdf:type	<wordnet_tennis_player_110701180>	
	<Barren_Creek,_West_Virginia>	rdf:type	<wordnet_administrative_district_108491826>	
	<Denmark,_South_Carolina>	rdf:type	<wordnet_administrative_district_108491826>	
	<Wynyard/W._B._Needham_Field_Aerodrome>	rdf:type	<wordnet_airport_102692232>	
	<The_Dalhousie_Review>	rdf:type	<wordnet_magazine_106595351>	
	<Simon_Nicholls>	rdf:type	<wordnet_manufacturer_110292316>	
	<James_A._McIntyre>	rdf:type	<wordnet_alumnus_109786338>	
	<Stefano_Eranio>	rdf:type	<wordnet_director_110014939>	
	<Pines_City_National_High_School>	rdf:type	<wordnet_school_108276720>	
	<Accusations_of_ExxonMobil_human_rights_violations_in_Indonesia>	rdf:type	<wordnet_controversy_107183151>	
	<Alfredo_Ernest_Novak>	rdf:type	<wordnet_emigrant_110051975>	
	<Lydia_Mendoza>	rdf:type	<wordnet_person_100007846>	
	<David_Pfeffer>	rdf:type	<wordnet_singer_110599806>	
	<Mrganush>	rdf:type	<wordnet_administrative_district_108491826>	
	<L._Brooks_Patterson>	rdf:type	<wordnet_person_100007846>	
	<Jimmy_Vicaut>	rdf:type	<wordnet_person_100007846>	
	<George_Otis_Smith>	rdf:type	<wordnet_geologist_110127689>	
	<Heguri,_Nara>	rdf:type	<wordnet_town_108665504>	
	<John_Bowe_(footballer)>	rdf:type	<wordnet_football_player_110101634>	
	<Łaźniki,_Łódź_Voivodeship>	rdf:type	<wordnet_administrative_district_108491826>	
	<Beyond_the_Horizon_(play)>	rdf:type	<wordnet_play_107007945>	
	<Integrative_communication_theory>	rdf:type	<wordnet_theory_105989479>	
	<Harl_McDonald>	rdf:type	<wordnet_musician_110339966>	
	<Sudha_Singh>	rdf:type	<wordnet_person_100007846>	
	<Mount_Lidgbird>	rdf:type	<wordnet_mountain_109359803>	
	<Adessé>	rdf:type	<wordnet_commune_108541609>	
	<Nervous_Gender>	rdf:type	<wordnet_musical_organization_108246613>	
	<Le_Phare_de_Guinée>	rdf:type	<wordnet_publication_106589574>	
	<Robert_Heiße>	rdf:type	<wordnet_player_110439851>	
	<William_Grant_Stairs>	rdf:type	<wordnet_person_100007846>	
	<Mark_Evans_Austad>	rdf:type	<wordnet_ambassador_109787534>	
	<Permanent_Vacation_Tour>	rdf:type	<wordnet_tour_100310666>	
	<Peter_Sampson>	rdf:type	<wordnet_person_100007846>	
	<Ifeoma_Dieke>	rdf:type	<wordnet_soccer_player_110618342>	
	<Bayview,_Alabama>	rdf:type	<wordnet_vicinity_108641113>	
	<Ljubuča>	rdf:type	<wordnet_administrative_district_108491826>	
	<Marion_Exelby>	rdf:type	<wordnet_person_100007846>	
	<Friedrich,_Duke_of_Schleswig-Holstein-Sonderburg-Glücksburg>	rdf:type	<wordnet_sovereign_110628644>	
	<Tinambac,_Camarines_Sur>	rdf:type	<wordnet_municipality_108626283>	
	<Ahmed_Tamjid_Aijazi>	rdf:type	<wordnet_journalist_110224578>	
	<Syllomus>	rdf:type	<wordnet_reptile_101661091>	
	<Brian_Sipotz>	rdf:type	<wordnet_hockey_player_110179291>	
	<David_Edgar_(playwright)>	rdf:type	<wordnet_alumnus_109786338>	
	<Do_Unto_Otters>	rdf:type	<wordnet_book_106410904>	
	<Newmarket_Racecourse>	rdf:type	<wordnet_racetrack_104037625>	
	<Korea_DPR_at_the_FIFA_World_Cup>	rdf:type	<wordnet_country_108544813>	
	<Lists_of_people_executed_in_Texas>	rdf:type	<wordnet_person_100007846>	
	<Mononoke_(TV_series)>	rdf:type	<wordnet_introduction_100238022>	
	<Nakajo_syndrome>	rdf:type	<wordnet_syndrome_105870790>	
	<Thomas_Cuming_Hall>	rdf:type	<wordnet_theologian_110705615>	
	<Rokitnica,_Zgierz_County>	rdf:type	<wordnet_administrative_district_108491826>	
	<The_Beginning_of_Times>	rdf:type	<wordnet_album_106591815>	
	<Federal_Reserve_Bank_of_Dallas>	rdf:type	<wordnet_reserve_bank_108350919>	
	<Hakalau_Forest_National_Wildlife_Refuge>	rdf:type	<wordnet_safety_108643933>	
	<Settimo_Torinese>	rdf:type	<wordnet_city_108524735>	
	<Kipton_Cronkite>	rdf:type	<wordnet_philanthropist_110421956>	
	<Marcel_Lachemann>	rdf:type	<wordnet_coach_109931640>	
	<Thomas_Robinson,_Jr.>	rdf:type	<wordnet_officeholder_110371450>	
	<Chuping>	rdf:type	<wordnet_site_108651247>	
	<Andrianjaka_Razakatsitakatrandriana>	rdf:type	<wordnet_sovereign_110628644>	
	<David_S._Clarke>	rdf:type	<wordnet_vintner_110754088>	
	<Gerald_Goertzel>	rdf:type	<wordnet_nuclear_physicist_110364643>	
	<Shahin_Dehno_Kuhrang_F.C.>	rdf:type	<wordnet_club_108227214>	
	<Archidium_elatum>	rdf:type	<wordnet_plant_100017222>	
	<Suiko_Seamount>	rdf:type	<wordnet_guyot_109300559>	
	<Gregory_Yob>	rdf:type	<wordnet_programmer_110481268>	
	<Peter_Bradley>	rdf:type	<wordnet_alumnus_109786338>	
	<Homewood-Flossmoor_High_School>	rdf:type	<wordnet_educational_institution_108276342>	
	<Jimmy_Haig>	rdf:type	<wordnet_emigrant_110051975>	
	<Kaizers_Orchestra>	rdf:type	<wordnet_group_100031264>	
	<Christian_Kalvenes>	rdf:type	<wordnet_player_110439851>	
	<Vista_High_School_(Vista,_California)>	rdf:type	<wordnet_senior_high_school_108409617>	
	<Darío_Fernández>	rdf:type	<wordnet_football_player_110101634>	
	<Theophilus_Siegfried_Bayer>	rdf:type	<wordnet_orientalist_110383689>	
	<Ljubomir_Chakaloff>	rdf:type	<wordnet_mathematician_110301261>	
	<Korap_languages>	rdf:type	<wordnet_class_107997703>	
	<Cyril_Hammond>	rdf:type	<wordnet_player_110439851>	
	<William_Fulton_(urban_planner)>	rdf:type	<wordnet_person_100007846>	
	<South_River_(South_Fork_Shenandoah_River)>	rdf:type	<wordnet_feeder_109278997>	
	<Said_Tayeb_Jawad>	rdf:type	<wordnet_diplomat_110013927>	
	<Loizos_Kakoyiannis>	rdf:type	<wordnet_football_player_110101634>	
	<Eurosam>	rdf:type	<wordnet_manufacturer_108060446>	
	<Micheál_Martin>	rdf:type	<wordnet_schoolteacher_110560352>	
	<Sinclairsholm_Castle>	rdf:type	<wordnet_palace_103878066>	
	<Ernest_Shazor>	rdf:type	<wordnet_person_100007846>	
	<Reginald_Shepherd>	rdf:type	<wordnet_poet_110444194>	
	<Mohit_Sen>	rdf:type	<wordnet_alumnus_109786338>	
	<Gopinath_Saha>	rdf:type	<wordnet_person_100007846>	
	<Totoro,_Cauca>	rdf:type	<wordnet_administrative_district_108491826>	
	<Sven_Krauß>	rdf:type	<wordnet_person_100007846>	
	<Scott_Wiggins>	rdf:type	<wordnet_player_110439851>	
	<Influence_(band)>	rdf:type	<wordnet_group_100031264>	
	<Stuart_D._Bogie>	rdf:type	<wordnet_person_100007846>	
	<Badr_bin_Abdul-Aziz_Al_Saud>	rdf:type	<wordnet_politician_110451263>	
	<Renee_Flavell>	rdf:type	<wordnet_person_100007846>	
	<Stephen_Hough>	rdf:type	<wordnet_academician_109759069>	
	<Viscount_D'Abernon>	rdf:type	<wordnet_viscountcy_114433232>	
	<University_of_New_Mexico_Press>	rdf:type	<wordnet_publisher_108062623>	
	<Hypodoxa_muscosaria>	rdf:type	<wordnet_animal_100015388>	
	<Correctional_center>	rdf:type	<wordnet_euphemism_106605046>	
	<Kombornia>	rdf:type	<wordnet_village_108672738>	
	<Carl_Pentney>	rdf:type	<wordnet_football_player_110101634>	
	<TeleTalk>	rdf:type	<wordnet_company_108058098>	
	<CFTR_inhibitory_factor>	rdf:type	<wordnet_factor_107327805>	
	<Buddy_Ratner>	rdf:type	<wordnet_person_100007846>	
	<Heinz_Fischer>	rdf:type	<wordnet_president_110467179>	
	<Dirleton_Parish_Church>	rdf:type	<wordnet_church_103028079>	
	<Ruth-Ann_Boyle>	rdf:type	<wordnet_singer_110599806>	
	<Bill_Gibson_(music_producer)>	rdf:type	<wordnet_person_100007846>	
	<Stefan_Rehn>	rdf:type	<wordnet_person_100007846>	
	<Switzerland_women's_national_ice_hockey_team>	rdf:type	<wordnet_team_108208560>	
	<Chung_Sang_Eo_(Blue_Shark)_torpedo>	rdf:type	<wordnet_weapon_104565375>	
	<Kiar_County>	rdf:type	<wordnet_county_108546183>	
	<Jim_McLaughlin_(pitcher/outfielder)>	rdf:type	<wordnet_ballplayer_109835506>	
	<Cristián_Escalante>	rdf:type	<wordnet_person_100007846>	
	<Midnight_Plateau>	rdf:type	<wordnet_tableland_109453008>	
	<Stored_procedure>	rdf:type	<wordnet_database_management_system_106588785>	
	<Alolita_Sharma>	rdf:type	<wordnet_person_100007846>	
	<Ammonium_malate>	rdf:type	<wordnet_compound_105870180>	
	<Lázaro_Pérez_Jiménez>	rdf:type	<wordnet_bishop_109857200>	
	<Jeff_Pilon>	rdf:type	<wordnet_player_110439851>	
	<Hubert_von_Herkomer>	rdf:type	<wordnet_painter_110391653>	
	<Samuel_M._Vauclain>	rdf:type	<wordnet_mechanical_engineer_110304650>	
	<Toronto_Jazz_Festival>	rdf:type	<wordnet_jazz_festival_100518039>	
	<Björn_Afzelius>	rdf:type	<wordnet_musician_110339966>	
	<Dash_Berlin>	rdf:type	<wordnet_musician_110339966>	
	<Elliot_Lurie>	rdf:type	<wordnet_person_100007846>	
	<Emmaus_Bible_College_(Australia)>	rdf:type	<wordnet_educational_institution_108276342>	
	<Drysdale_Football_Club>	rdf:type	<wordnet_club_108227214>	
	<Andrea_del_Castagno>	rdf:type	<wordnet_person_100007846>	
	<Women's_World_Golf_Rankings>	rdf:type	<wordnet_ranking_114429484>	
	<Hill_End_railway_station>	rdf:type	<wordnet_railway_station_104049098>	
	<Arne_Tiselius>	rdf:type	<wordnet_laureate_110249011>	
	<Polish_Chess_Federation>	rdf:type	<wordnet_organization_108008335>	
	<Jane_Scott_(film_producer)>	rdf:type	<wordnet_film_maker_110088390>	
	<Rodolfo_Campodónico>	rdf:type	<wordnet_composer_109947232>	
	<Select_World_Tower>	rdf:type	<wordnet_building_102913152>	
	<Oak_Park_Preparatory_Academy>	rdf:type	<wordnet_school_108276720>	
	<Woburn_Memorial_High_School>	rdf:type	<wordnet_senior_high_school_108409617>	
	<Indian_Springs_Village,_Alabama>	rdf:type	<wordnet_site_108651247>	
	<Bice_Osei_Kuffour>	rdf:type	<wordnet_person_100007846>	
	<Bay_Mills_Community_College>	rdf:type	<wordnet_educational_institution_108276342>	
	<Théâtre_de_l'Œuvre>	rdf:type	<wordnet_theater_104417809>	
	<Church_of_the_Ascension,_Episcopal_(Manhattan)>	rdf:type	<wordnet_building_102913152>	
	<Jacques_Etienne_Montgolfier>	rdf:type	<wordnet_person_100007846>	
	<Don't_Take_My_Boop-Oop-A-Doop_Away>	rdf:type	<wordnet_song_107048000>	
	<Gennady_Riger>	rdf:type	<wordnet_engineer_109615807>	
	<Nicole_Stéphane>	rdf:type	<wordnet_film_director_110088200>	
	<Physica_A>	rdf:type	<wordnet_publication_106589574>	
	<The_Fighting_Lady>	rdf:type	<wordnet_movie_106613686>	
	<Thomas_J._King,_Jr.>	rdf:type	<wordnet_academician_109759069>	
	<Peter_Skovholt_Gitmark>	rdf:type	<wordnet_person_100007846>	
	<David_Alonso_López>	rdf:type	<wordnet_boxer_109870208>	
	<Mount_Pelée>	rdf:type	<wordnet_vent_109470550>	
	<Stephanie_Sellars>	rdf:type	<wordnet_person_100007846>	
	<Andreas_Andersson>	rdf:type	<wordnet_football_player_110101634>	
	<Soumyen_Bandyopadhyay>	rdf:type	<wordnet_academician_109759069>	
	<Sączkowo>	rdf:type	<wordnet_village_108672738>	
	<Steve_Prestwich>	rdf:type	<wordnet_singer_110599806>	
	<Guspini>	rdf:type	<wordnet_city_108524735>	
	<Milton_Kort>	rdf:type	<wordnet_magician_110280674>	
	<Slain_By_Urusei_Yatsura>	rdf:type	<wordnet_album_106591815>	
	<Viking_Records>	rdf:type	<wordnet_company_108058098>	
	<Bona_Sforza>	rdf:type	<wordnet_queen_mother_110500603>	
	<Wallsburg,_Utah>	rdf:type	<wordnet_site_108651247>	
	<Jansher_Khan>	rdf:type	<wordnet_player_110439851>	
	<Aden_Ridgeway>	rdf:type	<wordnet_person_100007846>	
	<Stamps,_Arkansas>	rdf:type	<wordnet_city_108524735>	
	<Grupo_Anderson's>	rdf:type	<wordnet_food_company_108003427>	
	<Konarka_Technologies>	rdf:type	<wordnet_manufacturer_108060446>	
	<Heather_Neff>	rdf:type	<wordnet_person_100007846>	
	<Stocksfield_railway_station>	rdf:type	<wordnet_station_104306080>	
	<Josh_Bard>	rdf:type	<wordnet_alumnus_109786338>	
	<Ferron,_Utah>	rdf:type	<wordnet_city_108524735>	
	<Physica_B>	rdf:type	<wordnet_publication_106589574>	
	<Summerhill,_New_York>	rdf:type	<wordnet_site_108651247>	
	<Sami_Jo>	rdf:type	<wordnet_singer_110599806>	
	<Gil_Suray>	rdf:type	<wordnet_person_100007846>	
	<Ezekiel_Baker>	rdf:type	<wordnet_gunsmith_110152528>	
	<Wild_Cat_Island>	rdf:type	<wordnet_island_109316454>	
	<Carrie_Broda>	rdf:type	<wordnet_soloist_110623650>	
	<Waverley_Park>	rdf:type	<wordnet_venue_108677628>	
	<Billy_Morrison>	rdf:type	<wordnet_person_100007846>	
	<Geoff_Senior>	rdf:type	<wordnet_person_100007846>	
	<Teófilo_Stevenson>	rdf:type	<wordnet_boxer_109870208>	
	<WCNY-TV>	rdf:type	<wordnet_television_station_104406350>	
	<Frank_Johnson_(journalist)>	rdf:type	<wordnet_journalist_110224578>	
	<Alfonso_Navarro>	rdf:type	<wordnet_priest_110470779>	
	<William_John_Macquorn_Rankine>	rdf:type	<wordnet_marine_engineer_110294421>	
	<Alfred_Scott-Gatty>	rdf:type	<wordnet_composer_109947232>	
	<Najm-i-Sani_dynasty>	rdf:type	<wordnet_nawab_110348752>	
	<Hans-Jürgen_Kurrat>	rdf:type	<wordnet_player_110439851>	
	<Luc-Willy_Deheuvels>	rdf:type	<wordnet_person_100007846>	
	<John_Tyler_Morgan>	rdf:type	<wordnet_voter_110760340>	
	<Alex_Machin>	rdf:type	<wordnet_person_100007846>	
	<Grenoble_metropolitan_area>	rdf:type	<wordnet_area_108497294>	
	<Nightlife_(EP)>	rdf:type	<wordnet_album_106591815>	
	<Great_Nicobar_Island>	rdf:type	<wordnet_atoll_109210862>	
	<Eduardo_Machado_(basketball)>	rdf:type	<wordnet_person_100007846>	
	<Irikkur>	rdf:type	<wordnet_city_108524735>	
	<Jan_Volk>	rdf:type	<wordnet_general_manager_110125697>	
	<Kitson_(store)>	rdf:type	<wordnet_retailer_110525436>	
	<Jia_Hua>	rdf:type	<wordnet_general_110123844>	
	<Big_Sandy_Superstore>	rdf:type	<wordnet_company_108058098>	
	<Paula_Wilcox>	rdf:type	<wordnet_actor_109765278>	
	<ORP_General_Haller>	rdf:type	<wordnet_shipwreck_104197110>	
	<Mary_Dresselhuys>	rdf:type	<wordnet_actor_109765278>	
	<Quantum_Gate_(video_game)>	rdf:type	<wordnet_computer_game_100458890>	
	<Juan_J._Campanella>	rdf:type	<wordnet_person_100007846>	
	<Aulnay-l'Aître>	rdf:type	<wordnet_commune_108541609>	
	<Tignes>	rdf:type	<wordnet_venue_108677628>	
	<Rojhan_Beken>	rdf:type	<wordnet_musician_110339966>	
	<Tomáš_Řepka>	rdf:type	<wordnet_football_player_110101634>	
	<Champika_Ranawaka>	rdf:type	<wordnet_person_100007846>	
	<Geoffrey_Whitworth>	rdf:type	<wordnet_director_110015215>	
	<Tricia_Sawyer>	rdf:type	<wordnet_artist_109812338>	
	<Plav_(České_Budějovice_District)>	rdf:type	<wordnet_village_108672738>	
	<Porirua_Lunatic_Asylum>	rdf:type	<wordnet_mental_hospital_103746574>	
	<Bartków,_Góra_County>	rdf:type	<wordnet_administrative_district_108491826>	
	<Shigeyuki_Hori>	rdf:type	<wordnet_person_100007846>	
	<Rupesh_Patric>	rdf:type	<wordnet_artist_109812338>	
	<Luis_de_Benavides_Carrillo,_Marquis_of_Caracena>	rdf:type	<wordnet_governor_110140314>	
	<Jasper_Motorsports>	rdf:type	<wordnet_team_108208560>	
	<Mark_Pope>	rdf:type	<wordnet_person_100007846>	
	<Doui_Thabet>	rdf:type	<wordnet_commune_108541609>	
	<Dolores_Wilson>	rdf:type	<wordnet_actor_109765278>	
	<Małuszów,_Jawor_County>	rdf:type	<wordnet_village_108672738>	
	<Frank_Gifford>	rdf:type	<wordnet_cornerback_109965787>	
	<Seatuck_National_Wildlife_Refuge>	rdf:type	<wordnet_safety_108643933>	
	<AD_Colmenar_Viejo>	rdf:type	<wordnet_club_108227214>	
	<Woodbine_Historic_District_(Woodbine,_Georgia)>	rdf:type	<wordnet_district_108552138>	
	<Barra_Grant>	rdf:type	<wordnet_film_maker_110088390>	
	<Pandeli_Sotiri>	rdf:type	<wordnet_poet_110444194>	
	<Christina_Mak>	rdf:type	<wordnet_player_110439851>	
	<Betsy_Brandt>	rdf:type	<wordnet_person_100007846>	
	<Drosera_rotundifolia>	rdf:type	<wordnet_plant_100017222>	
	<Chris_Banks_(soccer)>	rdf:type	<wordnet_soccer_player_110618342>	
	<Xavier_Tomas>	rdf:type	<wordnet_football_player_110101634>	
	<Asbjørn_Bodahl>	rdf:type	<wordnet_gymnast_110153594>	
	<Annie_Groovie>	rdf:type	<wordnet_alumnus_109786338>	
	<Fifth_Third_Ballpark>	rdf:type	<wordnet_stadium_104295881>	
	<Smart_Flesh>	rdf:type	<wordnet_album_106591815>	
	<Stewart_Wallace>	rdf:type	<wordnet_person_100007846>	
	<Nita_Fernando>	rdf:type	<wordnet_actor_109765278>	
	<Birutė_Valionytė>	rdf:type	<wordnet_politician_110451263>	
	<Cambridge_Seven>	rdf:type	<wordnet_person_100007846>	
	<Elsie_Inglis>	rdf:type	<wordnet_philanthropist_110421956>	
	<Charles-Aimé_Kirkland>	rdf:type	<wordnet_officeholder_110371450>	
	<Bang_Racing>	rdf:type	<wordnet_team_108208560>	
	<Bob_Deming>	rdf:type	<wordnet_fullback_110115430>	
	<Vansö_kyrkby>	rdf:type	<wordnet_administrative_district_108491826>	
	<Murato,_Haute-Corse>	rdf:type	<wordnet_commune_108541609>	
	<Dani_Shapiro>	rdf:type	<wordnet_person_100007846>	
	<Jim_Keeble>	rdf:type	<wordnet_person_100007846>	
	<Carol_Vorderman>	rdf:type	<wordnet_person_100007846>	
	<You_Can't_Fight_What_You_Can't_See>	rdf:type	<wordnet_album_106591815>	
	<Yasuko_Nagazumi>	rdf:type	<wordnet_actor_109765278>	
	<Cross-bolted_bearing>	rdf:type	<wordnet_bearing_113795695>	
	<Nils_Nilsen_Thune>	rdf:type	<wordnet_politician_110451263>	
	<Suffa>	rdf:type	<wordnet_rapper_110507482>	
	<CCTV_Cities>	rdf:type	<wordnet_television_106277280>	
	<Jane_Törnqvist>	rdf:type	<wordnet_person_100007846>	
	<Faith_Lutheran_High_School>	rdf:type	<wordnet_educational_institution_108276342>	
	<Martín_Pérez_(politician)>	rdf:type	<wordnet_person_100007846>	
	<Graeme_Vimpani>	rdf:type	<wordnet_person_100007846>	
	<Master_of_the_(Bruges)_legend_of_St._Ursula>	rdf:type	<wordnet_artist_109812338>	
	<Todd_Armstrong>	rdf:type	<wordnet_actor_109765278>	
	<Erie_Air_Park>	rdf:type	<wordnet_airport_102692232>	
	<Christopher_Castellani>	rdf:type	<wordnet_novelist_110363573>	
	<Willie_"Big_Eyes"_Smith>	rdf:type	<wordnet_musician_110339966>	
	<Voyvodovo,_Haskovo_Province>	rdf:type	<wordnet_administrative_district_108491826>	
	<WKOG-LP>	rdf:type	<wordnet_station_104306080>	
	<Champion_High_School>	rdf:type	<wordnet_secondary_school_108284481>	
	<Margarete_Teschemacher>	rdf:type	<wordnet_soprano_110625546>	
	<Warwick_Farm_railway_station>	rdf:type	<wordnet_railway_station_104049098>	
	<Abandon_in_the_Amber>	rdf:type	<wordnet_musical_organization_108246613>	
	<Sergey_Klimov_(cyclist)>	rdf:type	<wordnet_person_100007846>	
	<Greg_Kurstin>	rdf:type	<wordnet_musician_110339966>	
	<Oxycanus_dirempta>	rdf:type	<wordnet_animal_100015388>	
	<Oenopota_murdochiana>	rdf:type	<wordnet_animal_100015388>	
	<Mann_Theatres>	rdf:type	<wordnet_company_108058098>	
	<Kacee_Vasudeva>	rdf:type	<wordnet_person_100007846>	
	<Colonel_Allensworth_State_Historic_Park>	rdf:type	<wordnet_area_108497294>	
	<Matt_Moore_(American_football)>	rdf:type	<wordnet_person_100007846>	
	<Andrew_McBain>	rdf:type	<wordnet_player_110439851>	
	<Conrad_Bernier>	rdf:type	<wordnet_composer_109947232>	
	<Publius_Aelius_Vibullius_Rufus>	rdf:type	<wordnet_person_100007846>	
	<Luke_James>	rdf:type	<wordnet_writer_110794014>	
	<Reverend_Ike>	rdf:type	<wordnet_person_100007846>	
	<Elton_Martins>	rdf:type	<wordnet_football_player_110101634>	
	<Social_Participative_Democracy>	rdf:type	<wordnet_party_108256968>	
	<William_T._Byrne>	rdf:type	<wordnet_person_100007846>	
	<State_Batteries_in_Western_Australia>	rdf:type	<wordnet_building_102913152>	
	<Bulstrode_Whitelocke>	rdf:type	<wordnet_roundhead_110540656>	
	<Chopmist_Hill_Listening_Post>	rdf:type	<wordnet_facility_103315023>	
	<Alfredo_Aglietti>	rdf:type	<wordnet_director_110014939>	
	<The_Weepies>	rdf:type	<wordnet_pop_group_108249752>	
	<Medical_Explorers>	rdf:type	<wordnet_introduction_100238022>	
	<Edmund_(King_Lear)>	rdf:type	<wordnet_fictional_character_109587565>	
	<ČEZ_Basketball_Nymburk>	rdf:type	<wordnet_basketball_team_108079852>	
	<Stanyslav_Lyudkevych>	rdf:type	<wordnet_educator_110045713>	
	<Silvano_Chesani>	rdf:type	<wordnet_jumper_110226993>	
	<Farnell_Newton>	rdf:type	<wordnet_person_100007846>	
	<Corrupt_Practices_Investigation_Bureau>	rdf:type	<wordnet_agency_108337324>	
	<Amsvartnir>	rdf:type	<wordnet_location_100027167>	
	<The_Dam_Short_Film_Festival>	rdf:type	<wordnet_film_festival_100517418>	
	<Go,_Go,_Second_Time_Virgin>	rdf:type	<wordnet_movie_106613686>	
	<Glutathionylspermidine_amidase>	rdf:type	<wordnet_enzyme_114732946>	
	<Thule_Society>	rdf:type	<wordnet_secret_society_108235343>	
	<Znamenskiy_Island>	rdf:type	<wordnet_island_109316454>	
	<Pieter_Jansz._Saenredam>	rdf:type	<wordnet_person_100007846>	
	<Juniperus_saxicola>	rdf:type	<wordnet_plant_100017222>	
	<Klimentovo,_Veliko_Tarnovo_Province>	rdf:type	<wordnet_village_108672738>	
	<Al-Hajj_Salim_Suwari>	rdf:type	<wordnet_philosopher_110423589>	
	<Oscar_Marzaroli>	rdf:type	<wordnet_person_100007846>	
	<Morgan_County,_Colorado>	rdf:type	<wordnet_county_108546183>	
	<C._N._R._Rao>	rdf:type	<wordnet_scientist_110560637>	
	<High_Point_Town_Center>	rdf:type	<wordnet_plaza_103965456>	
	<Ron_James_(comedian)>	rdf:type	<wordnet_exile_110071332>	
	<Jiroft_culture>	rdf:type	<wordnet_culture_108287844>	
	<Legislative_district_of_Kalinga>	rdf:type	<wordnet_district_108552138>	
	<Urban_Wolf>	rdf:type	<wordnet_web_site_106359193>	
	<Septoria_passerinii>	rdf:type	<wordnet_pathogen_101386007>	
	<Thomas_Manby>	rdf:type	<wordnet_person_100007846>	
	<Sam_Thompson>	rdf:type	<wordnet_person_100007846>	
	<Ušće_Lima>	rdf:type	<wordnet_site_108651247>	
	<Manoj_Kumar>	rdf:type	<wordnet_film_director_110088200>	
	<Duck_Hill,_Mississippi>	rdf:type	<wordnet_administrative_district_108491826>	
	<Les_Mills>	rdf:type	<wordnet_shot_putter_110593521>	
	<Huaracha_River>	rdf:type	<wordnet_river_109411430>	
	<Kim_Byung-man>	rdf:type	<wordnet_contestant_109613191>	
	<Bæjarins_Beztu_Pylsur>	rdf:type	<wordnet_restaurant_104081281>	
	<Prebuild>	rdf:type	<wordnet_album_106591815>	
	<Jack_Berntsen>	rdf:type	<wordnet_folk_singer_110099093>	
	<IFREMER>	rdf:type	<wordnet_institute_108407330>	
	<Strachocina>	rdf:type	<wordnet_village_108672738>	
	<Akdal_Ghost>	rdf:type	<wordnet_weapon_104565375>	
	<Fifth_Court_of_Appeals_of_Texas>	rdf:type	<wordnet_court_108329453>	
	<Branica_Suchowolska>	rdf:type	<wordnet_village_108672738>	
	<Lydia_Mordkovitch>	rdf:type	<wordnet_academician_109759069>	
	<Sisters_of_St._Francis_of_Perpetual_Adoration>	rdf:type	<wordnet_organization_108008335>	
	<Jesse_Macbeth>	rdf:type	<wordnet_person_100007846>	
	<Stefan_Starzyński>	rdf:type	<wordnet_mayor_110303814>	
	<Andre_Brown>	rdf:type	<wordnet_person_100007846>	
	<Ralph_Milliard>	rdf:type	<wordnet_ballplayer_109835506>	
	<Old_Huntington_High_School>	rdf:type	<wordnet_senior_high_school_108409617>	
	<Stjepan_Janić>	rdf:type	<wordnet_person_100007846>	
	<Steven_Stayner>	rdf:type	<wordnet_child_109917593>	
	<Henry_John_Klutho>	rdf:type	<wordnet_architect_109805475>	
	<Kenneth_Biggs>	rdf:type	<wordnet_person_100007846>	
	<A._B._Shah>	rdf:type	<wordnet_skeptic_110604634>	
	<Erling_S._Lorentzen>	rdf:type	<wordnet_commanding_officer_109941964>	
	<Płonka,_Lublin_Voivodeship>	rdf:type	<wordnet_village_108672738>	
	<H._R._Gross>	rdf:type	<wordnet_person_100007846>	
	<William_Kuhlemeier>	rdf:type	<wordnet_medalist_110305062>	
	<Johan_Backlund>	rdf:type	<wordnet_goalkeeper_110134001>	
	<Claude_Gnakpa>	rdf:type	<wordnet_person_100007846>	
	<Sweyn_the_Crusader>	rdf:type	<wordnet_bastard_109842823>	
	<Hari_Chand>	rdf:type	<wordnet_marathoner_110292969>	
	<Santo_Amaro_das_Brotas>	rdf:type	<wordnet_site_108651247>	
	<Men_on...>	rdf:type	<wordnet_sketch_104227144>	
	<Redbird_Arena>	rdf:type	<wordnet_venue_108677628>	
	<Csobaj>	rdf:type	<wordnet_site_108651247>	
	<Johannes_Mashiane>	rdf:type	<wordnet_raper_110507230>	
	<Hydra_(chess)>	rdf:type	<wordnet_computer_103082979>	
	<Severance_(album)>	rdf:type	<wordnet_album_106591815>	
	<Lam_Cốt>	rdf:type	<wordnet_commune_108541609>	
	<Darren_Holloway>	rdf:type	<wordnet_player_110439851>	
	<Ashley,_Wiltshire>	rdf:type	<wordnet_village_108672738>	
	<Burning_Love>	rdf:type	<wordnet_song_107048000>	
	<Manfred_Kizito>	rdf:type	<wordnet_person_100007846>	
	<Kelly-Anne_Lyons>	rdf:type	<wordnet_model_110324560>	
	<Aiken_High_School_(Cincinnati,_Ohio)>	rdf:type	<wordnet_school_108276720>	
	<Macquarie_Harbour>	rdf:type	<wordnet_port_108633957>	
	<Mongol_invasions_of_Tibet>	rdf:type	<wordnet_invasion_100976531>	
	<Dilawar_Singh_Babbar>	rdf:type	<wordnet_assassin_109813696>	
	<Strathfield_South,_New_South_Wales>	rdf:type	<wordnet_suburb_108554440>	
	<Waiting_For_The_Moon_(musical)>	rdf:type	<wordnet_musical_107019172>	
	<The_Gift_to_Stalin>	rdf:type	<wordnet_movie_106613686>	
	<Brownsville_Northside_Historic_District>	rdf:type	<wordnet_building_102913152>	
	<Tawfiq_al-Suwaidi>	rdf:type	<wordnet_prisoner_110476086>	
	<Larry_Walters>	rdf:type	<wordnet_balloonist_109835348>	
	<Jean-Luc_Joinel>	rdf:type	<wordnet_person_100007846>	
	<Turlough_Herbert>	rdf:type	<wordnet_pitcher_110435988>	
	<Jeff_Grayshon>	rdf:type	<wordnet_person_100007846>	
	<Triumph_Motorcycles_Ltd>	rdf:type	<wordnet_manufacturer_108060446>	
	<Verónica_Vargas>	rdf:type	<wordnet_delegate_110000787>	
	<Ellenboro,_West_Virginia>	rdf:type	<wordnet_site_108651247>	
	<Kauai_High_School>	rdf:type	<wordnet_senior_high_school_108409617>	
	<Alla_Kudryavtseva>	rdf:type	<wordnet_tennis_player_110701180>	
	<Wayne_Township,_Starke_County,_Indiana>	rdf:type	<wordnet_administrative_district_108491826>	
	<Gabrielle_Carey>	rdf:type	<wordnet_autobiographer_109825296>	
	<Kondraty>	rdf:type	<wordnet_administrative_district_108491826>	
	<Maurice_K._Temerlin>	rdf:type	<wordnet_psychologist_110488865>	
	<Ivan_Christian>	rdf:type	<wordnet_politician_110451263>	
	<S._Addison_Oliver>	rdf:type	<wordnet_person_100007846>	
	<David_Bly>	rdf:type	<wordnet_alumnus_109786338>	
	<Sigmundur_Ernir_Rúnarsson>	rdf:type	<wordnet_politician_110451263>	
	<Hatcher_(mango)>	rdf:type	<wordnet_mango_112761284>	
	<Ellen_Brown>	rdf:type	<wordnet_writer_110794014>	
	<International_Review_of_Victimology>	rdf:type	<wordnet_publication_106589574>	
	<Jeffrey_Combs>	rdf:type	<wordnet_actor_109765278>	
	<Crisp_Baronets>	rdf:type	<wordnet_baronetcy_114432623>	
	<New_Jersey_Association_of_Independent_Schools>	rdf:type	<wordnet_association_108049401>	
	<Genesis_of_Aquarion>	rdf:type	<wordnet_ending_106308765>	
	<Dorothea_of_Brandenburg>	rdf:type	<wordnet_queen_110499355>	
	<Russula_pseudodelica>	rdf:type	<wordnet_fungus_112992868>	
	<Strickland_Kneass>	rdf:type	<wordnet_alumnus_109786338>	
	<Iskur_Glacier>	rdf:type	<wordnet_glacier_109289331>	
	<Peter_Desbarats>	rdf:type	<wordnet_military_officer_110317007>	
	<Anna_Úrsúla_Guðmundsdóttir>	rdf:type	<wordnet_person_100007846>	
	<Leon_Mandrake>	rdf:type	<wordnet_performer_110415638>	
	<Serge_Sorokko>	rdf:type	<wordnet_person_100007846>	
	<Welsh_Mountain_sheep>	rdf:type	<wordnet_breed_108101410>	
	<Sai_Shan>	rdf:type	<wordnet_extremum_113653902>	
	<Augustus_Nicholas_Burke>	rdf:type	<wordnet_person_100007846>	
	<Ribicioara_River>	rdf:type	<wordnet_river_109411430>	
	<Armand_LaMontagne>	rdf:type	<wordnet_person_100007846>	
	<E.T._the_Extra-Terrestrial>	rdf:type	<wordnet_movie_106613686>	
	<Burrium>	rdf:type	<wordnet_site_108651247>	
	<The_Burned_Hand>	rdf:type	<wordnet_movie_106613686>	
	<Downtown_Dallas>	rdf:type	<wordnet_business_district_108539072>	
	<Alan_N._Shapiro>	rdf:type	<wordnet_critic_109979321>	
	<Derek_Cabrera>	rdf:type	<wordnet_cognitive_scientist_109934647>	
	<Battle_of_the_Pinal_Mountains>	rdf:type	<wordnet_conflict_100958896>	
	<Crest_House>	rdf:type	<wordnet_building_102913152>	
	<Polish–Swedish_wars>	rdf:type	<wordnet_conflict_100958896>	
	<Bašići_(Kakanj)>	rdf:type	<wordnet_site_108651247>	
	<Warren_Edwards>	rdf:type	<wordnet_person_100007846>	
	<Index_of_MS-DOS_games_(A)>	rdf:type	<wordnet_game_100456199>	
	<Arab_Revolt>	rdf:type	<wordnet_rebellion_101177327>	
	<Grantham_Township,_Ontario>	rdf:type	<wordnet_vicinity_108641113>	
	<Chris_Price>	rdf:type	<wordnet_player_110439851>	
	<Frank_Milner>	rdf:type	<wordnet_schoolteacher_110560352>	
	<Fuck_the_Kids>	rdf:type	<wordnet_album_106591815>	
	<Piperberget>	rdf:type	<wordnet_mountain_109359803>	
	<Circuit_Du_Val_Du_Vienne>	rdf:type	<wordnet_sport_100523513>	
	<Pat_Weisner>	rdf:type	<wordnet_player_110439851>	
	<Benjamin_F._Leiter>	rdf:type	<wordnet_mayor_110303814>	
	<James_H._Barry>	rdf:type	<wordnet_football_coach_110101202>	
	<Lee_Fieldwick>	rdf:type	<wordnet_player_110439851>	
	<Los_Huasos_Quincheros>	rdf:type	<wordnet_musical_organization_108246613>	
	<Standardized_railway_station_(Württemberg)>	rdf:type	<wordnet_company_108058098>	
	<Kurt_Fleckenstein>	rdf:type	<wordnet_artist_109812338>	
	<What's_Going_On?>	rdf:type	<wordnet_introduction_100238022>	
	<Paul_Honeyford>	rdf:type	<wordnet_person_100007846>	
	<Robert_Ulanowicz>	rdf:type	<wordnet_philosopher_110423589>	
	<Marcos_Juárez>	rdf:type	<wordnet_site_108651247>	
	<Lillian_Axe>	rdf:type	<wordnet_musical_organization_108246613>	
	<Nannie_Lambert_Power_O'Donoghue>	rdf:type	<wordnet_novelist_110363573>	
	<Silent_Witness_(film)>	rdf:type	<wordnet_movie_106613686>	
	<Empress_Zhang_(Shi_Zun)>	rdf:type	<wordnet_woman_110787470>	
	<Jungil_Hong>	rdf:type	<wordnet_artist_109812338>	
	<Suzuka_Circuit>	rdf:type	<wordnet_path_109387222>	
	<Robert_Bednarek>	rdf:type	<wordnet_player_110439851>	
	<Lost_Girl_(TV_series)>	rdf:type	<wordnet_introduction_100238022>	
	<Daniel_Knauf>	rdf:type	<wordnet_film_director_110088200>	
	<Hale_School>	rdf:type	<wordnet_boarding_school_108411701>	
	<Jangipur_subdivision>	rdf:type	<wordnet_subdivision_108674251>	
	<Garrison_Kane>	rdf:type	<wordnet_amputee_109789566>	
	<Watchung_Reservation>	rdf:type	<wordnet_area_108497294>	
	<First_Congregational_Church_(Lake_Linden,_Michigan)>	rdf:type	<wordnet_church_103028079>	
	<Jeff_Leal>	rdf:type	<wordnet_alumnus_109786338>	
	<Boris_Ponge>	rdf:type	<wordnet_person_100007846>	
	<Nyckelharpa>	rdf:type	<wordnet_zither_104615226>	
	<Schwielochsee>	rdf:type	<wordnet_vicinity_108641113>	
	<Marvin_Austin>	rdf:type	<wordnet_person_100007846>	
	<René_Gachet>	rdf:type	<wordnet_mountaineer_110334567>	
	<International_Society_for_Traumatic_Stress_Studies>	rdf:type	<wordnet_organization_108008335>	
	<Jan_Buryán>	rdf:type	<wordnet_exile_110071332>	
	<Richie_Reynolds>	rdf:type	<wordnet_person_100007846>	
	<LF_Basket_Norrbotten>	rdf:type	<wordnet_basketball_team_108079852>	
	<Tamara_Oudenaarden>	rdf:type	<wordnet_person_100007846>	
	<Philip_Jensen>	rdf:type	<wordnet_throwster_110709745>	
	<Soomaa_National_Park>	rdf:type	<wordnet_wetland_109477890>	
	<Video_Girl_(album)>	rdf:type	<wordnet_album_106591815>	
	<Rockton,_Illinois>	rdf:type	<wordnet_site_108651247>	
	<Philip_E._Agre>	rdf:type	<wordnet_person_100007846>	
	<Gielniów>	rdf:type	<wordnet_administrative_district_108491826>	
	<Augustine_of_Hippo>	rdf:type	<wordnet_orator_110380672>	
	<John_Clark_Ridpath>	rdf:type	<wordnet_historian_110177150>	
	<Paracelsus>	rdf:type	<wordnet_cabalist_109885534>	
	<Henrik_Zetterberg>	rdf:type	<wordnet_person_100007846>	
	<Tetteh_Quarshie>	rdf:type	<wordnet_person_100007846>	
	<Rożnowo_Łobeskie>	rdf:type	<wordnet_village_108672738>	
	<Queen_Victoria>	rdf:type	<wordnet_empress_110053439>	
	<Rudé_právo>	rdf:type	<wordnet_publication_106589574>	
	<Steve_Baxter>	rdf:type	<wordnet_musician_110339966>	
	<Marashoni>	rdf:type	<wordnet_administrative_district_108491826>	
	<Robert_McDouall>	rdf:type	<wordnet_companion_109945905>	
	<Arab_al-Mawasi_massacre>	rdf:type	<wordnet_slaughter_100223983>	
	<Silk_Stalkings>	rdf:type	<wordnet_show_100520257>	
	<Tofla>	rdf:type	<wordnet_administrative_district_108491826>	
	<J.J._Malone>	rdf:type	<wordnet_musician_110339966>	
	<Hiltgunt_Zassenhaus>	rdf:type	<wordnet_person_100007846>	
	<Bryan_O'Loghlen>	rdf:type	<wordnet_emigrant_110051975>	
	<Frederick_Katzer>	rdf:type	<wordnet_religious_leader_110519494>	
	<Gustav_Hermann_Krumbiegel>	rdf:type	<wordnet_gardener_110120533>	
	<Central_Pacific_Railroad_Depot_(Lovelock,_Nevada)>	rdf:type	<wordnet_building_102913152>	
	<William_Hale_(Wyoming_politician)>	rdf:type	<wordnet_lawyer_110249950>	
	<Moulder>	rdf:type	<wordnet_machine_103699975>	
	<Bashmalakh>	rdf:type	<wordnet_administrative_district_108491826>	
	<Smyrna_Offensive>	rdf:type	<wordnet_battle_100953559>	
	<Walter_Noll>	rdf:type	<wordnet_person_100007846>	
	<Luci_Christian>	rdf:type	<wordnet_person_100007846>	
	<Thomas_Comber_(dean_of_Carlisle)>	rdf:type	<wordnet_linguist_110264437>	
	<Derek_Ferguson>	rdf:type	<wordnet_person_100007846>	
	<Burton_Adventist_Academy>	rdf:type	<wordnet_senior_high_school_108409617>	
	<Roger_Piantoni>	rdf:type	<wordnet_person_100007846>	
	<Michael_Lynch_(Irish_politician)>	rdf:type	<wordnet_politician_110451263>	
	<Thom_Browne>	rdf:type	<wordnet_alumnus_109786338>	
	<James_H._Polk>	rdf:type	<wordnet_terror_110702483>	
	<Larry_McNeely>	rdf:type	<wordnet_person_100007846>	
	<Charlotte_Despard>	rdf:type	<wordnet_convert_109962414>	
	<Sands_Point_Country_Day_School>	rdf:type	<wordnet_educational_institution_108276342>	
	<Dadah_Is_Death>	rdf:type	<wordnet_movie_106613686>	
	<Yaacov_Lozowick>	rdf:type	<wordnet_person_100007846>	
	<Motherhead_Bug>	rdf:type	<wordnet_rock_group_108250501>	
	<Ascanio>	rdf:type	<wordnet_world_premiere_106894371>	
	<Helen_B._Taussig>	rdf:type	<wordnet_alumnus_109786338>	
	<Levi_Barden_Cobblestone_Farmhouse>	rdf:type	<wordnet_house_103544360>	
	<Box_Hill_High_School>	rdf:type	<wordnet_senior_high_school_108409617>	
	<Austriadactylus>	rdf:type	<wordnet_pterosaur_101722998>	
	<Iwan_Tirta>	rdf:type	<wordnet_couturier_109972157>	
	<Collected_Works>	rdf:type	<wordnet_book_106410904>	
	<Lisa_Whelchel>	rdf:type	<wordnet_person_100007846>	
	<Lebanese_Army_Teaching_Institute>	rdf:type	<wordnet_military_unit_108198398>	
	<Doomsday_L.A.>	rdf:type	<wordnet_album_106591815>	
	<Small_unit_riverine_craft>	rdf:type	<wordnet_vessel_105397333>	
	<Junípero_Serra>	rdf:type	<wordnet_priest_110470779>	
	<Naturalis>	rdf:type	<wordnet_museum_103800563>	
	<Beynac-et-Cazenac>	rdf:type	<wordnet_commune_108541609>	
	<Jinnah_Foundation_High_School>	rdf:type	<wordnet_senior_high_school_108409617>	
	<Breaker_Morant>	rdf:type	<wordnet_emigrant_110051975>	
	<Pistrino>	rdf:type	<wordnet_administrative_district_108491826>	
	<South_Mountain_Community_College>	rdf:type	<wordnet_community_college_108282542>	
	<Expo_Centre_Sharjah>	rdf:type	<wordnet_building_102913152>	
	<Delsbo>	rdf:type	<wordnet_administrative_district_108491826>	
	<Portrait_of_Sigismondo_Pandolfo_Malatesta>	rdf:type	<wordnet_portrayal_107202391>	
	<Lucas_Kazan_Productions>	rdf:type	<wordnet_studio_104344246>	
	<Chinese_Academy_of_Sciences>	rdf:type	<wordnet_agency_108337324>	
	<Zoelen>	rdf:type	<wordnet_site_108651247>	
	<Craddock_Crags>	rdf:type	<wordnet_cliff_109246464>	
	<George_B._Selden>	rdf:type	<wordnet_person_100007846>	
	<Milan_Mandarić>	rdf:type	<wordnet_emigrant_110051975>	
	<Ya'akov_Riftin>	rdf:type	<wordnet_emigrant_110051975>	
	<Rick_Moser>	rdf:type	<wordnet_person_100007846>	
	<Batkovica>	rdf:type	<wordnet_administrative_district_108491826>	
	<Arc_the_Lad_III>	rdf:type	<wordnet_computer_game_100458890>	
	<Bătarci>	rdf:type	<wordnet_commune_108541609>	
	<Mauro_Simonetti>	rdf:type	<wordnet_medalist_110305062>	
	<Straw_plaiting>	rdf:type	<wordnet_fabric_103309808>	
	<Mona_Seif>	rdf:type	<wordnet_militant_110315837>	
	<Parley_G._Hellewell>	rdf:type	<wordnet_person_100007846>	
	<Howgill_Fells>	rdf:type	<wordnet_mountain_109359803>	
	<Kasha_(Pendragon_series)>	rdf:type	<wordnet_fictional_character_109587565>	
	<Yellow_Cab_Company>	rdf:type	<wordnet_company_108058098>	
	<Younis_Mahmoud>	rdf:type	<wordnet_football_player_110101634>	
	<Nanosite>	rdf:type	<wordnet_web_site_106359193>	
	<Port_Fountain_Cruise>	rdf:type	<wordnet_cruise_ship_103141327>	
	<Twinkle_(singer)>	rdf:type	<wordnet_songwriter_110624540>	
	<Johnathan_Rice>	rdf:type	<wordnet_alumnus_109786338>	
	<Sixty_Six_(film)>	rdf:type	<wordnet_movie_106613686>	
	<Unison_(Celine_Dion_album)>	rdf:type	<wordnet_album_106591815>	
	<Arthur_Harding>	rdf:type	<wordnet_player_110439851>	
	<Red_Shift_(comics)>	rdf:type	<wordnet_immortal_110199644>	
	<Alain_Wertheimer>	rdf:type	<wordnet_person_100007846>	
	<Alfred_Tilton>	rdf:type	<wordnet_person_100007846>	
	<Rick_Moses>	rdf:type	<wordnet_person_100007846>	
	<Good_Morning_Midnight>	rdf:type	<wordnet_novel_106367879>	
	<Armand_Cabrera>	rdf:type	<wordnet_person_100007846>	
	<Physical_layer>	rdf:type	<wordnet_protocol_106665108>	
	<Yasujirō_Ozu>	rdf:type	<wordnet_person_100007846>	
	<Almaz_Yerevan>	rdf:type	<wordnet_club_108227214>	
	<Niewstąp>	rdf:type	<wordnet_village_108672738>	
	<Nancy_Telfer>	rdf:type	<wordnet_composer_109947232>	
	<Patricia_Maldonado_(swimmer)>	rdf:type	<wordnet_person_100007846>	
	<Mesitylene>	rdf:type	<wordnet_solvent_115047313>	
	<Enzo_Jannacci>	rdf:type	<wordnet_comedian_109940146>	
	<Jenna_Marbles>	rdf:type	<wordnet_person_100007846>	
	<Berke>	rdf:type	<wordnet_convert_109962414>	
	<Robert_Latham_Brown>	rdf:type	<wordnet_film_maker_110088390>	
	<Kim_Mullen>	rdf:type	<wordnet_delegate_110000787>	
	<Abduction_(novel)>	rdf:type	<wordnet_book_106410904>	
	<James_C._Auchincloss>	rdf:type	<wordnet_person_100007846>	
	<Dot_Cotton>	rdf:type	<wordnet_fictional_character_109587565>	
	<Gustavo_Morínigo>	rdf:type	<wordnet_player_110439851>	
	<Richard_Cummings_(writer)>	rdf:type	<wordnet_person_100007846>	
	<Helene_Rother>	rdf:type	<wordnet_interior_designer_110210648>	
	<Hollywood_Professional_School>	rdf:type	<wordnet_school_108276720>	
	<Cindy_Rosenwald>	rdf:type	<wordnet_person_100007846>	
	<Dumfries-Triangle,_Virginia>	rdf:type	<wordnet_site_108651247>	
	<Northwestern_Health_Sciences_University>	rdf:type	<wordnet_educational_institution_108276342>	
	<Eduard_Kozynkevych>	rdf:type	<wordnet_football_player_110101634>	
	<Johannes_Skaar>	rdf:type	<wordnet_writer_110794014>	
	<Sherif_Kamal_Shahine>	rdf:type	<wordnet_diplomat_110013927>	
	<Stephen_Singer-Brewster>	rdf:type	<wordnet_astronomer_109818343>	
	<Yoav_Bruck>	rdf:type	<wordnet_person_100007846>	
	<Posey_Field>	rdf:type	<wordnet_airport_102692232>	
	<Tawanda_Chiwira>	rdf:type	<wordnet_person_100007846>	
	<Sufi_Iqbal>	rdf:type	<wordnet_politician_110451263>	
	<Lee_Bul>	rdf:type	<wordnet_person_100007846>	
	<Remi_Schrijnen>	rdf:type	<wordnet_confederate_109953483>	
	<Westerham_Valley_Branch_Line>	rdf:type	<wordnet_company_108058098>	
	<K._D._Singh>	rdf:type	<wordnet_hockey_player_110179291>	
	<Pershing_Square_Building>	rdf:type	<wordnet_office_building_103842012>	
	<Zul_Vilani>	rdf:type	<wordnet_person_100007846>	
	<Mark_Allinson>	rdf:type	<wordnet_person_100007846>	
	<Abdulaziz_Mohammed_Majid_Al-Farsi>	rdf:type	<wordnet_oncologist_110377633>	
	<Giuseppe_Antonio_Borgese>	rdf:type	<wordnet_literary_critic_110266016>	
	<Jean-Félix-Albert-Marie_Vilnet>	rdf:type	<wordnet_participant_110401829>	
	<Laadjala>	rdf:type	<wordnet_administrative_district_108491826>	
	<The_Shining_(band)>	rdf:type	<wordnet_rock_group_108250501>	
	<Lendys>	rdf:type	<wordnet_deity_109505418>	
	<Georg_Haentzschel>	rdf:type	<wordnet_composer_109947232>	
	<Howie_Epstein>	rdf:type	<wordnet_person_100007846>	
	<Chronometree>	rdf:type	<wordnet_album_106591815>	
	<Kjell_Eriksson>	rdf:type	<wordnet_person_100007846>	
	<West_Kennebunk,_Maine>	rdf:type	<wordnet_site_108651247>	
	<Joseph_Parker_House>	rdf:type	<wordnet_house_103544360>	
	<Arthur_Henniker-Hughan>	rdf:type	<wordnet_admiral_109771204>	
	<George_Edward_Backus>	rdf:type	<wordnet_person_100007846>	
	<Jones_Observatory>	rdf:type	<wordnet_observatory_103839671>	
	<Multiboot_Specification>	rdf:type	<wordnet_standard_107260623>	
	<Mayu_Kuroda>	rdf:type	<wordnet_gymnast_110153594>	
	<Mateo_Flores>	rdf:type	<wordnet_athlete_109820263>	
	<Marcel_Pauker>	rdf:type	<wordnet_militant_110315837>	
	<Richard_Tregaskis>	rdf:type	<wordnet_person_100007846>	
	<Gibson_House_(Jamestown,_Pennsylvania)>	rdf:type	<wordnet_house_103544360>	
	<Samantha_Holvey>	rdf:type	<wordnet_person_100007846>	
	<Cheju_Tourism_College>	rdf:type	<wordnet_university_108286569>	
	<Puppet_(song)>	rdf:type	<wordnet_song_107048000>	
	<Cerebus_the_Aardvark>	rdf:type	<wordnet_comedian_109940146>	
	<Podkraj,_Hrastnik>	rdf:type	<wordnet_administrative_district_108491826>	
	<Sunitha_Varma>	rdf:type	<wordnet_person_100007846>	
	<David_Syrett>	rdf:type	<wordnet_writer_110794014>	
	<Pershing_Center>	rdf:type	<wordnet_venue_108677628>	
	<Padawa>	rdf:type	<wordnet_site_108651247>	
	<Brouck>	rdf:type	<wordnet_commune_108541609>	
	<Roelof_Diodati>	rdf:type	<wordnet_governor_110140314>	
	<Denis_Gougeon>	rdf:type	<wordnet_alumnus_109786338>	
	<Avard_Fairbanks>	rdf:type	<wordnet_person_100007846>	
	<Stenophlebia>	rdf:type	<wordnet_dragonfly_102268443>	
	<Andrea_Del_Boca>	rdf:type	<wordnet_actor_109765278>	
	<Katie_Geneva_Cannon>	rdf:type	<wordnet_theologian_110705615>	
	<Islamic_Azad_University_of_Rasht>	rdf:type	<wordnet_educational_institution_108276342>	
	<Frank_Luntz>	rdf:type	<wordnet_statistician_110653238>	
	<Ed_Chi>	rdf:type	<wordnet_employee_110053808>	
	<Mansour_Kamardine>	rdf:type	<wordnet_politician_110451263>	
	<Change_of_Heart_(Cyndi_Lauper_song)>	rdf:type	<wordnet_medium_106254669>	
	<Burr_Hill,_Virginia>	rdf:type	<wordnet_site_108651247>	
	<Super_Saturday>	rdf:type	<wordnet_vacation_115137890>	
	<Eric_Ortiz>	rdf:type	<wordnet_boxer_109870208>	
	<Einar_Thambarskelfir>	rdf:type	<wordnet_politician_110451263>	
	<Devastanam>	rdf:type	<wordnet_movie_106613686>	
	<D'Gary>	rdf:type	<wordnet_guitarist_110151760>	
	<Ike_Uzoma>	rdf:type	<wordnet_person_100007846>	
	<Chairville,_New_Jersey>	rdf:type	<wordnet_administrative_district_108491826>	
	<Dönmeh>	rdf:type	<wordnet_group_100031264>	
	<The_Navajo_Know>	rdf:type	<wordnet_song_107048000>	
	<Olathe_East_High_School>	rdf:type	<wordnet_senior_high_school_108409617>	
	<Lietuvos_rytas_Arena>	rdf:type	<wordnet_stadium_104295881>	
	<Orthonevra_nobilis>	rdf:type	<wordnet_animal_100015388>	
	<Saeeduzzaman_Siddiqui>	rdf:type	<wordnet_scholar_110557854>	
	<Wallace's_Dasyure>	rdf:type	<wordnet_animal_100015388>	
	<Hiroshi_Ikeda>	rdf:type	<wordnet_person_100007846>	
	<Anne_M._Mulcahy>	rdf:type	<wordnet_alumnus_109786338>	
	<Kaysha>	rdf:type	<wordnet_person_100007846>	
	<George_Petrie_(artist)>	rdf:type	<wordnet_antiquary_109797606>	
	<Keith_K._Compton>	rdf:type	<wordnet_alumnus_109786338>	
	<Barbara_Meek>	rdf:type	<wordnet_actor_109765278>	
	<Jadwiga_Kotnowska>	rdf:type	<wordnet_flutist_110098245>	
	<Martin_Nessley>	rdf:type	<wordnet_person_100007846>	
	<Pedro_Velázquez>	rdf:type	<wordnet_football_player_110101634>	
	<Vladimir_Kramnik>	rdf:type	<wordnet_rival_110533013>	
	<Kilton_Thorpe>	rdf:type	<wordnet_village_108672738>	
	<Bethel_Township,_Posey_County,_Indiana>	rdf:type	<wordnet_township_108672199>	
	<Sayeed_Tahir_Shah>	rdf:type	<wordnet_football_player_110101634>	
	<Indian_Reform_League_(Fiji)>	rdf:type	<wordnet_organization_108008335>	
	<My_Boss_My_Hero>	rdf:type	<wordnet_television_106277280>	
	<Pier_Six_Concert_Pavilion>	rdf:type	<wordnet_venue_108677628>	
	<Kılıç_Ali_Pasha_Complex>	rdf:type	<wordnet_mosque_103788195>	
	<Taras_Bulba-Borovets>	rdf:type	<wordnet_survivor_110681194>	
	<Jennifer_Siebel>	rdf:type	<wordnet_alumnus_109786338>	
	<Walter_McNutt>	rdf:type	<wordnet_state_senator_110650076>	
	<Darren_Sadler>	rdf:type	<wordnet_person_100007846>	
	<Davey_Crockett_(baseball)>	rdf:type	<wordnet_player_110439851>	
	<Jason_W._Fleischer>	rdf:type	<wordnet_person_100007846>	
	<Don_Diablo>	rdf:type	<wordnet_disk_jockey_110017272>	
	<Richard_Fromberg>	rdf:type	<wordnet_rival_110533013>	
	<Holmen_(company)>	rdf:type	<wordnet_company_108058098>	
	<Zé_Luís_(Mozambican_footballer)>	rdf:type	<wordnet_football_player_110101634>	
	<Andy_Hughes>	rdf:type	<wordnet_person_100007846>	
	<Bob_MacKinnon>	rdf:type	<wordnet_coach_109931640>	
	<Artur_Kumykov>	rdf:type	<wordnet_person_100007846>	
	<Flomaton,_Alabama>	rdf:type	<wordnet_town_108665504>	
	<Dolany,_Greater_Poland_Voivodeship>	rdf:type	<wordnet_administrative_district_108491826>	
	<Neville_Beard>	rdf:type	<wordnet_medalist_110304914>	
	<Englesqueville-en-Auge>	rdf:type	<wordnet_commune_108541609>	
	<Robert_Dalby>	rdf:type	<wordnet_alumnus_109786338>	
	<The_Defector_(film)>	rdf:type	<wordnet_movie_106613686>	
	<Archibald_Frazer-Nash>	rdf:type	<wordnet_inventor_110214637>	
	<Gilroyd>	rdf:type	<wordnet_village_108672738>	
	<Ever_Glory_Publishing>	rdf:type	<wordnet_company_108058098>	
	<University_High_School_(Fresno)>	rdf:type	<wordnet_senior_high_school_108409617>	
	<Rawnsley's_Bowerbird>	rdf:type	<wordnet_specimen_105822239>	
	<Didier_Burkhalter>	rdf:type	<wordnet_officeholder_110371450>	
	<Bob_Harley>	rdf:type	<wordnet_citizen_109923673>	
	<The_Elvis_Brothers>	rdf:type	<wordnet_musical_organization_108246613>	
	<Matt_Carbon>	rdf:type	<wordnet_soccer_player_110618342>	
	<Vin_Moore>	rdf:type	<wordnet_actor_109765278>	
	<Halfling_(Dungeons_&_Dragons)>	rdf:type	<wordnet_animal_100015388>	
	<Anil_Kumar_(judoka)>	rdf:type	<wordnet_person_100007846>	
	<Pensaukee_(community),_Wisconsin>	rdf:type	<wordnet_site_108651247>	
	<Essex>	rdf:type	<wordnet_region_108630039>	
	<Raimund_Pigneter>	rdf:type	<wordnet_person_100007846>	
	<Per_G._Malm>	rdf:type	<wordnet_person_100007846>	
	<Velvet_Blue_Music>	rdf:type	<wordnet_company_108058098>	
	<SS_Rex>	rdf:type	<wordnet_ship_104194289>	
	<Kamil_Zayatte>	rdf:type	<wordnet_person_100007846>	
	<Edward_Ten_Eyck>	rdf:type	<wordnet_oarsman_110368920>	
	<Bottisham_Village_College>	rdf:type	<wordnet_academy_108279298>	
	<Bandai-Asahi_National_Park>	rdf:type	<wordnet_area_108497294>	
	<All_Saints_Church,_Lawshall>	rdf:type	<wordnet_building_102913152>	
	<Cabrini_High_School_(New_Orleans,_Louisiana)>	rdf:type	<wordnet_school_108276720>	
	<Race–Vine_(SEPTA_station)>	rdf:type	<wordnet_railway_station_104049098>	
	<BMX_Simulator>	rdf:type	<wordnet_game_100456199>	
	<Roter_Kamm_crater>	rdf:type	<wordnet_volcanic_crater_109472413>	
	<Paul_Brechler>	rdf:type	<wordnet_basketball_player_109842047>	
	<Wang_Meng_(author)>	rdf:type	<wordnet_novelist_110363573>	
	<Willamette_Week>	rdf:type	<wordnet_publication_106589574>	
	<Pietro_Bembo>	rdf:type	<wordnet_poet_110444194>	
	<Anne_of_Bohemia,_Duchess_of_Austria>	rdf:type	<wordnet_person_100007846>	
	<Talangalla>	rdf:type	<wordnet_administrative_district_108491826>	
	<Filesystem_permissions>	rdf:type	<wordnet_file_system_105732614>	
	<Ultrahyperbolic_equation>	rdf:type	<wordnet_operator_113786413>	
	<Good_Chef_Bad_Chef>	rdf:type	<wordnet_introduction_100238022>	
	<Covering_system>	rdf:type	<wordnet_problem_114410605>	
	<William_D._Russell_(director)>	rdf:type	<wordnet_film_director_110088200>	
	<Károly_Krajczár>	rdf:type	<wordnet_person_100007846>	
	<Ian_Marsh_(footballer)>	rdf:type	<wordnet_football_player_110101634>	
	<Rossair_Europe>	rdf:type	<wordnet_airline_102690081>	
	<East_Haven_Academy>	rdf:type	<wordnet_public_school_108410282>	
	<Eddie_Stuart>	rdf:type	<wordnet_director_110014939>	
	<Viktor_Borodatchev>	rdf:type	<wordnet_pilot_110433164>	
	<Bloody_Saturday_(photograph)>	rdf:type	<wordnet_oeuvre_103841417>	
	<Tu_Cheng-sheng>	rdf:type	<wordnet_alumnus_109786338>	
	<Stephen_Hopgood>	rdf:type	<wordnet_academician_109759069>	
	<Knorozy>	rdf:type	<wordnet_administrative_district_108491826>	
	<William_Elphinstone>	rdf:type	<wordnet_scholar_110557854>	
	<Osaka_Ohtani_College>	rdf:type	<wordnet_junior_college_108282364>	
	<Patrick_Crowby>	rdf:type	<wordnet_politician_110451263>	
	<Lilias_Trotter>	rdf:type	<wordnet_missionary_110322957>	
	<Craig_Padilla>	rdf:type	<wordnet_person_100007846>	
	<Arlington_Cemetery_Co>	rdf:type	<wordnet_cemetery_108521623>	
	<School_of_Hard_Knocks_(Desperate_Housewives)>	rdf:type	<wordnet_episode_106396330>	
	<Millennium_Galleries>	rdf:type	<wordnet_museum_103800563>	
	<Eugene_Martini>	rdf:type	<wordnet_landscape_architect_110245863>	
	<Penarth_RFC>	rdf:type	<wordnet_club_108227214>	
	<Johnathan_Jagid>	rdf:type	<wordnet_neurosurgeon_110354754>	
	<Arie_van_Vliet>	rdf:type	<wordnet_person_100007846>	
	<Jim_Marsalis>	rdf:type	<wordnet_cornerback_109965787>	
	<Gymnopilus_fuscosquamulosus>	rdf:type	<wordnet_fungus_112992868>	
	<Lee_Jasper>	rdf:type	<wordnet_militant_110315837>	
	<Shadow_Dancer>	rdf:type	<wordnet_game_100456199>	
	<Honeycomb_cowfish>	rdf:type	<wordnet_animal_100015388>	
	<Katharine_Elizabeth_Dopp>	rdf:type	<wordnet_anthropologist_109796323>	
	<Camborne_Town_Band>	rdf:type	<wordnet_brass_band_108249336>	
	<Owando_District>	rdf:type	<wordnet_district_108552138>	
	<Tribal_Streetwear>	rdf:type	<wordnet_company_108058098>	
	<James_Adler>	rdf:type	<wordnet_pianist_110430665>	
	<Sindel_(village)>	rdf:type	<wordnet_administrative_district_108491826>	
	<John_Monk_Saunders>	rdf:type	<wordnet_novelist_110363573>	
	<Mananjary,_Fianarantsoa>	rdf:type	<wordnet_city_108524735>	
	<György_Balla>	rdf:type	<wordnet_officeholder_110371450>	
	<Erik_Anker_Steen>	rdf:type	<wordnet_historian_110177150>	
	<Max_Ritter>	rdf:type	<wordnet_swimmer_110683349>	
	<Gilda_Mignonette>	rdf:type	<wordnet_singer_110599806>	
	<Gepebus>	rdf:type	<wordnet_bus_102924116>	
	<Dancing_with_Strangers>	rdf:type	<wordnet_album_106591815>	
	<Vera_Nazarian>	rdf:type	<wordnet_person_100007846>	
	<Dextromethorphan>	rdf:type	<wordnet_antitussive_102725242>	
	<Elizabeth_of_the_Trinity>	rdf:type	<wordnet_mystic_110343554>	
	<We_Con_the_World>	rdf:type	<wordnet_parody_106780309>	
	<Adolf_Werner>	rdf:type	<wordnet_football_player_110101634>	
	<John_Hall_Magowan>	rdf:type	<wordnet_alumnus_109786338>	
	<Lorenzo_Ricci_(athlete)>	rdf:type	<wordnet_sprinter_110641413>	
	<Samuel_Maresius>	rdf:type	<wordnet_theologian_110705615>	
	<Charles_Asati>	rdf:type	<wordnet_sprinter_110641413>	
	<Estadio_Rafael_Calles_Pinto>	rdf:type	<wordnet_stadium_104295881>	
	<Celebrity_Justice>	rdf:type	<wordnet_introduction_100238022>	
	<Kathleen_Sullivan>	rdf:type	<wordnet_officeholder_110371450>	
	<Marla_Kanelos>	rdf:type	<wordnet_writer_110794014>	
	<Henry_Snyder_High_School>	rdf:type	<wordnet_school_108276720>	
	<Korean_language>	rdf:type	<wordnet_language_106282651>	
	<Wilson_Flagg>	rdf:type	<wordnet_aviator_109826204>	
	<Adair_Cardoso>	rdf:type	<wordnet_person_100007846>	
	<Lars_Tharp>	rdf:type	<wordnet_curator_109983889>	
	<Delfina_Ortega_Díaz>	rdf:type	<wordnet_person_100007846>	
	<Hurricane_Michael>	rdf:type	<wordnet_hurricane_111467018>	
	<William_Stout>	rdf:type	<wordnet_person_100007846>	
	<Shkëlqim_Muça>	rdf:type	<wordnet_director_110014939>	
	<Eryl_Davies>	rdf:type	<wordnet_person_100007846>	
	<Mark_Osiecki>	rdf:type	<wordnet_hockey_coach_110179207>	
	<The_Journalist>	rdf:type	<wordnet_movie_106613686>	
	<Félix_Faure>	rdf:type	<wordnet_person_100007846>	
	<Thomas_Green_(footballer)>	rdf:type	<wordnet_football_player_110101634>	
	<Syl_Cheney-Coker>	rdf:type	<wordnet_novelist_110363573>	
	<C.P.Singh>	rdf:type	<wordnet_politician_110451263>	
	<The_Companion>	rdf:type	<wordnet_princess_110474064>	
	<Wage_slavery>	rdf:type	<wordnet_practice_100410247>	
	<C_V_Ananda_Bose>	rdf:type	<wordnet_person_100007846>	
	<René_II,_Duke_of_Lorraine>	rdf:type	<wordnet_baron_109840520>	
	<Ivan_Lazhechnikov>	rdf:type	<wordnet_dramatist_110030277>	
	<Leuvehaven_(Rotterdam_Metro)>	rdf:type	<wordnet_station_104306080>	
	<Saw_(video_game)>	rdf:type	<wordnet_game_100456199>	
	<Hussain_Al_Jasmi>	rdf:type	<wordnet_person_100007846>	
	<Jake_Livingstone>	rdf:type	<wordnet_pitcher_110435988>	
	<Fluminorex>	rdf:type	<wordnet_amine_114739004>	
	<System_context_diagram>	rdf:type	<wordnet_diagram_103186399>	
	<Ross_Campbell_(footballer)>	rdf:type	<wordnet_forward_110105733>	
	<Pat_Kavanagh_(ice_hockey)>	rdf:type	<wordnet_person_100007846>	
	<Anglo-Indian>	rdf:type	<wordnet_ethnic_group_107967382>	
	<Torrelacárcel>	rdf:type	<wordnet_site_108651247>	
	<National_Library_of_Ireland>	rdf:type	<wordnet_archive_102735086>	
	<Robert_Purvis>	rdf:type	<wordnet_alumnus_109786338>	
	<Paule_Gauthier>	rdf:type	<wordnet_military_officer_110317007>	
	<Heinrich_Rohrer>	rdf:type	<wordnet_laureate_110249011>	
	<Laurie_Halse_Anderson>	rdf:type	<wordnet_writer_110794014>	
	<Mark_Mardell>	rdf:type	<wordnet_alumnus_109786338>	
	<Köy_Hizmetleri_Anadolu_Lisesi>	rdf:type	<wordnet_senior_high_school_108409617>	
	<Norfolk_&_Western_(band)>	rdf:type	<wordnet_musical_organization_108246613>	
	<Tim_Rawlings>	rdf:type	<wordnet_person_100007846>	
	<David_Koppel>	rdf:type	<wordnet_photographer_110426749>	
	<Fukuyama_City_University>	rdf:type	<wordnet_university_108286569>	
	<Charles_Peters>	rdf:type	<wordnet_writer_110794014>	
	<Dyab_Abou_Jahjah>	rdf:type	<wordnet_militant_110315837>	
	<Cyril_Blažo>	rdf:type	<wordnet_artist_109812338>	
	<Jack_Johnson_(footballer)>	rdf:type	<wordnet_player_110439851>	
	<Higbald_of_Lindisfarne>	rdf:type	<wordnet_bishop_109857200>	
	<Gemma_Atkinson>	rdf:type	<wordnet_actor_109765278>	
	<Mother_City_F.C.>	rdf:type	<wordnet_club_108227214>	
	<Hans_Peter_Minderhoud>	rdf:type	<wordnet_rider_110529965>	
	<Tom_Moore_(American_football_coach)>	rdf:type	<wordnet_person_100007846>	
	<Fontaine_Louvois>	rdf:type	<wordnet_fountain_103388043>	
	<Holleford,_Ontario>	rdf:type	<wordnet_community_108223802>	
	<National_Congress_of_Trade_Unions>	rdf:type	<wordnet_union_108233056>	
	<George_Swede>	rdf:type	<wordnet_person_100007846>	
	<Gilbert_Morgan>	rdf:type	<wordnet_person_100007846>	
	<William_E._Metzger,_Jr.>	rdf:type	<wordnet_person_100007846>	
	<Kaogma_Festival>	rdf:type	<wordnet_festival_115162388>	
	<Peter_Woolcott>	rdf:type	<wordnet_diplomat_110013927>	
