	<A>	rdfs:label	"IPA"@help	
	<A>	rdfs:label	"A Dictionary of the English Language/A"	
	<A>	rdfs:label	"A Dictionary of the English Language"	
	<A>	rdfs:label	"A"@ace	
	<A>	rdfs:label	"A"@afr	
	<A>	rdfs:label	"A"@als	
	<A>	rdfs:label	"A"@ara	
	<A>	rdfs:label	"A"@arg	
	<A>	rdfs:label	"A"@arc	
	<A>	rdfs:label	"A"@ast	
	<A>	rdfs:label	"A"@aze	
	<A>	rdfs:label	"A (Ğ»Ğ°Ñ‚Ğ¸Ğ½ Ñ…Ó™Ñ€ĞµÑ„Ğµ)"@bak	
	<A>	rdfs:label	"A, Ğ»Ñ–Ñ‚Ğ°Ñ€Ğ°"@bel	
	<A>	rdfs:label	"A"@bul	
	<A>	rdfs:label	"A"@bar	
	<A>	rdfs:label	"A"@bos	
	<A>	rdfs:label	"A (lizherenn)"@bre	
	<A>	rdfs:label	"A"@cat	
	<A>	rdfs:label	"A"@ces	
	<A>	rdfs:label	"A"@tum	
	<A>	rdfs:label	"A"@cos	
	<A>	rdfs:label	"A"@cym	
	<A>	rdfs:label	"A"@dan	
	<A>	rdfs:label	"A"@deu	
	<A>	rdfs:label	"Ş‡Ş­"@div	
	<A>	rdfs:label	"A"@est	
	<A>	rdfs:label	"A"@ell	
	<A>	rdfs:label	"A"@eml	
	<A>	rdfs:label	"A"@spa	
	<A>	rdfs:label	"A"@epo	
	<A>	rdfs:label	"A"@eus	
	<A>	rdfs:label	"A"@fas	
	<A>	rdfs:label	"A (lettre)"@fra	
	<A>	rdfs:label	"A"@fry	
	<A>	rdfs:label	"A"@fur	
	<A>	rdfs:label	"Aittyn"@glv	
	<A>	rdfs:label	"A"@gla	
	<A>	rdfs:label	"A"@glg	
	<A>	rdfs:label	"A"@gan	
	<A>	rdfs:label	"A Ò¯Ğ·Ğ³"@xal	
	<A>	rdfs:label	"A"@kor	
	<A>	rdfs:label	"A (Õ¬Õ¡Õ¿Õ«Õ¶Õ¡Õ¯Õ¡Õ¶)"@hye	
	<A>	rdfs:label	"A"@hrv	
	<A>	rdfs:label	"A"@ido	
	<A>	rdfs:label	"A"@ilo	
	<A>	rdfs:label	"A"@ind	
	<A>	rdfs:label	"A"@ina	
	<A>	rdfs:label	"A"@isl	
	<A>	rdfs:label	"A"@ita	
	<A>	rdfs:label	"A"@heb	
	<A>	rdfs:label	"A"@jav	
	<A>	rdfs:label	"A"@kat	
	<A>	rdfs:label	"A"@csb	
	<A>	rdfs:label	"A"@cor	
	<A>	rdfs:label	"A"@swa	
	<A>	rdfs:label	"A"@hat	
	<A>	rdfs:label	"A (tÃ®p)"@kur	
	<A>	rdfs:label	"A"@lat	
	<A>	rdfs:label	"A"@lav	
	<A>	rdfs:label	"A (Buschtaf)"@ltz	
	<A>	rdfs:label	"A"@lit	
	<A>	rdfs:label	"A"@lmo	
	<A>	rdfs:label	"A"@hun	
	<A>	rdfs:label	"A (Ğ›Ğ°Ñ‚Ğ¸Ğ½Ğ¸Ñ†Ğ°)"@mkd	
	<A>	rdfs:label	"A"@mlg	
	<A>	rdfs:label	"A"@mal	
	<A>	rdfs:label	"A"@mar	
	<A>	rdfs:label	"A"@mzn	
	<A>	rdfs:label	"A"@msa	
	<A>	rdfs:label	"á€¡á€± (á€¡á€€á€¹á€á€›á€¬)"@mya	
	<A>	rdfs:label	"A"@nah	
	<A>	rdfs:label	"A (letter)"@nld	
	<A>	rdfs:label	"A"@jpn	
	<A>	rdfs:label	"A"@nap	
	<A>	rdfs:label	"A"@nor	
	<A>	rdfs:label	"A"@nno	
	<A>	rdfs:label	"A"@nrm	
	<A>	rdfs:label	"A (Ğ»Ğ°Ñ‚Ğ¸Ğ½ Ñ‚Ğ¸ÑˆÑ‚Ğµ)"@mhr	
	<A>	rdfs:label	"A (harf)"@uzb	
	<A>	rdfs:label	"A"@pol	
	<A>	rdfs:label	"A"@por	
	<A>	rdfs:label	"A"@crh	
	<A>	rdfs:label	"A"@ron	
	<A>	rdfs:label	"A"@que	
	<A>	rdfs:label	"A (Ğ»Ğ°Ñ‚Ğ¸Ğ½Ğ¸Ñ†Ğ°)"@rus	
	<A>	rdfs:label	"A"@sme	
	<A>	rdfs:label	"A"@stq	
	<A>	rdfs:label	"A"@scn	
	<A>	rdfs:label	"A"@simple	
	<A>	rdfs:label	"A"@slk	
	<A>	rdfs:label	"A"@slv	
	<A>	rdfs:label	"A"@szl	
	<A>	rdfs:label	"A"@srn	
	<A>	rdfs:label	"A (ÑĞ»Ğ¾Ğ²Ğ¾ Ğ»Ğ°Ñ‚Ğ¸Ğ½Ğ¸Ñ†Ğµ)"@srp	
	<A>	rdfs:label	"A"@sh	
	<A>	rdfs:label	"A"@sun	
	<A>	rdfs:label	"A"@fin	
	<A>	rdfs:label	"A"@swe	
	<A>	rdfs:label	"A"@tgl	
	<A>	rdfs:label	"A"@tha	
	<A>	rdfs:label	"A"@tur	
	<A>	rdfs:label	"A"@tuk	
	<A>	rdfs:label	"A (Ğ»Ğ°Ñ‚Ğ¸Ğ½Ğ¸Ñ†Ñ)"@ukr	
	<A>	rdfs:label	"A"@vie	
	<A>	rdfs:label	"A"@vol	
	<A>	rdfs:label	"A"@war	
	<A>	rdfs:label	"A"@yid	
	<A>	rdfs:label	"A"@yor	
	<A>	rdfs:label	"A"@zh-yue	
	<A>	rdfs:label	"A"@diq	
	<A>	rdfs:label	"A"@bat-smg	
	<A>	rdfs:label	"A"@zho	
	<Alabama>	rdfs:label	"Alabama"@afr	
	<Alabama>	rdfs:label	"Alabama"@ang	
	<Alabama>	rdfs:label	"Ø£Ù„Ø§Ø¨Ø§Ù…Ø§"@ara	
	<Alabama>	rdfs:label	"Alabama"@arg	
	<Alabama>	rdfs:label	"ÜÜ Ü’ÜÜ¡Ü"@arc	
	<Alabama>	rdfs:label	"Alabama"@roa-rup	
	<Alabama>	rdfs:label	"Alabama"@frp	
	<Alabama>	rdfs:label	"Alabama"@ast	
	<Alabama>	rdfs:label	"Alabama"@aze	
	<Alabama>	rdfs:label	"à¦†à¦²à¦¾à¦¬à¦¾à¦®à¦¾"@ben	
	<Alabama>	rdfs:label	"Ğ¨Ñ‚Ğ°Ñ‚ ĞĞ»Ğ°Ğ±Ğ°Ğ¼Ğ°"@bel	
	<Alabama>	rdfs:label	"à¤à¤²à¤¬à¤¾à¤®à¤¾"@bih	
	<Alabama>	rdfs:label	"Alabama"@bcl	
	<Alabama>	rdfs:label	"Alabama"@bis	
	<Alabama>	rdfs:label	"ĞĞ»Ğ°Ğ±Ğ°Ğ¼Ğ°"@bul	
	<Alabama>	rdfs:label	"Alabama"@bar	
	<Alabama>	rdfs:label	"à½¨à¼‹à½£à¼‹à½”à¼‹à½˜à¼"@bod	
	<Alabama>	rdfs:label	"Alabama"@bos	
	<Alabama>	rdfs:label	"Alabama (stad)"@bre	
	<Alabama>	rdfs:label	"Alabama"@cat	
	<Alabama>	rdfs:label	"ĞĞ»Ğ°Ğ±Ğ°Ğ¼Ğ° (ÑˆÑ‚Ğ°Ñ‚)"@chv	
	<Alabama>	rdfs:label	"Alabama"@ces	
	<Alabama>	rdfs:label	"Alabama"@cos	
	<Alabama>	rdfs:label	"Alabama"@cym	
	<Alabama>	rdfs:label	"Alabama"@dan	
	<Alabama>	rdfs:label	"Alabama"@deu	
	<Alabama>	rdfs:label	"Ã‰lÃ¡bÃ©emah Hahoodzo"@nav	
	<Alabama>	rdfs:label	"Alabama"@est	
	<Alabama>	rdfs:label	"Î‘Î»Î±Î¼Ï€Î¬Î¼Î±"@ell	
	<Alabama>	rdfs:label	"Alabama"@spa	
	<Alabama>	rdfs:label	"Alabamo"@epo	
	<Alabama>	rdfs:label	"Alabama"@eus	
	<Alabama>	rdfs:label	"Ø¢Ù„Ø§Ø¨Ø§Ù…Ø§"@fas	
	<Alabama>	rdfs:label	"Alabama"@hif	
	<Alabama>	rdfs:label	"Alabama"@fao	
	<Alabama>	rdfs:label	"Alabama"@fra	
	<Alabama>	rdfs:label	"Alabama"@fry	
	<Alabama>	rdfs:label	"Alabama"@gle	
	<Alabama>	rdfs:label	"Alabama"@glv	
	<Alabama>	rdfs:label	"Alabama"@gag	
	<Alabama>	rdfs:label	"Alabama"@gla	
	<Alabama>	rdfs:label	"Alabama"@glg	
	<Alabama>	rdfs:label	"àª…àª²àª¾àª¬àª¾àª®àª¾"@guj	
	<Alabama>	rdfs:label	"Ã‚-lÃ¢-pÃ¢-mÃ¢"@hak	
	<Alabama>	rdfs:label	"ì•¨ë¼ë°°ë§ˆ ì£¼"@kor	
	<Alabama>	rdfs:label	"â€˜Alapama"@haw	
	<Alabama>	rdfs:label	"Ô±Õ¬Õ¡Õ¢Õ¡Õ´Õ¡ (Õ¶Õ¡Õ°Õ¡Õ¶Õ£)"@hye	
	<Alabama>	rdfs:label	"à¤…à¤²à¤¾à¤¬à¤¾à¤®à¤¾"@hin	
	<Alabama>	rdfs:label	"Alabama"@hrv	
	<Alabama>	rdfs:label	"Alabama"@ido	
	<Alabama>	rdfs:label	"Alabama"@ibo	
	<Alabama>	rdfs:label	"Alabama"@ilo	
	<Alabama>	rdfs:label	"à¦†à¦²à¦¾à¦¬à¦¾à¦®à¦¾"@bpy	
	<Alabama>	rdfs:label	"Alabama"@ind	
	<Alabama>	rdfs:label	"Alabama"@ina	
	<Alabama>	rdfs:label	"Alabama"@ile	
	<Alabama>	rdfs:label	"á‹á“›á¹á’«"@iku	
	<Alabama>	rdfs:label	"Alabama"@ipk	
	<Alabama>	rdfs:label	"ĞĞ»Ğ°Ğ±Ğ°Ğ¼Ã¦ (ÑˆÑ‚Ğ°Ñ‚)"@oss	
	<Alabama>	rdfs:label	"Alabama"@isl	
	<Alabama>	rdfs:label	"Alabama"@ita	
	<Alabama>	rdfs:label	"××œ×‘××”"@heb	
	<Alabama>	rdfs:label	"Alabama"@jav	
	<Alabama>	rdfs:label	"à²…à²²à²¬à²¾à²®"@kan	
	<Alabama>	rdfs:label	"Alabama"@pam	
	<Alabama>	rdfs:label	"áƒáƒšáƒáƒ‘áƒáƒ›áƒ"@kat	
	<Alabama>	rdfs:label	"Alabama"@cor	
	<Alabama>	rdfs:label	"Alabama"@swa	
	<Alabama>	rdfs:label	"Alabama"@hat	
	<Alabama>	rdfs:label	"Alabama"@kur	
	<Alabama>	rdfs:label	"ĞĞ»Ğ°Ğ±Ğ°Ğ¼Ğ° (ÑˆÑ‚Ğ°Ñ‚)"@mrj	
	<Alabama>	rdfs:label	"Alabama"@lad	
	<Alabama>	rdfs:label	"ĞĞ»Ğ°Ğ±Ğ°Ğ¼Ğ°"@lez	
	<Alabama>	rdfs:label	"Alabama"@lat	
	<Alabama>	rdfs:label	"Alabama"@lav	
	<Alabama>	rdfs:label	"Alabama (Bundesstaat)"@ltz	
	<Alabama>	rdfs:label	"Alabama"@lit	
	<Alabama>	rdfs:label	"Alabamm-a"@lij	
	<Alabama>	rdfs:label	"Alabama"@lim	
	<Alabama>	rdfs:label	"alybamas"@jbo	
	<Alabama>	rdfs:label	"Alabama"@lmo	
	<Alabama>	rdfs:label	"Alabama"@hun	
	<Alabama>	rdfs:label	"ĞĞ»Ğ°Ğ±Ğ°Ğ¼Ğ°"@mkd	
	<Alabama>	rdfs:label	"Alabama"@mlg	
	<Alabama>	rdfs:label	"à´…à´²à´¬à´¾à´®"@mal	
	<Alabama>	rdfs:label	"Alabama"@mri	
	<Alabama>	rdfs:label	"à¤…à¤²à¤¾à¤¬à¤¾à¤®à¤¾"@mar	
	<Alabama>	rdfs:label	"Ø§Ù„Ø§Ø¨Ø§Ù…Ø§"@arz	
	<Alabama>	rdfs:label	"Alabama"@msa	
	<Alabama>	rdfs:label	"Alabama"@mwl	
	<Alabama>	rdfs:label	"ĞĞ»Ğ°Ğ±Ğ°Ğ¼Ğ°"@mon	
	<Alabama>	rdfs:label	"Alabama"@nah	
	<Alabama>	rdfs:label	"Alabama"@nld	
	<Alabama>	rdfs:label	"Alabama (stoat)"@nds-nl	
	<Alabama>	rdfs:label	"à¤…à¤²à¤¾à¤¬à¤¾à¤®à¤¾"@nep	
	<Alabama>	rdfs:label	"ã‚¢ãƒ©ãƒãƒå·"@jpn	
	<Alabama>	rdfs:label	"Alabama"@nap	
	<Alabama>	rdfs:label	"Alabama"@frr	
	<Alabama>	rdfs:label	"Alabama"@nor	
	<Alabama>	rdfs:label	"Alabama"@nno	
	<Alabama>	rdfs:label	"Alabama"@oci	
	<Alabama>	rdfs:label	"Alabama"@uzb	
	<Alabama>	rdfs:label	"Ø§Ù„Ø§Ø¨Ø§Ù…Ø§"@pnb	
	<Alabama>	rdfs:label	"Alabama"@pap	
	<Alabama>	rdfs:label	"Alabama"@pms	
	<Alabama>	rdfs:label	"Alabama"@nds	
	<Alabama>	rdfs:label	"Alabama"@pol	
	<Alabama>	rdfs:label	"Alabama"@por	
	<Alabama>	rdfs:label	"Alabama"@ron	
	<Alabama>	rdfs:label	"Alabama"@roh	
	<Alabama>	rdfs:label	"Alabama suyu"@que	
	<Alabama>	rdfs:label	"ĞĞ»Ğ°Ğ±Ğ°Ğ¼Ğ°"@rus	
	<Alabama>	rdfs:label	"ĞĞ»Ğ°Ğ±Ğ°Ğ¼Ğ°"@sah	
	<Alabama>	rdfs:label	"à¤…à¤²à¤¾à¤¬à¤¾à¤®à¤¾"@san	
	<Alabama>	rdfs:label	"Alabama"@sqi	
	<Alabama>	rdfs:label	"Alabama"@scn	
	<Alabama>	rdfs:label	"Alabama"@simple	
	<Alabama>	rdfs:label	"Alabama"@slk	
	<Alabama>	rdfs:label	"Alabama"@slv	
	<Alabama>	rdfs:label	"Alabama"@szl	
	<Alabama>	rdfs:label	"Alabama"@som	
	<Alabama>	rdfs:label	"Ø¦Û•Ù„Ø§Ø¨Ø§Ù…Ø§"@ckb	
	<Alabama>	rdfs:label	"ĞĞ»Ğ°Ğ±Ğ°Ğ¼Ğ°"@srp	
	<Alabama>	rdfs:label	"Alabama"@sh	
	<Alabama>	rdfs:label	"Alabama"@fin	
	<Alabama>	rdfs:label	"Alabama"@swe	
	<Alabama>	rdfs:label	"Alabama"@tgl	
	<Alabama>	rdfs:label	"à®…à®²à®ªà®¾à®®à®¾"@tam	
	<Alabama>	rdfs:label	"ĞĞ»Ğ°Ğ±Ğ°Ğ¼Ğ°"@tat	
	<Alabama>	rdfs:label	"à°…à°²à°¬à°¾à°®à°¾"@tel	
	<Alabama>	rdfs:label	"à¸£à¸±à¸à¹à¸­à¸¥à¸°à¹à¸šà¸¡à¸²"@tha	
	<Alabama>	rdfs:label	"Alabama"@tur	
	<Alabama>	rdfs:label	"ĞĞ»Ğ°Ğ±Ğ°Ğ¼Ğ°"@ukr	
	<Alabama>	rdfs:label	"Ø§Ù„Ø§Ø¨Ø§Ù…Ø§"@urd	
	<Alabama>	rdfs:label	"Alabama Shitati"@uig	
	<Alabama>	rdfs:label	"Alabama"@vie	
	<Alabama>	rdfs:label	"Alabama"@vol	
	<Alabama>	rdfs:label	"Alabama"@war	
	<Alabama>	rdfs:label	"××œ××‘×××"@yid	
	<Alabama>	rdfs:label	"Ipinle Alabama"@yor	
	<Alabama>	rdfs:label	"Alabama"@diq	
	<Alabama>	rdfs:label	"Alabama"@bat-smg	
	<Alabama>	rdfs:label	"äºšæ‹‰å·´é©¬å·"@zho	
	<Achilles>	rdfs:label	"Achilles"@afr	
	<Achilles>	rdfs:label	"Ø¢Ø®ÙŠÙ„"@ara	
	<Achilles>	rdfs:label	"Aquiles"@arg	
	<Achilles>	rdfs:label	"Axilles"@aze	
	<Achilles>	rdfs:label	"à¦…à§à¦¯à¦¾à¦•à¦¿à¦²à¦¿à¦¸"@ben	
	<Achilles>	rdfs:label	"ĞÑ…Ñ–Ğ»"@bel	
	<Achilles>	rdfs:label	"ĞÑ…Ğ¸Ğ»"@bul	
	<Achilles>	rdfs:label	"Ahilej"@bos	
	<Achilles>	rdfs:label	"Akilles"@bre	
	<Achilles>	rdfs:label	"AquilÂ·les"@cat	
	<Achilles>	rdfs:label	"Achilles"@ces	
	<Achilles>	rdfs:label	"Achilles"@cym	
	<Achilles>	rdfs:label	"Achilleus"@dan	
	<Achilles>	rdfs:label	"Achilleus"@deu	
	<Achilles>	rdfs:label	"Achilleus"@est	
	<Achilles>	rdfs:label	"Î‘Ï‡Î¹Î»Î»Î­Î±Ï‚"@ell	
	<Achilles>	rdfs:label	"Aquiles"@spa	
	<Achilles>	rdfs:label	"AÄ¥ilo"@epo	
	<Achilles>	rdfs:label	"Akiles"@eus	
	<Achilles>	rdfs:label	"Ø¢Ø´ÛŒÙ„"@fas	
	<Achilles>	rdfs:label	"Achille"@fra	
	<Achilles>	rdfs:label	"Aichill"@gle	
	<Achilles>	rdfs:label	"Aquiles"@glg	
	<Achilles>	rdfs:label	"ì•„í‚¬ë ˆìš°ìŠ¤"@kor	
	<Achilles>	rdfs:label	"Ô±Ö„Õ«Õ¬Õ¬Õ¥Õ½"@hye	
	<Achilles>	rdfs:label	"à¤…à¤•à¤¿à¤²à¥€à¤œà¤¼"@hin	
	<Achilles>	rdfs:label	"Ahilej"@hrv	
	<Achilles>	rdfs:label	"Akhilles"@ind	
	<Achilles>	rdfs:label	"Achilles"@ina	
	<Achilles>	rdfs:label	"Akkilles"@isl	
	<Achilles>	rdfs:label	"Achille"@ita	
	<Achilles>	rdfs:label	"××›×™×œ×¡"@heb	
	<Achilles>	rdfs:label	"áƒáƒ¥áƒ˜áƒšáƒ”áƒ•áƒ¡áƒ˜"@kat	
	<Achilles>	rdfs:label	"Achilles"@lat	
	<Achilles>	rdfs:label	"Ahillejs"@lav	
	<Achilles>	rdfs:label	"Achilleus"@ltz	
	<Achilles>	rdfs:label	"Achilas"@lit	
	<Achilles>	rdfs:label	"Akhilleusz"@hun	
	<Achilles>	rdfs:label	"ĞÑ…Ğ¸Ğ»"@mkd	
	<Achilles>	rdfs:label	"à´…à´•àµà´•à´¿à´²à´¿à´¸àµ"@mal	
	<Achilles>	rdfs:label	"Akille"@mlt	
	<Achilles>	rdfs:label	"à¤…à¤•à¤¿à¤²à¤¿à¤¸"@mar	
	<Achilles>	rdfs:label	"Achilles"@nld	
	<Achilles>	rdfs:label	"ã‚¢ã‚­ãƒ¬ã‚¦ã‚¹"@jpn	
	<Achilles>	rdfs:label	"Akilles"@nor	
	<Achilles>	rdfs:label	"Achilles"@pol	
	<Achilles>	rdfs:label	"Aquiles"@por	
	<Achilles>	rdfs:label	"Ahile"@ron	
	<Achilles>	rdfs:label	"ĞÑ…Ğ¸Ğ»Ğ»"@rus	
	<Achilles>	rdfs:label	"Akili"@sqi	
	<Achilles>	rdfs:label	"Achilli"@scn	
	<Achilles>	rdfs:label	"Achilles"@simple	
	<Achilles>	rdfs:label	"Achilles (mytolÃ³gia)"@slk	
	<Achilles>	rdfs:label	"Ahil"@slv	
	<Achilles>	rdfs:label	"Ø¦Ø§Ø®ÛŒÙ„ÙˆØ³"@ckb	
	<Achilles>	rdfs:label	"ĞÑ…Ğ¸Ğ»"@srp	
	<Achilles>	rdfs:label	"Ahilej"@sh	
	<Achilles>	rdfs:label	"Akhilleus"@fin	
	<Achilles>	rdfs:label	"Akilles"@swe	
	<Achilles>	rdfs:label	"Achilles"@tgl	
	<Achilles>	rdfs:label	"à®…à®•à¯à®•à¯€à®²à®¿à®¯à®¸à¯"@tam	
	<Achilles>	rdfs:label	"à¸­à¸„à¸´à¸¥à¸¥à¸µà¸ª"@tha	
	<Achilles>	rdfs:label	"Akhilleus"@tur	
	<Achilles>	rdfs:label	"ĞÑ…Ñ–Ğ»Ğ»ĞµÑ"@ukr	
	<Achilles>	rdfs:label	"Ø§ÛŒÚ©Ù„ÛŒØ²"@urd	
	<Achilles>	rdfs:label	"AchÃ¬e"@vec	
	<Achilles>	rdfs:label	"Achilles"@vie	
	<Achilles>	rdfs:label	"é˜¿å–€ç‰æ–¯"@zho	
	<Abraham_Lincoln>	rdfs:label	"Abraham Lincoln"@afr	
	<Abraham_Lincoln>	rdfs:label	"áŠ á‰¥áˆ­áˆ€áˆ áˆŠáŠ•áŠ¨áŠ•"@amh	
	<Abraham_Lincoln>	rdfs:label	"Abraham Lincoln"@ang	
	<Abraham_Lincoln>	rdfs:label	"Ø£Ø¨Ø±Ø§Ù‡Ø§Ù… Ù„ÙŠÙ†ÙƒÙˆÙ†"@ara	
	<Abraham_Lincoln>	rdfs:label	"Abraham Lincoln"@arg	
	<Abraham_Lincoln>	rdfs:label	"Abraham Lincoln"@ast	
	<Abraham_Lincoln>	rdfs:label	"Avraam Linkoln"@aze	
	<Abraham_Lincoln>	rdfs:label	"à¦†à¦¬à§à¦°à¦¾à¦¹à¦¾à¦® à¦²à¦¿à¦‚à¦•à¦¨"@ben	
	<Abraham_Lincoln>	rdfs:label	"ĞÑÑ€Ğ°Ğ°Ğ¼ Ğ›Ñ–Ğ½ĞºĞ°Ğ»ÑŒĞ½"@bel	
	<Abraham_Lincoln>	rdfs:label	"Abraham Lincoln"@bcl	
	<Abraham_Lincoln>	rdfs:label	"Ğ•Ğ¹Ğ±Ñ€Ğ°Ñ…Ğ°Ğ¼ Ğ›Ğ¸Ğ½ĞºÑŠĞ»Ğ½"@bul	
	<Abraham_Lincoln>	rdfs:label	"Abraham Lincoln"@bar	
	<Abraham_Lincoln>	rdfs:label	"Abraham Lincoln"@bos	
	<Abraham_Lincoln>	rdfs:label	"Abraham Lincoln"@bre	
	<Abraham_Lincoln>	rdfs:label	"Abraham Lincoln"@cat	
	<Abraham_Lincoln>	rdfs:label	"Abraham Lincoln"@ceb	
	<Abraham_Lincoln>	rdfs:label	"Abraham Lincoln"@ces	
	<Abraham_Lincoln>	rdfs:label	"Abraham Lincoln"@cos	
	<Abraham_Lincoln>	rdfs:label	"Abraham Lincoln"@cym	
	<Abraham_Lincoln>	rdfs:label	"Abraham Lincoln"@dan	
	<Abraham_Lincoln>	rdfs:label	"Abraham Lincoln"@deu	
	<Abraham_Lincoln>	rdfs:label	"Ş‡Ş¦Ş„Ş°ŞƒŞ¦Ş€Ş¦Ş‰Ş° ŞŞ¨Ş‚Ş°Ş†Ş¦Ş‚Ş°"@div	
	<Abraham_Lincoln>	rdfs:label	"Abraham Lincoln"@dsb	
	<Abraham_Lincoln>	rdfs:label	"Abraham Lincoln"@est	
	<Abraham_Lincoln>	rdfs:label	"Î‘Î²ÏÎ±Î¬Î¼ Î›Î¯Î½ÎºÎ¿Î»Î½"@ell	
	<Abraham_Lincoln>	rdfs:label	"Abraham Lincoln"@spa	
	<Abraham_Lincoln>	rdfs:label	"Abraham Lincoln"@epo	
	<Abraham_Lincoln>	rdfs:label	"Abraham Lincoln"@eus	
	<Abraham_Lincoln>	rdfs:label	"Ø¢Ø¨Ø±Ø§Ù‡Ø§Ù… Ù„ÛŒÙ†Ú©Ù„Ù†"@fas	
	<Abraham_Lincoln>	rdfs:label	"Abraham Lincoln"@hif	
	<Abraham_Lincoln>	rdfs:label	"Abraham Lincoln"@fao	
	<Abraham_Lincoln>	rdfs:label	"Abraham Lincoln"@fra	
	<Abraham_Lincoln>	rdfs:label	"Abraham Lincoln"@fry	
	<Abraham_Lincoln>	rdfs:label	"Abraham Lincoln"@gle	
	<Abraham_Lincoln>	rdfs:label	"Abraham Lincoln"@glv	
	<Abraham_Lincoln>	rdfs:label	"Abraham Lincoln"@gla	
	<Abraham_Lincoln>	rdfs:label	"Abraham Lincoln"@glg	
	<Abraham_Lincoln>	rdfs:label	"äºä¼¯æ‹‰ç½•Â·æ—è‚¯"@gan	
	<Abraham_Lincoln>	rdfs:label	"Ã‚-pak-lÃ¢-hÃ³n LÃ¬m-khÃ©n"@hak	
	<Abraham_Lincoln>	rdfs:label	"ì—ì´ë¸ŒëŸ¬í–„ ë§ì»¨"@kor	
	<Abraham_Lincoln>	rdfs:label	"Ô±Õ¢Ö€Õ¡Õ°Õ¡Õ´ Ô¼Õ«Õ¶Ö„Õ¸Õ¬Õ¶"@hye	
	<Abraham_Lincoln>	rdfs:label	"à¤…à¤¬à¥à¤°à¤¾à¤¹à¤® à¤²à¤¿à¤‚à¤•à¤¨"@hin	
	<Abraham_Lincoln>	rdfs:label	"Abraham Lincoln"@hrv	
	<Abraham_Lincoln>	rdfs:label	"Abraham Lincoln"@ido	
	<Abraham_Lincoln>	rdfs:label	"Abraham Lincoln"@ilo	
	<Abraham_Lincoln>	rdfs:label	"Abraham Lincoln"@ind	
	<Abraham_Lincoln>	rdfs:label	"Abraham Lincoln"@ina	
	<Abraham_Lincoln>	rdfs:label	"Abraham Lincoln"@ile	
	<Abraham_Lincoln>	rdfs:label	"Ğ›Ğ¸Ğ½ĞºĞ¾Ğ»ÑŒĞ½, ĞĞ²Ñ€Ğ°Ğ°Ğ¼"@oss	
	<Abraham_Lincoln>	rdfs:label	"Abraham Lincoln"@isl	
	<Abraham_Lincoln>	rdfs:label	"Abramo Lincoln"@ita	
	<Abraham_Lincoln>	rdfs:label	"××‘×¨×”× ×œ×™× ×§×•×œ×Ÿ"@heb	
	<Abraham_Lincoln>	rdfs:label	"Abraham Lincoln"@jav	
	<Abraham_Lincoln>	rdfs:label	"à²…à²¬à³à²°à²¹à²®à³ à²²à²¿à²‚à²•à²¨à³"@kan	
	<Abraham_Lincoln>	rdfs:label	"Abraham Lincoln"@pam	
	<Abraham_Lincoln>	rdfs:label	"áƒáƒ‘áƒ áƒáƒáƒ› áƒšáƒ˜áƒœáƒ™áƒáƒšáƒœáƒ˜"@kat	
	<Abraham_Lincoln>	rdfs:label	"ĞĞ²Ñ€Ğ°Ğ°Ğ¼ Ğ›Ğ¸Ğ½ĞºĞ¾Ğ»ÑŒĞ½"@kaz	
	<Abraham_Lincoln>	rdfs:label	"Abraham Lincoln"@kin	
	<Abraham_Lincoln>	rdfs:label	"Abraham Lincoln"@swa	
	<Abraham_Lincoln>	rdfs:label	"Abraham Lincoln"@kur	
	<Abraham_Lincoln>	rdfs:label	"Ğ›Ğ¸Ğ½ĞºĞ¾Ğ»ÑŒĞ½, ĞĞ²Ñ€Ğ°Ğ°Ğ¼"@kir	
	<Abraham_Lincoln>	rdfs:label	"Abrahamus Lincoln"@lat	
	<Abraham_Lincoln>	rdfs:label	"Abrahams Linkolns"@lav	
	<Abraham_Lincoln>	rdfs:label	"Abraham Lincoln"@ltz	
	<Abraham_Lincoln>	rdfs:label	"Abraham Lincoln"@lit	
	<Abraham_Lincoln>	rdfs:label	"Abraham Lincoln"@hun	
	<Abraham_Lincoln>	rdfs:label	"ĞĞ±Ñ€Ğ°Ñ…Ğ°Ğ¼ Ğ›Ğ¸Ğ½ĞºĞ¾Ğ»Ğ½"@mkd	
	<Abraham_Lincoln>	rdfs:label	"à´…à´¬àµà´°à´¹à´¾à´‚ à´²à´¿à´™àµà´•àµº"@mal	
	<Abraham_Lincoln>	rdfs:label	"Abraham Lincoln"@mri	
	<Abraham_Lincoln>	rdfs:label	"à¤…à¤¬à¥à¤°à¤¾à¤¹à¤® à¤²à¤¿à¤‚à¤•à¤¨"@mar	
	<Abraham_Lincoln>	rdfs:label	"áƒáƒ‘áƒ áƒáƒáƒ› áƒšáƒ˜áƒœáƒ™áƒáƒšáƒœáƒ˜"@xmf	
	<Abraham_Lincoln>	rdfs:label	"Ø§Ø¨Ø±Ø§Ù‡Ø§Ù… Ù„ÙŠÙ†ÙƒÙˆÙ„Ù†"@arz	
	<Abraham_Lincoln>	rdfs:label	"Ø¢Ø¨Ø±Ø§Ù‡Ø§Ù… Ù„ÛŒÙ†Ú©Ù„Ù†"@mzn	
	<Abraham_Lincoln>	rdfs:label	"Abraham Lincoln"@msa	
	<Abraham_Lincoln>	rdfs:label	"á€¡á€±á€˜á€›á€¬á€Ÿá€™á€º á€œá€„á€ºá€€á€½á€”á€ºá€¸"@mya	
	<Abraham_Lincoln>	rdfs:label	"Abraham Lincoln"@nah	
	<Abraham_Lincoln>	rdfs:label	"Abraham Lincoln"@nld	
	<Abraham_Lincoln>	rdfs:label	"à¤…à¤¬à¥à¤°à¤¾à¤¹à¤® à¤²à¤¿à¤‚à¤•à¤¨"@nep	
	<Abraham_Lincoln>	rdfs:label	"ã‚¨ã‚¤ãƒ–ãƒ©ãƒãƒ ãƒ»ãƒªãƒ³ã‚«ãƒ¼ãƒ³"@jpn	
	<Abraham_Lincoln>	rdfs:label	"Abraham Lincoln"@nap	
	<Abraham_Lincoln>	rdfs:label	"Abraham Lincoln"@nor	
	<Abraham_Lincoln>	rdfs:label	"Abraham Lincoln"@nno	
	<Abraham_Lincoln>	rdfs:label	"Abraham Lincoln"@oci	
	<Abraham_Lincoln>	rdfs:label	"Abraham Lincoln"@uzb	
	<Abraham_Lincoln>	rdfs:label	"Ø§Ø¨Ø±Ø§ÛØ§Ù… Ù„Ù†Ú©Ù†"@pnb	
	<Abraham_Lincoln>	rdfs:label	"Abraham Lincoln"@pap	
	<Abraham_Lincoln>	rdfs:label	"á¢á¶á”áŸ’ášá¶á á¶á˜ á›á¸á“áá¼á“"@khm	
	<Abraham_Lincoln>	rdfs:label	"Abraham Lincoln"@pms	
	<Abraham_Lincoln>	rdfs:label	"Abraham Lincoln"@nds	
	<Abraham_Lincoln>	rdfs:label	"Abraham Lincoln"@pol	
	<Abraham_Lincoln>	rdfs:label	"Abraham Lincoln"@por	
	<Abraham_Lincoln>	rdfs:label	"Abraham Lincoln"@ron	
	<Abraham_Lincoln>	rdfs:label	"Abraham Lincoln"@roh	
	<Abraham_Lincoln>	rdfs:label	"Abraham Lincoln"@que	
	<Abraham_Lincoln>	rdfs:label	"ĞĞ±Ñ€Ğ°Ğ³Ğ°Ğ¼ Ğ›Ñ–Ğ½ĞºĞ¾Ğ»Ğ½"@rue	
	<Abraham_Lincoln>	rdfs:label	"Ğ›Ğ¸Ğ½ĞºĞ¾Ğ»ÑŒĞ½, ĞĞ²Ñ€Ğ°Ğ°Ğ¼"@rus	
	<Abraham_Lincoln>	rdfs:label	"Abraham Lincoln"@sco	
	<Abraham_Lincoln>	rdfs:label	"Abraham Lincoln"@sqi	
	<Abraham_Lincoln>	rdfs:label	"Abraham Lincoln"@scn	
	<Abraham_Lincoln>	rdfs:label	"Abraham Lincoln"@simple	
	<Abraham_Lincoln>	rdfs:label	"Abraham Lincoln"@slk	
	<Abraham_Lincoln>	rdfs:label	"Abraham Lincoln"@slv	
	<Abraham_Lincoln>	rdfs:label	"ĞĞ±Ñ€Ğ°Ñ…Ğ°Ğ¼ Ğ›Ğ¸Ğ½ĞºĞ¾Ğ»Ğ½"@srp	
	<Abraham_Lincoln>	rdfs:label	"Abraham Lincoln"@sh	
	<Abraham_Lincoln>	rdfs:label	"Abraham Lincoln"@fin	
	<Abraham_Lincoln>	rdfs:label	"Abraham Lincoln"@swe	
	<Abraham_Lincoln>	rdfs:label	"Abraham Lincoln"@tgl	
	<Abraham_Lincoln>	rdfs:label	"à®†à®ªà®¿à®°à®•à®¾à®®à¯ à®²à®¿à®™à¯à®•à®©à¯"@tam	
	<Abraham_Lincoln>	rdfs:label	"ĞĞ²Ñ€Ğ°Ğ°Ğ¼ Ğ›Ğ¸Ğ½ĞºĞ¾Ğ»ÑŒĞ½"@tat	
	<Abraham_Lincoln>	rdfs:label	"à°…à°¬à±à°°à°¹à°‚ à°²à°¿à°‚à°•à°¨à±"@tel	
	<Abraham_Lincoln>	rdfs:label	"à¹€à¸­à¸šà¸£à¸²à¸®à¸±à¸¡ à¸¥à¸´à¸‡à¹€à¸„à¸´à¸¥à¹Œà¸™"@tha	
	<Abraham_Lincoln>	rdfs:label	"ĞĞ²Ñ€Ğ°Ò³Ğ°Ğ¼ Ğ›Ğ¸Ğ½ĞºĞ¾Ğ»Ğ½"@tgk	
	<Abraham_Lincoln>	rdfs:label	"Abraham Lincoln"@tur	
	<Abraham_Lincoln>	rdfs:label	"ĞĞ²Ñ€Ğ°Ğ°Ğ¼ Ğ›Ñ–Ğ½ĞºĞ¾Ğ»ÑŒĞ½"@ukr	
	<Abraham_Lincoln>	rdfs:label	"Ø§Ø¨Ø±Ø§ÛØ§Ù… Ù„Ù†Ú©Ù†"@urd	
	<Abraham_Lincoln>	rdfs:label	"Linzgenj"@zha	
	<Abraham_Lincoln>	rdfs:label	"Abraham Lincoln"@vie	
	<Abraham_Lincoln>	rdfs:label	"Abraham Lincoln"@war	
	<Abraham_Lincoln>	rdfs:label	"××‘×¨×”× ×œ×™× ×§××œ×Ÿ"@yid	
	<Abraham_Lincoln>	rdfs:label	"Abraham Lincoln"@yor	
	<Abraham_Lincoln>	rdfs:label	"æ—è‚¯"@zh-yue	
	<Abraham_Lincoln>	rdfs:label	"Abrahams LÄ—nkuolns"@bat-smg	
	<Abraham_Lincoln>	rdfs:label	"äºšä¼¯æ‹‰ç½•Â·æ—è‚¯"@zho	
	<Aristotle>	rdfs:label	"Charles Lyell"	
	<Aristotle>	rdfs:label	"Lives of the Eminent Philosophers/Book V#Aristotle"	
	<Aristotle>	rdfs:label	"Aristoteles"@afr	
	<Aristotle>	rdfs:label	"Aristoteles"@als	
	<Aristotle>	rdfs:label	"áŠ áˆªáˆµáŒ£áŒ£áˆŠáˆµ"@amh	
	<Aristotle>	rdfs:label	"Aristoteles"@ang	
	<Aristotle>	rdfs:label	"Ø£Ø±Ø³Ø·Ùˆ"@ara	
	<Aristotle>	rdfs:label	"AristÃ³til"@arg	
	<Aristotle>	rdfs:label	"AristÃ³teles"@ast	
	<Aristotle>	rdfs:label	"Aristotel"@aze	
	<Aristotle>	rdfs:label	"à¦à¦°à¦¿à¦¸à§à¦Ÿà¦Ÿà¦²"@ben	
	<Aristotle>	rdfs:label	"Aristoteles"@map-bms	
	<Aristotle>	rdfs:label	"ĞÑ€Ğ¸ÑÑ‚Ğ¾Ñ‚ĞµĞ»ÑŒ"@bak	
	<Aristotle>	rdfs:label	"ĞÑ€Ñ‹ÑÑ‚Ğ¾Ñ†ĞµĞ»ÑŒ"@bel	
	<Aristotle>	rdfs:label	"ĞÑ€Ğ¸ÑÑ‚Ğ¾Ñ‚ĞµĞ»"@bul	
	<Aristotle>	rdfs:label	"Aristotel"@bos	
	<Aristotle>	rdfs:label	"Aristoteles"@bre	
	<Aristotle>	rdfs:label	"AristÃ²til"@cat	
	<Aristotle>	rdfs:label	"ĞÑ€Ğ¸ÑÑ‚Ğ¾Ñ‚ĞµĞ»ÑŒ"@chv	
	<Aristotle>	rdfs:label	"AristÃ³teles"@ceb	
	<Aristotle>	rdfs:label	"AristotelÃ©s"@ces	
	<Aristotle>	rdfs:label	"Aristoteles"@cym	
	<Aristotle>	rdfs:label	"Aristoteles"@dan	
	<Aristotle>	rdfs:label	"Aristoteles"@deu	
	<Aristotle>	rdfs:label	"Aristoteles"@est	
	<Aristotle>	rdfs:label	"Î‘ÏÎ¹ÏƒÏ„Î¿Ï„Î­Î»Î·Ï‚"@ell	
	<Aristotle>	rdfs:label	"AristÃ³teles"@spa	
	<Aristotle>	rdfs:label	"Aristotelo"@epo	
	<Aristotle>	rdfs:label	"AristÃ³teli"@ext	
	<Aristotle>	rdfs:label	"Aristoteles"@eus	
	<Aristotle>	rdfs:label	"Ø§Ø±Ø³Ø·Ùˆ"@fas	
	<Aristotle>	rdfs:label	"Aristotle"@hif	
	<Aristotle>	rdfs:label	"Aristoteles"@fao	
	<Aristotle>	rdfs:label	"Aristote"@fra	
	<Aristotle>	rdfs:label	"Aristoteles"@fry	
	<Aristotle>	rdfs:label	"Arastotail"@gle	
	<Aristotle>	rdfs:label	"Aristotle"@gla	
	<Aristotle>	rdfs:label	"AristÃ³teles"@glg	
	<Aristotle>	rdfs:label	"äºé‡Œæ–¯å¤šå¾·"@gan	
	<Aristotle>	rdfs:label	"àªàª°àª¿àª¸à«àªŸà«‹àªŸàª²"@guj	
	<Aristotle>	rdfs:label	"ì•„ë¦¬ìŠ¤í† í…”ë ˆìŠ¤"@kor	
	<Aristotle>	rdfs:label	"Ô±Ö€Õ«Õ½Õ¿Õ¸Õ¿Õ¥Õ¬"@hye	
	<Aristotle>	rdfs:label	"à¤…à¤°à¤¸à¥à¤¤à¥"@hin	
	<Aristotle>	rdfs:label	"Aristotel"@hrv	
	<Aristotle>	rdfs:label	"Aristoteles"@ido	
	<Aristotle>	rdfs:label	"Aristoteles"@ind	
	<Aristotle>	rdfs:label	"Aristotele"@ina	
	<Aristotle>	rdfs:label	"Aristoteles"@ile	
	<Aristotle>	rdfs:label	"ĞÑ€Ğ¸ÑÑ‚Ğ¾Ñ‚ĞµĞ»ÑŒ"@oss	
	<Aristotle>	rdfs:label	"AristÃ³teles"@isl	
	<Aristotle>	rdfs:label	"Aristotele"@ita	
	<Aristotle>	rdfs:label	"××¨×™×¡×˜×•"@heb	
	<Aristotle>	rdfs:label	"Aristoteles"@jav	
	<Aristotle>	rdfs:label	"à²…à²°à²¿à²¸à³à²Ÿà²¾à²Ÿà²²à³â€Œ"@kan	
	<Aristotle>	rdfs:label	"áƒáƒ áƒ˜áƒ¡áƒ¢áƒáƒ¢áƒ”áƒšáƒ”"@kat	
	<Aristotle>	rdfs:label	"ĞÑ€Ğ¸ÑÑ‚Ğ¾Ñ‚ĞµĞ»ÑŒ"@kaz	
	<Aristotle>	rdfs:label	"Aristoteli"@swa	
	<Aristotle>	rdfs:label	"Aristotle"@hat	
	<Aristotle>	rdfs:label	"ArÃ®stoteles"@kur	
	<Aristotle>	rdfs:label	"ĞÑ€Ğ¸ÑÑ‚Ğ¾Ñ‚ĞµĞ»ÑŒ"@kir	
	<Aristotle>	rdfs:label	"ĞÑ€Ğ¸ÑÑ‚Ğ¾Ñ‚ĞµĞ»ÑŒ"@mrj	
	<Aristotle>	rdfs:label	"Aristoteles"@lad	
	<Aristotle>	rdfs:label	"Aristoteles"@lat	
	<Aristotle>	rdfs:label	"Aristotelis"@lav	
	<Aristotle>	rdfs:label	"Aristoteles"@ltz	
	<Aristotle>	rdfs:label	"Aristotelis"@lit	
	<Aristotle>	rdfs:label	"aristoteles"@jbo	
	<Aristotle>	rdfs:label	"Aristotel"@lmo	
	<Aristotle>	rdfs:label	"ArisztotelÃ©sz"@hun	
	<Aristotle>	rdfs:label	"ĞÑ€Ğ¸ÑÑ‚Ğ¾Ñ‚ĞµĞ»"@mkd	
	<Aristotle>	rdfs:label	"à´…à´°à´¿à´¸àµà´±àµà´±àµ‹à´Ÿàµà´Ÿà´¿àµ½"@mal	
	<Aristotle>	rdfs:label	"Aristotile"@mlt	
	<Aristotle>	rdfs:label	"à¤…â€à¥…à¤°à¤¿à¤¸à¥à¤Ÿà¥‰à¤Ÿà¤²"@mar	
	<Aristotle>	rdfs:label	"áƒáƒ áƒ˜áƒ¡áƒ¢áƒáƒ¢áƒ”áƒšáƒ”"@xmf	
	<Aristotle>	rdfs:label	"Ø§Ø±ÙŠØ³Ø·Ùˆ"@arz	
	<Aristotle>	rdfs:label	"Ø§Ø±Ø³Ø·Ùˆ"@mzn	
	<Aristotle>	rdfs:label	"Aristotle"@msa	
	<Aristotle>	rdfs:label	"Ä€-lÄ«-sÃªÌ¤á¹³-dÅÌ¤-dÃ¡ik"@cdo	
	<Aristotle>	rdfs:label	"AristÃ³teles"@mwl	
	<Aristotle>	rdfs:label	"ĞÑ€Ğ¸ÑÑ‚Ğ¾Ñ‚ĞµĞ»ÑŒ"@mon	
	<Aristotle>	rdfs:label	"á€¡á€›á€…á€¹á€…á€á€­á€¯á€á€šá€º"@mya	
	<Aristotle>	rdfs:label	"AristotelÄ“s"@nah	
	<Aristotle>	rdfs:label	"Aristoteles"@nld	
	<Aristotle>	rdfs:label	"Aristoteles"@nds-nl	
	<Aristotle>	rdfs:label	"à¤…à¤°à¤¸à¥à¤¤à¥‚"@nep	
	<Aristotle>	rdfs:label	"à¤à¤°à¤¿à¤¸à¥à¤Ÿà¥‹à¤Ÿà¤²"@new	
	<Aristotle>	rdfs:label	"ã‚¢ãƒªã‚¹ãƒˆãƒ†ãƒ¬ã‚¹"@jpn	
	<Aristotle>	rdfs:label	"Aristoteles"@nor	
	<Aristotle>	rdfs:label	"Aristoteles"@nno	
	<Aristotle>	rdfs:label	"AristotÃ©les"@nov	
	<Aristotle>	rdfs:label	"AristÃ²tel"@oci	
	<Aristotle>	rdfs:label	"Arastu"@uzb	
	<Aristotle>	rdfs:label	"Aristotle"@pag	
	<Aristotle>	rdfs:label	"Ø§Ø±Ø³Ø·Ùˆ"@pnb	
	<Aristotle>	rdfs:label	"Ø§Ø±Ø³ØªÙˆ"@pus	
	<Aristotle>	rdfs:label	"AristÃ²til"@pms	
	<Aristotle>	rdfs:label	"Aristoteles"@nds	
	<Aristotle>	rdfs:label	"Arystoteles"@pol	
	<Aristotle>	rdfs:label	"AristÃ³teles"@por	
	<Aristotle>	rdfs:label	"Aristotel"@kaa	
	<Aristotle>	rdfs:label	"Aristotel"@ron	
	<Aristotle>	rdfs:label	"Aristotelis"@que	
	<Aristotle>	rdfs:label	"ĞÑ€Ñ–ÑÑ‚Ğ¾Ñ‚ĞµĞ»ÑŒ"@rue	
	<Aristotle>	rdfs:label	"ĞÑ€Ğ¸ÑÑ‚Ğ¾Ñ‚ĞµĞ»ÑŒ"@rus	
	<Aristotle>	rdfs:label	"ĞÑ€Ğ¸ÑÑ‚Ğ¾Ñ‚ĞµĞ»ÑŒ"@sah	
	<Aristotle>	rdfs:label	"à¤…à¤°à¤¿à¤¸à¥à¤Ÿà¤¾à¤Ÿà¤²à¥"@san	
	<Aristotle>	rdfs:label	"Aristotele"@srd	
	<Aristotle>	rdfs:label	"Aristotle"@sco	
	<Aristotle>	rdfs:label	"Aristoteli"@sqi	
	<Aristotle>	rdfs:label	"AristÃ²tili"@scn	
	<Aristotle>	rdfs:label	"à¶‡à¶»à·’à·ƒà·Šà¶§à·à¶§à¶½à·Š"@sin	
	<Aristotle>	rdfs:label	"Aristotle"@simple	
	<Aristotle>	rdfs:label	"Aristoteles"@slk	
	<Aristotle>	rdfs:label	"Aristotel"@slv	
	<Aristotle>	rdfs:label	"Arystoteles"@szl	
	<Aristotle>	rdfs:label	"Ø¦Û•Ø±Û•Ø³ØªÙˆÙˆ"@ckb	
	<Aristotle>	rdfs:label	"ĞÑ€Ğ¸ÑÑ‚Ğ¾Ñ‚ĞµĞ»"@srp	
	<Aristotle>	rdfs:label	"Aristotel"@sh	
	<Aristotle>	rdfs:label	"Aristoteles"@sun	
	<Aristotle>	rdfs:label	"Aristoteles"@fin	
	<Aristotle>	rdfs:label	"Aristoteles"@swe	
	<Aristotle>	rdfs:label	"Aristoteles"@tgl	
	<Aristotle>	rdfs:label	"à®…à®°à®¿à®šà¯à®Ÿà¯à®Ÿà®¾à®Ÿà¯à®Ÿà®¿à®²à¯"@tam	
	<Aristotle>	rdfs:label	"Aristot"@kab	
	<Aristotle>	rdfs:label	"ĞÑ€Ğ¸ÑÑ‚Ğ¾Ñ‚ĞµĞ»ÑŒ"@tat	
	<Aristotle>	rdfs:label	"à°…à°°à°¿à°¸à±à°Ÿà°¾à°Ÿà°¿à°²à±"@tel	
	<Aristotle>	rdfs:label	"à¸­à¸²à¸£à¸´à¸ªà¹‚à¸•à¹€à¸•à¸´à¸¥"@tha	
	<Aristotle>	rdfs:label	"ĞÑ€Ğ°ÑÑ‚Ñƒ"@tgk	
	<Aristotle>	rdfs:label	"Aristoteles"@tur	
	<Aristotle>	rdfs:label	"ĞÑ€Ğ¸ÑÑ‚Ğ¾Ñ‚ĞµĞ»ÑŒ"@ukr	
	<Aristotle>	rdfs:label	"Ø§Ø±Ø³Ø·Ùˆ"@urd	
	<Aristotle>	rdfs:label	"Aristotel'"@vep	
	<Aristotle>	rdfs:label	"Aristotele"@vec	
	<Aristotle>	rdfs:label	"Aristoteles"@vie	
	<Aristotle>	rdfs:label	"Aristoteles"@vol	
	<Aristotle>	rdfs:label	"Aristoteles"@fiu-vro	
	<Aristotle>	rdfs:label	"AristÃ³teles"@war	
	<Aristotle>	rdfs:label	"××¨×™×¡×˜×•"@yid	
	<Aristotle>	rdfs:label	"Aristotulu"@yor	
	<Aristotle>	rdfs:label	"é˜¿é‡Œå£«å¤šå¾·"@zh-yue	
	<Aristotle>	rdfs:label	"Aristoteles"@diq	
	<Aristotle>	rdfs:label	"Aristuotelis"@bat-smg	
	<Aristotle>	rdfs:label	"äºšé‡Œå£«å¤šå¾·"@zho	
	<An_American_in_Paris>	rdfs:label	"Un americÃ  a ParÃ­s"@cat	
	<An_American_in_Paris>	rdfs:label	"Ein Amerikaner in Paris"@deu	
	<An_American_in_Paris>	rdfs:label	"Un americano en ParÃ­s (Gershwin)"@spa	
	<An_American_in_Paris>	rdfs:label	"Un AmÃ©ricain Ã  Paris (Gershwin)"@fra	
	<An_American_in_Paris>	rdfs:label	"íŒŒë¦¬ì˜ ë¯¸êµ­ì¸"@kor	
	<An_American_in_Paris>	rdfs:label	"×××¨×™×§××™ ×‘×¤×¨×™×–"@heb	
	<An_American_in_Paris>	rdfs:label	"Egy amerikai PÃ¡rizsban (Gershwin)"@hun	
	<An_American_in_Paris>	rdfs:label	"An American in Paris (Gershwin)"@nld	
	<An_American_in_Paris>	rdfs:label	"ãƒ‘ãƒªã®ã‚¢ãƒ¡ãƒªã‚«äºº"@jpn	
	<An_American_in_Paris>	rdfs:label	"Amerykanin w ParyÅ¼u (Gershwin)"@pol	
	<An_American_in_Paris>	rdfs:label	"Amerikkalainen Pariisissa"@fin	
	<An_American_in_Paris>	rdfs:label	"An American in Paris (symfonisk dikt)"@swe	
	<An_American_in_Paris>	rdfs:label	"à¹à¸­à¸™à¸­à¹€à¸¡à¸£à¸´à¸à¸±à¸™à¸­à¸´à¸™à¸›à¸²à¸£à¸µà¸ª"@tha	
	<An_American_in_Paris>	rdfs:label	"ä¸€å€‹ç¾åœ‹äººåœ¨å·´é»"@zho	
	<Academy_Award_for_Best_Art_Direction>	rdfs:label	"áƒáƒ¡áƒ™áƒáƒ áƒ˜ áƒ¡áƒáƒ£áƒ™áƒ”áƒ—áƒ”áƒ¡áƒ áƒ›áƒ®áƒáƒ¢áƒ•áƒ áƒ£áƒšáƒ˜ áƒ’áƒáƒ¤áƒáƒ áƒ›áƒ”áƒ‘áƒ˜áƒ¡áƒ—áƒ•áƒ˜áƒ¡"@kat	
	<Academy_Award_for_Best_Art_Direction>	rdfs:label	"Oscar/Bestes Szenenbild"@bar	
	<Academy_Award_for_Best_Art_Direction>	rdfs:label	"Oscar a la millor direcciÃ³ artÃ­stica"@cat	
	<Academy_Award_for_Best_Art_Direction>	rdfs:label	"Oscar/Bestes Szenenbild"@deu	
	<Academy_Award_for_Best_Art_Direction>	rdfs:label	"Anexo:Ã“scar a la mejor direcciÃ³n de arte"@spa	
	<Academy_Award_for_Best_Art_Direction>	rdfs:label	"Zuzendaritza artistiko onenaren Oscar Saria"@eus	
	<Academy_Award_for_Best_Art_Direction>	rdfs:label	"Oscar de la meilleure direction artistique"@fra	
	<Academy_Award_for_Best_Art_Direction>	rdfs:label	"Oscar za najbolju scenografiju"@hrv	
	<Academy_Award_for_Best_Art_Direction>	rdfs:label	"Tata Artistik Terbaik (Oscar)"@ind	
	<Academy_Award_for_Best_Art_Direction>	rdfs:label	"Oscar alla migliore scenografia"@ita	
	<Academy_Award_for_Best_Art_Direction>	rdfs:label	"áƒáƒ¡áƒ™áƒáƒ áƒ˜ áƒ¡áƒáƒ£áƒ™áƒ”áƒ—áƒ”áƒ¡áƒ áƒ›áƒ®áƒáƒ¢áƒ•áƒ áƒ£áƒšáƒ˜ áƒ’áƒáƒ¤áƒáƒ áƒ›áƒ”áƒ‘áƒ˜áƒ¡áƒ—áƒ•áƒ˜áƒ¡"@kat	
	<Academy_Award_for_Best_Art_Direction>	rdfs:label	"LabÄkais mÄkslinieka darbs (Amerikas KinoakadÄ“mijas balva)"@lav	
	<Academy_Award_for_Best_Art_Direction>	rdfs:label	"Oscar-dÃ­j a legjobb lÃ¡tvÃ¡nytervezÃ©sÃ©rt"@hun	
	<Academy_Award_for_Best_Art_Direction>	rdfs:label	"ã‚¢ã‚«ãƒ‡ãƒŸãƒ¼ç¾è¡“è³"@jpn	
	<Academy_Award_for_Best_Art_Direction>	rdfs:label	"Oscar de melhor direÃ§Ã£o de arte"@por	
	<Academy_Award_for_Best_Art_Direction>	rdfs:label	"Premiul Oscar pentru cele mai bune decoruri"@ron	
	<Academy_Award_for_Best_Art_Direction>	rdfs:label	"ĞŸÑ€ĞµĞ¼Ğ¸Ñ Â«ĞÑĞºĞ°Ñ€Â» Ğ·Ğ° Ğ»ÑƒÑ‡ÑˆÑƒÑ Ñ€Ğ°Ğ±Ğ¾Ñ‚Ñƒ Ñ…ÑƒĞ´Ğ¾Ğ¶Ğ½Ğ¸ĞºĞ°-Ğ¿Ğ¾ÑÑ‚Ğ°Ğ½Ğ¾Ğ²Ñ‰Ğ¸ĞºĞ°"@rus	
	<Academy_Award_for_Best_Art_Direction>	rdfs:label	"Parhaan lavastuksen Oscar-palkinto"@fin	
	<Academy_Award_for_Best_Art_Direction>	rdfs:label	"Lista Ã¶ver vinnare av Oscar fÃ¶r bÃ¤sta scenografi"@swe	
	<Academy_Award_for_Best_Art_Direction>	rdfs:label	"En Ä°yi Sanat YÃ¶netmeni Akademi Ã–dÃ¼lÃ¼"@tur	
	<Academy_Award_for_Best_Art_Direction>	rdfs:label	"ĞŸÑ€ĞµĞ¼Ñ–Ñ Â«ĞÑĞºĞ°Ñ€Â» Ğ·Ğ° Ğ½Ğ°Ğ¹ĞºÑ€Ğ°Ñ‰Ñƒ Ñ€Ğ¾Ğ±Ğ¾Ñ‚Ñƒ Ñ…ÑƒĞ´Ğ¾Ğ¶Ğ½Ğ¸ĞºĞ°-Ğ¿Ğ¾ÑÑ‚Ğ°Ğ½Ğ¾Ğ²Ğ½Ğ¸ĞºĞ°"@ukr	
	<Academy_Award_for_Best_Art_Direction>	rdfs:label	"Giáº£i Oscar cho chá»‰ Ä‘áº¡o nghá»‡ thuáº­t xuáº¥t sáº¯c nháº¥t"@vie	
	<Academy_Award_for_Best_Art_Direction>	rdfs:label	"å¥¥æ–¯å¡æœ€ä½³è‰ºæœ¯æŒ‡å¯¼å¥–"@zho	
	<Academy_Award>	rdfs:label	"Oscar"@afr	
	<Academy_Award>	rdfs:label	"Oscar"@als	
	<Academy_Award>	rdfs:label	"áŠ¦áˆµáŠ«áˆ­"@amh	
	<Academy_Award>	rdfs:label	"Ø¬Ø§Ø¦Ø²Ø© Ø§Ù„Ø£ÙˆØ³ÙƒØ§Ø±"@ara	
	<Academy_Award>	rdfs:label	"Premios Ã“scar"@ast	
	<Academy_Award>	rdfs:label	"Oskar mÃ¼kafatÄ±"@aze	
	<Academy_Award>	rdfs:label	"à¦à¦•à¦¾à¦¡à§‡à¦®à¦¿ à¦ªà§à¦°à¦¸à§à¦•à¦¾à¦°"@ben	
	<Academy_Award>	rdfs:label	"ĞÑĞºĞ°Ñ€"@bel	
	<Academy_Award>	rdfs:label	"ĞĞ°Ğ³Ñ€Ğ°Ğ´Ğ¸ Ğ½Ğ° Ñ„Ğ¸Ğ»Ğ¼Ğ¾Ğ²Ğ°Ñ‚Ğ° Ğ°ĞºĞ°Ğ´ĞµĞ¼Ğ¸Ñ Ğ½Ğ° Ğ¡ĞĞ©"@bul	
	<Academy_Award>	rdfs:label	"Oscar"@bar	
	<Academy_Award>	rdfs:label	"Oskar"@bos	
	<Academy_Award>	rdfs:label	"Oscar"@cat	
	<Academy_Award>	rdfs:label	"Oscar"@ces	
	<Academy_Award>	rdfs:label	"Oscar"@cos	
	<Academy_Award>	rdfs:label	"Gwobrau'r Academi"@cym	
	<Academy_Award>	rdfs:label	"Oscaruddelingen"@dan	
	<Academy_Award>	rdfs:label	"Oscar"@deu	
	<Academy_Award>	rdfs:label	"Oscar"@est	
	<Academy_Award>	rdfs:label	"ÎŒÏƒÎºÎ±Ï"@ell	
	<Academy_Award>	rdfs:label	"Premios Ã“scar"@spa	
	<Academy_Award>	rdfs:label	"Oskar-premio"@epo	
	<Academy_Award>	rdfs:label	"Oscar Sariak"@eus	
	<Academy_Award>	rdfs:label	"Ø¬Ø§ÛŒØ²Ù‡ Ø§Ø³Ú©Ø§Ø±"@fas	
	<Academy_Award>	rdfs:label	"Oscar du cinÃ©ma"@fra	
	<Academy_Award>	rdfs:label	"Academy Award"@fry	
	<Academy_Award>	rdfs:label	"Gradaim an Acadaimh"@gle	
	<Academy_Award>	rdfs:label	"Premios Oscar"@glg	
	<Academy_Award>	rdfs:label	"å¥§æ–¯å¡é‡‘åƒç"@gan	
	<Academy_Award>	rdfs:label	"ì•„ì¹´ë°ë¯¸ìƒ"@kor	
	<Academy_Award>	rdfs:label	"Õ•Õ½Õ¯Õ¡Ö€"@hye	
	<Academy_Award>	rdfs:label	"à¤…à¤•à¥‡à¤¡à¥‡à¤®à¥€ à¤ªà¥à¤°à¤¸à¥à¤•à¤¾à¤°"@hin	
	<Academy_Award>	rdfs:label	"Oscar"@hrv	
	<Academy_Award>	rdfs:label	"Pammadayaw nga Oscar"@ilo	
	<Academy_Award>	rdfs:label	"Academy Award"@ind	
	<Academy_Award>	rdfs:label	"Premio Oscar"@ina	
	<Academy_Award>	rdfs:label	"Ã“skarsverÃ°launin"@isl	
	<Academy_Award>	rdfs:label	"Premio Oscar"@ita	
	<Academy_Award>	rdfs:label	"×¤×¨×¡ ××•×¡×§×¨"@heb	
	<Academy_Award>	rdfs:label	"à²…à²•à³à²¯à²¾à²¡à³†à²®à²¿ à²ªà³à²°à²¶à²¸à³à²¤à²¿"@kan	
	<Academy_Award>	rdfs:label	"áƒáƒ¡áƒ™áƒáƒ áƒ˜"@kat	
	<Academy_Award>	rdfs:label	"ĞÑĞºĞ°Ñ€ Ğ¼Ğ°Ñ€Ğ°Ğ¿Ğ°Ñ‚Ñ‹"@kaz	
	<Academy_Award>	rdfs:label	"Tuzo za Akademi"@swa	
	<Academy_Award>	rdfs:label	"Praemia Academiae"@lat	
	<Academy_Award>	rdfs:label	"Amerikas KinoakadÄ“mijas balva"@lav	
	<Academy_Award>	rdfs:label	"Oskaras"@lit	
	<Academy_Award>	rdfs:label	"PrÃ¨mi Oscar"@lmo	
	<Academy_Award>	rdfs:label	"Oscar-dÃ­j"@hun	
	<Academy_Award>	rdfs:label	"Ğ¤Ğ¸Ğ»Ğ¼ÑĞºĞ° Ğ½Ğ°Ğ³Ñ€Ğ°Ğ´Ğ° Ğ½Ğ° Ğ°ĞºĞ°Ğ´ĞµĞ¼Ğ¸Ñ˜Ğ°Ñ‚Ğ° Ğ½Ğ° Ğ¡ĞĞ”"@mkd	
	<Academy_Award>	rdfs:label	"à´…à´•àµà´•à´¾à´¦à´®à´¿ à´…à´µà´¾àµ¼à´¡àµ"@mal	
	<Academy_Award>	rdfs:label	"à¤‘à¤¸à¥à¤•à¤° à¤ªà¥à¤°à¤¸à¥à¤•à¤¾à¤°"@mar	
	<Academy_Award>	rdfs:label	"Anugerah Akademi"@msa	
	<Academy_Award>	rdfs:label	"ĞÑĞºĞ°Ñ€Ñ‹Ğ½ ÑˆĞ°Ğ³Ğ½Ğ°Ğ»"@mon	
	<Academy_Award>	rdfs:label	"á€¡á€±á€¬á€ºá€…á€€á€¬á€†á€¯"@mya	
	<Academy_Award>	rdfs:label	"Academy Award"@nld	
	<Academy_Award>	rdfs:label	"à¤“à¤¸à¥à¤•à¤¾à¤°"@nep	
	<Academy_Award>	rdfs:label	"ã‚¢ã‚«ãƒ‡ãƒŸãƒ¼è³"@jpn	
	<Academy_Award>	rdfs:label	"Oscar"@nor	
	<Academy_Award>	rdfs:label	"Oscar-prisen"@nno	
	<Academy_Award>	rdfs:label	"Oscar"@oci	
	<Academy_Award>	rdfs:label	"Academy Awards"@orm	
	<Academy_Award>	rdfs:label	"Oscar"@uzb	
	<Academy_Award>	rdfs:label	"Premi Oscar"@pms	
	<Academy_Award>	rdfs:label	"Oscar"@nds	
	<Academy_Award>	rdfs:label	"Nagroda Akademii Filmowej"@pol	
	<Academy_Award>	rdfs:label	"Ã“scar"@por	
	<Academy_Award>	rdfs:label	"Premiul Oscar"@ron	
	<Academy_Award>	rdfs:label	"ĞÑĞºĞ°Ñ€ (Ğ¿Ñ€ĞµĞ¼Ğ¸Ñ)"@rus	
	<Academy_Award>	rdfs:label	"ĞÑĞºĞ°Ñ€"@sah	
	<Academy_Award>	rdfs:label	"Premiu Oscar"@srd	
	<Academy_Award>	rdfs:label	"Academy Award"@sqi	
	<Academy_Award>	rdfs:label	"Premiu Oscar"@scn	
	<Academy_Award>	rdfs:label	"Academy Award"@simple	
	<Academy_Award>	rdfs:label	"Academy Awards"@slk	
	<Academy_Award>	rdfs:label	"Oskar (filmska nagrada)"@slv	
	<Academy_Award>	rdfs:label	"Ø®Û•ÚµØ§ØªÛŒ Ø¦Û†Ø³Ú©Ø§Ø±"@ckb	
	<Academy_Award>	rdfs:label	"ĞÑĞºĞ°Ñ€"@srp	
	<Academy_Award>	rdfs:label	"Oscari"@sh	
	<Academy_Award>	rdfs:label	"Oscar-palkinto"@fin	
	<Academy_Award>	rdfs:label	"Oscar"@swe	
	<Academy_Award>	rdfs:label	"à®…à®•à®¾à®¤à®®à®¿ à®µà®¿à®°à¯à®¤à¯"@tam	
	<Academy_Award>	rdfs:label	"ĞÑĞºĞ°Ñ€ (Ğ¿Ñ€ĞµĞ¼Ğ¸Ñ)"@tat	
	<Academy_Award>	rdfs:label	"à°†à°¸à±à°•à°¾à°°à± à°ªà±à°°à°¸à±à°•à°¾à°°à°‚"@tel	
	<Academy_Award>	rdfs:label	"à¸£à¸²à¸‡à¸§à¸±à¸¥à¸­à¸­à¸ªà¸à¸²à¸£à¹Œ"@tha	
	<Academy_Award>	rdfs:label	"Ò¶Ğ¾Ğ¸Ğ·Ğ°Ğ¸ ĞÑĞºĞ°Ñ€"@tgk	
	<Academy_Award>	rdfs:label	"Akademi Ã–dÃ¼lleri"@tur	
	<Academy_Award>	rdfs:label	"ĞÑĞºĞ°Ñ€ (Ğ¿Ñ€ĞµĞ¼Ñ–Ñ)"@ukr	
	<Academy_Award>	rdfs:label	"Premio Oscar"@vec	
	<Academy_Award>	rdfs:label	"Giáº£i Oscar"@vie	
	<Academy_Award>	rdfs:label	"å¥¥æ–¯å¡å¥–"@wuu	
	<Academy_Award>	rdfs:label	"××¡×§××¨"@yid	
	<Academy_Award>	rdfs:label	"áº¸Ì€bÃ¹n AkÃ¡dáº¹ÌmÃ¬"@yor	
	<Academy_Award>	rdfs:label	"å¥§æ–¯å¡é‡‘åƒç"@zh-yue	
	<Academy_Award>	rdfs:label	"Oskars"@bat-smg	
	<Academy_Award>	rdfs:label	"å¥¥æ–¯å¡é‡‘åƒå¥–"@zho	
	<Actrius>	rdfs:label	"Actrius"@cat	
	<Actrius>	rdfs:label	"Actrices"@spa	
	<Actrius>	rdfs:label	"Actrices (film, 1996)"@fra	
	<International_Atomic_Time>	rdfs:label	"Temps atÃ²mic internacional"@cat	
	<International_Atomic_Time>	rdfs:label	"MezinÃ¡rodnÃ­ atomovÃ½ Äas"@ces	
	<International_Atomic_Time>	rdfs:label	"Internationale Atomzeit"@deu	
	<International_Atomic_Time>	rdfs:label	"Tiempo AtÃ³mico Internacional"@spa	
	<International_Atomic_Time>	rdfs:label	"Tempo atoma internacia"@epo	
	<International_Atomic_Time>	rdfs:label	"Temps atomique international"@fra	
	<International_Atomic_Time>	rdfs:label	"êµ­ì œì›ìì‹œ"@kor	
	<International_Atomic_Time>	rdfs:label	"MeÄ‘unarodno atomsko vrijeme"@hrv	
	<International_Atomic_Time>	rdfs:label	"Waktu Atom Internasional"@ind	
	<International_Atomic_Time>	rdfs:label	"Tempo atomico internazionale"@ita	
	<International_Atomic_Time>	rdfs:label	"×”×–××Ÿ ×”××˜×•××™ ×”×‘×™× ×œ××•××™"@heb	
	<International_Atomic_Time>	rdfs:label	"Tempus Atomicum Internationale"@lat	
	<International_Atomic_Time>	rdfs:label	"Atominis laikas"@lit	
	<International_Atomic_Time>	rdfs:label	"NemzetkÃ¶zi atomidÅ‘"@hun	
	<International_Atomic_Time>	rdfs:label	"å›½éš›åŸå­æ™‚"@jpn	
	<International_Atomic_Time>	rdfs:label	"MiÄ™dzynarodowy czas atomowy"@pol	
	<International_Atomic_Time>	rdfs:label	"Tempo AtÃ´mico Internacional"@por	
	<International_Atomic_Time>	rdfs:label	"Timpul atomic internaÈ›ional"@ron	
	<International_Atomic_Time>	rdfs:label	"ĞœĞµĞ¶Ğ´ÑƒĞ½Ğ°Ñ€Ğ¾Ğ´Ğ½Ğ¾Ğµ Ğ°Ñ‚Ğ¾Ğ¼Ğ½Ğ¾Ğµ Ğ²Ñ€ĞµĞ¼Ñ"@rus	
	<International_Atomic_Time>	rdfs:label	"MedzinÃ¡rodnÃ½ atÃ³movÃ½ Äas"@slk	
	<International_Atomic_Time>	rdfs:label	"Mednarodni atomski Äas"@slv	
	<International_Atomic_Time>	rdfs:label	"Internationell atomtid"@swe	
	<International_Atomic_Time>	rdfs:label	"Ø¹Ø§Ù„Ù…ÛŒ Ø¬ÙˆÛØ±ÛŒ ÙˆÙ‚Øª"@urd	
	<International_Atomic_Time>	rdfs:label	"Thá»i gian NguyÃªn tá»­ Quá»‘c táº¿"@vie	
	<International_Atomic_Time>	rdfs:label	"åŸå­æ—¶"@zho	
	<Ayn_Rand>	rdfs:label	"Ayn Rand"@afr	
	<Ayn_Rand>	rdfs:label	"áŠ¤á‹­áŠ• áˆ«áŠ•á‹µ"@amh	
	<Ayn_Rand>	rdfs:label	"Ø¢ÙŠÙ† Ø±Ø§Ù†Ø¯"@ara	
	<Ayn_Rand>	rdfs:label	"ĞĞ¹Ğ½ Ğ Ğ°Ğ½Ğ´"@bul	
	<Ayn_Rand>	rdfs:label	"Ayn Rand"@cat	
	<Ayn_Rand>	rdfs:label	"Ayn Rand"@ces	
	<Ayn_Rand>	rdfs:label	"Ayn Rand"@cym	
	<Ayn_Rand>	rdfs:label	"Ayn Rand"@dan	
	<Ayn_Rand>	rdfs:label	"Ayn Rand"@deu	
	<Ayn_Rand>	rdfs:label	"Ayn Rand"@est	
	<Ayn_Rand>	rdfs:label	"Î†Ï…Î½ Î¡Î±Î½Ï„"@ell	
	<Ayn_Rand>	rdfs:label	"Ayn Rand"@spa	
	<Ayn_Rand>	rdfs:label	"Ayn Rand"@epo	
	<Ayn_Rand>	rdfs:label	"Ø¢ÛŒÙ† Ø±Ù†Ø¯"@fas	
	<Ayn_Rand>	rdfs:label	"Ayn Rand"@fra	
	<Ayn_Rand>	rdfs:label	"Ayn Rand"@fry	
	<Ayn_Rand>	rdfs:label	"Ayn Rand"@glg	
	<Ayn_Rand>	rdfs:label	"ğŒ°ğŒ¹ğŒ½ ğ‚ğŒ°ğŒ½ğŒ³"@got	
	<Ayn_Rand>	rdfs:label	"ì•„ì¸ ëœë“œ"@kor	
	<Ayn_Rand>	rdfs:label	"Ô±ÕµÕ¶ ÕŒÕ¡Õ¶Õ¤"@hye	
	<Ayn_Rand>	rdfs:label	"à¤†à¤¯à¤¨ à¤°à¥ˆà¤‚à¤¡"@hin	
	<Ayn_Rand>	rdfs:label	"Ayn Rand"@ind	
	<Ayn_Rand>	rdfs:label	"Ayn Rand"@isl	
	<Ayn_Rand>	rdfs:label	"Ayn Rand"@ita	
	<Ayn_Rand>	rdfs:label	"××™×™×Ÿ ×¨×× ×“"@heb	
	<Ayn_Rand>	rdfs:label	"Ayn Rand"@lat	
	<Ayn_Rand>	rdfs:label	"Ayn Rand"@hun	
	<Ayn_Rand>	rdfs:label	"à´…à´¯àµàµ» à´±à´¾àµ»à´¡àµ"@mal	
	<Ayn_Rand>	rdfs:label	"à¤†à¤¯à¤¨ à¤°à¤à¤¡"@mar	
	<Ayn_Rand>	rdfs:label	"Ayn Rand"@msa	
	<Ayn_Rand>	rdfs:label	"Ayn Rand"@nld	
	<Ayn_Rand>	rdfs:label	"ã‚¢ã‚¤ãƒ³ãƒ»ãƒ©ãƒ³ãƒ‰"@jpn	
	<Ayn_Rand>	rdfs:label	"Ayn Rand"@nor	
	<Ayn_Rand>	rdfs:label	"Ayn Rand"@nno	
	<Ayn_Rand>	rdfs:label	"Ayn Rand"@nov	
	<Ayn_Rand>	rdfs:label	"Ayn Rand"@pol	
	<Ayn_Rand>	rdfs:label	"Ayn Rand"@por	
	<Ayn_Rand>	rdfs:label	"Ayn Rand"@ron	
	<Ayn_Rand>	rdfs:label	"ĞĞ¹Ğ½ Ğ ÑĞ½Ğ´"@rus	
	<Ayn_Rand>	rdfs:label	"Ayn Rand"@simple	
	<Ayn_Rand>	rdfs:label	"Ayn RandovÃ¡"@slk	
	<Ayn_Rand>	rdfs:label	"Ayn Rand"@slv	
	<Ayn_Rand>	rdfs:label	"Ajn Rand"@srp	
	<Ayn_Rand>	rdfs:label	"Ayn Rand"@sh	
	<Ayn_Rand>	rdfs:label	"Ayn Rand"@fin	
	<Ayn_Rand>	rdfs:label	"Ayn Rand"@swe	
	<Ayn_Rand>	rdfs:label	"à®…à®¯à¯à®©à¯ à®°à¯‡à®£à¯à®Ÿà¯"@tam	
	<Ayn_Rand>	rdfs:label	"Ayn Rand"@tur	
	<Ayn_Rand>	rdfs:label	"ĞĞ¹Ğ½ Ğ ĞµĞ½Ğ´"@ukr	
	<Ayn_Rand>	rdfs:label	"Ayn Rand"@vie	
	<Ayn_Rand>	rdfs:label	"Ayn Rand"@yor	
	<Ayn_Rand>	rdfs:label	"è‰¾èŒµÂ·å…°å¾·"@zho	
	<Alain_Connes>	rdfs:label	"Ø£Ù„Ø§Ù† ÙƒÙ†"@ara	
	<Alain_Connes>	rdfs:label	"Alain Connes"@deu	
	<Alain_Connes>	rdfs:label	"Alain Connes"@spa	
	<Alain_Connes>	rdfs:label	"Alain Connes"@eus	
	<Alain_Connes>	rdfs:label	"Alain Connes"@fra	
	<Alain_Connes>	rdfs:label	"ì•Œë­ ì½˜ëŠ"@kor	
	<Alain_Connes>	rdfs:label	"Alain Connes"@hrv	
	<Alain_Connes>	rdfs:label	"Alain Connes"@ita	
	<Alain_Connes>	rdfs:label	"Alain Connes"@hat	
	<Alain_Connes>	rdfs:label	"Alain Connes"@nld	
	<Alain_Connes>	rdfs:label	"ã‚¢ãƒ©ãƒ³ãƒ»ã‚³ãƒ³ãƒŒ"@jpn	
	<Alain_Connes>	rdfs:label	"Alain Connes"@nno	
	<Alain_Connes>	rdfs:label	"Ø§Ù„Ø§Ø¦Ù† Ú©ÙˆÙ†Ø³"@pnb	
	<Alain_Connes>	rdfs:label	"Alain Connes"@pol	
	<Alain_Connes>	rdfs:label	"Alain Connes"@por	
	<Alain_Connes>	rdfs:label	"ĞšĞ¾Ğ½Ğ½, ĞĞ»ĞµĞ½"@rus	
	<Alain_Connes>	rdfs:label	"à¶‡à¶½à·šà¶±à·Š à¶šà·œà¶±à·™à·ƒà·Š"@sin	
	<Alain_Connes>	rdfs:label	"Alain Connes"@slk	
	<Alain_Connes>	rdfs:label	"Alain Connes"@slv	
	<Alain_Connes>	rdfs:label	"Alain Connes"@fin	
	<Alain_Connes>	rdfs:label	"ĞĞ»ĞµĞ½ ĞšĞ¾Ğ½Ğ½"@ukr	
	<Alain_Connes>	rdfs:label	"é˜¿è˜­Â·ç§‘ç´"@zho	
	<Allan_Dwan>	rdfs:label	"Allan Dwan"@deu	
	<Allan_Dwan>	rdfs:label	"Allan Dwan"@spa	
	<Allan_Dwan>	rdfs:label	"Allan Dwan"@fra	
	<Allan_Dwan>	rdfs:label	"Allan Dwan"@ita	
	<Allan_Dwan>	rdfs:label	"Allan Dwan"@nld	
	<Allan_Dwan>	rdfs:label	"ã‚¢ãƒ©ãƒ³ãƒ»ãƒ‰ãƒ¯ãƒ³"@jpn	
	<Allan_Dwan>	rdfs:label	"Allan Dwan"@por	
	<Allan_Dwan>	rdfs:label	"Allan Dwan"@fin	
	<Algeria>	rdfs:label	"Aljazair"@ace	
	<Algeria>	rdfs:label	"ĞĞ»Ğ´Ğ¶Ğ°Ğ·Ğ°Ğ¸Ñ€"@kbd	
	<Algeria>	rdfs:label	"AlgeriÃ«"@afr	
	<Algeria>	rdfs:label	"Algerien"@als	
	<Algeria>	rdfs:label	"áŠ áˆáŒ„áˆªá‹«"@amh	
	<Algeria>	rdfs:label	"Algeria"@ang	
	<Algeria>	rdfs:label	"Ø§Ù„Ø¬Ø²Ø§Ø¦Ø±"@ara	
	<Algeria>	rdfs:label	"Alcheria"@arg	
	<Algeria>	rdfs:label	"Ü“Ü™ÜÜÜª"@arc	
	<Algeria>	rdfs:label	"Algheria"@roa-rup	
	<Algeria>	rdfs:label	"AlgÂ·Ã¨rie"@frp	
	<Algeria>	rdfs:label	"Arxelia"@ast	
	<Algeria>	rdfs:label	"ÆlcÉ™zair"@aze	
	<Algeria>	rdfs:label	"Aljeri"@bam	
	<Algeria>	rdfs:label	"à¦†à¦²à¦œà§‡à¦°à¦¿à¦¯à¦¼à¦¾"@ben	
	<Algeria>	rdfs:label	"Aljajair"@bjn	
	<Algeria>	rdfs:label	"ĞĞ»Ğ¶Ğ¸Ñ€"@bak	
	<Algeria>	rdfs:label	"ĞĞ»Ğ¶Ñ‹Ñ€"@bel	
	<Algeria>	rdfs:label	"Algerya"@bcl	
	<Algeria>	rdfs:label	"ĞĞ»Ğ¶Ğ¸Ñ€"@bul	
	<Algeria>	rdfs:label	"à½¨à½±à½£à¼‹à½‡à½²à¼‹à½¢à½²à¼‹à½¡à¼"@bod	
	<Algeria>	rdfs:label	"AlÅ¾ir"@bos	
	<Algeria>	rdfs:label	"Aljeria"@bre	
	<Algeria>	rdfs:label	"AlgÃ¨ria"@cat	
	<Algeria>	rdfs:label	"ĞĞ»Ğ¶Ğ¸Ñ€ (Ğ¿Ğ°Ñ‚ÑˆĞ°Ğ»ÄƒÑ…)"@chv	
	<Algeria>	rdfs:label	"Arhelya"@ceb	
	<Algeria>	rdfs:label	"AlÅ¾Ã­rsko"@ces	
	<Algeria>	rdfs:label	"Algeria"@nya	
	<Algeria>	rdfs:label	"Algeria"@cym	
	<Algeria>	rdfs:label	"Algeriet"@dan	
	<Algeria>	rdfs:label	"Altschieri"@pdc	
	<Algeria>	rdfs:label	"Algerien"@deu	
	<Algeria>	rdfs:label	"Ş–Ş¦Ş’Ş§Ş‡Ş¨ŞƒŞª"@div	
	<Algeria>	rdfs:label	"AljÃ­Ã­ya"@nav	
	<Algeria>	rdfs:label	"Algeriska"@dsb	
	<Algeria>	rdfs:label	"à½¨à½£à¼‹à½‡à½²à¼‹à½¢à½²à¼‹à½¡à¼"@dzo	
	<Algeria>	rdfs:label	"AlÅ¾eeria"@est	
	<Algeria>	rdfs:label	"Î‘Î»Î³ÎµÏÎ¯Î±"@ell	
	<Algeria>	rdfs:label	"Argelia"@spa	
	<Algeria>	rdfs:label	"AlÄerio"@epo	
	<Algeria>	rdfs:label	"ArgÃ©lia"@ext	
	<Algeria>	rdfs:label	"Aljeria"@eus	
	<Algeria>	rdfs:label	"Algeria"@ewe	
	<Algeria>	rdfs:label	"Ø§Ù„Ø¬Ø²Ø§ÛŒØ±"@fas	
	<Algeria>	rdfs:label	"Algeria"@hif	
	<Algeria>	rdfs:label	"Algeria"@fao	
	<Algeria>	rdfs:label	"AlgÃ©rie"@fra	
	<Algeria>	rdfs:label	"Algerije"@fry	
	<Algeria>	rdfs:label	"An AilgÃ©ir"@gle	
	<Algeria>	rdfs:label	"Yn Algear"@glv	
	<Algeria>	rdfs:label	"Aljir"@gag	
	<Algeria>	rdfs:label	"Aildiria"@gla	
	<Algeria>	rdfs:label	"Alxeria - Ø§Ù„Ø¬Ø²Ø§Ø¦Ø±"@glg	
	<Algeria>	rdfs:label	"ĞĞ»Ò—Ñ€Ğ¼ÑƒĞ´Ğ¸Ğ½ Ğ£Ğ»Ñ ĞÑ€Ğ½"@xal	
	<Algeria>	rdfs:label	"ì•Œì œë¦¬"@kor	
	<Algeria>	rdfs:label	"Aljeriya"@hau	
	<Algeria>	rdfs:label	"â€˜Alekelia"@haw	
	<Algeria>	rdfs:label	"Ô±Õ¬ÕªÕ«Ö€"@hye	
	<Algeria>	rdfs:label	"à¤…à¤²à¥à¤œà¥€à¤°à¤¿à¤¯à¤¾"@hin	
	<Algeria>	rdfs:label	"Algeriska"@hsb	
	<Algeria>	rdfs:label	"AlÅ¾ir"@hrv	
	<Algeria>	rdfs:label	"Aljeria"@ido	
	<Algeria>	rdfs:label	"Algeria"@ibo	
	<Algeria>	rdfs:label	"Arhelia"@ilo	
	<Algeria>	rdfs:label	"à¦†à¦²à¦œà§‡à¦°à¦¿à¦¯à¦¼à¦¾"@bpy	
	<Algeria>	rdfs:label	"Aljazair"@ind	
	<Algeria>	rdfs:label	"Algeria"@ina	
	<Algeria>	rdfs:label	"Algeria"@ile	
	<Algeria>	rdfs:label	"ĞĞ»Ğ¶Ğ¸Ñ€"@oss	
	<Algeria>	rdfs:label	"IAljiriya"@zul	
	<Algeria>	rdfs:label	"AlsÃ­r"@isl	
	<Algeria>	rdfs:label	"Algeria"@ita	
	<Algeria>	rdfs:label	"××œ×’'×™×¨×™×”"@heb	
	<Algeria>	rdfs:label	"Aljazair"@jav	
	<Algeria>	rdfs:label	"à²…à²²à³à²œà³€à²°à²¿à²¯"@kan	
	<Algeria>	rdfs:label	"Algeria"@pam	
	<Algeria>	rdfs:label	"ĞĞ»Ğ¶Ğ¸Ñ€"@krc	
	<Algeria>	rdfs:label	"áƒáƒšáƒŸáƒ˜áƒ áƒ˜"@kat	
	<Algeria>	rdfs:label	"ĞĞ»Ğ¶Ğ¸Ñ€"@kaz	
	<Algeria>	rdfs:label	"Aljeri"@cor	
	<Algeria>	rdfs:label	"Aligeriya"@kin	
	<Algeria>	rdfs:label	"Algeria"@swa	
	<Algeria>	rdfs:label	"Algeria"@kon	
	<Algeria>	rdfs:label	"Aljeri"@hat	
	<Algeria>	rdfs:label	"Alcerya"@kur	
	<Algeria>	rdfs:label	"ĞĞ»Ğ¶Ğ¸Ñ€"@kir	
	<Algeria>	rdfs:label	"ĞĞ»Ğ¶Ğ¸Ñ€"@mrj	
	<Algeria>	rdfs:label	"Arjelia"@lad	
	<Algeria>	rdfs:label	"Algerium"@lat	
	<Algeria>	rdfs:label	"AlÅ¾Ä«rija"@lav	
	<Algeria>	rdfs:label	"Algerien"@ltz	
	<Algeria>	rdfs:label	"AlÅ¾yras"@lit	
	<Algeria>	rdfs:label	"AlgerÃ®a"@lij	
	<Algeria>	rdfs:label	"AlgerieÃ«"@lim	
	<Algeria>	rdfs:label	"Aljeria"@lin	
	<Algeria>	rdfs:label	"jexygu'e"@jbo	
	<Algeria>	rdfs:label	"Algeria"@lmo	
	<Algeria>	rdfs:label	"AlgÃ©ria"@hun	
	<Algeria>	rdfs:label	"ĞĞ»Ğ¶Ğ¸Ñ€"@mkd	
	<Algeria>	rdfs:label	"Aljeria"@mlg	
	<Algeria>	rdfs:label	"à´…àµ¾à´œàµ€à´±à´¿à´¯"@mal	
	<Algeria>	rdfs:label	"AlÄ¡erija"@mlt	
	<Algeria>	rdfs:label	"à¤…à¤²à¥à¤œà¥€à¤°à¤¿à¤¯à¤¾"@mar	
	<Algeria>	rdfs:label	"áƒáƒšáƒŸáƒ˜áƒ áƒ˜"@xmf	
	<Algeria>	rdfs:label	"Ø§Ù„Ø¬Ø²Ø§ÙŠØ±"@arz	
	<Algeria>	rdfs:label	"Ø§Ù„Ø¬Ø²Ø§ÛŒØ±"@mzn	
	<Algeria>	rdfs:label	"Algeria"@msa	
	<Algeria>	rdfs:label	"ĞĞ»Ğ¶Ğ¸Ñ€"@mdf	
	<Algeria>	rdfs:label	"á€¡á€šá€ºá€œá€ºá€‚á€»á€®á€¸á€›á€®á€¸á€šá€¬á€¸á€”á€­á€¯á€„á€ºá€„á€¶"@mya	
	<Algeria>	rdfs:label	"Argelia"@nah	
	<Algeria>	rdfs:label	"Ardjiriya"@nau	
	<Algeria>	rdfs:label	"Algerije"@nld	
	<Algeria>	rdfs:label	"à¤…à¤²à¥à¤œà¥‡à¤°à¤¿à¤¯à¤¾"@new	
	<Algeria>	rdfs:label	"ã‚¢ãƒ«ã‚¸ã‚§ãƒªã‚¢"@jpn	
	<Algeria>	rdfs:label	"ĞĞ»Ğ¶Ğ¸Ñ€"@che	
	<Algeria>	rdfs:label	"Algeria"@pih	
	<Algeria>	rdfs:label	"Algerie"@nor	
	<Algeria>	rdfs:label	"Algerie"@nno	
	<Algeria>	rdfs:label	"Algeria"@nov	
	<Algeria>	rdfs:label	"Argeria"@oci	
	<Algeria>	rdfs:label	"ĞĞ»Ğ¶Ğ¸Ñ€"@mhr	
	<Algeria>	rdfs:label	"à¬†à¬²à¬œà­‡à¬°à¬¿à¬†"@ori	
	<Algeria>	rdfs:label	"Jazoir"@uzb	
	<Algeria>	rdfs:label	"Ø§Ù„Ø¬Ø²Ø§Ø¦Ø±"@pnb	
	<Algeria>	rdfs:label	"Algeria"@pap	
	<Algeria>	rdfs:label	"Ø§Ù„Ø¬ÛØ±ÙŠØ§"@pus	
	<Algeria>	rdfs:label	"á”áŸ’ášá‘áŸáŸá¢á¶á›áŸ‹á áŸ’áŸáŸášá¸"@khm	
	<Algeria>	rdfs:label	"AlgerÃ¬a"@pms	
	<Algeria>	rdfs:label	"Algerien"@nds	
	<Algeria>	rdfs:label	"Algieria"@pol	
	<Algeria>	rdfs:label	"ArgÃ©lia"@por	
	<Algeria>	rdfs:label	"Aljir"@kaa	
	<Algeria>	rdfs:label	"Cezair"@crh	
	<Algeria>	rdfs:label	"Algeria"@ron	
	<Algeria>	rdfs:label	"Algeria"@roh	
	<Algeria>	rdfs:label	"Alhirya"@que	
	<Algeria>	rdfs:label	"ĞĞ»Ğ¶Ñ–Ñ€"@rue	
	<Algeria>	rdfs:label	"ĞĞ»Ğ¶Ğ¸Ñ€"@rus	
	<Algeria>	rdfs:label	"ĞĞ»Ğ¶Ğ¸Ñ€"@sah	
	<Algeria>	rdfs:label	"Algeria"@sme	
	<Algeria>	rdfs:label	"Algeria"@smo	
	<Algeria>	rdfs:label	"à¤…à¤²à¥à¤œà¥€à¤°à¤¿à¤¯à¤¾"@san	
	<Algeria>	rdfs:label	"AlazÃ«ri"@sag	
	<Algeria>	rdfs:label	"AlgerÃ¬a"@srd	
	<Algeria>	rdfs:label	"Algerie"@sco	
	<Algeria>	rdfs:label	"Algerien"@stq	
	<Algeria>	rdfs:label	"Algeria"@sot	
	<Algeria>	rdfs:label	"Algeria"@nso	
	<Algeria>	rdfs:label	"Algjeria"@sqi	
	<Algeria>	rdfs:label	"AlgirÃ¬a"@scn	
	<Algeria>	rdfs:label	"Algeria"@simple	
	<Algeria>	rdfs:label	"Ø§Ù„Ø¬Ø²Ø§Ø¦Ø±"@snd	
	<Algeria>	rdfs:label	"I-Alijeriya"@ssw	
	<Algeria>	rdfs:label	"AlÅ¾Ã­rsko"@slk	
	<Algeria>	rdfs:label	"AlÅ¾irija"@slv	
	<Algeria>	rdfs:label	"Algeryjo"@szl	
	<Algeria>	rdfs:label	"Aljeeriya"@som	
	<Algeria>	rdfs:label	"Ø¬Û•Ø²Ø§Ø¦ÛŒØ±"@ckb	
	<Algeria>	rdfs:label	"ĞĞ»Ğ¶Ğ¸Ñ€"@srp	
	<Algeria>	rdfs:label	"AlÅ¾ir"@sh	
	<Algeria>	rdfs:label	"Aljazair"@sun	
	<Algeria>	rdfs:label	"Algeria"@fin	
	<Algeria>	rdfs:label	"Algeriet"@swe	
	<Algeria>	rdfs:label	"Alherya"@tgl	
	<Algeria>	rdfs:label	"à®…à®²à¯à®šà¯€à®°à®¿à®¯à®¾"@tam	
	<Algeria>	rdfs:label	"Dzayer"@kab	
	<Algeria>	rdfs:label	"Ó˜Ğ»Ò—Ó™Ğ·Ğ°Ğ¸Ñ€"@tat	
	<Algeria>	rdfs:label	"à°…à°²à±à°œà±€à°°à°¿à°¯à°¾"@tel	
	<Algeria>	rdfs:label	"à¸›à¸£à¸°à¹€à¸—à¸¨à¹à¸­à¸¥à¸ˆà¸µà¹€à¸£à¸µà¸¢"@tha	
	<Algeria>	rdfs:label	"ĞĞ»Ò·Ğ°Ğ·Ğ¾Ğ¸Ñ€"@tgk	
