<id_igagss_1xk_1abgrgo>	<Katherine_LaNasa>	<wasBornOnDate>	"1966-12-01"^^xsd:date	1966.1201
<id_tzv7zr_1xk_dmh1gl>	<Tirrel_Burton>	<wasBornOnDate>	"1930-##-##"^^xsd:date	1930.0000
<id_1baw7m6_1xk_wx51y8>	<Julian_Prochnow>	<wasBornOnDate>	"1986-07-01"^^xsd:date	1986.0701
<id_120he4m_1xk_uvxof8>	<Glen_Smith_(cricketer)>	<wasBornOnDate>	"1973-##-##"^^xsd:date	1973.0000
<id_g4hse4_1xk_18krw28>	<Jack_Offer>	<wasBornOnDate>	"1908-##-##"^^xsd:date	1908.0000
<id_3qen6t_siu_2dab5b>	<Beacon_Towers>	<wasCreatedOnDate>	"1918-##-##"^^xsd:date	1918.0000
<id_1fa92r6_1xk_klrhvg>	<James_C._Shannon>	<wasBornOnDate>	"1896-07-21"^^xsd:date	1896.0721
<id_hn0fcv_u5f_18hzrvj>	<Wolfpack_(video_game)>	<happenedOnDate>	"1990-##-##"^^xsd:date	1990.0000
<id_t1z0j4_1b1_9mnzzq>	<Bout-du-Pont-de-Larn>	<hasArea>	"7630000.0"^^<m^2>	7630000.0
<id_35upgd_siu_vy9v6y>	<Passiflora_arbelaezii>	<wasCreatedOnDate>	"1957-##-##"^^xsd:date	1957.0000
<id_1hd0lux_jto_1llhcj4>	<Birchwood_Airport>	<hasLongitude>	"-149.5"^^<degrees>	-149.5
<id_km7rog_l7i_zjghc8>	<Saint-Robert,_Quebec>	<hasNumberOfPeople>	"1713"^^xsd:nonNegativeInteger	1713
<id_1gtn2n_1ug_1iey6f>	<William_H._Woodin>	<diedOnDate>	"1934-05-03"^^xsd:date	1934.0503
<id_l55t7_1xk_t28eo2>	<John_B._Kimble>	<wasBornOnDate>	"1960-##-##"^^xsd:date	1960.0000
<id_s798bi_1ql_12jutk2>	<Barren_Grounds_Bird_Observatory>	<wasDestroyedOnDate>	"2004-##-##"^^xsd:date	2004.0000
<id_1oayxww_1ug_1o8q8va>	<Ranuccio_Bianchi_Bandinelli>	<diedOnDate>	"1975-##-##"^^xsd:date	1975.0000
<id_ku60uf_u5f_1vwne04>	<Ka-Glom!>	<happenedOnDate>	"2006-##-##"^^xsd:date	2006.0000
<id_196sib_siu_4f6ki2>	<Brigadier_Lethbridge-Stewart>	<wasCreatedOnDate>	"1968-##-##"^^xsd:date	1968.0000
<id_60fdy4_1n8_10aspq9>	<Mazajan>	<hasLatitude>	"27.083333333333332"^^<degrees>	27.083333333333332
<id_1kgjj0l_wo8_wd7wfm>	<Richard_Haughton_(rugby_union)>	<hasWeight>	"88000.0"^^<g>	88000.0
<id_1crkve4_jto_1g9t0jx>	<Dallas_Township,_Dallas_County,_Iowa>	<hasLongitude>	"-94.23166666666667"^^<degrees>	-94.23166666666667
<id_1sswcs5_1xk_tlei1x>	<Michael_Norman_(cricketer)>	<wasBornOnDate>	"1952-##-##"^^xsd:date	1952.0000
<id_8fslju_l7i_zil67q>	<Kościelec,_Kalisz_County>	<hasNumberOfPeople>	"600"^^xsd:nonNegativeInteger	600
<id_1x7c1n5_siu_1qlwbxb>	<Stirling_Baronets>	<wasCreatedOnDate>	"1792-##-##"^^xsd:date	1792.0000
<id_1i4n4o1_jto_y7wamf>	<Pruszków,_Skierniewice_County>	<hasLongitude>	"20.149444444444445"^^<degrees>	20.149444444444445
<id_1fofx8g_1xk_1ypv0dg>	<Philip_Rose_(theatrical_producer)>	<wasBornOnDate>	"1921-07-04"^^xsd:date	1921.0704
<id_6zi138_1ug_unqotn>	<Susan_Seymour,_Duchess_of_Somerset>	<diedOnDate>	"1936-##-##"^^xsd:date	1936.0000
<id_1i4k6vh_jto_1lnlle1>	<Rexburg,_Idaho>	<hasLongitude>	"-111.78527777777778"^^<degrees>	-111.78527777777778
<id_15umkhl_1n8_1np3g19>	<Podivice>	<hasLatitude>	"49.36666666666667"^^<degrees>	49.36666666666667
<id_rxu69h_1n8_1twk7za>	<Tipton,_Pennsylvania>	<hasLatitude>	"40.635555555555555"^^<degrees>	40.635555555555555
<id_di10as_wo8_1s52d3d>	<Thinus_Delport>	<hasWeight>	"104779.784"^^<g>	104779.784
<id_dv9caf_1xk_1915v9e>	<Luca_Princiotta>	<wasBornOnDate>	"1982-##-##"^^xsd:date	1982.0000
<id_1fg78bs_siu_o2zx35>	<Losing_Composure>	<wasCreatedOnDate>	"2003-09-09"^^xsd:date	2003.0909
<id_1kuwgcr_1ug_14wq6p3>	<Abdullah_Laghmani>	<diedOnDate>	"2009-##-##"^^xsd:date	2009.0000
<id_1axr40k_siu_qfv9wd>	<Twilight_(soundtrack)>	<wasCreatedOnDate>	"2008-09-##"^^xsd:date	2008.0900
<id_ahz06t_jto_2wvi0a>	<Sportsmen_Acres,_Oklahoma>	<hasLongitude>	"-95.25138888888888"^^<degrees>	-95.25138888888888
<id_zk50w2_siu_uvxof8>	<WDAV>	<wasCreatedOnDate>	"1973-##-##"^^xsd:date	1973.0000
<id_1lvhxux_siu_vf3rt3>	<A_Fugitive_from_the_Past>	<wasCreatedOnDate>	"1965-##-##"^^xsd:date	1965.0000
<id_1vwpgxr_1xk_eoyl6t>	<Carl_Edward_Vilhelm_Piper>	<wasBornOnDate>	"1820-##-##"^^xsd:date	1820.0000
<id_lpe9ls_1b1_18bwb2w>	<Mannville,_Alberta>	<hasArea>	"2150000.0"^^<m^2>	2150000.0
<id_14nba1i_1ug_1nhiiuc>	<Edward_W._McGaughey>	<diedOnDate>	"1852-##-##"^^xsd:date	1852.0000
<id_tuczgo_1xk_16ymw3s>	<Louis_Amadeus_Rappe>	<wasBornOnDate>	"1801-02-02"^^xsd:date	1801.0202
<id_1gz7a3s_11l_zil4x8>	<Rama_Revealed>	<hasPages>	"480"^^xsd:nonNegativeInteger	480
<id_es9mgv_pkk_zjgau2>	<Josh_Perry>	<hasHeight>	"1.85"^^<m>	1.85
<id_etj1x1_siu_1h893s3>	<The_Friend_Who_Got_Away>	<wasCreatedOnDate>	"2005-##-##"^^xsd:date	2005.0000
<id_uwc0f8_siu_h9vkyx>	<Irma_la_Douce>	<wasCreatedOnDate>	"1956-##-##"^^xsd:date	1956.0000
<id_n1wnq_1xk_1ab5irh>	<Gaëtan_Gatian_de_Clérambault>	<wasBornOnDate>	"1872-07-02"^^xsd:date	1872.0702
<id_158jdr5_1n8_eeq71i>	<Meridian_Township,_Clinton_County,_Illinois>	<hasLatitude>	"38.63333333333333"^^<degrees>	38.63333333333333
<id_3raici_1xk_19rtffl>	<Gata_Kamsky>	<wasBornOnDate>	"1974-06-02"^^xsd:date	1974.0602
<id_1tc14vy_1b1_1kmngu5>	<The_Lady_Tasting_Tea>	<hasISBN>	"0-8050-7134-2"^^<yagoISBN>	0
<id_3k2t7_1xk_vmjyow>	<Kip_Fulbeck>	<wasBornOnDate>	"1965-04-30"^^xsd:date	1965.0430
<id_ehk50g_1e3_1ph2cmc>	<Hearth_Fires>	<hasDuration>	"5700.0"^^<s>	5700.0
<id_1rqsiq5_ibw_zjh1ak>	<Saint-Anaclet-de-Lessard,_Quebec>	<hasPopulationDensity>	"23.9"^^</km^2>	23.9
<id_109glmz_1n8_14vd00n>	<Saint_Peter_the_Apostle_Church>	<hasLatitude>	"40.4977"^^<degrees>	40.4977
<id_nvhitj_jto_peerja>	<Westford_Township,_Martin_County,_Minnesota>	<hasLongitude>	"-94.43333333333334"^^<degrees>	-94.43333333333334
<id_1aqzyn3_1ug_1qx0so3>	<Antonio_Rocco>	<diedOnDate>	"1653-##-##"^^xsd:date	1653.0000
<id_1a6uufe_1xk_3w0h47>	<Rupa_Bajwa>	<wasBornOnDate>	"1976-##-##"^^xsd:date	1976.0000
<id_1b1hpxu_siu_1ay4dl>	<Omsk_Oblast>	<wasCreatedOnDate>	"1934-##-##"^^xsd:date	1934.0000
<id_eo5p2z_1n8_6qp7im>	<Stara_Jabłona>	<hasLatitude>	"51.61666666666667"^^<degrees>	51.61666666666667
<id_1q3puk0_wo8_184gtro>	<Harry_Ellis>	<hasWeight>	"3628.73896"^^<g>	3628.73896
<id_2vtb5h_1xk_1915v9e>	<Anthony_Martin_(cricketer)>	<wasBornOnDate>	"1982-##-##"^^xsd:date	1982.0000
<id_1ybvhcm_siu_vmmimd>	<Kalangarai_Vilakkam>	<wasCreatedOnDate>	"1965-08-28"^^xsd:date	1965.0828
<id_o5ql43_1b1_1pc9ffs>	<Camden,_Tennessee>	<hasArea>	"5.85E7"^^<m^2>	5.85E7
<id_1fqq45a_siu_189ss9y>	<Ryan_Air_Services>	<wasCreatedOnDate>	"1953-##-##"^^xsd:date	1953.0000
<id_e866j0_1xk_1blkm6e>	<Tommie_Campbell>	<wasBornOnDate>	"1987-09-19"^^xsd:date	1987.0919
<id_ew8kaz_l7i_1oi0r7j>	<Evansville,_IN-KY_Metropolitan_Statistical_Area>	<hasNumberOfPeople>	"358676"^^xsd:nonNegativeInteger	358676
<id_pva4fk_1xk_1amo5ez>	<Małgorzata_Ostrowska>	<wasBornOnDate>	"1958-##-##"^^xsd:date	1958.0000
<id_11b2tdn_siu_1tjs0v3>	<First_Born_(album)>	<wasCreatedOnDate>	"2001-##-##"^^xsd:date	2001.0000
<id_1ltlzoq_1xk_1m3ccis>	<Trevor_Sim>	<wasBornOnDate>	"1970-06-09"^^xsd:date	1970.0609
<id_ldi5br_1xk_r0c5bb>	<Thelma_Forbes>	<wasBornOnDate>	"1910-##-##"^^xsd:date	1910.0000
<id_mphcx7_1ug_xs4hwm>	<Edwin_Brown_(naturalist)>	<diedOnDate>	"1876-##-##"^^xsd:date	1876.0000
<id_1ptfy3v_1ql_2dab5b>	<Westkreis-Liga>	<wasDestroyedOnDate>	"1918-##-##"^^xsd:date	1918.0000
<id_1m3tefp_1n8_zjiw11>	<Przyrów>	<hasLatitude>	"50.8"^^<degrees>	50.8
<id_1gewl46_siu_w6gusj>	<Think_with_Your_Heart>	<wasCreatedOnDate>	"1994-##-##"^^xsd:date	1994.0000
<id_1gka9u_1b1_1kkce27>	<Hagenbach,_Haut-Rhin>	<hasArea>	"4810000.0"^^<m^2>	4810000.0
<id_5a7u8w_l7i_zil2p5>	<Cros-de-Géorand>	<hasNumberOfPeople>	"180"^^xsd:nonNegativeInteger	180
<id_1r7m0f1_1ug_w6gusj>	<Joseph_Kavaruganda>	<diedOnDate>	"1994-##-##"^^xsd:date	1994.0000
<id_zpuofg_1n8_thwrzi>	<Ulaka,_Bloke>	<hasLatitude>	"45.78333333333333"^^<degrees>	45.78333333333333
<id_1cvx2ib_l7i_zik29r>	<Moradabad,_Dowreh>	<hasNumberOfPeople>	"43"^^xsd:nonNegativeInteger	43
<id_10bzukl_jto_1lp9rrb>	<Belpre_Township,_Washington_County,_Ohio>	<hasLongitude>	"-81.65"^^<degrees>	-81.65
<id_171hmxr_jto_1pca47s>	<Salignac,_Alpes-de-Haute-Provence>	<hasLongitude>	"5.9833"^^<degrees>	5.9833
<id_1xlwvpf_l7i_zjgccb>	<Chuelles>	<hasNumberOfPeople>	"1095"^^xsd:nonNegativeInteger	1095
<id_1rsqdfa_jto_z1mppc>	<Franklin_Township,_Allamakee_County,_Iowa>	<hasLongitude>	"-91.42805555555556"^^<degrees>	-91.42805555555556
<id_15l3g43_1xk_muib7m>	<Heki_Danjō_Masatsugu>	<wasBornOnDate>	"1443-##-##"^^xsd:date	1443.0000
<id_ag7vlh_l7i_zik29p>	<Garfield_Township,_Decatur_County,_Kansas>	<hasNumberOfPeople>	"41"^^xsd:nonNegativeInteger	41
<id_1p99fys_1e3_1pyqbk0>	<The_Only_Good_Indian>	<hasDuration>	"6840.0"^^<s>	6840.0
<id_jzi14z_l7i_zik28u>	<Dean_Witter_Reynolds>	<hasNumberOfPeople>	"31"^^xsd:nonNegativeInteger	31
<id_8m5wms_pkk_1ng28b7>	<Harry_Hadley>	<hasHeight>	"1.7272"^^<m>	1.7272
<id_1vtomp7_1n8_77gygw>	<Alverno,_Wisconsin>	<hasLatitude>	"44.083333333333336"^^<degrees>	44.083333333333336
<id_1v5zobo_1xk_kxfhfr>	<Thomas_Corbett_(Indian_Army_officer)>	<wasBornOnDate>	"1888-##-##"^^xsd:date	1888.0000
<id_1lpq1jc_jto_1gsffoi>	<Nesovice>	<hasLongitude>	"17.083333333333332"^^<degrees>	17.083333333333332
<id_1k4m13v_siu_56jnhi>	<Folly_(band)>	<wasCreatedOnDate>	"1997-##-##"^^xsd:date	1997.0000
<id_z8u7cb_siu_69177q>	<Tetrastigma_nitens>	<wasCreatedOnDate>	"1887-##-##"^^xsd:date	1887.0000
<id_1ri0nxu_1xk_19sao4k>	<Felix_Khojoyan>	<wasBornOnDate>	"1974-12-22"^^xsd:date	1974.1222
<id_1eloxj4_1ql_hi2kki>	<Deutsche_Reichsbahn_(East_Germany)>	<wasDestroyedOnDate>	"1993-##-##"^^xsd:date	1993.0000
<id_1acq83n_1b1_1v2q2bv>	<Ainsworth,_Wisconsin>	<hasArea>	"1.863E8"^^<m^2>	1.863E8
<id_1cuwxik_1b1_1y1limr>	<Naples_Historic_District>	<hasArea>	"2023428.2112"^^<m^2>	2023428.2112
<id_1x35ulz_1ug_e5n4ug>	<Carl_Bezold>	<diedOnDate>	"1922-##-##"^^xsd:date	1922.0000
<id_184fyi_siu_34ne4r>	<Silo_(store)>	<wasCreatedOnDate>	"1947-##-##"^^xsd:date	1947.0000
<id_ksjcd3_1xk_dtxvad>	<Carolyn_Conwell>	<wasBornOnDate>	"1930-05-16"^^xsd:date	1930.0516
<id_162nc67_1ug_ikerc8>	<Bill_Boyd_(musician)>	<diedOnDate>	"1977-##-##"^^xsd:date	1977.0000
<id_1g2hwak_1xk_21nume>	<Édouard_Manet>	<wasBornOnDate>	"1832-01-23"^^xsd:date	1832.0123
<id_152mqiu_1n8_10cnb2r>	<Jabłonowo,_Olecko_County>	<hasLatitude>	"54.15"^^<degrees>	54.15
<id_1jlpcx0_l7i_zil433>	<Clerlande>	<hasNumberOfPeople>	"340"^^xsd:nonNegativeInteger	340
<id_1607ju6_1xk_dmh1gl>	<Andrzej_Kowalski>	<wasBornOnDate>	"1930-##-##"^^xsd:date	1930.0000
<id_1cq1tya_1e3_1pfeyu9>	<I_Dream_of_Jeanie_(film)>	<hasDuration>	"5400.0"^^<s>	5400.0
<id_1irpfvw_1ug_17mk23p>	<Northman,_son_of_Leofwine>	<diedOnDate>	"1017-##-##"^^xsd:date	1017.0000
<id_1k6fy3_1xk_1m6tzij>	<E._Antonio_Romero>	<wasBornOnDate>	"1925-##-##"^^xsd:date	1925.0000
<id_674d6m_1xk_2lhaqw>	<Ranil_Abeynaike>	<wasBornOnDate>	"1955-##-##"^^xsd:date	1955.0000
<id_1wl5uss_siu_ht1ocs>	<Man_into_Wolf>	<wasCreatedOnDate>	"1948-##-##"^^xsd:date	1948.0000
<id_nk4ttz_1ug_1tjs0v3>	<Patrick_J._Stapleton,_Jr.>	<diedOnDate>	"2001-##-##"^^xsd:date	2001.0000
<id_1gzsna4_1n8_127c18n>	<Rockridge,_West_Virginia>	<hasLatitude>	"37.376666666666665"^^<degrees>	37.376666666666665
<id_1ud57r7_1n8_10cm15f>	<Stroszki>	<hasLatitude>	"52.35"^^<degrees>	52.35
<id_x8ia0t_1ug_13knhtw>	<Sperone_Speroni>	<diedOnDate>	"1588-##-##"^^xsd:date	1588.0000
<id_8yasl0_1e3_10c29x0>	<Ain't_That_Ducky>	<hasDuration>	"420.0"^^<s>	420.0
<id_8yezc3_jto_12o2sfb>	<Heinsdorfergrund>	<hasLongitude>	"12.366666666666667"^^<degrees>	12.366666666666667
<id_jyw9ry_siu_5ehply>	<Earthbound_(Conner_Reeves_album)>	<wasCreatedOnDate>	"1997-11-##"^^xsd:date	1997.1100
<id_654307_l7i_zik29x>	<Lussac,_Charente-Maritime>	<hasNumberOfPeople>	"49"^^xsd:nonNegativeInteger	49
<id_lb9kw7_1ug_1yicwlj>	<Vittorio_Torre>	<diedOnDate>	"1921-##-##"^^xsd:date	1921.0000
<id_duu7zy_jto_1pt8jrx>	<Puy-Saint-Vincent>	<hasLongitude>	"6.4878"^^<degrees>	6.4878
<id_e1xek6_1xk_r8a7rc>	<Jack_Grossman>	<wasBornOnDate>	"1910-11-01"^^xsd:date	1910.1101
<id_16pi45d_siu_1qlxsu>	<Mrs._Pollifax-Spy>	<wasCreatedOnDate>	"1971-05-12"^^xsd:date	1971.0512
<id_14ct6tm_1n8_t44pzd>	<Lopatcong_Township,_New_Jersey>	<hasLatitude>	"40.70638888888889"^^<degrees>	40.70638888888889
<id_6pbj7k_siu_r0c5bb>	<St._Joseph's_Catholic_Church_(Wapakoneta,_Ohio)>	<wasCreatedOnDate>	"1910-##-##"^^xsd:date	1910.0000
<id_z3r3pq_1n8_1px74s6>	<Şamkənd>	<hasLatitude>	"39.878055555555555"^^<degrees>	39.878055555555555
<id_r594cu_jto_1b0tgkf>	<Brämhult>	<hasLongitude>	"13.010833333333334"^^<degrees>	13.010833333333334
<id_g94wmh_siu_1915v9e>	<The_House_of_Thunder>	<wasCreatedOnDate>	"1982-##-##"^^xsd:date	1982.0000
<id_bneqpq_1xk_unqotn>	<Mike_Davies_(tennis)>	<wasBornOnDate>	"1936-##-##"^^xsd:date	1936.0000
<id_q32kqw_1xk_1am1fn5>	<Henry_W._Corbett>	<wasBornOnDate>	"1827-02-18"^^xsd:date	1827.0218
<id_ecevd2_siu_1tjs0v3>	<The_Chalets>	<wasCreatedOnDate>	"2001-##-##"^^xsd:date	2001.0000
<id_qasjhr_1xk_hpguf6>	<Aaryn_Doyle>	<wasBornOnDate>	"1993-01-01"^^xsd:date	1993.0101
<id_1ppj8ef_1xk_16r7z9k>	<Charles_Stetson>	<wasBornOnDate>	"1801-##-##"^^xsd:date	1801.0000
<id_3twn0b_1xk_3w0h47>	<Aurelia_Trywiańska>	<wasBornOnDate>	"1976-##-##"^^xsd:date	1976.0000
<id_ob40kc_siu_1auv50k>	<RMK_Engineering_College>	<wasCreatedOnDate>	"1995-##-##"^^xsd:date	1995.0000
<id_1985m7a_1e3_1phr93x>	<Wild_Target>	<hasDuration>	"5880.0"^^<s>	5880.0
<id_19y02pb_1xk_whfykt>	<Lisette_Sevens>	<wasBornOnDate>	"1949-##-##"^^xsd:date	1949.0000
<id_h49pjl_siu_1q2kvky>	<Duntocher_Hibernian_F.C.>	<wasCreatedOnDate>	"1894-##-##"^^xsd:date	1894.0000
<id_1dfe6ot_1n8_1yde0l9>	<Bellevuegården>	<hasLatitude>	"55.581944444444446"^^<degrees>	55.581944444444446
<id_1o8lptk_pkk_10ae95e>	<Al_Wahda_Dam>	<hasHeight>	"110.0"^^<m>	110.0
<id_1cw5lu5_1n8_svmr0s>	<Rutenberg_Power_Station>	<hasLatitude>	"31.616666666666667"^^<degrees>	31.616666666666667
<id_tp1vie_1n8_1yowugj>	<Oaks,_Missouri>	<hasLatitude>	"39.19694444444444"^^<degrees>	39.19694444444444
<id_l387sl_1ug_190l2gs>	<Nicholas_Matthews_Condy>	<diedOnDate>	"1851-05-20"^^xsd:date	1851.0520
<id_1e4cult_1n8_fvk1qi>	<Elizabeth,_Arkansas>	<hasLatitude>	"36.31666666666667"^^<degrees>	36.31666666666667
<id_1si9s8i_siu_1auv50k>	<Kolej_Yayasan_Saad>	<wasCreatedOnDate>	"1995-##-##"^^xsd:date	1995.0000
<id_lkxo35_1n8_23cds>	<Moreland,_Arkansas>	<hasLatitude>	"35.36666666666667"^^<degrees>	35.36666666666667
<id_1q178g3_1xk_1n5mmbr>	<David_Fleet>	<wasBornOnDate>	"1954-03-03"^^xsd:date	1954.0303
<id_55vuzj_siu_nk95dy>	<New_Year's_Eve_(film)>	<wasCreatedOnDate>	"2011-12-09"^^xsd:date	2011.1209
<id_krgvn5_jto_1pc9dn3>	<Lazer,_Hautes-Alpes>	<hasLongitude>	"5.8383"^^<degrees>	5.8383
<id_pwczb4_jto_dlgvl7>	<San_Pablo,_California>	<hasLongitude>	"-122.34555555555555"^^<degrees>	-122.34555555555555
<id_1mnbyaz_siu_hi2kki>	<Georgia_(typeface)>	<wasCreatedOnDate>	"1993-##-##"^^xsd:date	1993.0000
<id_o851cd_1ql_k2hbhb>	<Animal_Crackers_(TV_series)>	<wasDestroyedOnDate>	"1998-09-12"^^xsd:date	1998.0912
<id_dvmlio_1ug_1lvuvq9>	<Clair_Wilcox>	<diedOnDate>	"1970-##-##"^^xsd:date	1970.0000
<id_1sd2u2v_1ug_x8t1k9>	<James_Raymond>	<diedOnDate>	"1978-##-##"^^xsd:date	1978.0000
<id_1xb97so_1n8_v3ufmz>	<Desino>	<hasLatitude>	"37.983333333333334"^^<degrees>	37.983333333333334
<id_1ovfulg_siu_12rbnen>	<First_Time_(Jebediah_song)>	<wasCreatedOnDate>	"2004-05-24"^^xsd:date	2004.0524
<id_5ar8la_11l_zil3dg>	<Spacehounds_of_IPC>	<hasPages>	"257"^^xsd:nonNegativeInteger	257
<id_19gewlj_siu_3w0h47>	<Canberra_Marathon>	<wasCreatedOnDate>	"1976-##-##"^^xsd:date	1976.0000
<id_1e5jk69_siu_yjc7xk>	<Howards_Alias>	<wasCreatedOnDate>	"1999-##-##"^^xsd:date	1999.0000
<id_reb2ht_siu_1evdqn2>	<MPEG_Audio_Decoder>	<wasCreatedOnDate>	"2000-##-##"^^xsd:date	2000.0000
<id_1l2np1_1xk_7tuvb>	<Adolf_Borchers>	<wasBornOnDate>	"1913-02-10"^^xsd:date	1913.0210
<id_1fkxtrs_1xk_1pb7sli>	<Marie_van_Goethem>	<wasBornOnDate>	"1865-##-##"^^xsd:date	1865.0000
<id_15gjcuu_1xk_1q9tsj2>	<Aleksei_Kolokolchikov>	<wasBornOnDate>	"1988-01-29"^^xsd:date	1988.0129
<id_1sgvaqs_1xk_1m3afk4>	<Scott_Stahoviak>	<wasBornOnDate>	"1970-03-06"^^xsd:date	1970.0306
<id_19p6m5s_1b1_1tqlte>	<Ponta_de_Pedras>	<hasArea>	"3.365126E9"^^<m^2>	3.365126E9
<id_nx3k63_1n8_10b1ucp>	<Mohr,_Fars>	<hasLatitude>	"27.55"^^<degrees>	27.55
<id_18qu5j2_1xk_1og5squ>	<Ladislav_Benýšek>	<wasBornOnDate>	"1975-03-25"^^xsd:date	1975.0325
<id_h8hwl7_1ug_nvgjc1>	<Dhimitër_Shuteriqi>	<diedOnDate>	"2003-##-##"^^xsd:date	2003.0000
<id_1x3t1nd_1xk_gy5og0>	<Vetle_Andersen>	<wasBornOnDate>	"1964-04-20"^^xsd:date	1964.0420
<id_1hd91cp_1n8_3ccwwh>	<Qaraqoyunlu,_Agsu>	<hasLatitude>	"40.54555555555555"^^<degrees>	40.54555555555555
<id_13w7xzu_1xk_17y28qo>	<Eric_O'Keefe>	<wasBornOnDate>	"1961-03-11"^^xsd:date	1961.0311
<id_u490u3_jto_zjgir0>	<Żywiec_County>	<hasLongitude>	"19.2"^^<degrees>	19.2
<id_nxz72a_jto_x5rz7u>	<Hemleben>	<hasLongitude>	"11.216666666666667"^^<degrees>	11.216666666666667
<id_1tp35nf_ibw_10dp1gi>	<Whitestown,_Indiana>	<hasPopulationDensity>	"711.9"^^</km^2>	711.9
<id_1uc3ozq_1ug_1pqnp4y>	<Buster_Benton>	<diedOnDate>	"1996-01-20"^^xsd:date	1996.0120
<id_1qvbdfo_siu_1h893s3>	<State_of_the_Union_(song)>	<wasCreatedOnDate>	"2005-##-##"^^xsd:date	2005.0000
<id_1nfg8ps_1ug_e5n4ug>	<Aleksandr_Khvostov>	<diedOnDate>	"1922-##-##"^^xsd:date	1922.0000
<id_2guien_jto_3qekw7>	<Jelševnik>	<hasLongitude>	"15.133333333333333"^^<degrees>	15.133333333333333
<id_1y51dtn_jto_1iow90k>	<Altandhu>	<hasLongitude>	"5.40955"^^<degrees>	5.40955
<id_1938r7k_siu_w6gusj>	<RKM_Rybnik>	<wasCreatedOnDate>	"1994-##-##"^^xsd:date	1994.0000
<id_1cay29y_1xk_1qlqyyt>	<Finley_Hamilton>	<wasBornOnDate>	"1886-##-##"^^xsd:date	1886.0000
<id_lcohed_1xk_xgaics>	<Alvin_McKinley>	<wasBornOnDate>	"1978-06-09"^^xsd:date	1978.0609
<id_10q7bpu_1n8_10c4skr>	<Lesme>	<hasLatitude>	"46.65"^^<degrees>	46.65
<id_1r372sa_11l_zil6eu>	<When_the_Devil_Dances>	<hasPages>	"688"^^xsd:nonNegativeInteger	688
<id_10ir7a4_siu_1k1fg81>	<Thieves'_Clothes>	<wasCreatedOnDate>	"1920-05-22"^^xsd:date	1920.0522
<id_kd8btf_1xk_1ypt3ew>	<Joaquín_Monserrat>	<wasBornOnDate>	"1921-04-05"^^xsd:date	1921.0405
<id_1yqqmlm_1xk_1nshmmm>	<Benjamin_Pringle>	<wasBornOnDate>	"1807-##-##"^^xsd:date	1807.0000
<id_1065txo_1xk_ex07tw>	<Karen_Plummer>	<wasBornOnDate>	"1951-##-##"^^xsd:date	1951.0000
<id_4vjpzd_siu_1hg75wj>	<Off_the_Main_Sequence>	<wasCreatedOnDate>	"2005-11-##"^^xsd:date	2005.1100
<id_4ijbtm_1b1_1nfzq6o>	<Reisterstown,_Maryland>	<hasArea>	"1.34E7"^^<m^2>	1.34E7
<id_kj2zvs_1xk_1bxcoqs>	<Hans_Johan_Sollie>	<wasBornOnDate>	"1885-##-##"^^xsd:date	1885.0000
<id_w0fpv2_siu_1evdqn2>	<The_Sea_Devil's_Eye_(novel)>	<wasCreatedOnDate>	"2000-##-##"^^xsd:date	2000.0000
<id_1ba4g7w_1xk_17qmow3>	<Cornelia_Pröll>	<wasBornOnDate>	"1961-##-##"^^xsd:date	1961.0000
<id_1ve71rx_1ql_q8bwh2>	<Opus_(comic_strip)>	<wasDestroyedOnDate>	"2008-##-##"^^xsd:date	2008.0000
<id_1uucvnf_gaa_1v14mzr>	<WolfBlock>	<hasRevenue>	"1.595E8"^^<dollar>	1.595E8
<id_1dm3p8p_1xk_19jlsui>	<Michael_Athans>	<wasBornOnDate>	"1937-05-03"^^xsd:date	1937.0503
<id_qyoykk_jto_1tbj6sm>	<Grodzisko,_Świętokrzyskie_Voivodeship>	<hasLongitude>	"20.216666666666665"^^<degrees>	20.216666666666665
<id_150hsoz_1n8_1k0svqz>	<Erith_railway_station>	<hasLatitude>	"51.4816"^^<degrees>	51.4816
<id_11ufd2r_jto_1llene7>	<Cuautitlán_de_García_Barragán>	<hasLongitude>	"-102.7"^^<degrees>	-102.7
<id_13dib0m_1xk_rs0zq>	<Ernest_Olawunmi_Adelaye>	<wasBornOnDate>	"1942-##-##"^^xsd:date	1942.0000
<id_hm174_1xk_1ogt1b9>	<P._G._Wodehouse>	<wasBornOnDate>	"1881-10-15"^^xsd:date	1881.1015
<id_1qzwkgb_jto_1nf2dew>	<Umm_al-Quwain>	<hasLongitude>	"55.93333333333333"^^<degrees>	55.93333333333333
<id_1tybf5y_1xk_j3kuq3>	<Teresa_Machado>	<wasBornOnDate>	"1969-##-##"^^xsd:date	1969.0000
<id_1nld1es_1xk_5x94o3>	<Arnab_Mondal>	<wasBornOnDate>	"1989-09-25"^^xsd:date	1989.0925
<id_15wh1ct_jto_fcwa0u>	<Brighton,_Alabama>	<hasLongitude>	"-86.93333333333334"^^<degrees>	-86.93333333333334
<id_axmbra_1n8_zjkrrm>	<Ummannoor>	<hasLatitude>	"8.95"^^<degrees>	8.95
<id_12pddxq_l7i_zjjmrr>	<Íscar>	<hasNumberOfPeople>	"6508"^^xsd:nonNegativeInteger	6508
<id_1pj2nlx_1xk_wx520s>	<Marjan_Madžarovski>	<wasBornOnDate>	"1986-07-30"^^xsd:date	1986.0730
<id_iud4wi_siu_1q9v2g6>	<Samarkand_(novel)>	<wasCreatedOnDate>	"1988-03-01"^^xsd:date	1988.0301
<id_rdqslg_ibw_10b04n5>	<Cloverdale,_Indiana>	<hasPopulationDensity>	"248.9"^^</km^2>	248.9
<id_1b4shfg_1xk_1j53z6>	<Andrei_Sapozhnikov>	<wasBornOnDate>	"1971-##-##"^^xsd:date	1971.0000
<id_y3rtqn_1xk_1mf0z44>	<Nadeem_Ghauri>	<wasBornOnDate>	"1962-##-##"^^xsd:date	1962.0000
<id_hgf68f_1xk_1qohq5>	<David_Amsalem>	<wasBornOnDate>	"1971-09-04"^^xsd:date	1971.0904
<id_12xf7uf_1n8_10bmx0k>	<Chorku,_Kyrgyzstan>	<hasLatitude>	"39.95"^^<degrees>	39.95
<id_3oultl_siu_1h893s3>	<Acadieman>	<wasCreatedOnDate>	"2005-##-##"^^xsd:date	2005.0000
<id_176ityl_1ug_1lvuvq9>	<Hugh_Francis_Redmond>	<diedOnDate>	"1970-##-##"^^xsd:date	1970.0000
<id_m6pgpf_1b1_gzyha3>	<Vilallonga_del_Camp>	<hasArea>	"9000000.0"^^<m^2>	9000000.0
<id_lnrc75_1xk_zltrns>	<Arthur_Morris_Jones>	<wasBornOnDate>	"1889-##-##"^^xsd:date	1889.0000
<id_s9v31q_1xk_jaz4ky>	<Paola_Pezzo>	<wasBornOnDate>	"1969-01-08"^^xsd:date	1969.0108
<id_1vhqbei_jto_zjgdk4>	<Campagna_Lupia>	<hasLongitude>	"12.1"^^<degrees>	12.1
<id_1yft373_1e3_1peghjr>	<Up_for_Grabs_(film)>	<hasDuration>	"5280.0"^^<s>	5280.0
<id_1t4aaig_1xk_ffhfew>	<George_E._Kimball>	<wasBornOnDate>	"1906-07-12"^^xsd:date	1906.0712
<id_1am7qk4_jto_1ryndhb>	<Nezabylice>	<hasLongitude>	"13.485833333333332"^^<degrees>	13.485833333333332
<id_1yhesc1_siu_w5qozv>	<Alone_(Judy_Garland_album)>	<wasCreatedOnDate>	"1957-05-06"^^xsd:date	1957.0506
<id_1htuzxw_siu_unqotn>	<Saint_Overboard>	<wasCreatedOnDate>	"1936-##-##"^^xsd:date	1936.0000
<id_1ufr3v7_siu_18srlx0>	<Forbidden_Blues>	<wasCreatedOnDate>	"31-07-30"^^xsd:date	31.0730
<id_12xf7uf_1n8_10bmx0l>	<Chorku,_Kyrgyzstan>	<hasLatitude>	"39.96"^^<degrees>	39.96
<id_g79ixr_1n8_lhrnkm>	<Lake_Wynonah,_Pennsylvania>	<hasLatitude>	"40.58777777777778"^^<degrees>	40.58777777777778
<id_282he7_1n8_c3csq>	<Toad_Hop,_Indiana>	<hasLatitude>	"39.45888888888889"^^<degrees>	39.45888888888889
<id_1aixyjj_1b1_1uydqzp>	<Montromant>	<hasArea>	"1.099E7"^^<m^2>	1.099E7
<id_1e3tstl_siu_fodatc>	<Rock-O-Rama>	<wasCreatedOnDate>	"1980-##-##"^^xsd:date	1980.0000
<id_1ym4lss_jto_zp5rpn>	<Puhi,_Hawaii>	<hasLongitude>	"-159.38333333333333"^^<degrees>	-159.38333333333333
<id_16v8g8v_jto_1gbm19l>	<Obthorpe>	<hasLongitude>	"0.38161"^^<degrees>	0.38161
<id_1ry7xhw_1n8_d996qw>	<Mound_City,_South_Dakota>	<hasLatitude>	"45.71666666666667"^^<degrees>	45.71666666666667
<id_1wt5xbq_siu_i8q4f3>	<Médiamétrie>	<wasCreatedOnDate>	"1985-06-##"^^xsd:date	1985.0600
<id_sjmu56_1n8_194ow9f>	<Mainvillers>	<hasLatitude>	"49.0208"^^<degrees>	49.0208
<id_173hq5i_1n8_171hhrc>	<Plaridel,_Bulacan>	<hasLatitude>	"14.883333333333333"^^<degrees>	14.883333333333333
<id_1o8fsvt_1n8_1kyvgt3>	<Louth_railway_station>	<hasLatitude>	"53.3714"^^<degrees>	53.3714
<id_1hznrnp_1ug_1tr9hpb>	<Mortimer_J._Adler>	<diedOnDate>	"2001-06-28"^^xsd:date	2001.0628
<id_awuhyi_jto_sqhjnq>	<Boleszkowice,_Szczecinek_County>	<hasLongitude>	"16.295555555555556"^^<degrees>	16.295555555555556
<id_jzxco_siu_1nx1man>	<Texas_Flood>	<wasCreatedOnDate>	"1983-06-13"^^xsd:date	1983.0613
<id_1mr10mr_1n8_cfzdg0>	<Bogusze,_Warmian-Masurian_Voivodeship>	<hasLatitude>	"53.68527777777778"^^<degrees>	53.68527777777778
<id_ctuto1_siu_1nwzozk>	<Legendary_Hearts>	<wasCreatedOnDate>	"1983-03-##"^^xsd:date	1983.0300
<id_124h8yb_siu_5ppqvd>	<Platyla_maasseni>	<wasCreatedOnDate>	"1989-##-##"^^xsd:date	1989.0000
<id_1283t3o_siu_1ndxfiv>	<Michael_Learns_to_Rock_(album)>	<wasCreatedOnDate>	"1991-09-##"^^xsd:date	1991.0900
<id_1pjhvvp_1n8_ys13re>	<Wallace_Falls_State_Park>	<hasLatitude>	"47.86666666666667"^^<degrees>	47.86666666666667
<id_nmv2mp_pkk_10b0keg>	<Rangawali_Dam>	<hasHeight>	"25.63"^^<m>	25.63
<id_pvzlym_1xk_uc228b>	<Alberto_Guzik>	<wasBornOnDate>	"1944-06-09"^^xsd:date	1944.0609
<id_nrmxc4_1xk_1mmh5z3>	<Craig_Robinson_(basketball)>	<wasBornOnDate>	"1962-04-21"^^xsd:date	1962.0421
<id_7qdiy0_l7i_zjgc9p>	<Commana>	<hasNumberOfPeople>	"1064"^^xsd:nonNegativeInteger	1064
<id_116esea_1xk_h9vkyx>	<Kersten_Neisser>	<wasBornOnDate>	"1956-##-##"^^xsd:date	1956.0000
<id_18pz1qh_1xk_18syvnt>	<Brian_Kerr_(politician)>	<wasBornOnDate>	"1945-##-##"^^xsd:date	1945.0000
	<Guatemalan_Sign_Language>	<hasThreeLetterLanguageCode>	"gsm"	
<id_1wuxhqu_siu_i18nyd>	<Phthiria_relativitae>	<wasCreatedOnDate>	"1985-##-##"^^xsd:date	1985.0000
<id_rapdzk_1ug_1lyxpty>	<Daniel_Fitter>	<diedOnDate>	"1700-##-##"^^xsd:date	1700.0000
<id_1tdenux_wo8_1atfdi5>	<Shinsuke_Nakamura>	<hasWeight>	"104000.0"^^<g>	104000.0
<id_mwzq28_siu_k2w06l>	<Heist_of_the_Century>	<wasCreatedOnDate>	"1998-11-17"^^xsd:date	1998.1117
<id_1q29cvq_jto_4j767>	<Libochovany>	<hasLongitude>	"14.049166666666666"^^<degrees>	14.049166666666666
<id_1ioc5ki_1xk_hpgug9>	<Charlie_Trairat>	<wasBornOnDate>	"1993-01-19"^^xsd:date	1993.0119
<id_179wb62_siu_1b3hc3>	<Angelica_genuflexa>	<wasCreatedOnDate>	"1840-##-##"^^xsd:date	1840.0000
<id_1ksisgx_1xk_1nshmmm>	<Clara_de_Chatelain>	<wasBornOnDate>	"1807-##-##"^^xsd:date	1807.0000
<id_1vjq1hm_1ug_mj8hic>	<Christopher_Gibbons>	<diedOnDate>	"1676-##-##"^^xsd:date	1676.0000
<id_1iu0eml_1n8_10c2vm6>	<Sheraton_Centre_Toronto_Hotel>	<hasLatitude>	"43.65"^^<degrees>	43.65
<id_l83uux_1xk_xg7yen>	<Eric_Denton_(soccer)>	<wasBornOnDate>	"1978-02-08"^^xsd:date	1978.0208
<id_xv17i7_1ug_ucrl1d>	<Franjo_Mraz>	<diedOnDate>	"1981-##-##"^^xsd:date	1981.0000
<id_1cfj801_siu_2lmnpe>	<Bloomingdale's>	<wasCreatedOnDate>	"1861-##-##"^^xsd:date	1861.0000
<id_16d8s8w_1ug_1q9y9er>	<Richard_Glenn_Gettell>	<diedOnDate>	"1988-08-14"^^xsd:date	1988.0814
<id_1gzw9mt_pkk_zil2gr>	<Davide_Lanzafame>	<hasHeight>	"1.8"^^<m>	1.8
<id_191ury0_siu_5ppqvd>	<Roman_Catholic_Diocese_of_Uyo>	<wasCreatedOnDate>	"1989-##-##"^^xsd:date	1989.0000
<id_ijxd5v_1b1_amn3in>	<Saint-Pierre-Montlimart>	<hasArea>	"2.229E7"^^<m^2>	2.229E7
<id_1h6z07u_jto_10bzwvw>	<Saint-Germain-du-Plain>	<hasLongitude>	"4.985"^^<degrees>	4.985
<id_10beu05_ibw_10co07p>	<Hospers,_Iowa>	<hasPopulationDensity>	"551.2"^^</km^2>	551.2
<id_193yav6_1xk_6kgdvi>	<Henry_Hudson>	<wasBornOnDate>	"1560-##-##"^^xsd:date	1560.0000
<id_wftmtb_siu_1915v9e>	<Anderson_Marsh_State_Historic_Park>	<wasCreatedOnDate>	"1982-##-##"^^xsd:date	1982.0000
<id_1ftuoyw_ibw_zil3y1>	<Rolling_Green_Township,_Martin_County,_Minnesota>	<hasPopulationDensity>	"3.4"^^</km^2>	3.4
<id_qu8tzo_1xk_ha0xxf>	<Henry_Tonks>	<wasBornOnDate>	"1862-##-##"^^xsd:date	1862.0000
<id_1x05dsk_1ug_1f3cg4d>	<John_Finklea>	<diedOnDate>	"2000-12-22"^^xsd:date	2000.1222
<id_flh0zo_1n8_9a1fcg>	<Brockway_Township,_Michigan>	<hasLatitude>	"43.11666666666667"^^<degrees>	43.11666666666667
<id_10207p1_siu_1auv50k>	<Bonus_Bonanza>	<wasCreatedOnDate>	"1995-##-##"^^xsd:date	1995.0000
<id_1uh26qn_1ug_15oqfjc>	<Gustav_Gröber>	<diedOnDate>	"1911-##-##"^^xsd:date	1911.0000
<id_dcnv1w_1ug_6va4pa>	<Giovanni_Croce>	<diedOnDate>	"1609-##-##"^^xsd:date	1609.0000
<id_1ube58u_1xk_wpsb4w>	<Walter_Rethel>	<wasBornOnDate>	"1892-##-##"^^xsd:date	1892.0000
<id_nqj3c4_siu_qfva86>	<The_Greatest_(song)>	<wasCreatedOnDate>	"2008-09-09"^^xsd:date	2008.0909
<id_1sw5vx5_l7i_zil42e>	<Bouteville>	<hasNumberOfPeople>	"336"^^xsd:nonNegativeInteger	336
<id_13m4uoc_1xk_1n966a9>	<Cornelia_MacIntyre_Foley>	<wasBornOnDate>	"1909-##-##"^^xsd:date	1909.0000
<id_1h3b0o_1n8_1ao2kys>	<Donje_Jabukovo>	<hasLatitude>	"42.72916666666667"^^<degrees>	42.72916666666667
<id_18wej76_1n8_afifn2>	<Rey_Zamin>	<hasLatitude>	"36.03333333333333"^^<degrees>	36.03333333333333
<id_xmqdtj_1n8_1ym6bqa>	<Lebiedzie>	<hasLatitude>	"52.583333333333336"^^<degrees>	52.583333333333336
<id_1bbrobo_1ug_j3kuq3>	<Elias_Avery_Lowe>	<diedOnDate>	"1969-##-##"^^xsd:date	1969.0000
<id_zk36q8_jto_1nkmbph>	<Sewu>	<hasLongitude>	"110.4935"^^<degrees>	110.4935
<id_1lhcg4b_jto_1txdquf>	<Strzeszkowice_Małe>	<hasLongitude>	"22.433333333333334"^^<degrees>	22.433333333333334
<id_1oijwzn_1ql_1pimpgr>	<CSS_Chicora>	<wasDestroyedOnDate>	"1865-02-18"^^xsd:date	1865.0218
<id_1qm6eaq_1xk_1qa0fgh>	<Ralph_Hammeras>	<wasBornOnDate>	"1894-03-24"^^xsd:date	1894.0324
<id_1gfm0pu_1xk_uci0x7>	<Astra_Klovāne>	<wasBornOnDate>	"1944-10-13"^^xsd:date	1944.1013
<id_154jpe2_1n8_10bmwx3>	<Millsholm,_California>	<hasLatitude>	"39.54"^^<degrees>	39.54
<id_1a8tmd7_1e3_10evstx>	<An_Arcadian_Maid>	<hasDuration>	"960.0"^^<s>	960.0
<id_yhdhxe_1ug_dtxvac>	<William_John_Locke>	<diedOnDate>	"1930-05-15"^^xsd:date	1930.0515
<id_1qy91ep_1xk_1l3wzwp>	<James_Cooper_(Pennsylvania)>	<wasBornOnDate>	"1810-05-08"^^xsd:date	1810.0508
<id_1fnti09_1xk_1o0j99p>	<Naji_al-Ali>	<wasBornOnDate>	"1938-##-##"^^xsd:date	1938.0000
<id_8o4du0_1xk_1m6tzij>	<Bakhtiyar_Vahabzadeh>	<wasBornOnDate>	"1925-##-##"^^xsd:date	1925.0000
<id_1jdvbl6_1ug_ukqah4>	<Bob_Lord_(football_chairman)>	<diedOnDate>	"1981-12-08"^^xsd:date	1981.1208
<id_hhdo54_1xk_1ndw5ve>	<Marc-André_Servant>	<wasBornOnDate>	"1991-07-01"^^xsd:date	1991.0701
<id_1wryat6_jto_12cznwg>	<Rock_River_Township,_Michigan>	<hasLongitude>	"-86.96555555555555"^^<degrees>	-86.96555555555555
<id_wct4a_1xk_uvo4c2>	<Christopher_Gill>	<wasBornOnDate>	"1936-10-28"^^xsd:date	1936.1028
<id_1hpptzo_1n8_1mxdb2g>	<Tylertown,_Mississippi>	<hasLatitude>	"31.116111111111113"^^<degrees>	31.116111111111113
<id_d3vrp4_1n8_bjhdgu>	<Armstedt>	<hasLatitude>	"53.96666666666667"^^<degrees>	53.96666666666667
<id_1bb9u67_11k_1tjedkm>	<Collège_Jeanne-Sauvé,_Winnipeg>	<hasMotto>	"Towards the future"	
<id_1fg3sox_1e3_1qe5u56>	<Gonza_the_Spearman>	<hasDuration>	"7560.0"^^<s>	7560.0
<id_dk35qt_1ug_16z9lwn>	<Christian_Georg_Schmorl>	<diedOnDate>	"1932-##-##"^^xsd:date	1932.0000
<id_pko0wi_pkk_10aivzn>	<Gedempte_Zalmhaven>	<hasHeight>	"188.0"^^<m>	188.0
<id_1vqpt0q_l7i_1nhl3j4>	<Grenada>	<hasNumberOfPeople>	"110000"^^xsd:nonNegativeInteger	110000
<id_17icria_siu_hpi4e8>	<MonsterVision>	<wasCreatedOnDate>	"1993-03-01"^^xsd:date	1993.0301
<id_1r5aorz_1b1_1nx1y30>	<El_Cerro-Monterey_Park,_New_Mexico>	<hasArea>	"2.42E7"^^<m^2>	2.42E7
<id_1wzy9hm_siu_1dr1yhy>	<Carthage,_South_Dakota>	<wasCreatedOnDate>	"1898-##-##"^^xsd:date	1898.0000
<id_1pqmi90_1xk_vy9v6y>	<Leslie_E._Kobayashi>	<wasBornOnDate>	"1957-##-##"^^xsd:date	1957.0000
<id_zinf0l_jto_l8l9dz>	<Střílky>	<hasLongitude>	"17.21333333333333"^^<degrees>	17.21333333333333
<id_1nmcg3w_siu_18kx90q>	<Anglesea_Barracks>	<wasCreatedOnDate>	"1814-##-##"^^xsd:date	1814.0000
<id_1bbrz88_1ug_xgqh1u>	<Rex_Clark_(Australian_soldier)>	<diedOnDate>	"1978-10-19"^^xsd:date	1978.1019
<id_1vc09jh_1xk_11qy82q>	<Johann_Gottfried_von_Aschhausen>	<wasBornOnDate>	"1575-##-##"^^xsd:date	1575.0000
<id_12hgq7r_jto_1nlycge>	<Dębiny,_Warmian-Masurian_Voivodeship>	<hasLongitude>	"19.895"^^<degrees>	19.895
<id_h0dlvd_1ug_1pj9f8l>	<August_Wenzinger>	<diedOnDate>	"1996-##-##"^^xsd:date	1996.0000
<id_j6l48n_1n8_1pwxusu>	<Onoto,_West_Virginia>	<hasLatitude>	"38.27111111111111"^^<degrees>	38.27111111111111
<id_1wwmpl6_1xk_ey0a>	<Jack_Eckerd>	<wasBornOnDate>	"1913-##-##"^^xsd:date	1913.0000
<id_dtxg81_1n8_9nl4lm>	<Edwin_I._Hatch_Nuclear_Power_Plant>	<hasLatitude>	"31.933333333333334"^^<degrees>	31.933333333333334
<id_idnhvg_jto_1nfxtlp>	<Touzac,_Lot>	<hasLongitude>	"1.0561"^^<degrees>	1.0561
<id_ktqjep_jto_1m5idkd>	<I._C._Brătianu,_Tulcea>	<hasLongitude>	"28.433333333333334"^^<degrees>	28.433333333333334
<id_d0p912_l7i_zjgc8w>	<Almedia,_Pennsylvania>	<hasNumberOfPeople>	"1056"^^xsd:nonNegativeInteger	1056
<id_1eeotoh_l7i_10af28k>	<Pablo_Podestá,_Buenos_Aires>	<hasNumberOfPeople>	"12852"^^xsd:nonNegativeInteger	12852
<id_1q4ac6w_siu_ha0xxf>	<Our_Lady_of_Sion_School>	<wasCreatedOnDate>	"1862-##-##"^^xsd:date	1862.0000
<id_15j0e2c_1n8_1bit3f8>	<Mateeşti>	<hasLatitude>	"45.06666666666667"^^<degrees>	45.06666666666667
<id_16p5zd5_1xk_1blgs9z>	<Martin_Šlapák>	<wasBornOnDate>	"1987-03-25"^^xsd:date	1987.0325
<id_9mcgfx_1xk_fnpp0f>	<Marcelino_López>	<wasBornOnDate>	"1943-09-23"^^xsd:date	1943.0923
<id_224n2f_1b1_anuimj>	<Le_Fel>	<hasArea>	"2.489E7"^^<m^2>	2.489E7
<id_uxqq9f_1ug_hi2kki>	<Thomas_Haddon>	<diedOnDate>	"1993-##-##"^^xsd:date	1993.0000
<id_1tvf3zb_1b1_8n9ad7>	<Saint-Germain-du-Pert>	<hasArea>	"6030000.0"^^<m^2>	6030000.0
<id_17bm6r4_siu_8nw5q5>	<KYUK-FM>	<wasCreatedOnDate>	"2010-##-##"^^xsd:date	2010.0000
<id_12mb6t8_jto_lceu0n>	<Alborz,_Qom>	<hasLongitude>	"50.97166666666667"^^<degrees>	50.97166666666667
<id_ih0eml_siu_14wq6p3>	<In_the_Midst_of_Lions>	<wasCreatedOnDate>	"2009-##-##"^^xsd:date	2009.0000
<id_1codbol_1xk_fnns0a>	<Joe_Haldeman>	<wasBornOnDate>	"1943-06-09"^^xsd:date	1943.0609
<id_kmi5qo_u5f_bjxm91>	<Red_Ocean>	<happenedOnDate>	"2007-##-##"^^xsd:date	2007.0000
<id_i4weej_1ug_1544gkt>	<Seymour_Schwartzman>	<diedOnDate>	"2009-01-18"^^xsd:date	2009.0118
<id_bc461f_1n8_kib46i>	<Gullspång>	<hasLatitude>	"58.983333333333334"^^<degrees>	58.983333333333334
<id_1qaq27j_jto_jwloh3>	<University_Square_(Tampa)>	<hasLongitude>	"-82.43333333333334"^^<degrees>	-82.43333333333334
<id_1iixfls_1b1_10cjkln>	<Nova_Siri>	<hasArea>	"5.2E7"^^<m^2>	5.2E7
<id_fa2s14_siu_1evdqn2>	<Ne_daj_se,_Floki>	<wasCreatedOnDate>	"2000-##-##"^^xsd:date	2000.0000
<id_hbtdyl_1ug_1t1zw4j>	<Sarwe_Iyasus>	<diedOnDate>	"1433-##-##"^^xsd:date	1433.0000
<id_w22m37_1xk_gfgtnx>	<Pierluigi_Orlandini>	<wasBornOnDate>	"1972-10-09"^^xsd:date	1972.1009
<id_1tzz8t_1n8_lrsn88>	<Plymouth,_Indiana>	<hasLatitude>	"41.34388888888889"^^<degrees>	41.34388888888889
<id_wx30j4_1xk_1943cel>	<John_Hopkins_Harney>	<wasBornOnDate>	"1806-##-##"^^xsd:date	1806.0000
<id_pj3hf5_1xk_18pxudf>	<Joe_Dudgeon>	<wasBornOnDate>	"1990-11-26"^^xsd:date	1990.1126
<id_ibuked_1b1_1e1cgwh>	<Mala_Gora,_Zreče>	<hasArea>	"1970000.0"^^<m^2>	1970000.0
<id_pqfxjh_1xk_irxi3t>	<Lionel_Pizzinat>	<wasBornOnDate>	"1977-08-09"^^xsd:date	1977.0809
<id_1hjcum9_1e3_1pecnml>	<Silent_Warnings>	<hasDuration>	"5220.0"^^<s>	5220.0
<id_1exruu1_siu_11pgows>	<Come_Clarity>	<wasCreatedOnDate>	"2020-11-##"^^xsd:date	2020.1100
<id_zjowm2_1xk_dmh1gl>	<Mark_McCormack>	<wasBornOnDate>	"1930-##-##"^^xsd:date	1930.0000
<id_zzqfrk_jto_h4dj5x>	<Forest_City,_Iowa>	<hasLongitude>	"-93.63333333333334"^^<degrees>	-93.63333333333334
<id_g0bna8_1b1_1d2wwjh>	<Grandpa_Never_Lies>	<hasISBN>	"978-0395797709"^^<yagoISBN>	978
<id_11cd9dh_1ug_4qb18u>	<Ole_Clausen_Mørch>	<diedOnDate>	"1829-##-##"^^xsd:date	1829.0000
<id_ska70o_jto_10ay0iz>	<Jagnjilo_(Vladičin_Han)>	<hasLongitude>	"21.95"^^<degrees>	21.95
<id_1tx2gyj_1xk_gquujk>	<Charlie_Parry>	<wasBornOnDate>	"1870-##-##"^^xsd:date	1870.0000
<id_1htav4v_1xk_1pij9gr>	<Frimpong_Manso>	<wasBornOnDate>	"1959-05-15"^^xsd:date	1959.0515
<id_8e2xml_1ug_1cgis4n>	<Walenty_Stefański>	<diedOnDate>	"1877-##-##"^^xsd:date	1877.0000
<id_9u21cw_ibw_zjie89>	<Fulton,_Alabama>	<hasPopulationDensity>	"47.4"^^</km^2>	47.4
<id_14sdxj1_siu_1nwyfcx>	<Ballymagash>	<wasCreatedOnDate>	"1983-01-10"^^xsd:date	1983.0110
<id_1rejzwh_siu_12re7ct>	<Out_with_My_Baby>	<wasCreatedOnDate>	"2004-09-26"^^xsd:date	2004.0926
<id_14ul3xq_1ug_g7je77>	<John_Paul_Vann>	<diedOnDate>	"1972-##-##"^^xsd:date	1972.0000
<id_sp63kp_1ug_17qmow3>	<Jean_Jacques_Raimond,_Jr.>	<diedOnDate>	"1961-##-##"^^xsd:date	1961.0000
<id_1ly8kp7_siu_1mq02we>	<Michael_F._Price_College_of_Business>	<wasCreatedOnDate>	"1917-##-##"^^xsd:date	1917.0000
<id_66f2uz_1n8_1b139ik>	<Qabaqçöl>	<hasLatitude>	"41.71666666666667"^^<degrees>	41.71666666666667
<id_z252uk_1ug_whfykt>	<Jesse_Max_Barber>	<diedOnDate>	"1949-##-##"^^xsd:date	1949.0000
<id_2kho62_1xk_ht1ocs>	<Knut_Tarald_Taraldsen>	<wasBornOnDate>	"1948-##-##"^^xsd:date	1948.0000
<id_5iafcc_l7i_zil5ld>	<Siójut>	<hasNumberOfPeople>	"551"^^xsd:nonNegativeInteger	551
<id_xl012b_siu_1evdqn2>	<Fishing_Party_(Australia)>	<wasCreatedOnDate>	"2000-##-##"^^xsd:date	2000.0000
<id_rxjolz_1ug_lg21z9>	<Charles_de_la_Boische,_Marquis_de_Beauharnois>	<diedOnDate>	"1749-07-12"^^xsd:date	1749.0712
<id_11pbhqc_siu_v3f5a3>	<CTV_Two_Alberta>	<wasCreatedOnDate>	"1973-06-30"^^xsd:date	1973.0630
<id_19ysf8l_siu_dmh1gl>	<Ephphatha_Church>	<wasCreatedOnDate>	"1930-##-##"^^xsd:date	1930.0000
<id_lpp0xx_1xk_1nos2qz>	<Gregory_Hines>	<wasBornOnDate>	"1946-02-14"^^xsd:date	1946.0214
<id_1jf5rh5_pkk_1ng28b7>	<Chris_Carrieri>	<hasHeight>	"1.7272"^^<m>	1.7272
<id_12okvrw_l7i_zil39v>	<Cemilli,_Mersin>	<hasNumberOfPeople>	"212"^^xsd:nonNegativeInteger	212
<id_afzn54_1xk_h9vkyx>	<Sam_D'Allesandro>	<wasBornOnDate>	"1956-##-##"^^xsd:date	1956.0000
<id_1wgeogi_siu_ht1ocs>	<Bill_Knapp's>	<wasCreatedOnDate>	"1948-##-##"^^xsd:date	1948.0000
<id_ti1rpp_1b1_aobob1>	<Mamakating,_New_York>	<hasArea>	"2.545E8"^^<m^2>	2.545E8
<id_1w4oor0_1b1_1nfyfgx>	<Auffay>	<hasArea>	"1.13E7"^^<m^2>	1.13E7
<id_1vqebq_1xk_frg4x1>	<Pedro_Romero_de_Terreros>	<wasBornOnDate>	"1710-##-##"^^xsd:date	1710.0000
<id_kzafdf_l7i_1njtnsv>	<Blekinge>	<hasNumberOfPeople>	"152591"^^xsd:nonNegativeInteger	152591
<id_c0rk59_siu_12re7cp>	<Music_of_Mobile_Suit_Gundam_SEED>	<wasCreatedOnDate>	"2004-09-22"^^xsd:date	2004.0922
<id_adqsve_jto_1qovwxp>	<Green_Township,_Madison_County,_Indiana>	<hasLongitude>	"-85.81666666666666"^^<degrees>	-85.81666666666666
<id_rfc7gt_1ug_5ppqvd>	<Francesco_Paolo_Bonifacio>	<diedOnDate>	"1989-##-##"^^xsd:date	1989.0000
<id_1jv74e0_1xk_juihut>	<Jean_Charles_Léonard_de_Sismondi>	<wasBornOnDate>	"1773-05-19"^^xsd:date	1773.0519
<id_1wid6sl_l7i_zil47f>	<Bobova>	<hasNumberOfPeople>	"391"^^xsd:nonNegativeInteger	391
<id_16bex9w_1n8_hsyl75>	<Loup_Township,_Merrick_County,_Nebraska>	<hasLatitude>	"41.21666666666667"^^<degrees>	41.21666666666667
<id_1svl3jk_1n8_10cm175>	<Szlachęcin>	<hasLatitude>	"52.55"^^<degrees>	52.55
<id_1rk5hmj_1n8_ca1fzk>	<Ayotzintepec>	<hasLatitude>	"17.666666666666668"^^<degrees>	17.666666666666668
<id_1di58jd_siu_1auv50k>	<University_of_Nova_Gorica>	<wasCreatedOnDate>	"1995-##-##"^^xsd:date	1995.0000
<id_15y7bye_siu_whlbjb>	<Bellevue,_Nebraska>	<wasCreatedOnDate>	"1855-##-##"^^xsd:date	1855.0000
<id_rkiobx_1ug_1tjs0v3>	<Roy_Dalgarno>	<diedOnDate>	"2001-##-##"^^xsd:date	2001.0000
<id_kkrxty_jto_10ae7wr>	<Eichstedt_(Altm)_station>	<hasLongitude>	"11.85"^^<degrees>	11.85
<id_ia7suv_1n8_pomawm>	<Edgington,_Illinois>	<hasLatitude>	"41.38333333333333"^^<degrees>	41.38333333333333
<id_1mbzyim_1n8_jfsj6g>	<Ventspils>	<hasLatitude>	"57.39055555555556"^^<degrees>	57.39055555555556
<id_1lmzrlu_siu_31714q>	<The_Gun_in_Betty_Lou's_Handbag>	<wasCreatedOnDate>	"1992-08-12"^^xsd:date	1992.0812
<id_x7vs6b_1xk_16z9lwn>	<Andy_Starr>	<wasBornOnDate>	"1932-##-##"^^xsd:date	1932.0000
<id_7vvn2e_siu_qfsqap>	<An_Overdose_of_Death...>	<wasCreatedOnDate>	"2008-05-11"^^xsd:date	2008.0511
<id_1e9twm5_l7i_10dqaqc>	<Food_Lion>	<hasNumberOfPeople>	"73000"^^xsd:nonNegativeInteger	73000
<id_1s26996_1n8_10c6pk7>	<Racławice,_Gorlice_County>	<hasLatitude>	"49.75"^^<degrees>	49.75
<id_yw4mmt_1xk_2kr4z4>	<Guy_Sylvestre>	<wasBornOnDate>	"1918-05-17"^^xsd:date	1918.0517
<id_ja93lo_siu_o2za3l>	<Requiem_(Killing_Joke_album)>	<wasCreatedOnDate>	"2003-08-08"^^xsd:date	2003.0808
<id_hdyp7p_1e3_1pi8hr6>	<Escape_from_New_York>	<hasDuration>	"5940.0"^^<s>	5940.0
<id_1ncdi8t_siu_1f3b63n>	<Discography_of_FLCL>	<wasCreatedOnDate>	"2000-10-04"^^xsd:date	2000.1004
<id_1q0cmbz_1ug_whfykt>	<Maria_Tarnowska>	<diedOnDate>	"1949-##-##"^^xsd:date	1949.0000
<id_7dzyqc_1ug_3c3kzt>	<Othmar_Schimkowitz>	<diedOnDate>	"1947-04-24"^^xsd:date	1947.0424
<id_m07ywj_1xk_tsuoxq>	<Hans-Dieter_Brenner>	<wasBornOnDate>	"1952-04-30"^^xsd:date	1952.0430
<id_1swdqav_ibw_10b0rmj>	<Wasilla,_Alaska>	<hasPopulationDensity>	"258.4"^^</km^2>	258.4
<id_ssbbse_pkk_13rpy7v>	<Louis_Bragg>	<hasHeight>	"1.8796000000000002"^^<m>	1.8796000000000002
<id_3iyuh3_1xk_ukayu0>	<Sedat_Ağçay>	<wasBornOnDate>	"1981-09-22"^^xsd:date	1981.0922
<id_hx49o7_siu_f84oko>	<Geistown,_Pennsylvania>	<wasCreatedOnDate>	"1812-##-##"^^xsd:date	1812.0000
<id_awqq23_siu_juxxpj>	<Spice_Doubt>	<wasCreatedOnDate>	"1998-##-##"^^xsd:date	1998.0000
<id_1a2hqr_1b1_ve4gic>	<Sainte-Anne-d'Auray>	<hasArea>	"4970000.0"^^<m^2>	4970000.0
<id_wrmk21_siu_15oqfjc>	<Ebenezer_Baptist_Church_(Atchison,_Kansas)>	<wasCreatedOnDate>	"1911-##-##"^^xsd:date	1911.0000
<id_1iignow_siu_1orwc95>	<Antigua_Workers'_Union>	<wasCreatedOnDate>	"1967-##-##"^^xsd:date	1967.0000
<id_15ugnx5_siu_yqr4tj>	<Guitarded>	<wasCreatedOnDate>	"1999-02-23"^^xsd:date	1999.0223
<id_1vjzfa_1n8_tyu68f>	<Krępsk>	<hasLatitude>	"53.70277777777778"^^<degrees>	53.70277777777778
<id_qjq5oe_1xk_15woi14>	<Giuseppe_Olmo>	<wasBornOnDate>	"1911-11-22"^^xsd:date	1911.1122
<id_z288mb_jto_1l9mnie>	<Piz_Sena>	<hasLongitude>	"10.109722222222222"^^<degrees>	10.109722222222222
<id_1nh1jur_1n8_1pfdqkk>	<Broughton-in-Furness>	<hasLatitude>	"54.278"^^<degrees>	54.278
<id_1sj6gms_1n8_13qlr49>	<Black_Creek,_North_Carolina>	<hasLatitude>	"35.63333333333333"^^<degrees>	35.63333333333333
<id_qyv7vy_1xk_2dl12b>	<George_Barret,_Sr.>	<wasBornOnDate>	"1730-##-##"^^xsd:date	1730.0000
<id_1b61g8o_1ug_1n6e23k>	<Dezider_Kardoš>	<diedOnDate>	"1991-##-##"^^xsd:date	1991.0000
<id_chumx0_1xk_1nhd5vu>	<George_Pawlaczyk>	<wasBornOnDate>	"1946-##-##"^^xsd:date	1946.0000
<id_1ebwzp2_1xk_18syvnt>	<David_Holsinger>	<wasBornOnDate>	"1945-##-##"^^xsd:date	1945.0000
<id_13ebv89_1n8_1p2cfq>	<Pucciarelli>	<hasLatitude>	"43.090833333333336"^^<degrees>	43.090833333333336
<id_6u1dtv_jto_k8bjo>	<Spenazuma,_Arizona>	<hasLongitude>	"-110.19555555555556"^^<degrees>	-110.19555555555556
<id_1dssyhu_1xk_1ogobc8>	<Maria_Petrova_(rhythmic_gymnast)>	<wasBornOnDate>	"1975-11-13"^^xsd:date	1975.1113
<id_nq8wpz_1xk_ikerc8>	<J._Scott_Jennings>	<wasBornOnDate>	"1977-##-##"^^xsd:date	1977.0000
<id_1phyfdh_1xk_1a3i214>	<Scott_Essman>	<wasBornOnDate>	"1966-##-##"^^xsd:date	1966.0000
<id_1iwlko4_1xk_f7zbm6>	<Lucha_Reyes_(Mexican_singer)>	<wasBornOnDate>	"1906-##-##"^^xsd:date	1906.0000
<id_fl1fs8_1n8_zjicqw>	<Valcourt_(township)>	<hasLatitude>	"45.5"^^<degrees>	45.5
<id_wkehht_1n8_178l045>	<Saint-Clair-du-Rhône>	<hasLatitude>	"45.4408"^^<degrees>	45.4408
<id_1xm0763_1n8_1ujort2>	<Aiguafreda>	<hasLatitude>	"41.766666666666666"^^<degrees>	41.766666666666666
<id_1ey5l30_1n8_13nd502>	<Słaboszewko>	<hasLatitude>	"52.78111111111111"^^<degrees>	52.78111111111111
<id_15v0lbq_1n8_37xjat>	<Coahoma,_Texas>	<hasLatitude>	"32.28333333333333"^^<degrees>	32.28333333333333
<id_9ybqfg_jto_10ajbsz>	<Majki,_Sierpc_County>	<hasLongitude>	"19.85"^^<degrees>	19.85
<id_12c36e6_siu_1hg6j9m>	<Mind_How_You_Go_(The_Advisory_Circle_album)>	<wasCreatedOnDate>	"2005-10-17"^^xsd:date	2005.1017
<id_wiexk1_1xk_8lxlv>	<Heinrich_Fischer>	<wasBornOnDate>	"1950-##-##"^^xsd:date	1950.0000
<id_1cl6zn1_pkk_zjgas9>	<Leigh_Daniel>	<hasHeight>	"1.62"^^<m>	1.62
<id_4f5mym_1ug_whfykt>	<Felix_Hoffmann>	<diedOnDate>	"1949-##-##"^^xsd:date	1949.0000
<id_v8htcw_jto_xw02ma>	<Dreiländerspitze>	<hasLongitude>	"10.133333333333333"^^<degrees>	10.133333333333333
<id_1wa3p1t_1xk_5xa0p1>	<Bud_Jamison>	<wasBornOnDate>	"1895-02-15"^^xsd:date	1895.0215
<id_14q63il_l7i_zil44u>	<Thervay>	<hasNumberOfPeople>	"361"^^xsd:nonNegativeInteger	361
<id_1vxuuem_1ug_y3eblw>	<Jean-Baptiste_Budes,_Comte_de_Guébriant>	<diedOnDate>	"1643-##-##"^^xsd:date	1643.0000
<id_1kac7ho_1xk_1891zik>	<Alex_McIntosh>	<wasBornOnDate>	"1916-04-14"^^xsd:date	1916.0414
<id_15i2wa6_1xk_108823u>	<Hercules_von_Oberberg>	<wasBornOnDate>	"1517-##-##"^^xsd:date	1517.0000
<id_244u86_l7i_zik2bm>	<Härgla>	<hasNumberOfPeople>	"68"^^xsd:nonNegativeInteger	68
<id_15n3kk3_1xk_1a3i214>	<Stacy_Galina>	<wasBornOnDate>	"1966-##-##"^^xsd:date	1966.0000
<id_qz6pcm_1n8_n0c59o>	<Storozhynets>	<hasLatitude>	"48.15972222222222"^^<degrees>	48.15972222222222
<id_115p6bp_1e3_1pfeyu9>	<Pierrepoint_(film)>	<hasDuration>	"5400.0"^^<s>	5400.0
<id_bigl95_jto_zrpfbg>	<Temorak_Navarid>	<hasLongitude>	"66.53333333333333"^^<degrees>	66.53333333333333
<id_8vt5k1_siu_1my72hz>	<University_of_Virginia_Darden_School_of_Business>	<wasCreatedOnDate>	"1954-##-##"^^xsd:date	1954.0000
<id_1loa2md_1xk_i8o7u0>	<Sauli_Koskinen>	<wasBornOnDate>	"1985-03-28"^^xsd:date	1985.0328
<id_m8tfo4_jto_1jji3nv>	<Dobritz>	<hasLongitude>	"12.216666666666667"^^<degrees>	12.216666666666667
<id_f1fj6l_jto_13zg60w>	<Bryngwyn_railway_station>	<hasLongitude>	"4.23319"^^<degrees>	4.23319
<id_b6bl12_1n8_1aqmosi>	<Newport_Township,_Barton_County,_Missouri>	<hasLatitude>	"37.52833333333333"^^<degrees>	37.52833333333333
<id_207qak_11k_10it8i8>	<Langsa>	<hasMotto>	"English"	
<id_avixze_siu_dmh1gl>	<Saint-Jean-de-Cherbourg,_Quebec>	<wasCreatedOnDate>	"1930-##-##"^^xsd:date	1930.0000
<id_q551wj_1n8_fxbip9>	<Mihăileni,_Rîşcani>	<hasLatitude>	"48.03333333333333"^^<degrees>	48.03333333333333
<id_1ucm2ge_1ug_1obyfxh>	<Livia_d'Arco>	<diedOnDate>	"1611-##-##"^^xsd:date	1611.0000
<id_62pn5v_siu_3w0h47>	<Two_Days_Away>	<wasCreatedOnDate>	"1976-##-##"^^xsd:date	1976.0000
<id_hki44p_1xk_19jr5ts>	<Benito_Pérez_Galdós>	<wasBornOnDate>	"1843-05-10"^^xsd:date	1843.0510
<id_1x9nbh5_jto_2afyej>	<Włostów,_Gorzów_County>	<hasLongitude>	"15.098055555555556"^^<degrees>	15.098055555555556
<id_1b4wa8q_siu_g7je77>	<Dade_Battlefield_Historic_State_Park>	<wasCreatedOnDate>	"1972-##-##"^^xsd:date	1972.0000
<id_cg5kwv_1xk_1k1cw9x>	<George_Breakston>	<wasBornOnDate>	"1920-01-22"^^xsd:date	1920.0122
<id_1tj66ph_1b1_b0fdf8>	<Fosston,_Minnesota>	<hasArea>	"4200000.0"^^<m^2>	4200000.0
<id_1mu4n5t_jto_1ov3vpb>	<Fain-lès-Moutiers>	<hasLongitude>	"4.2128"^^<degrees>	4.2128
<id_x7zn8y_l7i_zil2k7>	<Sarab-e_Seyyed_Ali>	<hasNumberOfPeople>	"128"^^xsd:nonNegativeInteger	128
<id_67pj3d_l7i_zjj0kl>	<Axminster>	<hasNumberOfPeople>	"5626"^^xsd:nonNegativeInteger	5626
<id_9lwtj6_siu_zlz4ma>	<Platylobium_parviflorum>	<wasCreatedOnDate>	"1795-##-##"^^xsd:date	1795.0000
<id_wkz7nm_1ug_1npk5hf>	<Władysław_Skonecki>	<diedOnDate>	"1983-##-##"^^xsd:date	1983.0000
<id_16k6439_siu_njpztt>	<Juan_y_la_Borrega>	<wasCreatedOnDate>	"2011-03-28"^^xsd:date	2011.0328
<id_1vnifw6_1ug_1n6e23k>	<Oscar_Christian_Gundersen>	<diedOnDate>	"1991-##-##"^^xsd:date	1991.0000
<id_c9rl8e_1xk_5xntcg>	<Marc_Albrighton>	<wasBornOnDate>	"1989-11-18"^^xsd:date	1989.1118
<id_1d5bb0k_1n8_11cu63q>	<Potsdam,_Ohio>	<hasLatitude>	"39.96333333333334"^^<degrees>	39.96333333333334
<id_1ap3k7l_siu_15453k4>	<Grandpa_in_My_Pocket>	<wasCreatedOnDate>	"2009-02-10"^^xsd:date	2009.0210
<id_kew6w0_siu_1my72hz>	<Watts_Towers>	<wasCreatedOnDate>	"1954-##-##"^^xsd:date	1954.0000
<id_e3mezn_siu_1w41nuv>	<The_Wilkinsons_(TV_series)>	<wasCreatedOnDate>	"2006-01-04"^^xsd:date	2006.0104
<id_1m9bvur_1xk_k62egb>	<Maud_McCarthy>	<wasBornOnDate>	"1859-##-##"^^xsd:date	1859.0000
<id_18hx77o_1n8_1e0nilr>	<Fayette,_West_Virginia>	<hasLatitude>	"38.06333333333333"^^<degrees>	38.06333333333333
<id_1jarcbd_jto_1e6qzok>	<Fairfield_Center,_Indiana>	<hasLongitude>	"-85.11666666666666"^^<degrees>	-85.11666666666666
<id_1p1z0za_siu_1m3ccjl>	<A_Walk_in_the_Spring_Rain>	<wasCreatedOnDate>	"1970-06-17"^^xsd:date	1970.0617
<id_q074dx_1ug_167wix7>	<Feng_Zicai>	<diedOnDate>	"1903-##-##"^^xsd:date	1903.0000
<id_17rj4cu_1ug_b2augz>	<Aedh_mac_Aedh_Breifneach_Ó_Conchobair>	<diedOnDate>	"1345-##-##"^^xsd:date	1345.0000
<id_om5ig_1xk_v3h27w>	<Corey_Johnson_(American_football)>	<wasBornOnDate>	"1973-09-23"^^xsd:date	1973.0923
<id_wb4ndt_jto_1lws9pr>	<Smart,_Virginia>	<hasLongitude>	"-80.19972222222222"^^<degrees>	-80.19972222222222
<id_4txhu1_1ug_2toach>	<Nicholas_Joseph_Walinski,_Jr.>	<diedOnDate>	"1992-##-##"^^xsd:date	1992.0000
<id_ta794t_1xk_ivj830>	<John_Mosher_Bailey>	<wasBornOnDate>	"1838-##-##"^^xsd:date	1838.0000
<id_uhir4d_1n8_18nsj0r>	<Courgent>	<hasLatitude>	"48.8933"^^<degrees>	48.8933
<id_1r6150r_1b1_16cxup6>	<Wright_Township,_Greene_County,_Indiana>	<hasArea>	"9.371E7"^^<m^2>	9.371E7
<id_lh8m05_siu_972940>	<CrazY_JulieT>	<wasCreatedOnDate>	"2002-##-##"^^xsd:date	2002.0000
<id_588a11_u5f_yjc7xk>	<Side_by_Side_(game_series)>	<happenedOnDate>	"1999-##-##"^^xsd:date	1999.0000
<id_19t9cl2_1xk_19vb2fj>	<Leonard_Swidler>	<wasBornOnDate>	"1929-##-##"^^xsd:date	1929.0000
<id_k5j1m3_l7i_zil6dr>	<Arasanj-e_Qadim>	<hasNumberOfPeople>	"670"^^xsd:nonNegativeInteger	670
<id_7m8q32_1ug_tlei1x>	<Miina_Sillanpää>	<diedOnDate>	"1952-##-##"^^xsd:date	1952.0000
<id_ay6vt1_1ug_19rsshu>	<Cliff_Markle>	<diedOnDate>	"1974-05-24"^^xsd:date	1974.0524
<id_nbuqab_jto_1kguqkj>	<Ellicott_City,_Maryland>	<hasLongitude>	"-76.78333333333333"^^<degrees>	-76.78333333333333
<id_jhrknm_1ql_1mq02we>	<Port_Meadow_Halt_railway_station>	<wasDestroyedOnDate>	"1917-##-##"^^xsd:date	1917.0000
<id_1uvi5bj_siu_1h893s3>	<We_Laughed>	<wasCreatedOnDate>	"2005-##-##"^^xsd:date	2005.0000
<id_1i3dgyn_jto_usjxe1>	<Kokocko>	<hasLongitude>	"18.32361111111111"^^<degrees>	18.32361111111111
<id_ouzl9i_1n8_h8ns7p>	<Bennington,_Idaho>	<hasLatitude>	"42.38333333333333"^^<degrees>	42.38333333333333
<id_1s4sdt2_1b1_1nuae6k>	<Roman_Catholic_Diocese_of_Umzimkulu>	<hasArea>	"1.5275E10"^^<m^2>	1.5275E10
<id_drq5b6_1n8_16aicx6>	<Laurens,_Hérault>	<hasLatitude>	"43.5242"^^<degrees>	43.5242
<id_1wd69lz_l7i_zil3zn>	<Bessów>	<hasNumberOfPeople>	"300"^^xsd:nonNegativeInteger	300
<id_1nwxhfi_1e3_1pfeyu9>	<Oute_gata_oute_zimia>	<hasDuration>	"5400.0"^^<s>	5400.0
<id_aeif24_11k_w4aedi>	<Chaparral_High_School_(Arizona)>	<hasMotto>	"A Tradition of Excellence"	
<id_qfw2c_1ug_1be18ef>	<G._N._Glasoe>	<diedOnDate>	"1987-##-##"^^xsd:date	1987.0000
<id_1dvb4lu_1xk_1my72hz>	<Paul_Millett>	<wasBornOnDate>	"1954-##-##"^^xsd:date	1954.0000
<id_eavprd_1ug_u4klfs>	<Georgette_Bauerdorf>	<diedOnDate>	"1944-##-##"^^xsd:date	1944.0000
<id_1182ot0_1n8_2u85r>	<Capiro_Calentura_National_Park>	<hasLatitude>	"15.877222222222223"^^<degrees>	15.877222222222223
<id_1wd667m_1n8_16af9tb>	<Besset>	<hasLatitude>	"43.0792"^^<degrees>	43.0792
<id_1dyffe3_1xk_18pfbqy>	<Novruz_Mammadov_(footballer)>	<wasBornOnDate>	"1990-03-20"^^xsd:date	1990.0320
<id_1yf1d0k_siu_1cgo535>	<St._Albans_(city),_Vermont>	<wasCreatedOnDate>	"1783-##-##"^^xsd:date	1783.0000
<id_u6pcp7_siu_gquujk>	<Ruff's_Chapel>	<wasCreatedOnDate>	"1870-##-##"^^xsd:date	1870.0000
<id_5acpj4_siu_k62egb>	<National_Bank_of_Canada>	<wasCreatedOnDate>	"1859-##-##"^^xsd:date	1859.0000
<id_1spxm4g_siu_ey0a>	<Bessemer,_Lawrence_County,_Pennsylvania>	<wasCreatedOnDate>	"1913-##-##"^^xsd:date	1913.0000
<id_vy9b1i_1xk_jbia8c>	<Héctor_Carrasco>	<wasBornOnDate>	"1969-10-22"^^xsd:date	1969.1022
<id_1jkt76g_siu_wxkdny>	<House_of_Wedlock>	<wasCreatedOnDate>	"1986-10-18"^^xsd:date	1986.1018
<id_1hhexae_siu_1d503zv>	<Duchy_of_Amalfi>	<wasCreatedOnDate>	"957-##-##"^^xsd:date	957.0000
<id_sblodv_siu_17qmow3>	<Ohio_State_University_Radio_Observatory>	<wasCreatedOnDate>	"1961-##-##"^^xsd:date	1961.0000
<id_12kxz2w_1n8_zjiw10>	<Hain,_Thuringia>	<hasLatitude>	"50.7"^^<degrees>	50.7
<id_1ngwdn6_jto_12k6t0n>	<Pender_Township,_Thurston_County,_Nebraska>	<hasLongitude>	"-96.68333333333334"^^<degrees>	-96.68333333333334
<id_wn0kqe_1ug_1orwc95>	<Walter_J._LaBuy>	<diedOnDate>	"1967-##-##"^^xsd:date	1967.0000
<id_49stpg_siu_696k68>	<Auburn,_New_York>	<wasCreatedOnDate>	"1793-##-##"^^xsd:date	1793.0000
<id_12jk02r_l7i_zjixrv>	<Harfleur>	<hasNumberOfPeople>	"5297"^^xsd:nonNegativeInteger	5297
<id_1lokbln_1n8_1tpr5s4>	<Urszulanowice>	<hasLatitude>	"50.416666666666664"^^<degrees>	50.416666666666664
<id_71dorv_1xk_1kwat58>	<Olav_Rasmussen_Langeland>	<wasBornOnDate>	"1904-##-##"^^xsd:date	1904.0000
<id_ysnqeo_1xk_vmi1nw>	<Marco_Branca>	<wasBornOnDate>	"1965-01-06"^^xsd:date	1965.0106
<id_10pppjs_1b1_t13qet>	<Kařez>	<hasArea>	"5860000.0"^^<m^2>	5860000.0
<id_182snox_jto_1lpu79m>	<Jefferson_Township,_Bremer_County,_Iowa>	<hasLongitude>	"-92.35"^^<degrees>	-92.35
<id_13s91i6_1xk_cv3yh5>	<Tibor_Serly>	<wasBornOnDate>	"1901-##-##"^^xsd:date	1901.0000
<id_1z0ic6_1b1_1v23oaz>	<Les_Moitiers-d'Allonne>	<hasArea>	"1.721E7"^^<m^2>	1.721E7
<id_n1108r_siu_972940>	<The_Gamers_(film)>	<wasCreatedOnDate>	"2002-##-##"^^xsd:date	2002.0000
<id_1kvanyr_1xk_ucrl1d>	<Zarah_Ghahramani>	<wasBornOnDate>	"1981-##-##"^^xsd:date	1981.0000
<id_kvoo9q_1ug_ucrl1d>	<Frank_Tieri_(mobster)>	<diedOnDate>	"1981-##-##"^^xsd:date	1981.0000
<id_cwgrux_1xk_1rcuhux>	<Marian_Spore_Bush>	<wasBornOnDate>	"1878-10-22"^^xsd:date	1878.1022
<id_19ljuw0_jto_wqczs8>	<Myślibory>	<hasLongitude>	"22.379444444444445"^^<degrees>	22.379444444444445
<id_1fe3d9z_jto_w8tbeo>	<Concord,_Indiana>	<hasLongitude>	"-84.93333333333334"^^<degrees>	-84.93333333333334
<id_1wfl4my_1xk_4mnebq>	<Herbert_Bautista>	<wasBornOnDate>	"1968-05-12"^^xsd:date	1968.0512
<id_a0n2jk_1xk_1ogubb7>	<Hughie_Callan>	<wasBornOnDate>	"1881-12-26"^^xsd:date	1881.1226
<id_1camc3a_siu_su1f2h>	<Leopoldplatz_(Berlin_U-Bahn)>	<wasCreatedOnDate>	"1923-##-##"^^xsd:date	1923.0000
<id_1re9sj0_l7i_zjgza8>	<Chhatona>	<hasNumberOfPeople>	"2079"^^xsd:nonNegativeInteger	2079
<id_16hm28q_1xk_wow5f1>	<Kerry_Bartlett>	<wasBornOnDate>	"1949-04-15"^^xsd:date	1949.0415
<id_18ba8um_1ug_ncafy6>	<Tine_Bryld>	<diedOnDate>	"2011-##-##"^^xsd:date	2011.0000
<id_18ys8wl_rgu_1qdi7mn>	<Marie_Lake_(Alberta)>	<hasLength>	"7400.0"^^<m>	7400.0
<id_1utbowf_1xk_ht1ocs>	<Michael_Robinson_(Canadian_artist)>	<wasBornOnDate>	"1948-##-##"^^xsd:date	1948.0000
<id_k6fjz3_1xk_fodatc>	<Nisha_Rajagopal>	<wasBornOnDate>	"1980-##-##"^^xsd:date	1980.0000
<id_16dl422_siu_eot88b>	<Eucalyptus_cambageana>	<wasCreatedOnDate>	"1914-##-##"^^xsd:date	1914.0000
<id_1euir7w_siu_8vuv6j>	<Agam_Puram>	<wasCreatedOnDate>	"2010-12-10"^^xsd:date	2010.1210
<id_1sgvk3p_1n8_1alev5t>	<Papworth_Everard>	<hasLatitude>	"52.25467"^^<degrees>	52.25467
<id_8g29cq_siu_1orwc95>	<Passion_of_Spies>	<wasCreatedOnDate>	"1967-##-##"^^xsd:date	1967.0000
<id_b06cg_siu_1n966a9>	<By_the_Light_of_the_Silvery_Moon_(song)>	<wasCreatedOnDate>	"1909-##-##"^^xsd:date	1909.0000
<id_9qtxuz_1xk_vf3rt3>	<Agostino_Cardamone>	<wasBornOnDate>	"1965-##-##"^^xsd:date	1965.0000
<id_1uik1z1_ibw_10b34as>	<Gordisa>	<hasPopulationDensity>	"29.41"^^</km^2>	29.41
<id_1lxxtth_1xk_1l4hsqt>	<Les_Maguire>	<wasBornOnDate>	"1941-##-##"^^xsd:date	1941.0000
<id_1lp2jyn_1xk_1aemirw>	<Maria_Lindsay>	<wasBornOnDate>	"1827-##-##"^^xsd:date	1827.0000
<id_1rzhtcp_1n8_jnm7wu>	<Kilmarnock>	<hasLatitude>	"55.61106"^^<degrees>	55.61106
<id_h7dddj_1xk_5x77ol>	<Andreas_Samaris>	<wasBornOnDate>	"1989-06-13"^^xsd:date	1989.0613
<id_16vhj7x_siu_su1f2h>	<American_Academy_of_Art>	<wasCreatedOnDate>	"1923-##-##"^^xsd:date	1923.0000
<id_ft0kwr_1n8_wt8k33>	<Pomroy_Township,_Kanabec_County,_Minnesota>	<hasLatitude>	"46.03333333333333"^^<degrees>	46.03333333333333
<id_1aj7pna_1ug_1be18ef>	<Guru_Gopinath>	<diedOnDate>	"1987-##-##"^^xsd:date	1987.0000
<id_pcbuo0_1b1_16cwpwz>	<Fairfield_Township,_Clay_County,_Nebraska>	<hasArea>	"9.358E7"^^<m^2>	9.358E7
<id_ydxpb6_1xk_1lnnw4o>	<Dumitru_Pârvulescu>	<wasBornOnDate>	"1933-##-##"^^xsd:date	1933.0000
<id_1fi23u9_1ql_njpcu5>	<Tribulations_of_Life>	<wasDestroyedOnDate>	"2011-02-23"^^xsd:date	2011.0223
<id_1x0wjhw_1ug_181lsod>	<William_Crozier_(cricketer)>	<diedOnDate>	"1916-##-##"^^xsd:date	1916.0000
<id_1dqf9f5_pkk_zjgau5>	<Indrek_Sei>	<hasHeight>	"1.88"^^<m>	1.88
<id_9utdky_siu_1n6e23k>	<Dalsze_okolice>	<wasCreatedOnDate>	"1991-##-##"^^xsd:date	1991.0000
<id_o4hgdr_1xk_whfykt>	<Laurence_Mark>	<wasBornOnDate>	"1949-##-##"^^xsd:date	1949.0000
<id_1fuo1q1_jto_em6gh3>	<Frederick,_Kansas>	<hasLongitude>	"-98.26666666666667"^^<degrees>	-98.26666666666667
<id_cfq9fa_1xk_eot88b>	<Jaime_Castillo_Velasco>	<wasBornOnDate>	"1914-##-##"^^xsd:date	1914.0000
<id_trc8k7_siu_brvoqr>	<Christmas_Joy>	<wasCreatedOnDate>	"2007-11-20"^^xsd:date	2007.1120
<id_689xlz_1xk_g7je77>	<Jethro_Dionisio>	<wasBornOnDate>	"1972-##-##"^^xsd:date	1972.0000
<id_19uzqvb_siu_1w45htp>	<Lie_About_Us>	<wasCreatedOnDate>	"2006-07-22"^^xsd:date	2006.0722
<id_16z4us2_1xk_hheyrk>	<Debby_Boone>	<wasBornOnDate>	"1956-09-22"^^xsd:date	1956.0922
<id_v52cgk_siu_56jnhi>	<Saulkrasti_Jazz_Festival>	<wasCreatedOnDate>	"1997-##-##"^^xsd:date	1997.0000
<id_64fu9u_1xk_1merez9>	<Robert_Finch_(American_politician)>	<wasBornOnDate>	"1925-10-09"^^xsd:date	1925.1009
<id_1ihk5tp_jto_zjieyy>	<Gendərə,_Ismailli>	<hasLongitude>	"48.4"^^<degrees>	48.4
<id_9mivvc_wo8_1dk6wqn>	<Derek_Fathauer>	<hasWeight>	"83007.40371"^^<g>	83007.40371
<id_170cuy_11k_ywwbt1>	<Mount_Vernon_Nazarene_University>	<hasMotto>	"To Seek to Learn is to Seek to Serve"	
<id_1adjmwm_1xk_t28eo2>	<Zoran_Nikolić>	<wasBornOnDate>	"1960-##-##"^^xsd:date	1960.0000
<id_1u3oxo3_1ug_167wix7>	<William_Byers>	<diedOnDate>	"1903-##-##"^^xsd:date	1903.0000
<id_11rfsc9_siu_1o8q8va>	<Juan_the_Landless>	<wasCreatedOnDate>	"1975-##-##"^^xsd:date	1975.0000
<id_k8tk6m_jto_1nfxpr2>	<Swanton_Novers>	<hasLongitude>	"1.0001"^^<degrees>	1.0001
<id_nxi3ai_1ql_1hfqkkk>	<I_Want_a_Famous_Face>	<wasDestroyedOnDate>	"2005-06-07"^^xsd:date	2005.0607
<id_s1yh10_1xk_19kbyn9>	<Dhondup_Wangchen>	<wasBornOnDate>	"1974-##-##"^^xsd:date	1974.0000
<id_w4c6tx_siu_1205j84>	<Super_Jam_(album)>	<wasCreatedOnDate>	"-19-12-11"^^xsd:date	-19.1211
<id_gy28sn_1e3_1pfeyu9>	<Flames_of_the_Islands>	<hasDuration>	"5400.0"^^<s>	5400.0
<id_j44lhe_siu_1ndwsv5>	<Young_Soul_Rebels>	<wasCreatedOnDate>	"1991-08-09"^^xsd:date	1991.0809
<id_jumuoa_1xk_isitr4>	<Rudolf_Veiel>	<wasBornOnDate>	"1883-12-10"^^xsd:date	1883.1210
<id_17fogb4_siu_k2goiq>	<Hearts_Grown_Brutal>	<wasCreatedOnDate>	"1998-08-25"^^xsd:date	1998.0825
<id_gfmn1n_l7i_10afp3v>	<Pedernales,_Dominican_Republic>	<hasNumberOfPeople>	"13805"^^xsd:nonNegativeInteger	13805
<id_vwykrk_siu_h9vkyx>	<Truth_Magazine_(religious_magazine)>	<wasCreatedOnDate>	"1956-##-##"^^xsd:date	1956.0000
<id_1ray1lz_1xk_189j87f>	<Charles_E._Potter>	<wasBornOnDate>	"1916-10-30"^^xsd:date	1916.1030
<id_1pk3wb5_1n8_p45j0w>	<Fort_Saskatchewan>	<hasLatitude>	"53.71277777777778"^^<degrees>	53.71277777777778
<id_10t6jrt_jto_zguuhj>	<Kobierzyce>	<hasLongitude>	"16.916666666666668"^^<degrees>	16.916666666666668
<id_uiu8n3_1xk_td7igc>	<John_Lowden_Knight>	<wasBornOnDate>	"1915-##-##"^^xsd:date	1915.0000
<id_9r1pxj_jto_13ny9a0>	<Stitswerd>	<hasLongitude>	"6.583333333333333"^^<degrees>	6.583333333333333
<id_1yke0u6_siu_4f6ki2>	<The_Double_Helix>	<wasCreatedOnDate>	"1968-##-##"^^xsd:date	1968.0000
<id_18rdx9a_u5f_6zs7eq>	<Battle_of_Phuket>	<happenedOnDate>	"1785-03-13"^^xsd:date	1785.0313
<id_1suamd6_l7i_zjgfu3>	<Cartwright_Township,_Sangamon_County,_Illinois>	<hasNumberOfPeople>	"1507"^^xsd:nonNegativeInteger	1507
<id_8kcmuf_siu_9ehszf>	<Rave_Master_(video_game)>	<wasCreatedOnDate>	"2002-03-20"^^xsd:date	2002.0320
<id_1xorl9f_1ug_yjc7xk>	<Mohammed_Aly_Fahmy>	<diedOnDate>	"1999-##-##"^^xsd:date	1999.0000
<id_11ngum1_1ug_k9fyh0>	<Donell_Ó_Máille>	<diedOnDate>	"1401-##-##"^^xsd:date	1401.0000
<id_up93uv_l7i_zil2jc>	<Sainte-Croix-de-Caderle>	<hasNumberOfPeople>	"118"^^xsd:nonNegativeInteger	118
<id_1401lbg_ibw_10ahiba>	<Squamish,_British_Columbia>	<hasPopulationDensity>	"163.6"^^</km^2>	163.6
<id_zdeg1x_1n8_zjixif>	<Krężoły,_Greater_Poland_Voivodeship>	<hasLatitude>	"52.8"^^<degrees>	52.8
<id_qp8h45_1xk_xg7yei>	<Nikos_Kounenakis>	<wasBornOnDate>	"1978-02-03"^^xsd:date	1978.0203
<id_19ihu4j_ibw_1nirxu0>	<Manhasset,_New_York>	<hasPopulationDensity>	"1353.6"^^</km^2>	1353.6
<id_12h7uo1_1n8_10bifxu>	<Upper_Gotvand_Dam>	<hasLatitude>	"32.25"^^<degrees>	32.25
<id_1h1thxc_k56_zilm82>	<Kalbarri_Airport>	<hasAirportCode>	"KAX"	
<id_18fwv9b_siu_brh01p>	<In_the_Middle_of_the_City>	<wasCreatedOnDate>	"2007-09-23"^^xsd:date	2007.0923
<id_1valwfi_siu_1evdqn2>	<Palmers_Rough>	<wasCreatedOnDate>	"2000-##-##"^^xsd:date	2000.0000
<id_isdcqk_jto_1r74n5z>	<Podstenice>	<hasLongitude>	"15.015527777777777"^^<degrees>	15.015527777777777
<id_1k1md3m_siu_1npk5hf>	<Woodinville_High_School>	<wasCreatedOnDate>	"1983-##-##"^^xsd:date	1983.0000
<id_i5xhnu_l7i_zik114>	<Israeli_Committee_Against_House_Demolitions>	<hasNumberOfPeople>	"8"^^xsd:nonNegativeInteger	8
<id_qnsfem_1xk_1nos2rs>	<Kumiko_Sato>	<wasBornOnDate>	"1946-02-22"^^xsd:date	1946.0222
<id_103ro3e_1n8_zjib9e>	<Boydtown,_Wisconsin>	<hasLatitude>	"43.1"^^<degrees>	43.1
<id_1easkd0_siu_19vb2fj>	<Atlético_S.C.>	<wasCreatedOnDate>	"1929-##-##"^^xsd:date	1929.0000
<id_5oxjq2_siu_12jutk2>	<Gabrielle_Solis>	<wasCreatedOnDate>	"2004-##-##"^^xsd:date	2004.0000
<id_13i83du_jto_1d3qh1q>	<Chojniki,_Greater_Poland_Voivodeship>	<hasLongitude>	"16.116666666666667"^^<degrees>	16.116666666666667
<id_khbhuh_1xk_1au6w6e>	<Devinder_Shory>	<wasBornOnDate>	"1958-08-03"^^xsd:date	1958.0803
<id_1r5wdke_1xk_3cudqc>	<Ryan_Bell>	<wasBornOnDate>	"1984-##-##"^^xsd:date	1984.0000
<id_2m09wf_siu_1tr8upt>	<Elusive_Truth>	<wasCreatedOnDate>	"2001-05-29"^^xsd:date	2001.0529
<id_niy4ab_11k_1etuod5>	<Piarists>	<hasMotto>	"Pietas et Litterae"	
<id_1e4d3tb_l7i_zjgz4u>	<Friedman_Fleischer_&_Lowe>	<hasNumberOfPeople>	"2011"^^xsd:nonNegativeInteger	2011
<id_jqu2ze_siu_1evdqn2>	<Balchder_Cymru>	<wasCreatedOnDate>	"2000-##-##"^^xsd:date	2000.0000
<id_1ip9tca_u5f_1evdqn2>	<The_Sims>	<happenedOnDate>	"2000-##-##"^^xsd:date	2000.0000
<id_1lnj904_1xk_savbom>	<Ed_Flesh>	<wasBornOnDate>	"1931-##-##"^^xsd:date	1931.0000
<id_1hz1wku_1xk_ex07tw>	<Christian_Bernard>	<wasBornOnDate>	"1951-##-##"^^xsd:date	1951.0000
<id_1tamy9q_jto_1ng123c>	<Anneville-sur-Mer>	<hasLongitude>	"1.5792"^^<degrees>	1.5792
<id_1b3q9qn_1xk_34ne4r>	<Serge_Fontaine>	<wasBornOnDate>	"1947-##-##"^^xsd:date	1947.0000
<id_1uwln8j_1n8_178may5>	<La_Chapelle-sur-Coise>	<hasLatitude>	"45.6556"^^<degrees>	45.6556
<id_tmcyo7_l7i_zjh3oi>	<Qeshlaq-e_Quinak>	<hasNumberOfPeople>	"2653"^^xsd:nonNegativeInteger	2653
<id_13mbusw_1xk_3cudqc>	<Burhan_Eşer>	<wasBornOnDate>	"1984-##-##"^^xsd:date	1984.0000
<id_1t0i9pk_1xk_xgaidk>	<Fish_Leong>	<wasBornOnDate>	"1978-06-16"^^xsd:date	1978.0616
<id_m7pnrm_1xk_1q9xmg4>	<Dean_Peterson_(ice_hockey)>	<wasBornOnDate>	"1988-07-25"^^xsd:date	1988.0725
<id_71jq5b_1xk_1my72hz>	<Annick_Le_Loch>	<wasBornOnDate>	"1954-##-##"^^xsd:date	1954.0000
<id_4yljha_jto_1ng0wu1>	<Saint-Aubin-des-Préaux>	<hasLongitude>	"1.5067"^^<degrees>	1.5067
<id_t8qfv9_pkk_zil2gr>	<Andrea_Fabbrini>	<hasHeight>	"1.8"^^<m>	1.8
<id_84fwz7_1xk_ikk4aq>	<Sigmund_Harris>	<wasBornOnDate>	"1883-##-##"^^xsd:date	1883.0000
	<Huntington_Traction_Company>	<wasCreatedOnDate>	"1920-##-##"^^xsd:date	1920.0000
<id_1s99vc4_1xk_19khblr>	<Pete_Morrison>	<wasBornOnDate>	"1880-##-##"^^xsd:date	1880.0000
<id_1phy5st_jto_167jvqi>	<Gmina_Wojsławice>	<hasLongitude>	"23.533333333333335"^^<degrees>	23.533333333333335
<id_z2cmlg_siu_hpguf9>	<Westcountry_Live>	<wasCreatedOnDate>	"1993-01-04"^^xsd:date	1993.0104
<id_1m54nk3_1xk_ha0xxf>	<Alfred_Burke_Thompson>	<wasBornOnDate>	"1862-##-##"^^xsd:date	1862.0000
<id_1q67566_u5f_1lbxzl0>	<Battle_of_Kleisoura_Pass>	<happenedOnDate>	"1941-04-14"^^xsd:date	1941.0414
<id_vgt9gi_1xk_wpeo0h>	<Lanny_Wadkins>	<wasBornOnDate>	"1949-12-05"^^xsd:date	1949.1205
<id_1lk38yn_1xk_1kwat58>	<Marcel_Capelle>	<wasBornOnDate>	"1904-##-##"^^xsd:date	1904.0000
<id_6qcmgx_siu_17qmow3>	<Michael_Faraday_Memorial>	<wasCreatedOnDate>	"1961-##-##"^^xsd:date	1961.0000
<id_1ywjt90_1ug_1tjs0v3>	<Hugh_Felkin>	<diedOnDate>	"2001-##-##"^^xsd:date	2001.0000
<id_1b1i9kp_1b1_jcwl3b>	<Gmina_Korytnica>	<hasArea>	"1.8054E8"^^<m^2>	1.8054E8
<id_tg6lme_l7i_zik2cf>	<Trzcińskie>	<hasNumberOfPeople>	"76"^^xsd:nonNegativeInteger	76
<id_1brgy92_jto_q391yh>	<Farmington,_Michigan>	<hasLongitude>	"-83.36666666666666"^^<degrees>	-83.36666666666666
<id_6m6nsc_jto_1pj9xkc>	<Gmina_Boniewo>	<hasLongitude>	"18.883333333333333"^^<degrees>	18.883333333333333
<id_1q8qdvt_1xk_ht1ocs>	<Sim_Tong_Him>	<wasBornOnDate>	"1948-##-##"^^xsd:date	1948.0000
<id_xjksf_1xk_xv7c0b>	<Fear_Brewster>	<wasBornOnDate>	"1606-##-##"^^xsd:date	1606.0000
<id_12etfnh_l7i_zjgzx9>	<Fégréac>	<hasNumberOfPeople>	"2131"^^xsd:nonNegativeInteger	2131
<id_1t4y1wh_jto_3x9w0g>	<Iskra,_Chuy_District>	<hasLongitude>	"75.43333333333334"^^<degrees>	75.43333333333334
<id_enrhqx_siu_1hfqklf>	<In_Love_with_You>	<wasCreatedOnDate>	"2005-06-17"^^xsd:date	2005.0617
<id_raa3ri_siu_12jutk2>	<All_That_Matters_(novel)>	<wasCreatedOnDate>	"2004-##-##"^^xsd:date	2004.0000
<id_19ptvv2_jto_1elk7hg>	<Rogers,_Ohio>	<hasLongitude>	"-80.61666666666666"^^<degrees>	-80.61666666666666
<id_djbi8a_1n8_1spmjuu>	<Koor,_Indonesia>	<hasLatitude>	"-0.38333333333333336"^^<degrees>	-0.38333333333333336
<id_apyxu9_11k_1cr1bfn>	<City_University_of_Hong_Kong>	<hasMotto>	"敬業樂群"	
<id_2ydqfz_1ug_whfykt>	<Edward_Firth>	<diedOnDate>	"1949-##-##"^^xsd:date	1949.0000
<id_cm15zi_l7i_zjkbbz>	<Herkimer_(village),_New_York>	<hasNumberOfPeople>	"7743"^^xsd:nonNegativeInteger	7743
<id_19090rk_siu_1my72hz>	<Stoke_College>	<wasCreatedOnDate>	"1954-##-##"^^xsd:date	1954.0000
<id_o7fc3r_pkk_zjgare>	<Terin_Humphrey>	<hasHeight>	"1.52"^^<m>	1.52
<id_d370uq_siu_njttp9>	<Marrying_the_Mafia_IV>	<wasCreatedOnDate>	"2011-09-08"^^xsd:date	2011.0908
<id_7jajer_pkk_10acfzu>	<Tera_Moody>	<hasHeight>	"1.524"^^<m>	1.524
<id_13lrbji_jto_1q5tlk3>	<Wola_Okrzejska>	<hasLongitude>	"22.133333333333333"^^<degrees>	22.133333333333333
<id_ow7tvn_l7i_zil73r>	<Murray,_Iowa>	<hasNumberOfPeople>	"766"^^xsd:nonNegativeInteger	766
<id_7b6g5k_1xk_f4h1mt>	<Davey_Johnstone>	<wasBornOnDate>	"1951-05-06"^^xsd:date	1951.0506
<id_djmj4n_l7i_zil2nn>	<Villanueva_de_Campeán>	<hasNumberOfPeople>	"168"^^xsd:nonNegativeInteger	168
<id_fuanbt_1n8_g0epoe>	<Mount_Elgon>	<hasLatitude>	"1.1166666666666667"^^<degrees>	1.1166666666666667
<id_18krw1x_siu_o2vg83>	<Tameiki_(album)>	<wasCreatedOnDate>	"2003-02-26"^^xsd:date	2003.0226
<id_mlrs51_siu_1nhd5vu>	<Zawisza_Bydgoszcz>	<wasCreatedOnDate>	"1946-##-##"^^xsd:date	1946.0000
<id_1mvsmn6_1xk_2dab5b>	<Luther_Lassiter>	<wasBornOnDate>	"1918-##-##"^^xsd:date	1918.0000
<id_11f7ec_1ug_9ejpy3>	<Murder_of_Logan_Tucker>	<diedOnDate>	"2002-06-23"^^xsd:date	2002.0623
<id_q675i6_l7i_1nyq1i0>	<Bakel_Department>	<hasNumberOfPeople>	"215680"^^xsd:nonNegativeInteger	215680
<id_11rs7v8_1xk_1amo5ez>	<Bruce_Harrell>	<wasBornOnDate>	"1958-##-##"^^xsd:date	1958.0000
<id_rqi4so_siu_4mm4bs>	<Day_of_the_Evil_Gun>	<wasCreatedOnDate>	"1968-03-01"^^xsd:date	1968.0301
<id_36gq29_siu_fzcelm>	<Federal_Alcohol_Administration>	<wasCreatedOnDate>	"1935-##-##"^^xsd:date	1935.0000
<id_6qe5s6_1ug_1pj9f8l>	<Mohammad_Taqi_Danesh_Pajouh>	<diedOnDate>	"1996-##-##"^^xsd:date	1996.0000
<id_1knstou_1ql_2lhaqw>	<Imperial_Bank_of_India>	<wasDestroyedOnDate>	"1955-##-##"^^xsd:date	1955.0000
<id_nf4c1a_1ug_5ppqvd>	<Fritz_Bleiweiß>	<diedOnDate>	"1989-##-##"^^xsd:date	1989.0000
<id_1fk7u3g_siu_3kak80>	<Give_Me_My_Freedom>	<wasCreatedOnDate>	"1984-04-##"^^xsd:date	1984.0400
<id_1i7q2lz_siu_8nw5q5>	<In_the_Mountain_in_the_Cloud>	<wasCreatedOnDate>	"2010-##-##"^^xsd:date	2010.0000
<id_1j41vgt_1xk_wp4pb2>	<Émile_Driant>	<wasBornOnDate>	"1855-09-11"^^xsd:date	1855.0911
<id_w87pih_siu_1j53z6>	<Star_Light>	<wasCreatedOnDate>	"1971-##-##"^^xsd:date	1971.0000
<id_17nxga2_jto_1lpyo5g>	<Santa_María_Ahuacatitlán>	<hasLongitude>	"-99.25"^^<degrees>	-99.25
<id_1kntdei_jto_1rshb53>	<Midway,_Bedford_County,_Tennessee>	<hasLongitude>	"-86.32277777777777"^^<degrees>	-86.32277777777777
<id_1ehzlw2_1ug_8nw5q5>	<Donald_Hawgood>	<diedOnDate>	"2010-##-##"^^xsd:date	2010.0000
<id_opqf6b_1n8_1upt9dz>	<Chaleh_Ghazan>	<hasLatitude>	"35.233333333333334"^^<degrees>	35.233333333333334
<id_1bp6qh4_1n8_urn8ga>	<Ipswich,_Massachusetts>	<hasLatitude>	"42.67916666666667"^^<degrees>	42.67916666666667
<id_161emxp_1xk_twdlu7>	<Jascha_Brodsky>	<wasBornOnDate>	"1907-##-##"^^xsd:date	1907.0000
<id_hxqmx6_siu_1vwne04>	<Kirkland_Lake_District_Composite_School>	<wasCreatedOnDate>	"2006-##-##"^^xsd:date	2006.0000
<id_14qdeng_1n8_10c3io6>	<Saint-Méard-de-Gurçon>	<hasLatitude>	"44.91"^^<degrees>	44.91
<id_1mwcp9s_siu_34sr39>	<Wellington_Province>	<wasCreatedOnDate>	"1853-##-##"^^xsd:date	1853.0000
<id_22dhh0_ibw_zjgfs9>	<Redwater,_Mississippi>	<hasPopulationDensity>	"15.3"^^</km^2>	15.3
<id_1alvnot_1n8_187cieq>	<Salt,_Jordan>	<hasLatitude>	"32.03333333333333"^^<degrees>	32.03333333333333
<id_r8u42f_l7i_zil6es>	<Hajjiabad-e_Amlak>	<hasNumberOfPeople>	"686"^^xsd:nonNegativeInteger	686
<id_1etfv00_siu_7311fd>	<École_de_musique_Vincent-d'Indy>	<wasCreatedOnDate>	"192#-##-##"^^xsd:date	1920.0000
<id_1r7ldx5_jto_e50a6m>	<Livingston,_South_Carolina>	<hasLongitude>	"-81.12055555555555"^^<degrees>	-81.12055555555555
<id_iiwwy8_k56_zilwot>	<Yenişehir_Airport>	<hasAirportCode>	"YEI"	
<id_1nqhxxf_11k_16w1dn6>	<Bhavnagar_University>	<hasMotto>	"sa vidhya vimukte"	
<id_gaxktf_1xk_1mq5fuw>	<George_M.B._Maughs>	<wasBornOnDate>	"1823-##-##"^^xsd:date	1823.0000
<id_1o7mkh1_1n8_1lmrnsh>	<Chajdyce>	<hasLatitude>	"53.56111111111111"^^<degrees>	53.56111111111111
<id_1tu61cw_siu_yjc7xk>	<The_New_Jersey_Japanese_School>	<wasCreatedOnDate>	"1999-##-##"^^xsd:date	1999.0000
<id_dkncu6_1n8_lmruco>	<Ghiasabad>	<hasLatitude>	"37.266666666666666"^^<degrees>	37.266666666666666
<id_1xqbmnz_1xk_1merf0s>	<Hugh_Currie>	<wasBornOnDate>	"1925-10-22"^^xsd:date	1925.1022
<id_1kan8by_1n8_r6e104>	<Cullinan,_Gauteng>	<hasLatitude>	"-25.672777777777778"^^<degrees>	-25.672777777777778
<id_j8cp7x_siu_11zn0kz>	<Because_You're_Young>	<wasCreatedOnDate>	"-19-04-02"^^xsd:date	-19.0402
<id_zhdvr1_1ug_8ve9jq>	<Phillip_Walker>	<diedOnDate>	"2010-07-22"^^xsd:date	2010.0722
<id_vvt7sf_1xk_fg6b7r>	<Teofilo_Ruiz>	<wasBornOnDate>	"1943-##-##"^^xsd:date	1943.0000
<id_1jms9hp_siu_ikk4aq>	<A_Barcelona>	<wasCreatedOnDate>	"1883-##-##"^^xsd:date	1883.0000
<id_mt3i1b_1ug_kpj7r6>	<Bihari_Lal>	<diedOnDate>	"1663-##-##"^^xsd:date	1663.0000
<id_br10p8_1n8_5kft60>	<Fountain,_North_Carolina>	<hasLatitude>	"35.666666666666664"^^<degrees>	35.666666666666664
<id_gvasta_1ug_hhb4so>	<Fred_Merkle>	<diedOnDate>	"1956-03-02"^^xsd:date	1956.0302
<id_srepm6_siu_brdt34>	<Wars_(album)>	<wasCreatedOnDate>	"2007-04-10"^^xsd:date	2007.0410
<id_fdk1cn_1ug_dtzs9w>	<Marcellus_Hartley_Dodge,_Jr.>	<diedOnDate>	"1930-08-29"^^xsd:date	1930.0829
<id_ugwuq6_siu_1fcuykj>	<Littleton,_Massachusetts>	<wasCreatedOnDate>	"1686-##-##"^^xsd:date	1686.0000
<id_1vpxjxi_1xk_moed17>	<Tian_Jun>	<wasBornOnDate>	"858-##-##"^^xsd:date	858.0000
<id_1syclbl_1b1_aodiat>	<Chaudron-en-Mauges>	<hasArea>	"2.571E7"^^<m^2>	2.571E7
<id_161ufa0_siu_8lxlv>	<Escuela_de_campeones>	<wasCreatedOnDate>	"1950-##-##"^^xsd:date	1950.0000
<id_7rrphh_1ug_1lvuvq9>	<Wilder_W._Hartley>	<diedOnDate>	"1970-##-##"^^xsd:date	1970.0000
<id_7hahbj_1n8_18nsj1l>	<Beaumesnil,_Calvados>	<hasLatitude>	"48.8942"^^<degrees>	48.8942
<id_bckpi4_1xk_1m6zch1>	<Pierre_Veron>	<wasBornOnDate>	"1831-##-##"^^xsd:date	1831.0000
<id_192zamp_pkk_zjgau4>	<Mitchell_Sargent>	<hasHeight>	"1.87"^^<m>	1.87
<id_1kq9p13_1ug_1nhiiuc>	<Johan_Gunder_Adler>	<diedOnDate>	"1852-##-##"^^xsd:date	1852.0000
<id_1b58zy4_u5f_1h893s3>	<Guild_Wars_Prophecies>	<happenedOnDate>	"2005-##-##"^^xsd:date	2005.0000
<id_1alzak7_1ug_69177q>	<John_Whitlock_Nicholl_Carne>	<diedOnDate>	"1887-##-##"^^xsd:date	1887.0000
<id_qhpvy9_l7i_zil2l2>	<Hodíškov>	<hasNumberOfPeople>	"138"^^xsd:nonNegativeInteger	138
<id_bvfmxj_siu_2toach>	<Never_Say_Never_(Alias_album)>	<wasCreatedOnDate>	"1992-##-##"^^xsd:date	1992.0000
<id_17rjbzj_1ug_1ttcz3z>	<Matrona_of_Chios>	<diedOnDate>	"1462-##-##"^^xsd:date	1462.0000
<id_x9nces_1xk_1dr1yhy>	<Francisco_Bores>	<wasBornOnDate>	"1898-##-##"^^xsd:date	1898.0000
<id_1dk7uz7_1xk_fwaqar>	<Ashanti_(entertainer)>	<wasBornOnDate>	"1980-10-13"^^xsd:date	1980.1013
<id_1r2jhv1_pkk_zjgata>	<Jorge_Ormeño>	<hasHeight>	"1.78"^^<m>	1.78
<id_iu3934_1xk_gynk18>	<Arkie_Whiteley>	<wasBornOnDate>	"1964-11-06"^^xsd:date	1964.1106
<id_poplvx_jto_1nx3unu>	<Annequin>	<hasLongitude>	"2.7258"^^<degrees>	2.7258
<id_qiidi6_siu_16g3iis>	<Sargent_Fletcher>	<wasCreatedOnDate>	"1940-##-##"^^xsd:date	1940.0000
<id_bk6qnq_1ug_fodatc>	<Bohuslav_Josífek>	<diedOnDate>	"1980-##-##"^^xsd:date	1980.0000
<id_1xwpenh_1b1_d2bmrz>	<Sharon_Springs,_New_York>	<hasArea>	"4700000.0"^^<m^2>	4700000.0
<id_wuc65w_11k_1kutok3>	<Garendon_High_School>	<hasMotto>	"Teaching Excellence"	
<id_wju178_jto_1ng0cuz>	<Saint-Laurent-des-Bois,_Loir-et-Cher>	<hasLongitude>	"1.4486"^^<degrees>	1.4486
<id_4npg1p_siu_1c4pfl7>	<Product_Perfect>	<wasCreatedOnDate>	"1979-07-19"^^xsd:date	1979.0719
<id_1px8x84_11l_zil451>	<Blood_Done_Sign_My_Name>	<hasPages>	"368"^^xsd:nonNegativeInteger	368
<id_ha7fwe_l7i_zil6e0>	<Stites_Township,_St._Clair_County,_Illinois>	<hasNumberOfPeople>	"679"^^xsd:nonNegativeInteger	679
<id_1cht4l6_1xk_3vabbh>	<Amos_Oz>	<wasBornOnDate>	"1939-05-04"^^xsd:date	1939.0504
<id_8b25ed_1xk_17y2vqa>	<Mike_Garrett_(soccer)>	<wasBornOnDate>	"1961-04-14"^^xsd:date	1961.0414
<id_p8n8zb_1ug_18syvnt>	<Gu_Zhongchen>	<diedOnDate>	"1945-##-##"^^xsd:date	1945.0000
<id_bitbqr_siu_1n9bj8r>	<St._Brendan's_Hospital_(Grangegorman)>	<wasCreatedOnDate>	"1815-##-##"^^xsd:date	1815.0000
<id_ammuih_jto_182yb8k>	<Qındırğa>	<hasLongitude>	"46.651666666666664"^^<degrees>	46.651666666666664
<id_14p3yzh_l7i_10ai406>	<Marmande>	<hasNumberOfPeople>	"17161"^^xsd:nonNegativeInteger	17161
<id_1cwo9yl_1xk_1m3tl5z>	<Quanell_X>	<wasBornOnDate>	"1970-12-07"^^xsd:date	1970.1207
<id_74lq5t_siu_bjxm91>	<Bielawa_Owls>	<wasCreatedOnDate>	"2007-##-##"^^xsd:date	2007.0000
<id_3i7blw_1ug_ikk4aq>	<Richard_La_Nicca>	<diedOnDate>	"1883-##-##"^^xsd:date	1883.0000
<id_8o4f8e_siu_43yjk9>	<The_Goodies_–_Almost_Live>	<wasCreatedOnDate>	"1976-11-02"^^xsd:date	1976.1102
<id_1g893z1_siu_1amo5ez>	<Secretly>	<wasCreatedOnDate>	"1958-##-##"^^xsd:date	1958.0000
<id_17etp7b_pkk_w71rlh>	<Joe_Vagana>	<hasHeight>	"1.9000000000000001"^^<m>	1.9000000000000001
<id_l11ba9_siu_56jnhi>	<Sister_Pete>	<wasCreatedOnDate>	"1997-##-##"^^xsd:date	1997.0000
<id_1fjdz2d_pkk_zjgasf>	<José_Justavino>	<hasHeight>	"1.68"^^<m>	1.68
<id_19afv4u_siu_1dj5otd>	<Hudson,_New_Hampshire>	<wasCreatedOnDate>	"1673-##-##"^^xsd:date	1673.0000
<id_zh10wz_1ug_12jutk2>	<Tony_Fairbrother>	<diedOnDate>	"2004-##-##"^^xsd:date	2004.0000
<id_1apx42w_1xk_1lvlyll>	<Bruno_Sacco>	<wasBornOnDate>	"1933-11-12"^^xsd:date	1933.1112
<id_1iarhlc_1ug_savbom>	<Frank_Murrell>	<diedOnDate>	"1931-##-##"^^xsd:date	1931.0000
<id_129abwe_1xk_mr5wn9>	<Thomas_Mathews>	<wasBornOnDate>	"1676-10-##"^^xsd:date	1676.1000
<id_1bx5wt5_1ug_1sfg8pz>	<Carlos_Casado_del_Alisal>	<diedOnDate>	"1899-##-##"^^xsd:date	1899.0000
<id_13u63r5_1b1_1lt1qjg>	<Dead_Right>	<hasISBN>	"0330482181"^^<yagoISBN>	0330482181
<id_z0j5u8_jto_6a0wem>	<Barjamovci>	<hasLongitude>	"17.11388888888889"^^<degrees>	17.11388888888889
<id_jzva34_1n8_j8ekxu>	<Ohioville,_Pennsylvania>	<hasLatitude>	"40.666666666666664"^^<degrees>	40.666666666666664
<id_15wu8ie_1ug_x8yeir>	<Charles_Schreiber>	<diedOnDate>	"1884-##-##"^^xsd:date	1884.0000
<id_nve40e_siu_1pr7hqg>	<Mama_Said_(Metallica_song)>	<wasCreatedOnDate>	"1996-11-25"^^xsd:date	1996.1125
<id_wh7zyv_jto_1r9ln7t>	<Pitomnik>	<hasLongitude>	"46.983333333333334"^^<degrees>	46.983333333333334
<id_73bod3_siu_19s9ds6>	<Inspiration_Information>	<wasCreatedOnDate>	"1974-10-##"^^xsd:date	1974.1000
<id_y0n6wj_1ug_v3vqve>	<Marcus_Foster>	<diedOnDate>	"1973-11-06"^^xsd:date	1973.1106
<id_1tvybmu_jto_qc4zfu>	<Glenray,_West_Virginia>	<hasLongitude>	"-80.66666666666667"^^<degrees>	-80.66666666666667
<id_n31dpu_1ql_bjxm91>	<Foetry.com>	<wasDestroyedOnDate>	"2007-##-##"^^xsd:date	2007.0000
<id_ip0cau_siu_1pb7sli>	<Tallong_Public_School>	<wasCreatedOnDate>	"1865-##-##"^^xsd:date	1865.0000
<id_1ts1x3l_1n8_zw5sh1>	<Simaw,_Shwegu>	<hasLatitude>	"24.133333333333333"^^<degrees>	24.133333333333333
<id_hbxzzc_1ug_t9r5h6>	<André_Hugon>	<diedOnDate>	"1960-08-22"^^xsd:date	1960.0822
<id_206l3c_1b1_ii6zxk>	<Gülnar>	<hasArea>	"1.669E10"^^<m^2>	1.669E10
<id_jhlc4i_1ug_19rqvj8>	<David_Brown_(rugby_league)>	<diedOnDate>	"1974-02-23"^^xsd:date	1974.0223
<id_kwaje0_siu_3w0h47>	<San_Francisco_Bay_View>	<wasCreatedOnDate>	"1976-##-##"^^xsd:date	1976.0000
<id_1svpd5y_l7i_zil722>	<Etchingham>	<hasNumberOfPeople>	"747"^^xsd:nonNegativeInteger	747
<id_xpy72d_1xk_h9vkyx>	<Hetty_Baynes>	<wasBornOnDate>	"1956-##-##"^^xsd:date	1956.0000
<id_1o3v33e_1xk_jb11kc>	<Yuri_Gusakov>	<wasBornOnDate>	"1969-04-16"^^xsd:date	1969.0416
<id_x6ig6p_siu_1trqqcd>	<How_High>	<wasCreatedOnDate>	"2001-12-21"^^xsd:date	2001.1221
<id_151qrm5_1n8_1vj59nl>	<Van_Buren,_Maine>	<hasLatitude>	"47.164722222222224"^^<degrees>	47.164722222222224
<id_8b25dl_jto_1oe31nd>	<Trèves,_Gard>	<hasLongitude>	"3.3892"^^<degrees>	3.3892
<id_8mhzd2_1xk_ex07tw>	<James_L._Ziemer>	<wasBornOnDate>	"1951-##-##"^^xsd:date	1951.0000
<id_12u61rl_1ug_474xuz>	<René-Nicolas_Dufriche_Desgenettes>	<diedOnDate>	"1837-##-##"^^xsd:date	1837.0000
<id_64cpbu_1ug_14wq6p3>	<Bob_Willoughby>	<diedOnDate>	"2009-##-##"^^xsd:date	2009.0000
<id_c4x26q_siu_yjc7xk>	<Heaven_&_Hell_(Shin_Terai_album)>	<wasCreatedOnDate>	"1999-##-##"^^xsd:date	1999.0000
<id_gou4jf_jto_10aw6hj>	<Ordsall,_Greater_Manchester>	<hasLongitude>	"2.278"^^<degrees>	2.278
<id_lqnqlk_siu_154ow6l>	<Face_of_Mankind>	<wasCreatedOnDate>	"2009-12-29"^^xsd:date	2009.1229
<id_1730al3_jto_yxurms>	<Western_Township,_Otter_Tail_County,_Minnesota>	<hasLongitude>	"-96.21333333333334"^^<degrees>	-96.21333333333334
<id_1gvd5k9_l7i_1nlkrob>	<Grand_Rapids,_Michigan>	<hasNumberOfPeople>	"188040"^^xsd:nonNegativeInteger	188040
<id_qgn281_1xk_1j53z6>	<Joe_Sheehan>	<wasBornOnDate>	"1971-##-##"^^xsd:date	1971.0000
<id_2rn4h4_1n8_hk977v>	<Alachua_County,_Florida>	<hasLatitude>	"29.683333333333334"^^<degrees>	29.683333333333334
<id_1u0j3gn_1ug_18syvnt>	<Johann_Dietrich_Alfken>	<diedOnDate>	"1945-##-##"^^xsd:date	1945.0000
<id_zzt93a_jto_89c8f7>	<Woodward,_Pennsylvania>	<hasLongitude>	"-77.35444444444444"^^<degrees>	-77.35444444444444
<id_11x9l6w_siu_21mbl7>	<Larco_Museum>	<wasCreatedOnDate>	"1926-07-28"^^xsd:date	1926.0728
<id_1sutup7_jto_p5iu1y>	<Andover,_Kansas>	<hasLongitude>	"-97.13333333333334"^^<degrees>	-97.13333333333334
<id_1wi72rd_siu_1n5ryym>	<Bolivar_Township,_Benton_County,_Indiana>	<wasCreatedOnDate>	"1860-03-##"^^xsd:date	1860.0300
<id_ojw5gf_1xk_1u47rg>	<Pathanay_Khan>	<wasBornOnDate>	"1926-##-##"^^xsd:date	1926.0000
<id_cknwzl_siu_1pj9f8l>	<Wojna_Przeciwko_Ziemi>	<wasCreatedOnDate>	"1996-##-##"^^xsd:date	1996.0000
<id_17ggh31_1xk_1q2kvky>	<Benito_Perojo>	<wasBornOnDate>	"1894-##-##"^^xsd:date	1894.0000
<id_qtf28w_jto_wnki5k>	<Hickman,_Kentucky>	<hasLongitude>	"-89.18333333333334"^^<degrees>	-89.18333333333334
<id_1yosgi6_1b1_10bfzey>	<Hasankeyf>	<hasArea>	"3.2E8"^^<m^2>	3.2E8
<id_lmrl44_1xk_tlei1x>	<Dale_Launer>	<wasBornOnDate>	"1952-##-##"^^xsd:date	1952.0000
<id_hjox3i_1n8_178njhi>	<Taillebourg,_Charente-Maritime>	<hasLatitude>	"45.8375"^^<degrees>	45.8375
<id_1g5hm6j_jto_gpkbd1>	<Mariscala_de_Juárez>	<hasLongitude>	"-98.13333333333334"^^<degrees>	-98.13333333333334
<id_hnxgr3_jto_57lov9>	<Scipio_Township,_Michigan>	<hasLongitude>	"-84.66111111111111"^^<degrees>	-84.66111111111111
<id_8aq6rn_1b1_1j9t7ow>	<Italy,_Texas>	<hasArea>	"4600000.0"^^<m^2>	4600000.0
<id_1s3033t_jto_5m9mkw>	<Dziwigórz>	<hasLongitude>	"16.438333333333333"^^<degrees>	16.438333333333333
<id_1x8tsn1_jto_1otbhm7>	<Dabèga>	<hasLongitude>	"-0.5833333333333334"^^<degrees>	-0.5833333333333334
<id_n0bpth_1n8_90qqad>	<Stoltmany>	<hasLatitude>	"54.00277777777778"^^<degrees>	54.00277777777778
<id_1c3xb16_1n8_zji91b>	<Alukend>	<hasLatitude>	"40.1"^^<degrees>	40.1
<id_wmz4jt_jto_kp2xeo>	<Smoky_Hollow_Township,_Cass_County,_Minnesota>	<hasLongitude>	"-93.84972222222221"^^<degrees>	-93.84972222222221
<id_9h89c1_siu_vq88jv>	<Coombe_Women's_Hospital>	<wasCreatedOnDate>	"1826-##-##"^^xsd:date	1826.0000
<id_rvxg70_1e3_1qcemfx>	<All_in_the_Game>	<hasDuration>	"7200.0"^^<s>	7200.0
<id_pv10pk_1ug_1vwne04>	<Dieter_Acker>	<diedOnDate>	"2006-##-##"^^xsd:date	2006.0000
<id_ta6tah_1xk_3nthim>	<Wolf-Dieter_Heiss>	<wasBornOnDate>	"1939-##-##"^^xsd:date	1939.0000
<id_19it8e9_1b1_58v548>	<Aomori,_Aomori>	<hasArea>	"8.2452E8"^^<m^2>	8.2452E8
<id_1xz9dmx_siu_1vwne04>	<What_Goes_Around..._Comes_Around>	<wasCreatedOnDate>	"2006-##-##"^^xsd:date	2006.0000
<id_addis8_l7i_zjhpa2>	<Darby_Township,_Pickaway_County,_Ohio>	<hasNumberOfPeople>	"3492"^^xsd:nonNegativeInteger	3492
<id_l2szk0_1xk_317o5a>	<Kristian_Cox>	<wasBornOnDate>	"1992-09-28"^^xsd:date	1992.0928
<id_1wi3yhb_1n8_1088dht>	<Victoria_West>	<hasLatitude>	"-31.4"^^<degrees>	-31.4
<id_5blje0_siu_1vwne04>	<Smile_Angel_Foundation>	<wasCreatedOnDate>	"2006-##-##"^^xsd:date	2006.0000
<id_fdcue3_siu_1h893s3>	<Blizard_Building>	<wasCreatedOnDate>	"2005-##-##"^^xsd:date	2005.0000
<id_jsv473_jto_1o7vauf>	<Zaczernie>	<hasLongitude>	"22.016666666666666"^^<degrees>	22.016666666666666
<id_1xipynt_1n8_17tu77s>	<Oceola_Township,_Michigan>	<hasLatitude>	"42.63722222222222"^^<degrees>	42.63722222222222
<id_1tq6h9v_1xk_1nhd5vu>	<Remy_Hermoso>	<wasBornOnDate>	"1946-##-##"^^xsd:date	1946.0000
<id_1x0nzxb_jto_1f1orre>	<Pristava,_Ljutomer>	<hasLongitude>	"16.233333333333334"^^<degrees>	16.233333333333334
<id_14bu82y_1ug_1d735e3>	<George_Ingouville>	<diedOnDate>	"1869-01-13"^^xsd:date	1869.0113
<id_qgsd9x_gaa_1j9nus4>	<Snohomish_County_Public_Utility_District>	<hasRevenue>	"554000000"^^<dollar>	554000000
<id_3jirou_1xk_1mq02we>	<Zdeněk_Kovář>	<wasBornOnDate>	"1917-##-##"^^xsd:date	1917.0000
<id_1rqrh0z_1n8_10mucsd>	<Canyondam,_California>	<hasLatitude>	"40.166666666666664"^^<degrees>	40.166666666666664
<id_13x1oxe_siu_qfq6bs>	<Gangsta_Rap_Made_Me_Do_It>	<wasCreatedOnDate>	"2008-01-03"^^xsd:date	2008.0103
<id_1gavxkk_ibw_1njsctr>	<Bethany,_Oklahoma>	<hasPopulationDensity>	"1504.5"^^</km^2>	1504.5
<id_a09ecc_1xk_xg98ej>	<Justin_Keeler>	<wasBornOnDate>	"1978-04-17"^^xsd:date	1978.0417
<id_9zqqxs_1n8_10bkd2g>	<Pleasant_Garden,_North_Carolina>	<hasLatitude>	"35.95"^^<degrees>	35.95
<id_14ftsua_1n8_zjhr8u>	<Meadow_Creek,_West_Virginia>	<hasLatitude>	"37.8"^^<degrees>	37.8
<id_1lud63m_1xk_i9cqdh>	<Owney_Madden>	<wasBornOnDate>	"1891-12-18"^^xsd:date	1891.1218
<id_1bkvcgu_siu_1lnnw4o>	<Non-Sectarian_Anti-Nazi_League>	<wasCreatedOnDate>	"1933-##-##"^^xsd:date	1933.0000
<id_1s47uiv_1ug_8lxlv>	<James_Addison_Jones>	<diedOnDate>	"1950-##-##"^^xsd:date	1950.0000
<id_1wgzewc_l7i_zil7w3>	<Harrisville,_Pennsylvania>	<hasNumberOfPeople>	"883"^^xsd:nonNegativeInteger	883
<id_zmbgak_1n8_18nnf72>	<Bouilly-en-Gâtinais>	<hasLatitude>	"48.0961"^^<degrees>	48.0961
<id_47iau7_1n8_em7poq>	<Putyla>	<hasLatitude>	"47.983333333333334"^^<degrees>	47.983333333333334
<id_1vf207g_siu_2toach>	<Everybody_Else_Is_Doing_It,_So_Why_Can't_We?>	<wasCreatedOnDate>	"1992-##-##"^^xsd:date	1992.0000
<id_1l7kn45_1xk_5x77oj>	<Lorenzo_Ariaudo>	<wasBornOnDate>	"1989-06-11"^^xsd:date	1989.0611
<id_urxcd0_1ug_1a39rw6>	<Blind_Lemon_Jefferson>	<diedOnDate>	"1929-12-19"^^xsd:date	1929.1219
<id_hwpqi7_siu_1npk5hf>	<Hasta_Que_Te_Conocí>	<wasCreatedOnDate>	"1983-##-##"^^xsd:date	1983.0000
<id_1vlutam_jto_1mz0pi6>	<Laà-Mondrans>	<hasLongitude>	"0.7722"^^<degrees>	0.7722
<id_1xnwdct_11k_1xgz0hl>	<Cadet_College_Sialkot>	<hasMotto>	"Pursuance for Excellence"	
<id_rotid9_siu_1pb7sli>	<Coborn_Road_railway_station>	<wasCreatedOnDate>	"1865-##-##"^^xsd:date	1865.0000
<id_12wqb82_1n8_186nngs>	<Prinquiau>	<hasLatitude>	"47.3631"^^<degrees>	47.3631
<id_1tfz4ef_1b1_1f3y20l>	<Hood,_California>	<hasArea>	"816000.0"^^<m^2>	816000.0
<id_18ze5be_1xk_1qdpcbq>	<Pierre-Marin_Rouph_de_Varicourt>	<wasBornOnDate>	"1755-##-##"^^xsd:date	1755.0000
<id_bd3bsy_1xk_xg7bgr>	<Andreas_Rauscher>	<wasBornOnDate>	"1978-01-25"^^xsd:date	1978.0125
<id_w15rx3_1n8_h8er1s>	<Straumsnes,_Fauske>	<hasLatitude>	"67.29944444444445"^^<degrees>	67.29944444444445
<id_1n9shy9_jto_qked6k>	<Pujehun>	<hasLongitude>	"-11.716666666666667"^^<degrees>	-11.716666666666667
<id_fuyr0z_jto_x36jyj>	<Masu'ot_Yitzhak>	<hasLongitude>	"34.689499999999995"^^<degrees>	34.689499999999995
<id_nwjtq5_1xk_1qlqyyt>	<Jimmy_Campbell_(footballer)>	<wasBornOnDate>	"1886-##-##"^^xsd:date	1886.0000
<id_53m45r_1n8_k43570>	<Sanford,_Florida>	<hasLatitude>	"28.783333333333335"^^<degrees>	28.783333333333335
<id_1pl54f5_siu_11pg1x9>	<Bag_of_Bones_(album)>	<wasCreatedOnDate>	"2020-10-##"^^xsd:date	2020.1000
<id_7c2sda_1n8_1jkvljt>	<Wilnis>	<hasLatitude>	"52.19777777777777"^^<degrees>	52.19777777777777
<id_hxkhal_1xk_1qt6iub>	<Cy_Slapnicka>	<wasBornOnDate>	"1886-03-23"^^xsd:date	1886.0323
<id_10fkvg1_1b1_1pc9g6h>	<Casas_Adobes,_Arizona>	<hasArea>	"5.86E7"^^<m^2>	5.86E7
<id_1d2q5gq_siu_ncafy6>	<HITT_(band)>	<wasCreatedOnDate>	"2011-##-##"^^xsd:date	2011.0000
<id_1ugbstb_jto_1llezxp>	<Strumień>	<hasLongitude>	"18.763533333333335"^^<degrees>	18.763533333333335
<id_n22rko_siu_8vaf98>	<Heirs_to_Thievery>	<wasCreatedOnDate>	"2010-01-##"^^xsd:date	2010.0100
<id_1kti6sr_1xk_hheyq1>	<Ricardo_Formosinho>	<wasBornOnDate>	"1956-09-09"^^xsd:date	1956.0909
<id_1cxml7j_siu_18hzrvj>	<A_Cry_in_the_Wild>	<wasCreatedOnDate>	"1990-##-##"^^xsd:date	1990.0000
<id_qkzqy5_siu_1pj9f8l>	<Fischer_Air>	<wasCreatedOnDate>	"1996-##-##"^^xsd:date	1996.0000
<id_1ijdh9i_1xk_8lxlv>	<Rachael_Worby>	<wasBornOnDate>	"1950-##-##"^^xsd:date	1950.0000
<id_1g7wc3l_l7i_zjgi1z>	<Kamionka,_Lubartów_County>	<hasNumberOfPeople>	"1800"^^xsd:nonNegativeInteger	1800
<id_14faqoo_jto_108bo4z>	<Springtown,_Indiana>	<hasLongitude>	"-86.6"^^<degrees>	-86.6
<id_196lo3f_pkk_zjgau5>	<Yushan_Nijiati>	<hasHeight>	"1.88"^^<m>	1.88
<id_7uere3_1xk_v3h276>	<Jamie_Lidell>	<wasBornOnDate>	"1973-09-18"^^xsd:date	1973.0918
<id_1xtgqls_1xk_1bx7bsa>	<Stine_Hofgaard_Nilsen>	<wasBornOnDate>	"1979-##-##"^^xsd:date	1979.0000
<id_cds58_1e3_1peghjr>	<Chelsea_on_the_Rocks>	<hasDuration>	"5280.0"^^<s>	5280.0
<id_1lu1adh_1n8_1nkpmee>	<Gilgel_Gibe_I_Power_Station>	<hasLatitude>	"7.816666666666666"^^<degrees>	7.816666666666666
<id_14merns_1ql_1h893s3>	<Lansing_Car_Assembly>	<wasDestroyedOnDate>	"2005-##-##"^^xsd:date	2005.0000
<id_1qqyvgi_siu_1pj9f8l>	<Switchfoot>	<wasCreatedOnDate>	"1996-##-##"^^xsd:date	1996.0000
<id_10kjyev_l7i_zjiw2j>	<B_&_M>	<hasNumberOfPeople>	"5000"^^xsd:nonNegativeInteger	5000
<id_59qev8_1xk_8cdio>	<Oswald_Zappelli>	<wasBornOnDate>	"1913-10-27"^^xsd:date	1913.1027
<id_10eiy09_l7i_zil4un>	<Falegh_Sanat>	<hasNumberOfPeople>	"450"^^xsd:nonNegativeInteger	450
<id_m9hg7o_1b1_rqpx00>	<Chlum_Svaté_Maří>	<hasArea>	"4710000.0"^^<m^2>	4710000.0
<id_jzi14z_l7i_zik275>	<Dean_Witter_Reynolds>	<hasNumberOfPeople>	"12"^^xsd:nonNegativeInteger	12
<id_1vlb7u1_siu_1fnzfbb>	<Piploda_State>	<wasCreatedOnDate>	"1547-##-##"^^xsd:date	1547.0000
<id_18mbw4b_1ug_1my72hz>	<Joseph_White_Musser>	<diedOnDate>	"1954-##-##"^^xsd:date	1954.0000
<id_53pwx9_siu_1amo5ez>	<Arlington_Christian_School>	<wasCreatedOnDate>	"1958-##-##"^^xsd:date	1958.0000
<id_69y4g8_siu_1tjs0v3>	<As_the_Future_Catches_You>	<wasCreatedOnDate>	"2001-##-##"^^xsd:date	2001.0000
<id_9w99y4_1xk_rs0zq>	<João_de_Deus_(medium)>	<wasBornOnDate>	"1942-##-##"^^xsd:date	1942.0000
<id_1rfywlm_1xk_hhdorq>	<Alan_Baker_(politician)>	<wasBornOnDate>	"1956-07-15"^^xsd:date	1956.0715
<id_8u8z4x_siu_19khblr>	<Half_Chance_Iron_Bridge>	<wasCreatedOnDate>	"1880-##-##"^^xsd:date	1880.0000
<id_vq7oky_1ug_q8bwh2>	<Fawwaz_bin_Abdul-Aziz_Al_Saud>	<diedOnDate>	"2008-##-##"^^xsd:date	2008.0000
<id_1um3roa_1n8_pljmfk>	<Asqalan,_Afghanistan>	<hasLatitude>	"36.833333333333336"^^<degrees>	36.833333333333336
<id_1egdsxc_jto_1lpvh8o>	<Maysville,_Missouri>	<hasLongitude>	"-94.35"^^<degrees>	-94.35
<id_1v9gizt_1n8_1kyusd2>	<Lipka,_West_Pomeranian_Voivodeship>	<hasLatitude>	"53.2525"^^<degrees>	53.2525
<id_1a6f4jl_1ql_yjc7xk>	<Gremlin_Interactive>	<wasDestroyedOnDate>	"1999-##-##"^^xsd:date	1999.0000
<id_1xj2xrf_1xk_1blzavi>	<Brigitte_Yaghi>	<wasBornOnDate>	"1987-11-18"^^xsd:date	1987.1118
<id_1u6bfez_1xk_1ngpk2w>	<William_Greer>	<wasBornOnDate>	"1909-09-22"^^xsd:date	1909.0922
<id_819b8v_jto_8jexv0>	<Darling,_Mississippi>	<hasLongitude>	"-90.27416666666666"^^<degrees>	-90.27416666666666
<id_1d81k0w_1ug_1mf0z44>	<Siegfried_Salomon>	<diedOnDate>	"1962-##-##"^^xsd:date	1962.0000
<id_o0nqdu_1n8_zjiwrq>	<Oporowo,_Leszno_County>	<hasLatitude>	"51.8"^^<degrees>	51.8
<id_1tfmw5g_siu_1be6lcx>	<University_of_Wisconsin–Superior>	<wasCreatedOnDate>	"1893-##-##"^^xsd:date	1893.0000
<id_1h89qd6_siu_t1gyys>	<Muscle_Shoals,_Alabama>	<wasCreatedOnDate>	"1923-03-31"^^xsd:date	1923.0331
<id_j8tw0d_l7i_zil2p6>	<Zborówek_Nowy>	<hasNumberOfPeople>	"181"^^xsd:nonNegativeInteger	181
<id_1yxahfg_jto_1yatje4>	<Grejač>	<hasLongitude>	"21.716666666666665"^^<degrees>	21.716666666666665
<id_1obd2tk_pkk_zjgata>	<Gerd_Zewe>	<hasHeight>	"1.78"^^<m>	1.78
<id_cckof3_siu_juxxpj>	<TV_Câmara>	<wasCreatedOnDate>	"1998-##-##"^^xsd:date	1998.0000
<id_irm4cf_1n8_94buqx>	<Grande-Rivière-du-Nord>	<hasLatitude>	"19.583333333333332"^^<degrees>	19.583333333333332
<id_lu3avw_1xk_3nthim>	<Brian_Luckhurst>	<wasBornOnDate>	"1939-##-##"^^xsd:date	1939.0000
<id_10wj1lj_1n8_1mtziqm>	<Wuhan>	<hasLatitude>	"30.583333333333332"^^<degrees>	30.583333333333332
<id_1mh4lns_siu_bjxm91>	<Almas-e-Shargh>	<wasCreatedOnDate>	"2007-##-##"^^xsd:date	2007.0000
<id_162ywfv_1xk_1og8cov>	<Robert_Hunt_(American_football_coach)>	<wasBornOnDate>	"1975-07-22"^^xsd:date	1975.0722
<id_1tko6r5_jto_zjh0jo>	<Nozdrzec>	<hasLongitude>	"22.2"^^<degrees>	22.2
<id_1gcfjtl_11k_1f0drkr>	<Log_Cabin_Republicans>	<hasMotto>	"Inclusion Wins"	
<id_1qhzfya_1xk_i0ii5p>	<James_V._Aukerman>	<wasBornOnDate>	"1948-05-06"^^xsd:date	1948.0506
<id_jdmcu0_1ug_savbom>	<Frank_Drew_(lighthouse_keeper)>	<diedOnDate>	"1931-##-##"^^xsd:date	1931.0000
<id_p5s4g1_1xk_gezl0n>	<Joel_Reyes>	<wasBornOnDate>	"1972-04-08"^^xsd:date	1972.0408
<id_1agg6ll_1xk_1pb2fn0>	<Mihály_Iváncsik>	<wasBornOnDate>	"1959-##-##"^^xsd:date	1959.0000
<id_vamtjw_pkk_10agrpo>	<Boyd's_Automatic_tide_signalling_apparatus>	<hasHeight>	"15.24"^^<m>	15.24
<id_18mlvpo_jto_15nytj7>	<Tours_Société_Générale>	<hasLongitude>	"2.2305555555555556"^^<degrees>	2.2305555555555556
<id_1ks4jxb_jto_192hjuw>	<Saras,_Iran>	<hasLongitude>	"49.43333333333333"^^<degrees>	49.43333333333333
<id_1s85r7q_11k_v4vu84>	<Pine_View_High_School>	<hasMotto>	"It is simple in nature yet precise in belief and direction."	
<id_1koo0bi_siu_1ozzrnr>	<East_Fork_Township,_Clinton_County,_Illinois>	<wasCreatedOnDate>	"1873-11-04"^^xsd:date	1873.1104
<id_xa2aas_wo8_uy3191>	<Johan_Goosen>	<hasWeight>	"85000.0"^^<g>	85000.0
<id_1vl9n1a_1xk_696k68>	<Jonas_C._Heartt>	<wasBornOnDate>	"1793-##-##"^^xsd:date	1793.0000
<id_10cb50s_1ql_1q9ywdk>	<High_Rollers>	<wasDestroyedOnDate>	"1988-09-09"^^xsd:date	1988.0909
<id_14qzaff_1ug_1mq02we>	<Harry_Ellis_Wooldridge>	<diedOnDate>	"1917-##-##"^^xsd:date	1917.0000
<id_zilgor_siu_juxxpj>	<Blå>	<wasCreatedOnDate>	"1998-##-##"^^xsd:date	1998.0000
<id_192o986_jto_19q08e4>	<Chester,_Wisconsin>	<hasLongitude>	"-88.71666666666667"^^<degrees>	-88.71666666666667
<id_hznkxd_siu_k2erj6>	<Great_Adventure_Cigar>	<wasCreatedOnDate>	"1998-05-11"^^xsd:date	1998.0511
<id_1dymb4o_1b1_10awaj1>	<Patrica>	<hasArea>	"2.7E7"^^<m^2>	2.7E7
<id_1egdsxc_jto_1lpvh8p>	<Maysville,_Missouri>	<hasLongitude>	"-94.36"^^<degrees>	-94.36
<id_pdkje_siu_xgr418>	<Ozone_Baby>	<wasCreatedOnDate>	"1978-11-14"^^xsd:date	1978.1114
<id_sakytr_1xk_kls4ta>	<William_Reinhart>	<wasBornOnDate>	"1896-08-02"^^xsd:date	1896.0802
<id_deptj6_1xk_4fbxgk>	<Kenkichi_Yoshizawa>	<wasBornOnDate>	"1874-##-##"^^xsd:date	1874.0000
	<Northwood_University-West_Baden>	<wasCreatedOnDate>	"1966-##-##"^^xsd:date	1966.0000
<id_ov2z3x_1n8_1i2u3vz>	<Heinrich-Hertz-Turm>	<hasLatitude>	"53.563056"^^<degrees>	53.563056
<id_1eyot88_jto_13rfgds>	<Strachocin,_Lower_Silesian_Voivodeship>	<hasLongitude>	"16.866666666666667"^^<degrees>	16.866666666666667
<id_444c3a_u5f_1915v9e>	<Pooyan>	<happenedOnDate>	"1982-##-##"^^xsd:date	1982.0000
<id_1f3q991_1xk_1m3czj3>	<Nozomi_Kawahara>	<wasBornOnDate>	"1970-07-16"^^xsd:date	1970.0716
<id_1fvbm81_1xk_ikerc8>	<Yoandy_Garlobo>	<wasBornOnDate>	"1977-##-##"^^xsd:date	1977.0000
<id_hw6oeh_1xk_4mpbaa>	<Chris_Hart_IV>	<wasBornOnDate>	"1968-08-11"^^xsd:date	1968.0811
<id_1r4x88e_siu_unqotn>	<Bubs_Foundation>	<wasCreatedOnDate>	"1936-##-##"^^xsd:date	1936.0000
<id_1abp024_ibw_zil5kp>	<Bahubal_Upazila>	<hasPopulationDensity>	"548"^^</km^2>	548
<id_1ey8m9v_1xk_su1f2h>	<Sigurd_Ømann>	<wasBornOnDate>	"1923-##-##"^^xsd:date	1923.0000
<id_180rmjx_siu_1q2fimg>	<Man_&_His_Music_(Remixes_from_Around_the_World)>	<wasCreatedOnDate>	"1988-##-##"^^xsd:date	1988.0000
<id_w47ker_siu_1284a1o>	<Shut_Up_Flower_Boy_Band>	<wasCreatedOnDate>	"2012-03-22"^^xsd:date	2012.0322
<id_ds629f_1xk_jn1o0y>	<Benjamin_Law>	<wasBornOnDate>	"1773-##-##"^^xsd:date	1773.0000
<id_1pyr7v9_1ug_1mxotmn>	<Hipólito_da_Costa>	<diedOnDate>	"1823-09-11"^^xsd:date	1823.0911
<id_1v6qdk8_siu_1w464ta>	<Brethren_(novel)>	<wasCreatedOnDate>	"2006-08-24"^^xsd:date	2006.0824
<id_yl0n2h_1e3_1njb17l>	<The_Whitest_Kids_U'_Know>	<hasDuration>	"1440.0"^^<s>	1440.0
<id_pq4ikv_ibw_10ayuny>	<Eckley,_Colorado>	<hasPopulationDensity>	"228.4"^^</km^2>	228.4
<id_babhou_siu_1l4hsqt>	<Richards-Gebaur_Air_Force_Base>	<wasCreatedOnDate>	"1941-##-##"^^xsd:date	1941.0000
<id_1vuvhtt_1xk_1my72hz>	<Ryan_St._Anne_Scott>	<wasBornOnDate>	"1954-##-##"^^xsd:date	1954.0000
<id_1527igi_1ug_17ifpai>	<Ferdinand_Trudel>	<diedOnDate>	"1924-##-##"^^xsd:date	1924.0000
<id_13f739h_l7i_zil38y>	<Temelsu>	<hasNumberOfPeople>	"200"^^xsd:nonNegativeInteger	200
<id_116rcaz_1b1_istdf9>	<Been_Down_So_Long_It_Looks_Like_Up_to_Me>	<hasISBN>	"0-140-18930-0"^^<yagoISBN>	0
<id_1z0ymj6_11l_zil46l>	<Heaven's_Wager>	<hasPages>	"382"^^xsd:nonNegativeInteger	382
<id_1xgcztz_1xk_1nx0caq>	<Behnam_Afsheh>	<wasBornOnDate>	"1983-04-03"^^xsd:date	1983.0403
<id_v2djgn_siu_breg1w>	<A.S._Films_International>	<wasCreatedOnDate>	"2007-05-04"^^xsd:date	2007.0504
<id_5prj6y_1n8_pkkkgv>	<Księginice,_Wrocław_County>	<hasLatitude>	"50.996944444444445"^^<degrees>	50.996944444444445
<id_1u5du1b_1xk_z6avh>	<Reiner_Schöne>	<wasBornOnDate>	"1942-01-19"^^xsd:date	1942.0119
<id_5c95xj_l7i_10ede6s>	<Helmond>	<hasNumberOfPeople>	"88598"^^xsd:nonNegativeInteger	88598
<id_9tiwhf_1n8_44mjvt>	<Brookstreet_Hotel>	<hasLatitude>	"45.333333333333336"^^<degrees>	45.333333333333336
<id_1jzjbdf_1ug_u4klfs>	<Jean_Coquelin>	<diedOnDate>	"1944-##-##"^^xsd:date	1944.0000
<id_vmmnsz_1ug_18syvnt>	<Franciszek_Alter>	<diedOnDate>	"1945-##-##"^^xsd:date	1945.0000
<id_1xz7qj7_siu_1kwg63q>	<Karolinska_Institutet>	<wasCreatedOnDate>	"1810-##-##"^^xsd:date	1810.0000
<id_1wd1gry_l7i_zil5i2>	<Belgue>	<hasNumberOfPeople>	"516"^^xsd:nonNegativeInteger	516
<id_1ymrnh2_siu_34ne4r>	<WKLV-FM>	<wasCreatedOnDate>	"1947-##-##"^^xsd:date	1947.0000
<id_vis7a2_1xk_19kbyn9>	<Peter_Kambasis>	<wasBornOnDate>	"1974-##-##"^^xsd:date	1974.0000
<id_bevb59_jto_1g1n8x6>	<Beniarrés>	<hasLongitude>	"-0.3794444444444444"^^<degrees>	-0.3794444444444444
<id_vp0jmu_1xk_vmiood>	<Andy_Jameson>	<wasBornOnDate>	"1965-02-19"^^xsd:date	1965.0219
<id_1p4j0gm_siu_1my72hz>	<Bayshore_Town_Center>	<wasCreatedOnDate>	"1954-##-##"^^xsd:date	1954.0000
<id_eoph8t_siu_8vccke>	<Cooler_Than_Me>	<wasCreatedOnDate>	"2010-04-16"^^xsd:date	2010.0416
<id_yqglxr_jto_10awbmi>	<Canonbie>	<hasLongitude>	"2.952"^^<degrees>	2.952
<id_qo0nf8_1xk_f4yxba>	<Mark_Aarons>	<wasBornOnDate>	"1951-12-25"^^xsd:date	1951.1225
<id_18hy99v_1xk_1orwc95>	<Nir_Zidkyahu>	<wasBornOnDate>	"1967-##-##"^^xsd:date	1967.0000
<id_3yp0jn_11k_e0w4ut>	<Phi_Beta_Chi>	<hasMotto>	"Amor Via Vitae in Christo"	
<id_16uh7ob_1b1_f887mo>	<The_Cat_Who_Came_for_Christmas>	<hasISBN>	"0316037370"^^<yagoISBN>	0316037370
<id_2y8b8s_1n8_zqeqwh>	<Lincoln,_Massachusetts>	<hasLatitude>	"42.42583333333333"^^<degrees>	42.42583333333333
<id_o6793_11k_rvoi0x>	<Kappa_Sigma_Sigma>	<hasMotto>	"A kappa sig nunquam mendums"	
<id_10116au_siu_1npk5hf>	<White_Water_Canyon>	<wasCreatedOnDate>	"1983-##-##"^^xsd:date	1983.0000
<id_yzt4aj_jto_mzmwg0>	<Cuernavaca>	<hasLongitude>	"-99.23416666666667"^^<degrees>	-99.23416666666667
<id_15mojl3_siu_19kbyn9>	<Priory_School_(Portsmouth)>	<wasCreatedOnDate>	"1974-##-##"^^xsd:date	1974.0000
<id_1nm8z2v_1ug_nvgjc1>	<Vatche_Arslanian>	<diedOnDate>	"2003-##-##"^^xsd:date	2003.0000
<id_1o8x170_l7i_zil2ku>	<Zakrzówek_Nowy>	<hasNumberOfPeople>	"130"^^xsd:nonNegativeInteger	130
<id_j1hvuu_1ug_1lnnw4o>	<Johann_Berger>	<diedOnDate>	"1933-##-##"^^xsd:date	1933.0000
<id_10nmabm_1xk_1bx7bsa>	<Malaefou_MacKenzie>	<wasBornOnDate>	"1979-##-##"^^xsd:date	1979.0000
<id_1ymc6sc_siu_qfsqar>	<Invincible_(Star_Wars_novel)>	<wasCreatedOnDate>	"2008-05-13"^^xsd:date	2008.0513
<id_2srgsj_1ql_i4gv0k>	<Cuper's_Cove>	<wasDestroyedOnDate>	"1621-##-##"^^xsd:date	1621.0000
