	<A>	rdf:type	<wordnet_letter_106624161>	
	<Alabama>	rdf:type	<wordnet_country_108544813>	
	<Achilles>	rdf:type	<wordnet_hero_110325013>	
	<Abraham_Lincoln>	rdf:type	<wordnet_president_110467179>	
	<Aristotle>	rdf:type	<wordnet_writer_110794014>	
	<An_American_in_Paris>	rdf:type	<wikicategory_Symphonic_poems>	
	<Academy_Award_for_Best_Art_Direction>	rdf:type	<wordnet_award_106696483>	
	<Academy_Award>	rdf:type	<wordnet_award_106696483>	
	<Actrius>	rdf:type	<wordnet_movie_106613686>	
	<Animalia_(book)>	rdf:type	<wordnet_book_106410904>	
	<International_Atomic_Time>	rdf:type	<wikicategory_Time_scales>	
	<Ayn_Rand>	rdf:type	<wordnet_novelist_110363573>	
	<Alain_Connes>	rdf:type	<wordnet_mathematician_110301261>	
	<Allan_Dwan>	rdf:type	<wikicategory_American_film_directors>	
	<Algeria>	rdf:type	<wordnet_country_108544813>	
	<Agricultural_science>	rdf:type	<wordnet_abstraction_100002137>	
	<Amoeboid>	rdf:type	<wikicategory_Motile_cells>	
	<Apollo>	rdf:type	<wikicategory_Mythological_Greek_archers>	
	<Andre_Agassi>	rdf:type	<wordnet_player_110439851>	
	<Austro-Asiatic_languages>	rdf:type	<wordnet_language_106282651>	
	<Afroasiatic_languages>	rdf:type	<wordnet_language_106282651>	
	<Andorra>	rdf:type	<wordnet_country_108544813>	
	<American_Football_Conference>	rdf:type	<wikicategory_Organizations_established_in_1970>	
	<Animal_Farm>	rdf:type	<wordnet_novelette_106368962>	
	<Alaska>	rdf:type	<wordnet_country_108544813>	
	<Aldous_Huxley>	rdf:type	<wordnet_writer_110794014>	
	<America_the_Beautiful>	rdf:type	<wordnet_song_107048000>	
	<American_National_Standards_Institute>	rdf:type	<wordnet_organization_108008335>	
	<A_Modest_Proposal>	rdf:type	<wikicategory_Pamphlets>	
	<Affirming_the_consequent>	rdf:type	<wordnet_fallacy_105893916>	
	<Andrei_Tarkovsky>	rdf:type	<wordnet_film_maker_110088390>	
	<Asia>	rdf:type	<wordnet_continent_109254614>	
	<Aruba>	rdf:type	<wordnet_island_109316454>	
	<Articles_of_Confederation>	rdf:type	<wordnet_fundamental_law_106533648>	
	<Arthur_Schopenhauer>	rdf:type	<wordnet_philosopher_110423589>	
	<Angola>	rdf:type	<wordnet_country_108544813>	
	<Angola>	rdf:type	<wordnet_economy_108366753>	
	<Angolan_Armed_Forces>	rdf:type	<wordnet_military_108199025>	
	<Albert_Sidney_Johnston>	rdf:type	<wordnet_general_110123844>	
	<Android_(robot)>	rdf:type	<wordnet_automaton_102761392>	
	<Alberta>	rdf:type	<wordnet_state_108654360>	
	<Arctic_Circle>	rdf:type	<wikicategory_Lines_of_latitude>	
	<Albert_Einstein>	rdf:type	<wordnet_physicist_110428004>	
	<Afghanistan>	rdf:type	<wordnet_country_108544813>	
	<Albania>	rdf:type	<wordnet_country_108544813>	
	<Allah>	rdf:type	<wikicategory_Creator_deities>	
	<Azerbaijan>	rdf:type	<wordnet_country_108544813>	
	<Agnostida>	rdf:type	<wordnet_arthropod_101767661>	
	<American_Revolutionary_War>	rdf:type	<wordnet_conflict_100958896>	
	<Annual_plant>	rdf:type	<wordnet_plant_100017222>	
	<Anthophyta>	rdf:type	<wordnet_plant_100017222>	
	<Alexander_the_Great>	rdf:type	<wordnet_general_110123844>	
	<Alfred_Korzybski>	rdf:type	<wordnet_philosopher_110423589>	
	<Asteroids_(video_game)>	rdf:type	<wordnet_game_100456199>	
	<Asparagales>	rdf:type	<wordnet_order_107168623>	
	<Alismatales>	rdf:type	<wordnet_order_107168623>	
	<Apiales>	rdf:type	<wordnet_order_107168623>	
	<Asterales>	rdf:type	<wordnet_order_107168623>	
	<Aries_(constellation)>	rdf:type	<wordnet_configuration_105731779>	
	<Aquarius_(constellation)>	rdf:type	<wordnet_configuration_105731779>	
	<Ankara>	rdf:type	<wordnet_capital_108518505>	
	<Arabic_language>	rdf:type	<wordnet_language_106282651>	
	<Alfred_Hitchcock>	rdf:type	<wordnet_director_110014939>	
	<Altaic_languages>	rdf:type	<wordnet_language_106282651>	
	<Austrian_German>	rdf:type	<wordnet_assortment_108398773>	
	<Attila>	rdf:type	<wordnet_ruler_110541229>	
	<Aegean_Sea>	rdf:type	<wikicategory_European_seas>	
	<A_Clockwork_Orange>	rdf:type	<wordnet_novel_106367879>	
	<Amsterdam>	rdf:type	<wordnet_city_108524735>	
	<Museum_of_Work>	rdf:type	<wordnet_museum_103800563>	
	<Audi>	rdf:type	<wordnet_manufacturer_108060446>	
	<Alfred_Nobel>	rdf:type	<wordnet_chemist_109913824>	
	<Alexander_Graham_Bell>	rdf:type	<wordnet_scientist_110560637>	
	<Anatolia>	rdf:type	<wikicategory_Peninsulas_of_Asia>	
	<Apple_Inc.>	rdf:type	<wordnet_company_108058098>	
	<Aberdeenshire>	rdf:type	<wikicategory_People_from_Aberdeenshire>	
	<Aztlan_Underground>	rdf:type	<wordnet_artist_109812338>	
	<American_Civil_War>	rdf:type	<wordnet_war_100973077>	
	<Andy_Warhol>	rdf:type	<wordnet_artist_109812338>	
	<Alp_Arslan>	rdf:type	<wikicategory_Monarchs_of_Persia>	
	<American_Film_Institute>	rdf:type	<wordnet_organization_108008335>	
	<Akira_Kurosawa>	rdf:type	<wordnet_screenwriter_110564400>	
	<Ancient_Egypt>	rdf:type	<wordnet_country_108544813>	
	<Analog_Brothers>	rdf:type	<wordnet_group_100031264>	
	<Motor_neurone_disease>	rdf:type	<wordnet_condition_113920835>	
	<Abugida>	rdf:type	<wikicategory_Requests_for_audio_pronunciation_(English)>	
	<ABBA>	rdf:type	<wordnet_group_100031264>	
	<MessagePad>	rdf:type	<wikicategory_Apple_personal_digital_assistants>	
	<A._E._van_Vogt>	rdf:type	<wordnet_writer_110794014>	
	<Anna_Kournikova>	rdf:type	<wordnet_player_110439851>	
	<Alfons_Maria_Jakob>	rdf:type	<wordnet_neurologist_110354265>	
	<Advanced_Chemistry>	rdf:type	<wikicategory_German_people_of_African_descent>	
	<Anglican_Communion>	rdf:type	<wikicategory_Religious_organizations_established_in_1867>	
	<Arne_Kaijser>	rdf:type	<wikicategory_Historians_of_science>	
	<Andrey_Markov>	rdf:type	<wordnet_mathematician_110301261>	
	<A._A._Milne>	rdf:type	<wordnet_writer_110794014>	
	<Asociación_Alumni>	rdf:type	<wordnet_association_108049401>	
	<Alvin_Toffler>	rdf:type	<wordnet_writer_110794014>	
	<The_Amazing_Spider-Man>	rdf:type	<wordnet_comedian_109940146>	
	<Azincourt>	rdf:type	<wordnet_commune_108541609>	
	<Albert_Speer>	rdf:type	<wordnet_architect_109805475>	
	<Asteraceae>	rdf:type	<wordnet_family_108078020>	
	<Apiaceae>	rdf:type	<wordnet_family_108078020>	
	<Aramaic_alphabet>	rdf:type	<wordnet_language_106282651>	
	<Acute_disseminated_encephalomyelitis>	rdf:type	<wordnet_disease_114070360>	
	<Abdul_Alhazred>	rdf:type	<wordnet_writer_110794014>	
	<Ada_Lovelace>	rdf:type	<wordnet_countess_109970402>	
	<August_Derleth>	rdf:type	<wordnet_writer_110794014>	
	<Alps>	rdf:type	<wordnet_mountain_109359803>	
	<Albert_Camus>	rdf:type	<wordnet_writer_110794014>	
	<Agatha_Christie>	rdf:type	<wordnet_writer_110794014>	
	<The_Plague>	rdf:type	<wordnet_novel_106367879>	
	<Analog_signal>	rdf:type	<wikicategory_Analog_circuits>	
	<Hercule_Poirot>	rdf:type	<wordnet_fictional_character_109587565>	
	<Miss_Marple>	rdf:type	<wordnet_fictional_character_109587565>	
	<April>	rdf:type	<wordnet_calendar_month_115209413>	
	<August>	rdf:type	<wordnet_calendar_month_115209413>	
	<Aaron>	rdf:type	<wikicategory_High_Priests_of_Israel>	
	<Achill_Island>	rdf:type	<wordnet_island_109316454>	
	<Allen_Ginsberg>	rdf:type	<wordnet_poet_110444194>	
	<Anatoly_Karpov>	rdf:type	<wordnet_grandmaster_110142946>	
	<Anarcho-capitalism>	rdf:type	<wordnet_political_orientation_106212839>	
	<Aristophanes>	rdf:type	<wordnet_dramatist_110030277>	
	<Albert_Schweitzer>	rdf:type	<wordnet_theologian_110705615>	
	<Austrian_School>	rdf:type	<wordnet_theory_105989479>	
	<Ancient_Pueblo_Peoples>	rdf:type	<wordnet_culture_108287844>	
	<Aalborg_Municipality>	rdf:type	<wordnet_municipality_108626283>	
	<Aarhus>	rdf:type	<wordnet_city_108524735>	
	<Alexis_Carrel>	rdf:type	<wordnet_surgeon_110679174>	
	<All_Souls'_Day>	rdf:type	<wikicategory_Christian_festivals_and_holy_days>	
	<Anatole_France>	rdf:type	<wordnet_poet_110444194>	
	<André_Gide>	rdf:type	<wordnet_writer_110794014>	
	<Algorithms_for_calculating_variance>	rdf:type	<wordnet_algorithm_105847438>	
	<Azerbaijan>	rdf:type	<wordnet_economy_108366753>	
	<Azerbaijani_Armed_Forces>	rdf:type	<wordnet_military_108199025>	
	<Armenia>	rdf:type	<wikicategory_Bicontinental_countries>	
	<Armed_Forces_of_Armenia>	rdf:type	<wordnet_military_108199025>	
	<American_Samoa>	rdf:type	<wordnet_economy_108366753>	
	<Avicenna>	rdf:type	<wordnet_doctor_110020890>	
	<The_Ashes>	rdf:type	<wordnet_competition_101168569>	
	<Abner_Doubleday>	rdf:type	<wordnet_military_officer_110317007>	
	<America's_National_Game>	rdf:type	<wordnet_book_106410904>	
	<Augustin-Jean_Fresnel>	rdf:type	<wikicategory_Alumni_of_the_École_Polytechnique>	
	<Ardipithecus>	rdf:type	<wordnet_dodo_110022908>	
	<Adelaide>	rdf:type	<wordnet_capital_108518505>	
	<Alan_Garner>	rdf:type	<wikicategory_Alumni_of_Magdalen_College,_Oxford>	
	<Afro_Celt_Sound_System>	rdf:type	<wordnet_group_100031264>	
	<Anaximander>	rdf:type	<wordnet_philosopher_110423589>	
	<Aphrodite>	rdf:type	<wordnet_goddess_109535622>	
	<Aleister_Crowley>	rdf:type	<wordnet_mystic_110343554>	
	<Athena>	rdf:type	<wordnet_goddess_109535622>	
	<Amber_Diceless_Roleplaying_Game>	rdf:type	<wordnet_game_100456199>	
	<Articles_of_Faith>	rdf:type	<wordnet_belief_105941423>	
	<American_Sign_Language>	rdf:type	<wordnet_language_106282651>	
	<Alternate_history>	rdf:type	<wordnet_genre_105845332>	
	<Atomic_orbital>	rdf:type	<wordnet_country_108544813>	
	<Alan_Turing>	rdf:type	<wordnet_colleague_109935990>	
	<Astronomical_unit>	rdf:type	<wordnet_unit_of_measurement_113583724>	
	<Actaeon>	rdf:type	<wikicategory_Mythological_Greek_archers>	
	<Athens>	rdf:type	<wordnet_capital_108518505>	
	<Anguilla>	rdf:type	<wordnet_district_108552138>	
	<Telecommunications_in_Anguilla>	rdf:type	<wikicategory_Telecommunications_by_country>	
	<Alexander_Mackenzie>	rdf:type	<wordnet_minister_110320863>	
	<Ashoka>	rdf:type	<wordnet_ruler_110541229>	
	<Ada_(programming_language)>	rdf:type	<wordnet_language_106282651>	
	<Alfonso_Arau>	rdf:type	<wordnet_actor_109765278>	
	<Alfonso_Cuarón>	rdf:type	<wordnet_screenwriter_110564400>	
	<Arianism>	rdf:type	owl:Thing	
	<Antoninus_Pius>	rdf:type	<wordnet_emperor_110053004>	
	<Advanced_Encryption_Standard>	rdf:type	<wordnet_cipher_106254239>	
	<Extreme_poverty>	rdf:type	<wikicategory_Measurements_and_definitions_of_poverty>	
	<Analytical_Engine>	rdf:type	<wordnet_computer_103082979>	
	<Augustus>	rdf:type	<wordnet_emperor_110053004>	
	<Antarctic_Treaty_System>	rdf:type	<wordnet_agreement_106770275>	
	<Alfred_Lawson>	rdf:type	<wordnet_player_110439851>	
	<Ames,_Iowa>	rdf:type	<wordnet_city_108524735>	
	<Abdominal_surgery>	rdf:type	<wikicategory_Medical_specialties>	
	<Abensberg>	rdf:type	<wordnet_town_108665504>	
	<Arminianism>	rdf:type	<wikicategory_Christian_theological_movements>	
	<The_Alan_Parsons_Project>	rdf:type	<wikicategory_Arista_Records_artists>	
	<Annales_School>	rdf:type	<wikicategory_Theories_of_history>	
	<Casa_Batlló>	rdf:type	<wordnet_building_102913152>	
	<Park_Güell>	rdf:type	<wikicategory_Antoni_Gaudí_buildings>	
	<Casa_Milà>	rdf:type	<wordnet_building_102913152>	
	<Arabian_Prince>	rdf:type	<wordnet_rapper_110507482>	
	<Associative_property>	rdf:type	<wordnet_rule_105846054>	
	<Apache_Software_Foundation>	rdf:type	<wordnet_group_100031264>	
	<Apple_I>	rdf:type	<wordnet_computer_103082979>	
	<Atanasoff–Berry_Computer>	rdf:type	<wordnet_computer_103082979>	
	<Andes>	rdf:type	<wordnet_location_100027167>	
	<Anbar_(town)>	rdf:type	<wikicategory_Populated_places_in_Anbar_Province>	
	<Anazarbus>	rdf:type	<wordnet_location_100027167>	
	<Anadyr_River>	rdf:type	<wordnet_river_109411430>	
	<André-Marie_Ampère>	rdf:type	<wordnet_physicist_110428004>	
	<Albertosaurus>	rdf:type	<wordnet_theropod_101712008>	
	<Ambrose>	rdf:type	<wordnet_bishop_109857200>	
	<Ambracia>	rdf:type	<wordnet_site_108651247>	
	<Amalaric>	rdf:type	<wordnet_king_110231515>	
	<Alphorn>	rdf:type	<wordnet_horn_103537085>	
	<Amos_Bronson_Alcott>	rdf:type	<wordnet_teacher_110694258>	
	<Ahab>	rdf:type	<wordnet_king_110231515>	
	<Dasyproctidae>	rdf:type	<wordnet_rodent_102329401>	
	<Algol>	rdf:type	<wordnet_star_109444100>	
	<Amazing_Grace>	rdf:type	<wordnet_hymn_107035870>	
	<AOL>	rdf:type	<wordnet_company_108058098>	
	<Anno_Domini>	rdf:type	<wordnet_era_115248564>	
	<Alcuin>	rdf:type	<wordnet_monk_110112129>	
	<Angilbert>	rdf:type	<wordnet_poet_110444194>	
	<Antonio_Vivaldi>	rdf:type	<wordnet_composer_109947232>	
	<Aar>	rdf:type	<wordnet_feeder_109278997>	
	<Abbotsford_House>	rdf:type	<wordnet_house_103544360>	
	<Abraham>	rdf:type	<wordnet_patriarch_110406905>	
	<Abraxas>	rdf:type	<wordnet_word_106286395>	
	<Absalom>	rdf:type	<wikicategory_Hebrew_Bible_people>	
	<Abydos,_Egypt>	rdf:type	<wordnet_city_108524735>	
	<Abydos_(Hellespont)>	rdf:type	<wikicategory_Ionian_colonies_in_Thrace>	
	<Acapulco>	rdf:type	<wordnet_beach_109217230>	
	<Alan_Kay>	rdf:type	<wordnet_scientist_110560637>	
	<APL_(programming_language)>	rdf:type	<wordnet_language_106282651>	
	<ALGOL>	rdf:type	<wordnet_language_106282651>	
	<AWK>	rdf:type	<wordnet_language_106282651>	
	<Asgard>	rdf:type	<wikicategory_Locations_in_Norse_mythology>	
	<Apollo_program>	rdf:type	<wordnet_undertaking_100795720>	
	<Álfheimr>	rdf:type	<wikicategory_Locations_in_Norse_mythology>	
	<Alabama_River>	rdf:type	<wordnet_river_109411430>	
	<Alain_de_Lille>	rdf:type	<wordnet_theologian_110705615>	
	<Alemanni>	rdf:type	<wikicategory_Ancient_Germanic_peoples>	
	<American_Stock_Exchange>	rdf:type	<wikicategory_Buildings_and_structures_completed_in_1921>	
	<Alfred_Russel_Wallace>	rdf:type	<wordnet_colleague_109935990>	
	<Australian_Labor_Party>	rdf:type	<wordnet_party_108256968>	
	<Dodo_(Alice's_Adventures_in_Wonderland)>	rdf:type	<wordnet_fictional_character_109587565>	
	<Eaglet_(Alice's_Adventures_in_Wonderland)>	rdf:type	<wordnet_fictional_character_109587565>	
	<Albert_Alcibiades,_Margrave_of_Brandenburg-Kulmbach>	rdf:type	<wordnet_margrave_110294020>	
	<Albert_the_Bear>	rdf:type	<wordnet_margrave_110294020>	
	<Albert_of_Mainz>	rdf:type	<wordnet_archbishop_109805151>	
	<Albert,_Duke_of_Prussia>	rdf:type	<wordnet_maestro_110280130>	
	<Aachen>	rdf:type	<wordnet_town_108665504>	
	<Abner>	rdf:type	<wikicategory_Biblical_murder_victims>	
	<Ahmed_I>	rdf:type	<wordnet_sultan_110674315>	
	<Ahmed_II>	rdf:type	<wordnet_sultan_110674315>	
	<Ahmed_III>	rdf:type	<wordnet_sultan_110674315>	
	<Ainu_people>	rdf:type	<wordnet_group_100031264>	
	<Aeneas>	rdf:type	<wordnet_hero_110325013>	
	<Agapanthus_africanus>	rdf:type	<wikicategory_Garden_plants>	
	<Agamemnon>	rdf:type	<wordnet_king_110231515>	
	<Aga_Khan_I>	rdf:type	<wordnet_imam_110199251>	
	<Aga_Khan_III>	rdf:type	<wordnet_imam_110199251>	
	<Alexander_Emanuel_Agassiz>	rdf:type	<wordnet_scientist_110560637>	
	<Agathon>	rdf:type	<wordnet_poet_110444194>	
	<Agesilaus_II>	rdf:type	<wikicategory_4th-century_BC_Greek_people>	
	<Antonio_Agliardi>	rdf:type	<wordnet_cardinal_109894143>	
	<Agnes_of_Merania>	rdf:type	<wordnet_queen_110499355>	
	<Agni>	rdf:type	<wordnet_deity_109505418>	
	<Agrippina_the_Elder>	rdf:type	<wordnet_woman_110787470>	
	<Agrippina_the_Younger>	rdf:type	<wordnet_empress_110053439>	
	<Ahenobarbus>	rdf:type	<wordnet_family_108078020>	
	<Ahmad_Shah_Durrani>	rdf:type	<wordnet_sovereign_110628644>	
	<Arthur_Aikin>	rdf:type	<wordnet_chemist_109913824>	
	<Aimoin>	rdf:type	<wordnet_chronicler_109921168>	
	<Ajax_the_Lesser>	rdf:type	<wikicategory_Fictional_rapists>	
	<Ajax_(mythology)>	rdf:type	<wordnet_king_110231515>	
	<Alaric_I>	rdf:type	<wordnet_king_110231515>	
	<Alaric_II>	rdf:type	<wikicategory_5th-century_monarchs_in_Europe>	
	<Albertus_Magnus>	rdf:type	<wordnet_bishop_109857200>	
	<Alboin>	rdf:type	<wordnet_king_110231515>	
	<Afonso_de_Albuquerque>	rdf:type	<wordnet_admiral_109771204>	
	<Alcaeus_of_Mytilene>	rdf:type	<wordnet_poet_110444194>	
	<Alcamenes>	rdf:type	<wordnet_sculptor_110566072>	
	<Alcmene>	rdf:type	<wikicategory_Mortal_parents_of_demigods_in_Classical_mythology>	
	<Alcidamas>	rdf:type	<wordnet_orator_110380672>	
	<Aldine_Press>	rdf:type	<wikicategory_Printers_of_incunabula>	
	<Ealdred_(bishop)>	rdf:type	<wordnet_abbot_109754404>	
	<Alexander_I_of_Epirus>	rdf:type	<wordnet_object_100002684>	
	<Alexander_Balas>	rdf:type	<wordnet_ruler_110541229>	
	<Alexander_of_Pherae>	rdf:type	<wikicategory_4th-century_BC_Greek_people>	
	<Alexander_II_of_Epirus>	rdf:type	<wikicategory_3rd-century_BC_Greek_people>	
	<Alexander_Jagiellon>	rdf:type	<wikicategory_Grand_Dukes_of_Lithuania>	
	<Alexander_II_of_Russia>	rdf:type	<wordnet_ruler_110541229>	
	<Alexander_III_of_Russia>	rdf:type	<wordnet_emperor_110053004>	
	<Alexander_I_of_Scotland>	rdf:type	<wikicategory_12th-century_Scottish_people>	
	<Alexander_II_of_Scotland>	rdf:type	<wikicategory_13th-century_Scottish_people>	
	<Alexander_I_of_Serbia>	rdf:type	<wordnet_king_110231515>	
	<Alexander_III_of_Scotland>	rdf:type	<wikicategory_13th-century_Scottish_people>	
	<Alexander_of_Aphrodisias>	rdf:type	<wordnet_philosopher_110423589>	
	<Alexander_Severus>	rdf:type	<wordnet_emperor_110053004>	
	<Alexander_Aetolus>	rdf:type	<wordnet_poet_110444194>	
	<Alexander_Jannaeus>	rdf:type	<wikicategory_1st-century_BC_Asian_rulers>	
	<Alexios_I_Komnenos>	rdf:type	<wordnet_emperor_110053004>	
	<Alexis>	rdf:type	<wordnet_poet_110444194>	
	<Alexios_II_Komnenos>	rdf:type	<wordnet_emperor_110053004>	
	<Alexios_III_Angelos>	rdf:type	<wordnet_emperor_110053004>	
	<Alexios_V_Doukas>	rdf:type	<wordnet_emperor_110053004>	
	<Alexei_Petrovich,_Tsarevich_of_Russia>	rdf:type	<wikicategory_People_from_Moscow>	
	<Andrew_Jackson>	rdf:type	<wordnet_president_110467179>	
	<Andrew_Johnson>	rdf:type	<wordnet_president_110467179>	
	<Aleksandr_Solzhenitsyn>	rdf:type	<wordnet_writer_110794014>	
	<Aberdeen>	rdf:type	<wordnet_city_108524735>	
	<Hymn_to_Proserpine>	rdf:type	<wordnet_poem_106377442>	
	<The_Triumph_of_Time>	rdf:type	<wordnet_poem_106377442>	
	<Alfred_the_Great>	rdf:type	<wordnet_ruler_110541229>	
	<Alessandro_Algardi>	rdf:type	<wordnet_sculptor_110566072>	
	<Alger_of_Liège>	rdf:type	<wordnet_clergyman_109927451>	
	<Algiers>	rdf:type	<wordnet_capital_108518505>	
	<Alhazen>	rdf:type	<wordnet_physicist_110428004>	
	<Alessandro_Allori>	rdf:type	<wordnet_painter_110391653>	
	<Almoravid_dynasty>	rdf:type	<wordnet_dynasty_107971582>	
	<Alyattes_of_Lydia>	rdf:type	<wordnet_king_110231515>	
	<Alypius_of_Antioch>	rdf:type	<wordnet_geographer_110127555>	
	<Amalasuntha>	rdf:type	<wordnet_queen_110499355>	
	<Amalric_of_Bena>	rdf:type	<wordnet_theologian_110705615>	
	<Afonso_I_of_Portugal>	rdf:type	<wordnet_sovereign_110628644>	
	<Afonso_II_of_Portugal>	rdf:type	<wordnet_sovereign_110628644>	
	<Afonso_III_of_Portugal>	rdf:type	<wordnet_sovereign_110628644>	
	<Afonso_IV_of_Portugal>	rdf:type	<wordnet_sovereign_110628644>	
	<Afonso_V_of_Portugal>	rdf:type	<wordnet_sovereign_110628644>	
	<Afonso_VI_of_Portugal>	rdf:type	<wordnet_sovereign_110628644>	
	<Alfonso_II_of_Asturias>	rdf:type	<wikicategory_8th-century_rulers_in_Europe>	
	<Amara_Sinha>	rdf:type	<wordnet_poet_110444194>	
	<Alfonso_XII_of_Spain>	rdf:type	<wordnet_sovereign_110628644>	
	<Alfonso_XIII_of_Spain>	rdf:type	<wordnet_sovereign_110628644>	
	<Alphonsus_a_Sancta_Maria>	rdf:type	<wordnet_historian_110177150>	
	<Alfonso_the_Battler>	rdf:type	<wikicategory_12th-century_Spanish_people>	
	<Alfonso_III_of_Aragon>	rdf:type	<wordnet_count_109969218>	
	<Alfonso_IV_of_Aragon>	rdf:type	<wordnet_count_109969218>	
	<Amasis_II>	rdf:type	<wordnet_ruler_110541229>	
	<Alfonso_V_of_Aragon>	rdf:type	<wordnet_king_110231515>	
	<Amathus>	rdf:type	<wordnet_city_108524735>	
	<Amati>	rdf:type	<wordnet_maker_110284064>	
	<Amazons>	rdf:type	<wikicategory_Mythological_peoples>	
	<Ambiorix>	rdf:type	<wikicategory_1st-century_BC_European_rulers>	
	<August_Wilhelm_Ambros>	rdf:type	<wordnet_composer_109947232>	
	<Amazon_River>	rdf:type	<wordnet_river_109411430>	
	<Alfred_of_Beverley>	rdf:type	<wordnet_historian_110177150>	
	<Autpert_Ambrose>	rdf:type	<wikicategory_Frankish_people>	
	<Abu_Bakr>	rdf:type	<wordnet_caliph_109887496>	
	<St._Ambrose_Traversari>	rdf:type	<wordnet_saint_110546850>	
	<Ambrosius_Aurelianus>	rdf:type	<wordnet_king_110231515>	
	<Ammon>	rdf:type	<wordnet_group_100031264>	
	<Ammonius_Hermiae>	rdf:type	<wordnet_philosopher_110423589>	
	<Ammonius_Saccas>	rdf:type	<wordnet_philosopher_110423589>	
	<Book_of_Amos>	rdf:type	<wordnet_prophet_110483530>	
	<Amphipolis>	rdf:type	<wordnet_city_108524735>	
	<Amram>	rdf:type	<wikicategory_People_of_the_Quran>	
	<Amyntas_I_of_Macedon>	rdf:type	<wordnet_ruler_110541229>	
	<Amyntas_III_of_Macedon>	rdf:type	<wikicategory_4th-century_BC_Greek_people>	
	<Anacharsis>	rdf:type	<wordnet_scholar_110557854>	
	<Anah>	rdf:type	<wikicategory_District_capitals_of_Iraq>	
	<Ananda>	rdf:type	<wordnet_disciple_110016103>	
	<Anaxagoras>	rdf:type	<wordnet_philosopher_110423589>	
	<Anaxarchus>	rdf:type	<wordnet_philosopher_110423589>	
	<Anaximenes_of_Lampsacus>	rdf:type	<wikicategory_4th-century_BC_historians>	
	<Anaximenes_of_Miletus>	rdf:type	<wordnet_philosopher_110423589>	
	<Ancus_Marcius>	rdf:type	<wordnet_king_110231515>	
	<Andaman_Islands>	rdf:type	<wordnet_island_109316454>	
	<Alexander_Anderson_(mathematician)>	rdf:type	<wordnet_mathematician_110301261>	
	<Andocides>	rdf:type	<wordnet_orator_110380672>	
	<Andrea_Andreani>	rdf:type	<wordnet_engraver_110058155>	
	<Andrew_II_of_Hungary>	rdf:type	<wikicategory_Hungarian_monarchs>	
	<An_Enquiry_Concerning_Human_Understanding>	rdf:type	<wordnet_book_106410904>	
	<André_de_Longjumeau>	rdf:type	<wordnet_missionary_110322957>	
	<Andriscus>	rdf:type	<wikicategory_2nd-century_BC_Greek_people>	
	<Andronikos_III_Palaiologos>	rdf:type	<wordnet_emperor_110053004>	
	<Andronikos_II_Palaiologos>	rdf:type	<wordnet_emperor_110053004>	
	<Andronikos_I_Komnenos>	rdf:type	<wordnet_emperor_110053004>	
	<Andronicus_of_Cyrrhus>	rdf:type	<wordnet_astronomer_109818343>	
	<Andronicus_of_Rhodes>	rdf:type	<wordnet_philosopher_110423589>	
	<Ammianus_Marcellinus>	rdf:type	<wikicategory_4th-century_historians>	
	<Athenian_democracy>	rdf:type	<wikicategory_Political_systems>	
	<Arabic_numerals>	rdf:type	<wordnet_numeral_106807198>	
	<Apuleius>	rdf:type	<wordnet_writer_110794014>	
	<Alexander_Selkirk>	rdf:type	<wordnet_sailor_110546633>	
	<Anti-ballistic_missile>	rdf:type	<wordnet_missile_103773504>	
	<Arnold_Schwarzenegger>	rdf:type	<wordnet_bodybuilder_109862845>	
	<Actium>	rdf:type	<wikicategory_Ancient_Greek_archaeological_sites_in_Greece>	
	<Amway>	rdf:type	<wordnet_company_108058098>	
	<Adam_Smith>	rdf:type	<wordnet_philosopher_110423589>	
	<Antoine_Lavoisier>	rdf:type	<wikicategory_Discoverers_of_chemical_elements>	
	<Adolph_Wilhelm_Hermann_Kolbe>	rdf:type	<wordnet_chemist_109913824>	
	<Amitabh_Bachchan>	rdf:type	<wordnet_actor_109765278>	
	<Agathocles_of_Syracuse>	rdf:type	<wordnet_tyrant_110735298>	
	<Alberta>	rdf:type	<wordnet_state_108654360>	
	<Augustin-Louis_Cauchy>	rdf:type	<wordnet_mathematician_110301261>	
	<Archimedes>	rdf:type	<wordnet_mathematician_110301261>	
	<Archimedean_solid>	rdf:type	<wordnet_solid_115046900>	
	<Approval_voting>	rdf:type	<wikicategory_Cardinal_electoral_systems>	
	<Arizona_State_University>	rdf:type	<wordnet_university_108286569>	
	<Astoria,_Oregon>	rdf:type	<wordnet_city_108524735>	
	<Alfred_Jarry>	rdf:type	<wordnet_writer_110794014>	
	<Amalric_I_of_Jerusalem>	rdf:type	<wordnet_king_110231515>	
	<Amalric_II_of_Jerusalem>	rdf:type	<wordnet_king_110231515>	
	<Anthemius_of_Tralles>	rdf:type	<wordnet_architect_109805475>	
	<Absalon>	rdf:type	<wordnet_archbishop_109805151>	
	<Adhemar_of_Le_Puy>	rdf:type	<wordnet_bishop_109857200>	
	<Alphonse,_Count_of_Poitiers>	rdf:type	<wordnet_count_109969218>	
	<Alfonso_Jordan>	rdf:type	<wordnet_count_109969218>	
	<American_English>	rdf:type	<wordnet_dialect_107155661>	
	<Albert_Spalding>	rdf:type	<wordnet_player_110439851>	
	<Africa_Alphabet>	rdf:type	<wordnet_alphabet_106497459>	
	<Acquire>	rdf:type	<wordnet_game_100456199>	
	<Australian_English>	rdf:type	<wikicategory_English_dialects>	
	<Abzyme>	rdf:type	<wordnet_antibody_115027189>	
	<Antibiotic_resistance>	rdf:type	<wikicategory_Health_disasters>	
	<Al-Qaeda>	rdf:type	<wordnet_organization_108008335>	
	<Alessandro_Volta>	rdf:type	<wordnet_physicist_110428004>	
	<Argo_Navis>	rdf:type	<wordnet_configuration_105731779>	
	<Andromeda_(mythology)>	rdf:type	<wordnet_princess_110474064>	
	<Antlia>	rdf:type	<wordnet_configuration_105731779>	
	<Ara_(constellation)>	rdf:type	<wordnet_configuration_105731779>	
	<Arkansas>	rdf:type	<wordnet_country_108544813>	
	<Apus>	rdf:type	<wordnet_configuration_105731779>	
	<Abadan,_Iran>	rdf:type	<wordnet_city_108524735>	
	<Alexander_Fleming>	rdf:type	<wordnet_colleague_109935990>	
	<Andrew_Carnegie>	rdf:type	<wordnet_national_109625401>	
	<Approximant_consonant>	rdf:type	<wordnet_consonant_107115021>	
	<Astronomer_Royal>	rdf:type	<wordnet_military_officer_110317007>	
	<Australian_Democrats>	rdf:type	<wordnet_party_108256968>	
	<Australian_Capital_Territory>	rdf:type	<wordnet_district_108552138>	
	<Unit_of_alcohol>	rdf:type	<wordnet_unit_of_measurement_113583724>	
	<Ally_McBeal>	rdf:type	<wordnet_show_100520257>	
	<Andreas_Capellanus>	rdf:type	<wordnet_writer_110794014>	
	<American_Civil_Liberties_Union>	rdf:type	<wordnet_organization_108008335>	
	<Adobe_Systems>	rdf:type	<wordnet_company_108058098>	
	<Andrea_Alciato>	rdf:type	<wordnet_jurist_110227985>	
	<American_Revolution>	rdf:type	<wordnet_conflict_100958896>	
	<Alan_Ayckbourn>	rdf:type	<wordnet_person_100007846>	
	<Alpha_Centauri>	rdf:type	<wordnet_star_109444100>	
	<Amiga>	rdf:type	<wordnet_computer_103082979>	
	<Abel_Tasman>	rdf:type	<wordnet_explorer_110072708>	
	<Austin,_Texas>	rdf:type	<wordnet_city_108524735>	
	<Argument_from_morality>	rdf:type	<wordnet_argument_106648724>	
	<Auschwitz_concentration_camp>	rdf:type	<wordnet_site_108651247>	
	<Alvar_Aalto>	rdf:type	<wordnet_architect_109805475>	
	<Antarctic_Circumpolar_Current>	rdf:type	<wordnet_flow_107405893>	
	<Arbor_Day>	rdf:type	<wordnet_vacation_115137890>	
	<A._J._Ayer>	rdf:type	<wordnet_philosopher_110423589>	
	<André_Weil>	rdf:type	<wordnet_mathematician_110301261>	
	<Achaeans_(Homer)>	rdf:type	<wikicategory_Ancient_Greece_peoples>	
	<Atle_Selberg>	rdf:type	<wordnet_mathematician_110301261>	
	<Aeschylus>	rdf:type	<wordnet_poet_110444194>	
	<Amber_Road>	rdf:type	<wikicategory_Trade_routes>	
	<Crandall_University>	rdf:type	<wordnet_university_108286569>	
	<Andrew_Wiles>	rdf:type	<wordnet_colleague_109935990>	
	<Anne_Brontë>	rdf:type	<wordnet_novelist_110363573>	
	<Augustine_of_Hippo>	rdf:type	<wordnet_philosopher_110423589>	
	<Delian_League>	rdf:type	<wikicategory_5th-century_BC_military_alliances>	
	<August_Horch>	rdf:type	<wordnet_engineer_109615807>	
	<Ares>	rdf:type	<wordnet_cognition_100023271>	
	<Alexander_Grothendieck>	rdf:type	<wordnet_mathematician_110301261>	
	<Alcoholics_Anonymous>	rdf:type	<wordnet_group_100031264>	
	<Alpha_compositing>	rdf:type	<wordnet_procedure_101023820>	
	<Array_data_structure>	rdf:type	<wordnet_array_107939382>	
	<Advance_Australia_Fair>	rdf:type	<wordnet_anthem_107048928>	
	<Automatic_number_announcement_circuit>	rdf:type	<wikicategory_Telephone_numbers>	
	<Amerigo_Vespucci>	rdf:type	<wordnet_explorer_110072708>	
	<Aristide_Maillol>	rdf:type	<wordnet_sculptor_110566072>	
	<Antonio_Canova>	rdf:type	<wordnet_sculptor_110566072>	
	<Auguste_Rodin>	rdf:type	<wordnet_sculptor_110566072>	
	<Ann_Arbor,_Michigan>	rdf:type	<wordnet_city_108524735>	
	<Aircraft_hijacking>	rdf:type	<wordnet_highjacking_100783199>	
	<Acropolis_of_Athens>	rdf:type	<wikicategory_Ancient_Greek_archaeological_sites_in_Greece>	
	<Adam_Weishaupt>	rdf:type	<wordnet_philosopher_110423589>	
	<Acorn_Electron>	rdf:type	<wordnet_computer_103082979>	
	<A_Fire_Upon_the_Deep>	rdf:type	<wordnet_book_106410904>	
	<Acts_of_the_Apostles>	rdf:type	<wordnet_book_106410904>	
	<Assyria>	rdf:type	<wordnet_country_108544813>	
	<Abijah>	rdf:type	<wikicategory_8th-century_BC_women>	
	<Abimelech>	rdf:type	<wordnet_sovereign_110628644>	
	<Andrew_Tridgell>	rdf:type	<wordnet_programmer_110481268>	
	<Asterix>	rdf:type	<wordnet_comedian_109940146>	
	<Arizona_Cardinals>	rdf:type	<wordnet_club_108227214>	
	<Atlanta_Falcons>	rdf:type	<wordnet_team_108208560>	
	<Ansible>	rdf:type	<wikicategory_Fictional_telecom_protocols>	
	<Adalbert_of_Prague>	rdf:type	<wordnet_saint_110546850>	
	<Ælfheah_of_Canterbury>	rdf:type	<wordnet_bishop_109857200>	
	<Associative_algebra>	rdf:type	<wordnet_mathematics_106000644>	
	<Axiom_of_regularity>	rdf:type	<wordnet_maxim_107152948>	
	<IBM_AIX>	rdf:type	<wordnet_body_part_105220461>	
	<AppleTalk>	rdf:type	<wordnet_protocol_106665108>	
	<Apple_II_series>	rdf:type	<wordnet_computer_103082979>	
	<AVL_tree>	rdf:type	<wordnet_abstraction_100002137>	
	<Algebraic_extension>	rdf:type	<wordnet_extension_115272382>	
	<Ani_DiFranco>	rdf:type	<wordnet_singer_110599806>	
	<Arizona_Diamondbacks>	rdf:type	<wordnet_team_108208560>	
	<Ark_of_the_Covenant>	rdf:type	<wikicategory_Hebrew_Bible_topics>	
	<Angles>	rdf:type	<wordnet_people_107942152>	
	<Atlanta_Braves>	rdf:type	<wordnet_association_108049401>	
	<Atari_ST>	rdf:type	<wordnet_computer_103082979>	
	<Aaliyah>	rdf:type	<wordnet_person_100007846>	
	<Armoured_fighting_vehicle>	rdf:type	<wordnet_vehicle_104524313>	
	<Anton_Drexler>	rdf:type	<wordnet_leader_109623038>	
	<All_Quiet_on_the_Western_Front>	rdf:type	<wordnet_novel_106367879>	
	<Academic_elitism>	rdf:type	<wikicategory_Education_issues>	
	<African_American>	rdf:type	<wikicategory_Ethnic_groups_in_the_United_States>	
	<Afrikaans>	rdf:type	<wordnet_language_106282651>	
	<Aeolus>	rdf:type	<wordnet_fictional_character_109587565>	
	<Alford_plea>	rdf:type	<wordnet_supplication_107187638>	
	<Anti-realism>	rdf:type	owl:Thing	
	<Arsenal_F.C.>	rdf:type	<wordnet_club_108227214>	
	<Ahmad_Shah_Massoud>	rdf:type	<wordnet_minister_110320863>	
	<Atlantis>	rdf:type	<wordnet_island_109316454>	
	<Arcadius>	rdf:type	<wordnet_emperor_110053004>	
	<Arab_people>	rdf:type	<wordnet_people_107942152>	
	<Arcology>	rdf:type	<wordnet_location_100027167>	
	<Amstrad_CPC>	rdf:type	<wordnet_computer_103082979>	
	<Abdulaziz_al-Omari>	rdf:type	<wikicategory_Participants_in_the_September_11_attacks>	
	<Aage_Bohr>	rdf:type	<yagoLegalActorGeo>	
	<Arabic_alphabet>	rdf:type	<wikicategory_Arabic_alphabets>	
	<Angels_in_art>	rdf:type	<wordnet_angel_109538915>	
	<Arctic_fox>	rdf:type	<wordnet_mammal_101861778>	
	<Sid_Meier's_Alpha_Centauri>	rdf:type	<wordnet_game_100456199>	
	<Abu_Sayyaf>	rdf:type	<wordnet_group_100031264>	
	<Armenian_language>	rdf:type	<wordnet_language_106282651>	
	<Ad_hominem>	rdf:type	<wordnet_fallacy_105893916>	
	<Ælle_of_Sussex>	rdf:type	<wikicategory_5th-century_English_people>	
	<Atari>	rdf:type	owl:Thing	
	<Acadia_University>	rdf:type	<wordnet_university_108286569>	
	<Steel-string_acoustic_guitar>	rdf:type	<wordnet_instrument_103574816>	
	<Antipope_John_XXIII>	rdf:type	<wordnet_pope_110453533>	
	<Antonio_Salieri>	rdf:type	<wordnet_composer_109947232>	
	<Cobble_Hill_Tunnel>	rdf:type	<wordnet_tunnel_104497962>	
	<Annapolis_Valley>	rdf:type	<wordnet_valley_109468604>	
	<AFC_Ajax>	rdf:type	<wordnet_club_108227214>	
	<Arthur_Eddington>	rdf:type	<wordnet_object_100002684>	
	<Apple_II>	rdf:type	<wordnet_computer_103082979>	
	<Alexis_Korner>	rdf:type	<wordnet_musician_110339966>	
	<Armored_car_(military)>	rdf:type	<wordnet_vehicle_104524313>	
	<Self-propelled_anti-aircraft_weapon>	rdf:type	<wordnet_weapon_104565375>	
	<AZ_(football_club)>	rdf:type	<wordnet_association_108049401>	
	<American_Media_(publisher)>	rdf:type	<wordnet_company_108058098>	
	<Aramaic_language>	rdf:type	<wordnet_language_106282651>	
	<Saint_Titus>	rdf:type	<wordnet_leader_109623038>	
	<Arthur_Miller>	rdf:type	<wordnet_dramatist_110030277>	
	<Anton_Diabelli>	rdf:type	<wordnet_composer_109947232>	
	<Anita_Hill>	rdf:type	<wordnet_lawyer_110249950>	
	<Audio_file_format>	rdf:type	<wordnet_format_106636806>	
	<Amdahl's_law>	rdf:type	<wikicategory_Programming_rules_of_thumb>	
	<Ayahuasca>	rdf:type	<wikicategory_Psychedelic_tryptamine_carriers>	
	<Alfonso_Leng>	rdf:type	<wordnet_composer_109947232>	
	<Adamic_language>	rdf:type	<wikicategory_Latter_Day_Saint_temple_practices>	
	<Avery_Hopwood>	rdf:type	<wordnet_dramatist_110030277>	
	<Antipope_Felix_II>	rdf:type	<wordnet_antipope_109797375>	
	<Archbishop_of_Canterbury>	rdf:type	<wordnet_archbishop_109805151>	
	<Albion,_Michigan>	rdf:type	<wordnet_city_108524735>	
	<American_Football_League>	rdf:type	<wikicategory_Organizations_established_in_1960>	
	<A.S._Roma>	rdf:type	<wordnet_club_108227214>	
	<Alessandro_Scarlatti>	rdf:type	<wordnet_composer_109947232>	
	<Aston_Martin>	rdf:type	<wordnet_manufacturer_108060446>	
	<Albert_Pike>	rdf:type	<wordnet_lawyer_110249950>	
	<Abdul_Rashid_Dostum>	rdf:type	<wordnet_leader_109623038>	
	<Andhra_Pradesh>	rdf:type	<wordnet_location_100027167>	
	<Andreas_Aagesen>	rdf:type	<wikicategory_Danish_jurists>	
	<Aalen>	rdf:type	<wordnet_town_108665504>	
	<Alois_Alzheimer>	rdf:type	<wikicategory_German_neuroscientists>	
	<American_Airlines>	rdf:type	<wordnet_airline_102690081>	
	<Auger_effect>	rdf:type	<wikicategory_Scientific_techniques>	
	<Akio_Morita>	rdf:type	<wikicategory_Osaka_University_alumni>	
	<Anthony_Hopkins>	rdf:type	<wordnet_commanding_officer_109941964>	
	<Ardal_O'Hanlon>	rdf:type	<wordnet_comedian_109940146>	
	<Advanced_Micro_Devices>	rdf:type	<wordnet_company_108058098>	
	<Albrecht_Dürer>	rdf:type	<wordnet_painter_110391653>	
	<Australian_rules_football>	rdf:type	<wordnet_sport_100523513>	
	<Aon_plc>	rdf:type	<wordnet_company_108058098>	
	<Alban_Berg>	rdf:type	<wordnet_composer_109947232>	
	<Athanasian_Creed>	rdf:type	<wordnet_creed_105959954>	
	<Alicante>	rdf:type	<wordnet_city_108524735>	
	<Ann_Widdecombe>	rdf:type	<wordnet_politician_110451263>	
	<Aurangzeb>	rdf:type	<wordnet_emperor_110053004>	
	<Alberto_Giacometti>	rdf:type	<wordnet_sculptor_110566072>	
	<Albrecht_Altdorfer>	rdf:type	<wordnet_painter_110391653>	
	<House_of_Ascania>	rdf:type	<wikicategory_European_royal_families>	
	<Anton_Chekhov>	rdf:type	<wordnet_doctor_110020890>	
	<Action_Against_Hunger>	rdf:type	<wordnet_organization_108008335>	
	<Anti-globalization_movement>	rdf:type	<wordnet_protest_107210225>	
	<Aarau>	rdf:type	<wordnet_capital_108518505>	
	<Ababda_people>	rdf:type	<wordnet_people_107942152>	
	<American_Quarter_Horse>	rdf:type	<wordnet_breed_108101410>	
	<Abacá>	rdf:type	<wikicategory_Biodegradable_materials>	
	<Abaddon>	rdf:type	<wordnet_site_108651247>	
	<Abadeh>	rdf:type	<wordnet_city_108524735>	
	<Abae>	rdf:type	<wordnet_temple_104407435>	
	<Abakan>	rdf:type	<wordnet_city_108524735>	
	<Arc_de_Triomphe>	rdf:type	<wikicategory_Buildings_and_structures_completed_in_1836>	
	<Ambrosius_Bosschaert>	rdf:type	<wordnet_painter_110391653>	
	<Acantharea>	rdf:type	<wordnet_protozoan_101389507>	
	<African_National_Congress>	rdf:type	<wordnet_party_108256968>	
	<Arnulf_of_Carinthia>	rdf:type	<wordnet_king_110231515>	
	<Alexanderplatz>	rdf:type	<wordnet_public_square_108619620>	
	<Asian_Development_Bank>	rdf:type	<wordnet_depository_financial_institution_108420278>	
	<Aswan>	rdf:type	<wordnet_capital_108518505>	
	<Adelaide_of_Italy>	rdf:type	<wordnet_saint_110546850>	
	<Agostino_Carracci>	rdf:type	<wordnet_painter_110391653>	
	<Alexander_Kerensky>	rdf:type	<wordnet_leader_109623038>	
	<Ansgar>	rdf:type	<wordnet_saint_110546850>	
	<Automated_theorem_proving>	rdf:type	<wikicategory_Formal_methods>	
	<Agent_Orange>	rdf:type	<wordnet_herbicide_114906850>	
	<Astronomical_year_numbering>	rdf:type	<wordnet_calendar_115173479>	
	<Adam_of_Bremen>	rdf:type	<wordnet_chronicler_109921168>	
	<Ab_urbe_condita>	rdf:type	<wikicategory_Calendar_eras>	
	<ARY_Group>	rdf:type	<wordnet_company_108058098>	
	<Arapawa_Island>	rdf:type	<wordnet_island_109316454>	
	<Arthur_Phillip>	rdf:type	<wordnet_governor_110140314>	
	<Angus>	rdf:type	<wordnet_area_108497294>	
	<André_the_Giant>	rdf:type	<wordnet_wrestler_110793168>	
	<Adrastea_(moon)>	rdf:type	<wordnet_planet_109394007>	
	<Apache_HTTP_Server>	rdf:type	<wordnet_software_106566077>	
	<Arbroath_Abbey>	rdf:type	<wikicategory_Buildings_and_structures_in_Angus>	
	<Adversarial_system>	rdf:type	<wordnet_system_104377057>	
	<Abano_Terme>	rdf:type	<wordnet_town_108665504>	
	<Antoine_Thomson_d'Abbadie>	rdf:type	<wordnet_explorer_110072708>	
	<Abba_Mari>	rdf:type	<wikicategory_14th-century_French_people>	
	<Abbas_II_of_Egypt>	rdf:type	<wikicategory_Egyptian_expatriates_in_Austria>	
	<Abbas_Mirza>	rdf:type	<wordnet_prince_110472799>	
	<George_Abbot_(bishop)>	rdf:type	<wordnet_archbishop_109805151>	
	<Aeacus>	rdf:type	<wordnet_king_110231515>	
	<Aeclanum>	rdf:type	<wikicategory_Former_populated_places_in_Italy>	
	<Aedesius>	rdf:type	<wordnet_philosopher_110423589>	
	<Aedicula>	rdf:type	<wikicategory_Ancient_Roman_architectural_elements>	
	<Aedui>	rdf:type	<wordnet_people_107942152>	
	<Aegadian_Islands>	rdf:type	<wordnet_island_109316454>	
	<Aegean_civilizations>	rdf:type	<wordnet_civilization_108111783>	
	<Aegeus>	rdf:type	<wordnet_king_110231515>	
	<Aegina>	rdf:type	<wikicategory_Mediterranean_port_cities_and_towns_in_Greece>	
	<Aegisthus>	rdf:type	<wordnet_king_110231515>	
	<Aegospotami>	rdf:type	<wordnet_river_109411430>	
	<Aelia_Capitolina>	rdf:type	<wordnet_site_108651247>	
	<Aelianus_Tacticus>	rdf:type	<wordnet_writer_110794014>	
	<Atomic_absorption_spectroscopy>	rdf:type	<wordnet_technique_105665146>	
	<Arthur_St._Clair>	rdf:type	<wordnet_general_110123844>	
	<Ajaccio>	rdf:type	<wordnet_commune_108541609>	
	<Ajaigarh>	rdf:type	<wordnet_district_108552138>	
	<Ajanta_Caves>	rdf:type	<wordnet_cave_109238926>	
	<Ajmer>	rdf:type	<wordnet_city_108524735>	
	<Ajmer-Merwara>	rdf:type	<wordnet_region_108630039>	
	<Affiliation_(family_law)>	rdf:type	<wikicategory_Wills_and_trusts>	
	<Afghan_Turkestan>	rdf:type	<wordnet_state_108654360>	
	<Afyonkarahisar>	rdf:type	<wordnet_city_108524735>	
	<Abd_al-Latif_al-Baghdadi_(medieval_writer)>	rdf:type	<wordnet_doctor_110020890>	
	<Abd_al-Rahman_I>	rdf:type	<wikicategory_Umayyad_caliphs_of_Cordoba>	
	<Abd_ar-Rahman_II>	rdf:type	<wikicategory_9th-century_rulers_in_Europe>	
	<Abd-ar-Rahman_III>	rdf:type	<wordnet_caliph_109887496>	
	<Abd_ar-Rahman_IV>	rdf:type	<wordnet_caliph_109887496>	
	<Abdera,_Spain>	rdf:type	<wordnet_site_108651247>	
	<Abdera,_Thrace>	rdf:type	<wordnet_site_108651247>	
	<Apollos>	rdf:type	<wordnet_saint_110546850>	
	<Áed_mac_Cináeda>	rdf:type	<wikicategory_9th-century_Scottish_people>	
	<Abdul_Hamid_I>	rdf:type	<wordnet_sultan_110674315>	
	<Abdur_Rahman_Khan>	rdf:type	<wordnet_emir_110052497>	
	<Aberavon_(UK_Parliament_constituency)>	rdf:type	<wordnet_constituency_108238156>	
	<Abercarn>	rdf:type	<wordnet_town_108665504>	
	<Aberdare>	rdf:type	<wordnet_town_108665504>	
	<Amy_Grant>	rdf:type	<wordnet_musician_110339966>	
	<Arthur_William_à_Beckett>	rdf:type	<wordnet_journalist_110224578>	
	<Aberdeen,_South_Dakota>	rdf:type	<wordnet_city_108524735>	
	<Aberdour>	rdf:type	<wordnet_village_108672738>	
	<Aberfoyle,_Stirling>	rdf:type	<wordnet_village_108672738>	
	<Abergavenny>	rdf:type	<wordnet_town_108665504>	
	<Abersychan>	rdf:type	<wordnet_administrative_district_108491826>	
	<Abertillery>	rdf:type	<wordnet_town_108665504>	
	<Anders_Celsius>	rdf:type	<wordnet_astronomer_109818343>	
	<Adam_Carolla>	rdf:type	<wordnet_host_110187130>	
	<Arthur_J._Stone>	rdf:type	<wikicategory_People_from_Sheffield>	
	<Au_file_format>	rdf:type	<wordnet_format_106636806>	
	<Andalusia>	rdf:type	<wordnet_region_108630039>	
	<Abhorrers>	rdf:type	<wordnet_person_100007846>	
	<Abiathar>	rdf:type	<wikicategory_High_Priests_of_Israel>	
	<Abigail>	rdf:type	<wordnet_wife_110780632>	
	<Azad_Kashmir>	rdf:type	owl:Thing	
	<Arabian_Sea>	rdf:type	<wordnet_body_of_water_109225146>	
	<AutoCAD>	rdf:type	<wordnet_software_106566077>	
	<AutoCAD_DXF>	rdf:type	<wordnet_format_106636806>	
	<Aelbert_Cuyp>	rdf:type	<wordnet_painter_110391653>	
	<Allene>	rdf:type	<wikicategory_Functional_groups>	
	<AbiWord>	rdf:type	<wordnet_software_106566077>	
	<Ames_test>	rdf:type	<wordnet_trial_105799212>	
	<ACE_inhibitor>	rdf:type	<wordnet_inhibitor_114724436>	
	<Anatomical_Therapeutic_Chemical_Classification_System>	rdf:type	<wordnet_code_106667317>	
	<Parallel_ATA>	rdf:type	<wordnet_connection_103091374>	
	<Atari_Jaguar>	rdf:type	<wordnet_console_table_103092883>	
	<Atari_Lynx>	rdf:type	<wordnet_console_table_103092883>	
	<Annals_of_Mathematics>	rdf:type	<wordnet_periodical_106593296>	
	<Andrei_Sakharov>	rdf:type	<wordnet_physicist_110428004>	
	<Air_show>	rdf:type	<wordnet_event_100029378>	
	<Anthropic_principle>	rdf:type	<wordnet_principle_105913538>	
	<Australian_Army>	rdf:type	<wordnet_abstraction_100002137>	
	<American_Registry_for_Internet_Numbers>	rdf:type	<wordnet_register_106507041>	
	<Akihabara>	rdf:type	<wordnet_district_108552138>	
	<Active_Directory>	rdf:type	<wordnet_service_100577525>	
	<Aldona_of_Lithuania>	rdf:type	<wikicategory_Medieval_women>	
	<Aron_Nimzowitsch>	rdf:type	<wikicategory_Chess_theoreticians>	
	<Aragonese_language>	rdf:type	<wordnet_language_106282651>	
	<Advanced_Mobile_Phone_System>	rdf:type	<wordnet_system_104377057>	
	<Andreas_Schlüter>	rdf:type	<wordnet_sculptor_110566072>	
	<Antiderivative>	rdf:type	<wordnet_function_113783816>	
	<Alphabet_song>	rdf:type	<wordnet_song_107048000>	
	<Antigonid_dynasty>	rdf:type	<wordnet_dynasty_107971582>	
	<A_Vindication_of_the_Rights_of_Woman>	rdf:type	<wordnet_publication_106589574>	
	<Afghan_Hound>	rdf:type	<wordnet_breed_108101410>	
	<Azawakh>	rdf:type	<wordnet_breed_108101410>	
	<Plum_pudding_model>	rdf:type	<wordnet_theory_105989479>	
	<Aung_San_Suu_Kyi>	rdf:type	<wordnet_companion_109945905>	
	<Abraham_Joshua_Heschel>	rdf:type	<wordnet_theologian_110705615>	
	<Aberdeen_Bestiary>	rdf:type	<wordnet_bestiary_106412610>	
	<Latin_American_Integration_Association>	rdf:type	<wikicategory_Organizations_based_in_Montevideo,_Uruguay>	
	<Aircraft_spotting>	rdf:type	<wikicategory_Observation_hobbies>	
	<AI-complete>	rdf:type	<wordnet_problem_114410605>	
	<Archaeoastronomy>	rdf:type	<wikicategory_Earth_mysteries>	
	<Andrzej_Sapkowski>	rdf:type	<wikicategory_Living_people>	
	<Amanda_Hesser>	rdf:type	<wordnet_writer_110794014>	
	<Archduke_Charles,_Duke_of_Teschen>	rdf:type	<wordnet_archduke_109804658>	
	<Augustine_of_Canterbury>	rdf:type	<wordnet_archbishop_109805151>	
	<Alexander_of_Hales>	rdf:type	<wikicategory_13th-century_philosophers>	
	<Active_Server_Pages>	rdf:type	<wordnet_software_106566077>	
	<Amorphous_solid>	rdf:type	<wordnet_solid_115046900>	
	<A_Wizard_of_Earthsea>	rdf:type	<wordnet_novel_106367879>	
	<Alex_Lifeson>	rdf:type	<wordnet_musician_110339966>	
	<ArgoUML>	rdf:type	<wordnet_abstraction_100002137>	
	<File_archiver>	rdf:type	<wordnet_archive_102735086>	
	<Artemis>	rdf:type	<wordnet_goddess_109535622>	
	<Axayacatl>	rdf:type	<wordnet_ruler_110541229>	
	<Ahuitzotl>	rdf:type	<wordnet_ruler_110541229>	
	<Amr_Diab>	rdf:type	<wordnet_singer_110599806>	
	<Anaïs_Nin>	rdf:type	<wordnet_writer_110794014>	
	<AOL_Instant_Messenger>	rdf:type	<wordnet_software_106566077>	
	<Ackermann_function>	rdf:type	<wordnet_function_113783816>	
	<Albanians>	rdf:type	<wordnet_people_107942152>	
	<Association_for_Computing_Machinery>	rdf:type	<wordnet_association_108049401>	
	<Southeast_Alaska>	rdf:type	<wordnet_region_108630039>	
	<Algemeen_Nijmeegs_Studentenblad>	rdf:type	<wordnet_magazine_106595351>	
	<Alaska_Interior>	rdf:type	<wikicategory_Regions_of_Alaska>	
	<And_did_those_feet_in_ancient_time>	rdf:type	<wordnet_poem_106377442>	
	<The_Bush_(Alaska)>	rdf:type	<wikicategory_Regions_of_Alaska>	
	<A_Little_Night_Music>	rdf:type	<wordnet_musical_107019172>	
	<Ariel_Sharon>	rdf:type	<wordnet_general_110123844>	
	<Agner_Krarup_Erlang>	rdf:type	<wordnet_mathematician_110301261>	
	<Anyone_Can_Whistle>	rdf:type	<wordnet_musical_107019172>	
	<Ain't_I_a_Woman?_(book)>	rdf:type	<wordnet_book_106410904>	
	<AMOS_(programming_language)>	rdf:type	<wordnet_language_106282651>	
	<Audio_CD>	rdf:type	<wikicategory_120&amp;nbsp;mm_discs>	
	<Abelian_group>	rdf:type	<wikicategory_Properties_of_groups>	
	<Anti-Ballistic_Missile_Treaty>	rdf:type	<wordnet_treaty_106773434>	
	<Austria-Hungary>	rdf:type	<wordnet_country_108544813>	
	<Arthur_Laurents>	rdf:type	<wordnet_dramatist_110030277>	
	<Adrian_Lamo>	rdf:type	<wikicategory_American_River_College_alumni>	
	<Associate_Justice_of_the_Supreme_Court_of_the_United_States>	rdf:type	<wordnet_judge_110225219>	
	<Alan_Jay_Lerner>	rdf:type	<wordnet_lyricist_110277912>	
	<Al_Capp>	rdf:type	<wordnet_cartoonist_109898346>	
	<Ann_Druyan>	rdf:type	<wordnet_writer_110794014>	
	<Analcime>	rdf:type	<wordnet_mineral_114662574>	
	<Alexey_Pajitnov>	rdf:type	<wordnet_engineer_109615807>	
	<`Abdu'l-Bahá>	rdf:type	<wikicategory_People_from_Acre,_Israel>	
	<Ambrose_of_Alexandria>	rdf:type	<wordnet_theologian_110705615>	
	<Autonomous_building>	rdf:type	<wikicategory_Human_habitats>	
	<Anubis>	rdf:type	<wordnet_jackal_102115096>	
	<Arthur_Jensen>	rdf:type	<wordnet_person_100007846>	
	<A_Funny_Thing_Happened_on_the_Way_to_the_Forum>	rdf:type	<wordnet_musical_107019172>	
	<Aleut_people>	rdf:type	<wikicategory_Alaska_Native_ethnic_groups>	
	<Alaska_Native_Claims_Settlement_Act>	rdf:type	<wordnet_native_109620794>	
	<Adoptionism>	rdf:type	<wikicategory_Ancient_Christian_controversies>	
	<Acid–base_reaction>	rdf:type	<wordnet_chemical_114806838>	
	<Abu_al-Faraj_al-Isfahani>	rdf:type	<wordnet_scholar_110557854>	
	<Alcobaça,_Portugal>	rdf:type	<wordnet_city_108524735>	
	<Amyl_nitrite>	rdf:type	<wordnet_nitrite_115015963>	
	<Alameda,_California>	rdf:type	<wordnet_city_108524735>	
	<Alpha_helix>	rdf:type	<wikicategory_Protein_structural_motifs>	
	<Accrington>	rdf:type	<wordnet_town_108665504>	
	<Armageddon>	rdf:type	<wikicategory_Beliefs_and_practices_of_Jehovah's_Witnesses>	
	<Athlon>	rdf:type	<wordnet_microprocessor_103760310>	
	<Amnon>	rdf:type	<wikicategory_Hebrew_Bible_people>	
	<Amu_Darya>	rdf:type	<wordnet_river_109411430>	
	<Islamic_conquest_of_Afghanistan>	rdf:type	<wordnet_conquest_100089027>	
	<Durrani_Empire>	rdf:type	<wordnet_empire_108557482>	
	<Aimaq_people>	rdf:type	<wordnet_people_107942152>	
	<Arcturus>	rdf:type	<wordnet_star_109444100>	
	<Androphagi>	rdf:type	<wordnet_people_107942152>	
	<Albert_Brooks>	rdf:type	<wordnet_actor_109765278>	
	<Antares>	rdf:type	<wordnet_supergiant_109450708>	
	<Aldebaran>	rdf:type	<wordnet_giant_101323781>	
	<Altair>	rdf:type	<wordnet_star_109444100>	
	<Australian_Broadcasting_Corporation>	rdf:type	<wordnet_broadcasting_company_108002015>	
	<Alexandria>	rdf:type	<wordnet_city_108524735>	
	<Alexandria,_Indiana>	rdf:type	<wordnet_city_108524735>	
	<Alexandria,_Louisiana>	rdf:type	<wordnet_city_108524735>	
	<Alexandria_Troas>	rdf:type	<wordnet_city_108524735>	
	<Alexandria,_West_Dunbartonshire>	rdf:type	<wordnet_town_108665504>	
	<Angela_Vincent>	rdf:type	<wikicategory_British_biologists>	
	<Arithmetic-geometric_mean>	rdf:type	<wikicategory_Elliptic_functions>	
	<Akira_Toriyama>	rdf:type	<wordnet_artist_109812338>	
	<Epsilon_Ursae_Majoris>	rdf:type	<wordnet_star_109444100>	
	<Andrew_S._Tanenbaum>	rdf:type	<wordnet_writer_110794014>	
	<Arianespace>	rdf:type	<wordnet_company_108058098>	
	<Accumulator_(computing)>	rdf:type	<wordnet_register_106507041>	
	<Abu_Zubaydah>	rdf:type	<wikicategory_Living_people>	
	<Andersonville,_Georgia>	rdf:type	<wordnet_city_108524735>	
	<Agra_Canal>	rdf:type	<wordnet_canal_102947212>	
	<Amakusa>	rdf:type	<wordnet_island_109316454>	
	<Ammonius_Grammaticus>	rdf:type	<wikicategory_Ancient_Greek_grammarians>	
	<Algebraic_closure>	rdf:type	<wordnet_extension_115272382>	
	<Adolphe_Sax>	rdf:type	<wikicategory_Academics_of_the_Conservatoire_de_Paris>	
	<Arteriovenous_malformation>	rdf:type	<wikicategory_Congenital_vascular_defects>	
	<Atlanta>	rdf:type	<wordnet_city_108524735>	
	<A_Doll's_House>	rdf:type	<wordnet_play_107007945>	
	<Alternative_algebra>	rdf:type	<wordnet_algebra_106012726>	
	<ACF_Fiorentina>	rdf:type	<wordnet_club_108227214>	
	<Afrobeat>	rdf:type	<wordnet_music_107020895>	
	<Arithmetic_function>	rdf:type	<wordnet_function_113783816>	
	<ANSI_C>	rdf:type	<wordnet_standard_107260623>	
	<Adin_Steinsaltz>	rdf:type	<wikicategory_Israeli_educators>	
	<A._E._Housman>	rdf:type	<wordnet_scholar_110557854>	
	<Attribution_of_recent_climate_change>	rdf:type	<wikicategory_Environmental_issues_with_energy>	
	<Achduart>	rdf:type	<wikicategory_Populated_places_in_Ross_and_Cromarty>	
	<Achiltibuie>	rdf:type	<wordnet_site_108651247>	
	<Mexican_tetra>	rdf:type	<wordnet_fish_102512053>	
	<Atom_probe>	rdf:type	<wordnet_microscope_103760671>	
	<Al_Capone>	rdf:type	<wordnet_gangster_110120085>	
	<Army_of_Darkness>	rdf:type	<wordnet_movie_106613686>	
	<Ahmed_al-Nami>	rdf:type	<wikicategory_Participants_in_the_September_11_attacks>	
	<Ahmed_al-Haznawi>	rdf:type	<wikicategory_Participants_in_the_September_11_attacks>	
	<Athanasius_of_Alexandria>	rdf:type	<wordnet_bishop_109857200>	
	<Azores>	rdf:type	<wordnet_region_108630039>	
	<Absolute_Infinite>	rdf:type	<wikicategory_Arguments_for_the_existence_of_God>	
	<Archbishopric_of_Riga>	rdf:type	<wikicategory_Historical_regions_in_Latvia>	
	<Albert_Frederick,_Duke_of_Prussia>	rdf:type	<wordnet_duke_110038620>	
	<National_Alliance_(Italy)>	rdf:type	<wordnet_party_108256968>	
	<Arno>	rdf:type	<wordnet_river_109411430>	
	<Aveiro,_Portugal>	rdf:type	<wordnet_city_108524735>	
	<Anthony_the_Great>	rdf:type	<wordnet_saint_110546850>	
	<Amblypoda>	rdf:type	<wordnet_mammal_101861778>	
	<Running_amok>	rdf:type	<wordnet_syndrome_105870790>	
	<Apostles'_Creed>	rdf:type	<wordnet_belief_105941423>	
	<Amicable_numbers>	rdf:type	<wordnet_sequence_108459252>	
	<Anthony_of_Saxony>	rdf:type	<wordnet_king_110231515>	
	<Albert_III,_Duke_of_Saxony>	rdf:type	<wordnet_ruler_110541229>	
	<Arlo_Guthrie>	rdf:type	<wikicategory_American_folk_singers>	
	<Book_of_Alma>	rdf:type	<wordnet_book_106410904>	
	<Bonn>	rdf:type	<wordnet_city_108524735>	
	<The_Birth_of_a_Nation>	rdf:type	<wordnet_movie_106613686>	
	<Baltic_Sea>	rdf:type	<wordnet_ocean_109376198>	
	<The_Bronx>	rdf:type	<wordnet_area_108497294>	
	<BearShare>	rdf:type	<wordnet_abstraction_100002137>	
	<Belgium>	rdf:type	<wordnet_country_108544813>	
	<Berlin>	rdf:type	<wordnet_capital_108518505>	
	<Benjamin_Lee_Whorf>	rdf:type	<wordnet_linguist_110264437>	
	<Bill_Clinton>	rdf:type	<wordnet_politician_110451263>	
	<Boron_nitride>	rdf:type	<wordnet_chemical_114806838>	
	<Blood_on_the_Tracks>	rdf:type	<wordnet_album_106591815>	
	<The_Beverly_Hillbillies>	rdf:type	<wordnet_comedy_107015510>	
	<Britney_Spears>	rdf:type	<wordnet_artist_109812338>	
	<Brazil>	rdf:type	<wordnet_country_108544813>	
	<Black_Forest>	rdf:type	<wikicategory_Mountain_ranges_of_Germany>	
	<Black_Sea>	rdf:type	<wordnet_ocean_109376198>	
	<Bible>	rdf:type	<wikicategory_Judeo-Christian_topics>	
	<British_Columbia>	rdf:type	<wordnet_state_108654360>	
	<Gautama_Buddha>	rdf:type	<wordnet_scholar_110557854>	
	<Branchiopoda>	rdf:type	<wordnet_crustacean_101974773>	
	<Baruch_Spinoza>	rdf:type	<wordnet_philosopher_110423589>	
	<...Baby_One_More_Time>	rdf:type	<wordnet_album_106591815>	
	<Bulgaria>	rdf:type	<wordnet_district_108552138>	
	<Bryozoa>	rdf:type	<wordnet_animal_100015388>	
	<Biennial_plant>	rdf:type	<wordnet_plant_100017222>	
	<Burgess_Shale>	rdf:type	<wikicategory_Cambrian_paleontological_sites>	
	<Bromeliales>	rdf:type	<wordnet_group_100031264>	
	<Cue_sports>	rdf:type	<wordnet_sport_100523513>	
	<Bursa>	rdf:type	<wordnet_city_108524735>	
	<The_Bahamas>	rdf:type	<wordnet_country_108544813>	
	<Baker_Island>	rdf:type	<wordnet_atoll_109210862>	
	<Bangladesh>	rdf:type	<wordnet_country_108544813>	
	<Barbados>	rdf:type	<wordnet_island_109316454>	
	<Bassas_da_India>	rdf:type	<wordnet_atoll_109210862>	
	<Belarus>	rdf:type	<wordnet_country_108544813>	
	<Belize>	rdf:type	<wordnet_country_108544813>	
	<Benin>	rdf:type	<wordnet_country_108544813>	
	<Bermuda>	rdf:type	<wordnet_district_108552138>	
	<Bolivia>	rdf:type	<wordnet_country_108544813>	
	<Botswana>	rdf:type	<wordnet_country_108544813>	
	<Brunei>	rdf:type	<wordnet_country_108544813>	
	<British_Virgin_Islands>	rdf:type	<wordnet_district_108552138>	
	<Burkina_Faso>	rdf:type	<wordnet_country_108544813>	
	<Government_of_Barbados>	rdf:type	<wikicategory_Executive_branches_of_government>	
	<Telecommunications_in_Belarus>	rdf:type	<wordnet_telecommunication_106271778>	
	<Armed_Forces_of_Belarus>	rdf:type	<wordnet_military_108199025>	
	<Telecommunications_in_Belgium>	rdf:type	<wordnet_telecommunication_106271778>	
	<Benin>	rdf:type	<wordnet_economy_108366753>	
	<Bhutan>	rdf:type	<wikicategory_Landlocked_countries>	
	<Lhop_people>	rdf:type	<wikicategory_Ethnic_groups_in_Bhutan>	
	<Telecommunications_in_Botswana>	rdf:type	<wordnet_telecommunication_106271778>	
	<Brazil>	rdf:type	<wordnet_economy_108366753>	
	<Telecommunications_in_Brazil>	rdf:type	<wikicategory_Telecommunications_in_Brazil>	
	<Brazilian_Armed_Forces>	rdf:type	<wordnet_military_108199025>	
	<British_Virgin_Islands>	rdf:type	<wordnet_economy_108366753>	
	<Brunei>	rdf:type	<wordnet_country_108544813>	
	<Bulgaria>	rdf:type	<wordnet_economy_108366753>	
	<Telecommunications_in_Bulgaria>	rdf:type	<wordnet_telecommunication_106271778>	
	<Burkina_Faso>	rdf:type	<wordnet_country_108544813>	
	<Telecommunications_in_Burkina_Faso>	rdf:type	<wordnet_telecommunication_106271778>	
	<Burundi>	rdf:type	<wordnet_country_108544813>	
	<Communications_in_Burundi>	rdf:type	<wikicategory_Telecommunications_in_Burundi>	
	<Bosphorus>	rdf:type	<wordnet_strait_109446115>	
	<Brussels>	rdf:type	<wordnet_region_108630039>	
	<Bell_Labs>	rdf:type	<wikicategory_Computer_science_institutes_in_the_United_States>	
	<Bjarne_Stroustrup>	rdf:type	<wordnet_scientist_110560637>	
	<Byzantium>	rdf:type	<wikicategory_Greek_city-states>	
	<Berlin_Wall>	rdf:type	<wordnet_barrier_102796623>	
	<Bass_music>	rdf:type	<wordnet_music_107020895>	
	<Burning_glass>	rdf:type	<wordnet_lens_103656484>	
	<Bhangra_(music)>	rdf:type	<wordnet_manner_104928903>	
	<Beastie_Boys>	rdf:type	<wordnet_group_100031264>	
	<Basque_language>	rdf:type	<wordnet_language_106282651>	
	<Björn_Ulvaeus>	rdf:type	<wordnet_songwriter_110624540>	
	<Benny_Andersson>	rdf:type	<wordnet_musician_110339966>	
	<Bluetooth>	rdf:type	<wordnet_device_103183080>	
	<Bluetooth_Special_Interest_Group>	rdf:type	<wordnet_group_100031264>	
	<Boney_M.>	rdf:type	<wordnet_group_100031264>	
	<Blade_Runner>	rdf:type	<wordnet_movie_106613686>	
	<Bill_Gates>	rdf:type	<wordnet_investor_110216106>	
	<Belgian_Blue>	rdf:type	<wordnet_breed_108101410>	
	<Bavaria>	rdf:type	<wordnet_country_108544813>	
	<Brandenburg>	rdf:type	<wordnet_country_108544813>	
	<Bundestag>	rdf:type	<wordnet_legislature_108163273>	
	<BMW>	rdf:type	<wordnet_company_108058098>	
	<Bornholm>	rdf:type	<wordnet_island_109316454>	
	<Bal_Thackeray>	rdf:type	<wordnet_politician_110451263>	
	<Bille_August>	rdf:type	<wikicategory_Danish_film_directors>	
	<Bitola>	rdf:type	<wordnet_city_108524735>	
	<Battle_of_Bosworth_Field>	rdf:type	<wordnet_battle_100953559>	
	<Brassicaceae>	rdf:type	<wordnet_family_108078020>	
	<Hit_by_pitch>	rdf:type	<wikicategory_Baseball_rules>	
	<Hit_(baseball)>	rdf:type	<wikicategory_Baseball_rules>	
	<Boogie_Down_Productions>	rdf:type	<wikicategory_Jive_Records_artists>	
	<Binary-coded_decimal>	rdf:type	<wordnet_system_104377057>	
	<Bumin_Qaghan>	rdf:type	<wikicategory_Göktürk_rulers>	
	<Bilge_Qaghan>	rdf:type	<wikicategory_Göktürk_rulers>	
	<Bauhaus>	rdf:type	<wikicategory_Art_schools_in_Germany>	
	<Beowulf>	rdf:type	<wordnet_poem_106377442>	
	<Barb_Wire>	rdf:type	<wikicategory_1994_comic_debuts>	
	<Blazing_Saddles>	rdf:type	<wordnet_movie_106613686>	
	<Bruce_Sterling>	rdf:type	<wordnet_writer_110794014>	
	<Brain_abscess>	rdf:type	<wordnet_disease_114070360>	
	<Bud_Spencer>	rdf:type	<wordnet_actor_109765278>	
	<Brigitte_Bardot>	rdf:type	<wordnet_model_110324560>	
	<Baseball_positions>	rdf:type	<wordnet_position_108621598>	
	<Major_League_Baseball_Most_Valuable_Player_Award>	rdf:type	<wordnet_award_106696483>	
	<Major_League_Baseball_Rookie_of_the_Year_Award>	rdf:type	<wordnet_award_106696483>	
	<Bluetongue_disease>	rdf:type	<wordnet_virus_101328702>	
	<Bruce_Perens>	rdf:type	<wikicategory_Amateur_radio_people>	
	<Bundle_theory>	rdf:type	<wordnet_theory_105989479>	
	<Herman_Boerhaave>	rdf:type	<wordnet_botanist_109868270>	
	<Benjamin_Disraeli>	rdf:type	<wordnet_earl_110041373>	
	<Business_statistics>	rdf:type	<wikicategory_Fields_of_application_of_statistics>	
	<Braille>	rdf:type	<wikicategory_Character_sets>	
	<Bastille_Day>	rdf:type	<wordnet_parade_108428485>	
	<Blowfish_(cipher)>	rdf:type	<wordnet_cipher_106254239>	
	<Bijection>	rdf:type	<wordnet_function_113783816>	
	<Blue_Velvet_(film)>	rdf:type	<wordnet_movie_106613686>	
	<Bagpipes>	rdf:type	<wordnet_bagpipe_102775483>	
	<Bedrock_Records>	rdf:type	<wikicategory_British_record_labels>	
	<Boolean_algebra_(structure)>	rdf:type	<wordnet_structure_104341686>	
	<Banca_d'Italia>	rdf:type	<wordnet_depository_financial_institution_108420278>	
	<Bill_Joy>	rdf:type	<wordnet_scientist_110560637>	
	<Bodhisattva>	rdf:type	<wikicategory_Buddhist_philosophical_concepts>	
	<Buckingham_Palace>	rdf:type	<wordnet_palace_103878066>	
	<British_Airways>	rdf:type	<wordnet_airline_102690081>	
	<Biopolymer>	rdf:type	<wikicategory_Biotechnology_products>	
	<Book_of_Mormon>	rdf:type	<wordnet_book_106410904>	
	<Bernie_Federko>	rdf:type	<wikicategory_Canadian_people_of_Ukrainian_descent>	
	<Buffalo,_New_York>	rdf:type	<wordnet_city_108524735>	
	<Benjamin_Franklin>	rdf:type	<wordnet_writer_110794014>	
	<Banach_space>	rdf:type	<wordnet_space_100028651>	
	<Bram_Stoker>	rdf:type	<wordnet_novelist_110363573>	
	<Benoit_Mandelbrot>	rdf:type	<wordnet_mathematician_110301261>	
	<Benedict_of_Nursia>	rdf:type	<wordnet_saint_110546850>	
	<Battle_of_Pharsalus>	rdf:type	<wordnet_battle_100953559>	
	<Bigfoot>	rdf:type	<wikicategory_American_folklore_legendary_creatures>	
	<Bing_Crosby>	rdf:type	<wordnet_singer_110599806>	
	<Basel_Convention>	rdf:type	<wordnet_treaty_106773434>	
	<Bar_Kokhba_(album)>	rdf:type	<wordnet_album_106591815>	
	<BASIC>	rdf:type	<wordnet_language_106282651>	
	<Borland>	rdf:type	<wordnet_company_108058098>	
	<Buckminster_Fuller>	rdf:type	<wordnet_architect_109805475>	
	<Bill_Watterson>	rdf:type	<wordnet_cartoonist_109898346>	
	<Bletchley_Park>	rdf:type	<wordnet_museum_103800563>	
	<Bede>	rdf:type	<wordnet_monk_110112129>	
	<Battle_of_Blenheim>	rdf:type	<wordnet_battle_100953559>	
	<Battle_of_Ramillies>	rdf:type	<wordnet_battle_100953559>	
	<Brian_Kernighan>	rdf:type	<wordnet_scientist_110560637>	
	<BCPL>	rdf:type	<wordnet_language_106282651>	
	<Bifröst>	rdf:type	<wikicategory_Locations_in_Norse_mythology>	
	<Bob_Hawke>	rdf:type	<wordnet_politician_110451263>	
	<Baldr>	rdf:type	<wikicategory_Sons_of_Odin>	
	<Breidablik>	rdf:type	<wikicategory_Locations_in_Norse_mythology>	
	<Bilskirnir>	rdf:type	<wikicategory_Locations_in_Norse_mythology>	
	<Brísingamen>	rdf:type	<wikicategory_Artifacts_in_Norse_mythology>	
	<Borsuk–Ulam_theorem>	rdf:type	<wordnet_function_113783816>	
	<Blaise_Pascal>	rdf:type	<wordnet_mathematician_110301261>	
	<Brythonic_languages>	rdf:type	<wordnet_language_106282651>	
	<Bronski_Beat>	rdf:type	<wordnet_group_100031264>	
	<Binary_prefix>	rdf:type	<wordnet_unit_of_measurement_113583724>	
	<Bounded-error_probabilistic_polynomial>	rdf:type	<wordnet_class_107997703>	
	<BQP>	rdf:type	<wordnet_class_107997703>	
	<Brainfuck>	rdf:type	<wordnet_language_106282651>	
	<Bartolomeo_Ammannati>	rdf:type	<wordnet_architect_109805475>	
