<id_893bmq_nyg_18f46ch>	<Dr._Kuno_Struck_House>	<isPreferredMeaningOf>	"Dr. Kuno Struck House"@eng	
<id_1hcyzzr_1ia_58thhz>	<Duarte_Coelho_Pereira>	rdfs:label	"Duarte Coelho Pereira"@eng	
<id_ixfh70_1sz_1vp7xvu>	<The_Still_Alarm>	skos:prefLabel	"The Still Alarm"@eng	
<id_ai4f5a_nyg_1fpeaa5>	<Smoky_Robin>	<isPreferredMeaningOf>	"Smoky Robin"@eng	
	<K._Natwar_Singh>	rdfs:label	"Natwar Singh"@eng	
	<Wendy_O._Williams>	rdfs:label	"Wendy o"@eng	
<id_1cqw6pi_1sz_1bs95br>	<Big_tent>	skos:prefLabel	"Big tent"@eng	
<id_1rnvkhu_1ia_t0vgw3>	<Omalanthus_stokesii>	rdfs:label	"Omalanthus stokesii"@eng	
<id_1x583jd_1ia_1x583jd>	<Cython>	rdfs:label	"Cython"@eng	
<id_rxd4fr_1ia_qmty2g>	<Rajiv_Mishra>	rdfs:label	"Rajiv Mishra"@eng	
	<Cassia_fistula>	rdfs:label	"Golden Shower cassia"@eng	
<id_3vgmh2_1sz_bfz811>	<Olmo,_Haute-Corse>	skos:prefLabel	"Olmo, Haute-Corse"@eng	
<id_16oyzva_1sz_81yw9j>	<Mihai_Volontir>	skos:prefLabel	"Mihai Volontir"@eng	
<id_jh4etv_1ia_i6l8gk>	<Katherine_Nelson>	rdfs:label	"Katherine Nelson"@eng	
<id_19vqqvd_1sz_18l7ki2>	<Des_Bulpin>	skos:prefLabel	"Des Bulpin"@eng	
<id_5dols6_1o4_xoh2qs>	<Aleksandr_Mostovoi>	<hasFamilyName>	"Mostovoi"@eng	
<id_v1975s_nyg_tqq0sh>	<Nagendra_Prasad>	<isPreferredMeaningOf>	"Nagendra Prasad"@eng	
	<Alfredo_S.G._Taylor>	rdfs:label	"Taylor,Alfredo S.G."@eng	
<id_gldza0_1sz_gldza0>	<Korenitka>	skos:prefLabel	"Korenitka"@eng	
<id_1ymt5rb_1ia_124t6p5>	<Puesto_del_Marqués>	rdfs:label	"Puesto del Marques"@eng	
<id_nb69ef_1sz_1sig4ja>	<Vembakkam_block>	skos:prefLabel	"Vembakkam block"@eng	
<id_70jost_1sz_gbjtvz>	<Rudolf_Christoph_Eucken>	skos:prefLabel	"Rudolf Christoph Eucken"@eng	
	<Rohrbach_bei_Mattersburg>	rdfs:label	"Fraknó-Nádasd"@eng	
<id_bml1af_1ia_1c0ozns>	<Jim_Newberry>	rdfs:label	"Jim Newberry"@eng	
<id_1ju18od_15u_10ulnuw>	<Terry_Duffin>	<hasGivenName>	"Terry"@eng	
<id_1k12sbl_1sz_1k4srbz>	<National_Cathedral_Association>	skos:prefLabel	"National Cathedral Association"@eng	
<id_r866cr_15u_10rd6gh>	<Niels_Aagaard>	<hasGivenName>	"Niels"@eng	
	<Glossary_of_cue_sports_terms>	rdfs:label	"Snooker Glossary"@eng	
<id_1czvp13_nyg_8xd7km>	<James_Boiling>	<isPreferredMeaningOf>	"James Boiling"@eng	
<id_uz8fff_1sz_15e8l6>	<Hans_Speth>	skos:prefLabel	"Hans Speth"@eng	
<id_15mg4kg_1sz_xa1ugv>	<Laminal_consonant>	skos:prefLabel	"Laminal consonant"@eng	
<id_162fduu_1sz_162fduu>	<Thepiratebay.org>	skos:prefLabel	"Thepiratebay.org"@eng	
	<American_Federation_of_Labor>	rdfs:label	"American Federation of Labour"@eng	
<id_e1jx46_1ia_5p5n0l>	<Susan_Chepkemei>	rdfs:label	"Susan Chepkemei"@eng	
<id_vv7h5f_1sz_1iic3df>	<Rashid_Ahmad_Muhammad_Bin_Fahad>	skos:prefLabel	"Rashid Ahmad Muhammad Bin Fahad"@eng	
	<Finn_Høffding>	rdfs:label	"Hoeffding"@eng	
	<Pachyonychia_congenita_type_I>	rdfs:label	"Jadassohn-Lewandowsky syndrome"@eng	
<id_1a40ovo_1ia_ijbjeb>	<Jazz_'Round_the_World>	rdfs:label	"Jazz 'Round the World"@eng	
<id_3ddixq_1ia_vlu58e>	<Ismo_Alanko_Säätiö>	rdfs:label	"Ismo Alanko Säätiö"@eng	
	<Meyer_locomotive>	rdfs:label	"Kitson"@eng	
	<Dagestan>	rdfs:label	"Economy of Dagestan"@eng	
<id_13do914_1sz_1glyd7c>	<William_H._Wadsworth>	skos:prefLabel	"William H. Wadsworth"@eng	
<id_1t1ir8c_1sz_1t1ir8c>	<Pretty/Handsome>	skos:prefLabel	"Pretty/Handsome"@eng	
<id_r625bu_1ia_pueqsa>	<General_at_Sea>	rdfs:label	"General at Sea"@eng	
<id_15jvujj_1sz_1rl8e>	<Laurentaeglyphea_neocaledonica>	skos:prefLabel	"Laurentaeglyphea neocaledonica"@eng	
<id_19nn61t_1sz_11b8vy8>	<Quararibea_gomeziana>	skos:prefLabel	"Quararibea gomeziana"@eng	
<id_12oqk8t_1ia_1qvf65j>	<Don_James_(video_games)>	rdfs:label	"Don James"@eng	
<id_1w1ewkt_1ia_127kpqk>	<Argonaut_Games>	rdfs:label	"Argonaut Games"@eng	
<id_qev81n_1sz_13n5c7v>	<Aubert_of_Avranches>	skos:prefLabel	"Aubert of Avranches"@eng	
<id_1j03qu1_1ia_1j3tpuf>	<Czerkiesy,_Podlaskie_Voivodeship>	rdfs:label	"Czerkiesy, Podlaskie Voivodeship"@eng	
	<Type-IV_collagen>	rdfs:label	"Type IV collagen"@eng	
<id_1iw245r_1ia_t561l0>	<John_H._Cade,_Jr.>	rdfs:label	"John H. Cade"@eng	
<id_szydea_1sz_1gq01ch>	<National_Register_of_Health_Service_Providers_in_Psychology>	skos:prefLabel	"National Register of Health Service Providers in Psychology"@eng	
	<Chasselas>	rdfs:label	"Common Muscadine"@eng	
<id_9ir0jl_1sz_19wuywy>	<Jowkar,_Lorestan>	skos:prefLabel	"Jowkar, Lorestan"@eng	
<id_1eh3yf0_1ia_12yy88r>	<El_Juego_de_Maní>	rdfs:label	"El Juego de Maní"@eng	
	<Farfetch'd>	rdfs:label	"Kamonegi"@eng	
<id_1210pl5_nyg_1nlp3uy>	<Russell_(locomotive)>	<isPreferredMeaningOf>	"Russell (locomotive)"@eng	
<id_1m79pqc_nyg_1kwqjd1>	<Jean_Achard>	<isPreferredMeaningOf>	"Jean Achard"@eng	
	<wordnet_cut_100067254>	skos:prefLabel	"cut"@eng	
	<Cusco_(band)>	rdfs:label	"The Early Best of Cusco"@eng	
<id_19yf7rr_1sz_5vwqba>	<Alex_Edwards>	skos:prefLabel	"Alex Edwards"@eng	
<id_1wb2h28_1ia_1go5b57>	<Baybay>	rdfs:label	"Dakbayan sa Baybay"	
<id_2btjuv_nyg_1qyqf8p>	<James_Moore_(Continental_Army_officer)>	<isPreferredMeaningOf>	"James Moore (Continental Army officer)"@eng	
<id_96kzlc_1ia_1456k3z>	<Akiko_Nishina>	rdfs:label	"Akiko Nishina"@eng	
<id_w9opta_1ia_vb1ofj>	<Hae_Sung>	rdfs:label	"Hae Sung"@eng	
<id_524zrf_1o4_kdkkad>	<Yannick_Vaugrenard>	<hasFamilyName>	"Vaugrenard"@eng	
<id_1kgybt6_nyg_1kgybt6>	<Uncivilization>	<isPreferredMeaningOf>	"Uncivilization"@eng	
	<Penny_Lancaster>	rdfs:label	"Penny Lancaster-Stewart"@eng	
<id_1tn2vl6_nyg_k24cff>	<Andik_Vermansyah>	<isPreferredMeaningOf>	"Andik Vermansyah"@eng	
	<Den_Dover>	rdfs:label	"Denshore Ronald Dover"@eng	
	<Ove_Dalsheim>	rdfs:label	"Dalsheim"@eng	
<id_jsvqy3_1ia_ermqiz>	<Edgar_Sosa_(basketball)>	rdfs:label	"Edgar Sosa (basketball)"@eng	
	<Kovrovsky_District>	rdfs:label	"Kovrovskiy"@eng	
	<Civil_Aviation_Safety_Bureau_of_Hungary>	rdfs:label	"Civil Aviation Safety Board"@eng	
<id_o4pl4a_1sz_o4pl4a>	<Golobradovo>	skos:prefLabel	"Golobradovo"@eng	
<id_5a4xiz_1sz_3zlr5o>	<Diane_Shalet>	skos:prefLabel	"Diane Shalet"@eng	
<id_k13ub4_nyg_1ezpetr>	<The_Recruit>	<isPreferredMeaningOf>	"The Recruit"@eng	
<id_1m9i5qu_15u_zilgff>	<Ben_Sprecher>	<hasGivenName>	"Ben"@eng	
	<Comstock_Township,_Marshall_County,_Minnesota>	rdfs:label	"Comstock Township, Minnesota"@eng	
<id_65b35e_1ia_113wno1>	<Andrey_Golubev>	rdfs:label	"Andrey Golubev"@eng	
<id_zlrc4x_1ia_1q2y9z4>	<Łagówek>	rdfs:label	"Lagowek"@eng	
	<wordnet_slice_100572043>	<isPreferredMeaningOf>	"fade"@eng	
<id_4u4650_nyg_4szxyr>	<Chamber_pot>	<isPreferredMeaningOf>	"Chamber pot"@eng	
<id_1f467g4_1sz_1q9ur6c>	<Car_spotting_(positioning)>	skos:prefLabel	"Car spotting (positioning)"@eng	
<id_mkcjef_1ia_1bp3pgb>	<Kazumba,_Katanga>	rdfs:label	"Kazumba"@eng	
<id_9ndjm6_1ia_g3gdfx>	<Zhonghuamen_Railway_Station_(Nanjing)>	rdfs:label	"Zhonghuamen Railway Station"@eng	
	<Goûts_de_Luxe>	rdfs:label	"Gouts de Luxe"@eng	
<id_79jtc_1sz_79jtc>	<Hi-Mix>	skos:prefLabel	"Hi-Mix"@eng	
	<wordnet_sick_leave_115140190>	<hasGloss>	"a leave of absence from work because of illness"@eng	
<id_p520ou_nyg_1pj5z27>	<Testamentary_capacity>	<isPreferredMeaningOf>	"Testamentary capacity"@eng	
<id_1jwbk6m_1sz_1ixoisv>	<Doyle_Lade>	skos:prefLabel	"Doyle Lade"@eng	
	<Jönköping_University_Foundation>	rdfs:label	"Jonkoping University Foundation"@eng	
<id_13352i5_nyg_ogs3v1>	<Roads_in_Nunavut>	<isPreferredMeaningOf>	"Roads in Nunavut"@eng	
<id_1xel9gn_1o4_10qjzie>	<Genevieve_Springston_Lynch>	<hasFamilyName>	"Lynch"@eng	
<id_1bp7i3r_1ia_1oxhm9z>	<Gary_R._Pfingston>	rdfs:label	"Gary R. Pfingston"@eng	
<id_117et4y_1sz_c7azlx>	<Barnum_Island,_New_York>	skos:prefLabel	"Barnum Island, New York"@eng	
<id_17jndmv_1ia_17jndmv>	<AdBrite>	rdfs:label	"AdBrite"@eng	
<id_fuakv4_1sz_1l1kfzz>	<Mount_Elden>	skos:prefLabel	"Mount Elden"@eng	
<id_1z0ubs2_1ia_wkhta2>	<Yandina_Creek,_Queensland>	rdfs:label	"Yandina Creek"@eng	
<id_i97q0n_nyg_v4frmg>	<Attorney_General_of_Ireland>	<isPreferredMeaningOf>	"Attorney General of Ireland"@eng	
<id_1aoiov0_1ia_13k5p9>	<Mestolobes_perixantha>	rdfs:label	"Mestolobes perixantha"@eng	
	<Robert_Lee_Moore_(Georgia_politician)>	rdfs:label	"R. Lee Moore"@eng	
	<AS_SONABEL>	rdfs:label	"Association Sportive SONABEL"@eng	
<id_10rzetg_nyg_k6fc5f>	<Battle_of_the_Serre>	<isPreferredMeaningOf>	"Battle of the Serre"@eng	
<id_10wolwp_1sz_72uf2g>	<Simon_Dixon>	skos:prefLabel	"Simon Dixon"@eng	
<id_1u95hj8_1ia_1taig5h>	<Operation_I-Go>	rdfs:label	"Operation I-Go"@eng	
<id_qtgilo_1ia_pute29>	<Irakli_Toçi>	rdfs:label	"Irakli Toci"@eng	
	<Grönsö_Castle>	rdfs:label	"Gronso Castle"@eng	
<id_1t6ndjw_1sz_1rw476l>	<Jerome_Callet>	skos:prefLabel	"Jerome Callet"@eng	
<id_6sqtpr_1o4_1133o2k>	<Mathilde_Bauermeister>	<hasFamilyName>	"Bauermeister"@eng	
<id_1dtt7j3_15u_129mk7>	<Javier_Raya>	<hasGivenName>	"Javier"@eng	
<id_jhurij_nyg_1h54ju>	<Minnesota_Timberwolves_draft_history>	<isPreferredMeaningOf>	"Minnesota Timberwolves draft history"@eng	
	<U.S._state_dogs>	rdfs:label	"U.S state dogs"@eng	
<id_1618oww_1sz_14qpijl>	<Jay_Ranade>	skos:prefLabel	"Jay Ranade"@eng	
	<Dauphin_Island,_Alabama>	rdfs:label	"Dauphin"@eng	
<id_f1di87_1sz_152vjjc>	<Gen._James_Bintliff_House>	skos:prefLabel	"Gen. James Bintliff House"@eng	
	<wordnet_spice_tree_113111174>	<hasGloss>	"tree bearing aromatic bark or berries"@eng	
	<British_Sea_Power>	rdfs:label	"Scott Wilkinson (musician)"@eng	
	<Oradour-Fanais>	rdfs:label	"Oradour"@eng	
<id_1xkw1kg_nyg_tidk3z>	<Elia_Rigotto>	<isPreferredMeaningOf>	"Elia Rigotto"@eng	
<id_vd5zyf_1sz_1qbrkh2>	<Hong_Ok-Song>	skos:prefLabel	"Hong Ok-Song"@eng	
<id_y91mbx_1ia_mwz5l8>	<International_Schools'_Software_Competition>	rdfs:label	"International Schools' Software Competition"@eng	
<id_a5wdbp_nyg_a5wdbp>	<Respond>	<isPreferredMeaningOf>	"Respond"@eng	
<id_r3jahb_1sz_1rhn8uo>	<Gwydyr_Mansions>	skos:prefLabel	"Gwydyr Mansions"@eng	
	<Wings_of_Desire>	rdfs:label	"Heavens Over Berlin"@eng	
<id_1cmpdpm_1ia_1gzdjjc>	<Free_Democrats_(Italy)>	rdfs:label	"Free Democrats (Italy)"@eng	
<id_1b04rjg_1ia_1b04rjg>	<Al-`Ula>	rdfs:label	"Al-`Ula"@eng	
<id_mzbigg_1ia_1vuvyi7>	<Chris_de_Burgh_discography>	rdfs:label	"Chris de Burgh discography"@eng	
	<Ligustrum_ovalifolium>	rdfs:label	"Garden Privet"@eng	
<id_ubp7m4_15u_10krsj6>	<Billy_McCool>	<hasGivenName>	"Billy"@eng	
<id_1on5y3w_15u_10to51u>	<Rocco_Grimaldi>	<hasGivenName>	"Rocco"@eng	
<id_170i7r1_1o4_5bi2eb>	<Jo_Salter>	<hasFamilyName>	"Salter"@eng	
<id_g8ma40_1ia_1dzvfz>	<Cotation_Assistée_en_Continu>	rdfs:label	"Cotation Assistée en Continu"@eng	
<id_nlerto_1sz_g78dgb>	<Berryessa_Union_School_District>	skos:prefLabel	"Berryessa Union School District"@eng	
	<Turist_Ömer>	rdfs:label	"Turist Ömer yamyamlar arasinda"@eng	
<id_238685_1sz_x1tqqs>	<Travis_Baptist>	skos:prefLabel	"Travis Baptist"@eng	
<id_3kj0mm_1ia_zilp7l>	<Old_Alleynian_Football_Club>	rdfs:label	"OAs"	
	<Dan_Inosanto>	rdfs:label	"Inosanto Kali"@eng	
<id_mezmiq_1ia_1ju2rxe>	<The_Multiple_Choice>	rdfs:label	"The Multiple Choice"@eng	
<id_15xdfp3_1ia_e0wumv>	<Steamer_Tovarishch_Stalin>	rdfs:label	"Steamer Tovarishch Stalin"@eng	
<id_1rpgzzt_1o4_fwk39x>	<Lionel_Daunais>	<hasFamilyName>	"Daunais"@eng	
<id_z9x45p_1o4_7beh6t>	<Chris_Whelan>	<hasFamilyName>	"Whelan"@eng	
<id_f3qvl4_1ia_1fhutyh>	<Vittorio_Giannini>	rdfs:label	"Vittorio Giannini"@eng	
	<wordnet_conciliation_113971561>	skos:prefLabel	"conciliation"@eng	
	<wordnet_floret_111669786>	rdfs:label	"floret"@eng	
<id_bxvrlu_1sz_1cbzpz7>	<Kamoro_language>	skos:prefLabel	"Kamoro language"@eng	
<id_1492h2e_nyg_5m2dgn>	<Arthropod_defensin>	<isPreferredMeaningOf>	"Arthropod defensin"@eng	
<id_1am4qks_1ia_1dohlm8>	<Établissements_publics_à_caractère_industriel_et_commercial>	rdfs:label	"Établissements publics à caractère industriel et commercial"@eng	
	<Carlos_Cuéllar>	rdfs:label	"Carlos Javier Cuellar Jimenez"@eng	
<id_1jb2zq_nyg_1jb2zq>	<Kavadi>	<isPreferredMeaningOf>	"Kavadi"@eng	
<id_6920d6_1sz_ctbrwa>	<William_F._Cloud>	skos:prefLabel	"William F. Cloud"@eng	
	<Indiana–Purdue_rivalry>	rdfs:label	"Hoosiers-Boilermakers rivalry"@eng	
<id_16s9101_nyg_15hpumq>	<Demofilo_Fidani>	<isPreferredMeaningOf>	"Demofilo Fidani"@eng	
<id_3h1uhx_1sz_1egp4br>	<LaSalle_County,_Illinois>	skos:prefLabel	"LaSalle County, Illinois"@eng	
<id_1py0bci_1ia_1py0bci>	<Štorje>	rdfs:label	"Štorje"	
<id_1igddxb_1sz_1hhqcjk>	<Yumi_Asou>	skos:prefLabel	"Yumi Asou"@eng	
<id_dva812_nyg_1j2k35x>	<Lisa_Pryor>	<isPreferredMeaningOf>	"Lisa Pryor"@eng	
<id_1nn43gj_1sz_1moh22s>	<Semih_Kaya>	skos:prefLabel	"Semih Kaya"@eng	
<id_1mbfawz_1ia_11zhbeq>	<Hackett's_Cove,_Nova_Scotia>	rdfs:label	"Hackett's Cove, Nova Scotia"@eng	
<id_x7oork_1ia_vx5ie9>	<Vand_Chhako>	rdfs:label	"Vand Chhako"@eng	
	<wordnet_gilded_flicker_101839949>	<isPreferredMeaningOf>	"gilded flicker"@eng	
<id_1j8qq5_1ia_1j8qq5>	<Karkom>	rdfs:label	"Karkom"@eng	
	<Michael_Phelps>	rdfs:label	"Michel phelps"@eng	
	<Seney_National_Wildlife_Refuge>	rdfs:label	"Seney"@eng	
<id_1rwlrgn_1ia_t8hfon>	<Sportivo_Dock_Sud>	rdfs:label	"Sportivo Dock Sud"@eng	
	<.info_(magazine)>	rdfs:label	"Info (magazine)"@eng	
	<Lego_Technic>	rdfs:label	"Technic"@eng	
<id_1rn89z_1sz_h41wo>	<Guillaume-André-Réné_Baston>	skos:prefLabel	"Guillaume-André-Réné Baston"@eng	
	<wordnet_sarin_114961375>	<hasGloss>	"a highly toxic chemical nerve agent that inhibits the activity of cholinesterase"@eng	
<id_1pkyliu_nyg_1pkyliu>	<Sławianowo>	<isPreferredMeaningOf>	"Sławianowo"@eng	
<id_1g9xmp2_1sz_gax6iu>	<Stephen_Barlow_(conductor)>	skos:prefLabel	"Stephen Barlow (conductor)"@eng	
<id_1vmd18h_1o4_1bbjwjk>	<Maksim_Kabanov>	<hasFamilyName>	"Kabanov"@eng	
<id_1fh1mn6_1ia_d0mxds>	<Susie_the_Little_Blue_Coupe>	rdfs:label	"Susie the Little Blue Coupe"@eng	
<id_16vr8u3_1sz_1wbwrng>	<Duncan_Williamson>	skos:prefLabel	"Duncan Williamson"@eng	
<id_wo8h60_1o4_70fh32>	<Agustí_Montal_Galobart>	<hasFamilyName>	"Galobart"@eng	
	<Monégasque_dialect>	rdfs:label	"Língua monegasca"@eng	
	<wordnet_weeping_spruce_111625223>	<hasGloss>	"medium-sized spruce of California and Oregon having pendulous branches"@eng	
<id_1atn468_1ia_bydkjk>	<Hotel_Metropole,_Brussels>	rdfs:label	"Hotel Metropole, Brussels"@eng	
<id_1t34an6_1ia_ug471f>	<Sven_Heidfeld>	rdfs:label	"Sven Heidfeld"@eng	
<id_ntmxr5_1ia_1d9sgki>	<Mahidol_University>	rdfs:label	"Mahidol University"@eng	
<id_m5vgih_1sz_1g5tznd>	<Sons_of_Otis>	skos:prefLabel	"Sons of Otis"@eng	
<id_wii0bd_1ia_15ti5ej>	<Aechmea_'Foster's_Chant'>	rdfs:label	"Aechmea 'Foster's Chant'"@eng	
	<Thyagarajan>	rdfs:label	"Pazhani Thyagarajan"@eng	
<id_1alc3v3_1o4_kgrusq>	<Przedpełko_Kropidłowski>	<hasFamilyName>	"Kropidłowski"@eng	
<id_1audu3f_nyg_1audu3f>	<Agenorides>	<isPreferredMeaningOf>	"Agenorides"@eng	
	<WQUB>	rdfs:label	"90.3 FM"@eng	
<id_pc0a61_1ia_iab5tl>	<Court_of_Appeal_in_Chancery>	rdfs:label	"Court of Appeal in Chancery"@eng	
<id_hb1ajn_1ia_1rwq20k>	<Antofagasta>	rdfs:label	"La perla del Norte"	
<id_yqbfdp_1sz_1j0gna7>	<Alexander_Popov_(film)>	skos:prefLabel	"Alexander Popov (film)"@eng	
	<The_Orphan_of_Anyang>	rdfs:label	"Anyangde guer"@eng	
<id_43hhii_1sz_14hlfvv>	<Beverly_Handicap>	skos:prefLabel	"Beverly Handicap"@eng	
<id_n8rwe3_1sz_1coxf7g>	<Computer_Automation>	skos:prefLabel	"Computer Automation"@eng	
<id_98jom_1ia_1txgfz8>	<Torksey_railway_station>	rdfs:label	"Torksey railway station"@eng	
<id_dlyl0u_nyg_18kk5jh>	<Christoph_Buchner>	<isPreferredMeaningOf>	"Christoph Buchner"@eng	
	<wordnet_kok-saghyz_112024805>	skos:prefLabel	"kok-saghyz"@eng	
	<Webster,_New_York>	rdfs:label	"Webster (town), Monroe County, New York"@eng	
<id_7fxtg9_1sz_1cn7ol4>	<François_Maret>	skos:prefLabel	"François Maret"@eng	
	<Yeltsovsky_District>	rdfs:label	"Eltsovsky"@eng	
<id_ep4blr_1sz_1dsp3lt>	<Blood_&_Belief>	skos:prefLabel	"Blood & Belief"@eng	
<id_cfzvu4_1ia_1nqwj6z>	<Green_Square_railway_station>	rdfs:label	"Green Square railway station"@eng	
<id_k3qklg_nyg_k3qklg>	<Givarlais>	<isPreferredMeaningOf>	"Givarlais"@eng	
<id_1hg7dbs_1ia_16wooja>	<Richard_Green_(actor)>	rdfs:label	"Richard Green (actor)"@eng	
<id_1y066qx_nyg_1bjn5ba>	<Sir_Wilfrid_Laurier_Secondary_School_(Ottawa)>	<isPreferredMeaningOf>	"Sir Wilfrid Laurier Secondary School (Ottawa)"@eng	
<id_fz7ptz_1o4_zk1988>	<Craig_Pead>	<hasFamilyName>	"Pead"@eng	
<id_du876v_1ia_128568j>	<Smolniki,_Nakło_County>	rdfs:label	"Smolniki, Naklo County"@eng	
<id_1hhv3z_1ia_qxndxc>	<Christos_Zalokostas>	rdfs:label	"Christos Zalokostas"@eng	
<id_1vzrn4o_1o4_1wczn31>	<George_Thomas_Beilby>	<hasFamilyName>	"Beilby"@eng	
<id_fw2zix_1ia_15c8ica>	<Anthurium_grex-avium>	rdfs:label	"Anthurium grex-avium"@eng	
<id_ji5nt6_nyg_i7mhfv>	<Han_Zhubin>	<isPreferredMeaningOf>	"Han Zhubin"@eng	
<id_4fit2n_1ia_34zmpc>	<Kiyotaka_Matsui>	rdfs:label	"Kiyotaka Matsui"@eng	
	<Saint-Sulpice-sur-Lèze>	rdfs:label	"Saint-Sulpice"@eng	
	<Acme_Aircraft_Corporation>	rdfs:label	"Acme Aircraft"@eng	
<id_ncowr8_1o4_auwhrt>	<Francesco_Ricchino>	<hasFamilyName>	"Ricchino"@eng	
<id_nquugf_1sz_fegkcu>	<Tullos,_Louisiana>	skos:prefLabel	"Tullos, Louisiana"@eng	
<id_9ndhip_1ia_10kf0iz>	<Atlas_(statue)>	rdfs:label	"Atlas"@eng	
<id_1og7xkt_15u_7p227g>	<Melissa_Sue_Anderson>	<hasGivenName>	"Melissa"@eng	
	<Popbitch>	rdfs:label	"Popbtch"@eng	
<id_qwjgdo_1sz_1gcoz71>	<Gymnothorax_maderensis>	skos:prefLabel	"Gymnothorax maderensis"@eng	
<id_3a2qek_1ia_sq897x>	<Confluencia_Department>	rdfs:label	"Confluencia Department"@eng	
	<Bertrand_Halperin>	rdfs:label	"Bertrand I. Halperin"@eng	
<id_1tntwxc_nyg_4xes8f>	<University_of_Bristol_Union>	<isPreferredMeaningOf>	"University of Bristol Union"@eng	
<id_6en63m_1ia_3aiacy>	<Habitus_(sociology)>	rdfs:label	"Habitus"@eng	
<id_za2tf4_1ia_6s356g>	<David_Alonso_López>	rdfs:label	"The Destroyer"	
<id_dhvnnm_1sz_1ip5ish>	<Canoochee_River>	skos:prefLabel	"Canoochee River"@eng	
	<Olav_V_of_Norway>	rdfs:label	"King Olaf V"@eng	
<id_1b2c4qe_nyg_ot0jg4>	<Edward_Stark_House>	<isPreferredMeaningOf>	"Edward Stark House"@eng	
	<wordnet_bigamy_100775095>	<hasGloss>	"the offense of marrying someone while you have a living spouse from whom no valid divorce has occurred"@eng	
<id_9kd5ll_1sz_9kd5ll>	<Lactylate>	skos:prefLabel	"Lactylate"@eng	
	<wordnet_mortality_table_108266669>	<hasGloss>	"an actuarial table indicating life expectancy and probability of death as a function or age and sex and occupation etc"@eng	
<id_1xuh7kb_15u_zjxmwb>	<John_Kekes>	<hasGivenName>	"John"@eng	
<id_efvicp_1o4_s9xuky>	<Giorgio_Magnocavallo>	<hasFamilyName>	"Magnocavallo"@eng	
<id_rtsnc3_nyg_rtsnc3>	<Dubrajpur>	<isPreferredMeaningOf>	"Dubrajpur"@eng	
<id_12jyv5x_1sz_1a4hgpw>	<Michael_Gregoritsch>	skos:prefLabel	"Michael Gregoritsch"@eng	
<id_kgoanv_nyg_1pny5sq>	<Red_Dooin>	<isPreferredMeaningOf>	"Red Dooin"@eng	
<id_111ifmu_1sz_vom9yc>	<Parigi_Moutong_Regency>	skos:prefLabel	"Parigi Moutong Regency"@eng	
<id_1ch61ew_nyg_1cg1t8n>	<Nantyffyllon_RFC>	<isPreferredMeaningOf>	"Nantyffyllon RFC"@eng	
<id_13wf1pl_1sz_4arwq3>	<Staatsburg,_New_York>	skos:prefLabel	"Staatsburg, New York"@eng	
<id_17gxvcx_1sz_li37wj>	<Abdul_Latif_(songwriter)>	skos:prefLabel	"Abdul Latif (songwriter)"@eng	
<id_wew4lw_nyg_2l1xrn>	<PC_Gamer>	<isPreferredMeaningOf>	"PC Gamer"@eng	
<id_rp16ns_1sz_1mnmr6f>	<Amirjon_Salomov>	skos:prefLabel	"Amirjon Salomov"@eng	
<id_1057owz_nyg_1x039y9>	<Ibrahim_ibn_Ilyas>	<isPreferredMeaningOf>	"Ibrahim ibn Ilyas"@eng	
<id_nj15q7_1o4_appicg>	<Julian_Cruz_Balmaceda>	<hasFamilyName>	"Balmaceda"@eng	
<id_11c73ax_1sz_1b7cgnu>	<Ross_Turnbull_(rugby_union)>	skos:prefLabel	"Ross Turnbull (rugby union)"@eng	
<id_d1bruu_1ia_7mo7tp>	<Gatekeeper_(OS_X)>	rdfs:label	"Gatekeeper"@eng	
<id_b5vvq2_1o4_5m3j4v>	<Charles_Stubbs>	<hasFamilyName>	"Stubbs"@eng	
<id_9y677l_1ia_thiyp>	<Association_of_Pizza_Delivery_Drivers>	rdfs:label	"Association of Pizza Delivery Drivers"@eng	
<id_3agw5j_1sz_y92go6>	<Zaid_Ibrahim>	skos:prefLabel	"Zaid Ibrahim"@eng	
<id_oi1c5j_1sz_n7i5s8>	<Florence_Easton>	skos:prefLabel	"Florence Easton"@eng	
	<Acute_lung_injury>	rdfs:label	"ALI"@eng	
	<Cheshmeh_Kabud,_Pol-e_Dokhtar>	rdfs:label	"Cheshmeh Kabud-e Sofla"@eng	
<id_gv8cxt_1ia_1bttxgg>	<Jimmy_Hibbert>	rdfs:label	"Jimmy Hibbert"@eng	
<id_1ktvsne_1sz_1yn34y0>	<To_Fili_Tis_Zois_(Elena_Paparizou_song)>	skos:prefLabel	"To Fili Tis Zois (Elena Paparizou song)"@eng	
<id_1hmgm6a_1ia_163j0ab>	<Schön!_Magazine>	rdfs:label	"Schoen! Magazine"@eng	
<id_1r5klyu_1sz_sikid3>	<Darya_Pchelnik>	skos:prefLabel	"Darya Pchelnik"@eng	
<id_zhv8iq_15u_zjsvug>	<Carl_Eduard_Adolph_Gerstaecker>	<hasGivenName>	"Carl"@eng	
<id_lgf3d3_1o4_1y99htw>	<Jack_R._Fenton>	<hasFamilyName>	"Fenton"@eng	
<id_1rftuyq_nyg_gw8af8>	<Speedy_class_brig>	<isPreferredMeaningOf>	"Speedy class brig"@eng	
<id_d4cihi_1o4_10kberf>	<Aamer_Anwar>	<hasFamilyName>	"Anwar"@eng	
	<wordnet_ambulance_chaser_109787955>	skos:prefLabel	"ambulance chaser"@eng	
<id_1wzizq8_1o4_1wkeypq>	<Slim_Bryant>	<hasFamilyName>	"Bryant"@eng	
<id_1hhy07s_1ia_atavkq>	<Joseph_Marie_Jacquard>	rdfs:label	"Joseph Marie Jacquard"@eng	
<id_1idwiia_15u_zilfni>	<Ada_Baguley>	<hasGivenName>	"Ada"@eng	
<id_1direub_nyg_1dhn6o2>	<Bobby_Rae>	<isPreferredMeaningOf>	"Bobby Rae"@eng	
	<Victoria_Justice>	rdfs:label	"Victoria Dawn Justice"@eng	
<id_10x3g26_nyg_10x3g26>	<Gargilesse-Dampierre>	<isPreferredMeaningOf>	"Gargilesse-Dampierre"@eng	
<id_r3kybo_1ia_nxlkp>	<Goodmill,_California>	rdfs:label	"Goodmill"@eng	
<id_66sjc5_1sz_115e3us>	<Milivoj_Culibrk>	skos:prefLabel	"Milivoj Culibrk"@eng	
<id_h46wa8_1sz_15lpdpu>	<Lesser_Slave_Lake>	skos:prefLabel	"Lesser Slave Lake"@eng	
<id_10ezan5_1o4_4avqq1>	<Richard_Cheyney>	<hasFamilyName>	"Cheyney"@eng	
<id_utiam_1sz_utiam>	<Iseler>	skos:prefLabel	"Iseler"@eng	
<id_14kjb23_1ia_13lw9oc>	<Warren_Rabb>	rdfs:label	"Warren Rabb"@eng	
<id_1a6nqc7_1ia_1a6nqc7>	<Fontaine-Simon>	rdfs:label	"Fontaine-Simon"@eng	
<id_zjvr1l_1ia_zjvr1l>	<Glów>	rdfs:label	"Glów"@eng	
<id_169d2tk_1sz_169d2tk>	<Ezkaton>	skos:prefLabel	"Ezkaton"@eng	
<id_fo7gd1_1sz_1amt0vo>	<Topdere,_Emirdağ>	skos:prefLabel	"Topdere, Emirdağ"@eng	
<id_uql01w_1ia_1pxc4js>	<Toolijooa,_New_South_Wales>	rdfs:label	"Toolijooa"@eng	
	<Fyodor_Sologub>	rdfs:label	"Fyodor Kuz'mich Teternikov"@eng	
<id_t13yrd_1ia_t13yrd>	<Zalaszentlőrinc>	rdfs:label	"Zalaszentlőrinc"@eng	
<id_269wss_nyg_x4vhbf>	<Rob_Coombes>	<isPreferredMeaningOf>	"Rob Coombes"@eng	
	<wordnet_glide_100303495>	<isPreferredMeaningOf>	"soaring"@eng	
	<Hulftegg_Pass>	rdfs:label	"Hulftegg"@eng	
<id_1ama8l9_1ia_2scu2m>	<Questions_à_la_terre_natale>	rdfs:label	"Questions a la terre natale"@eng	
	<Silene_coronaria>	rdfs:label	"Mullein-pink"@eng	
<id_1rhuy7v_1sz_hwwf24>	<Alisa_Freindlich>	skos:prefLabel	"Alisa Freindlich"@eng	
<id_fq46ec_1ia_1xsdaw9>	<Into_the_Blue_(song)>	rdfs:label	"Into the Blue"@eng	
<id_eyydqt_15u_10mbtcx>	<Eddie_Enright>	<hasGivenName>	"Eddie"@eng	
	<Sergey_Mironov>	rdfs:label	"Sergei Mironov"@eng	
<id_1eg1je7_1sz_1e4t83y>	<Advisory_Council_on_California_Indian_Policy>	skos:prefLabel	"Advisory Council on California Indian Policy"@eng	
	<Campolongo_al_Torre>	rdfs:label	"Campolongo al torre"@eng	
<id_1f5n82u_1o4_10kgd4x>	<Mick_Avory>	<hasFamilyName>	"Avory"@eng	
<id_1e1z3i2_nyg_1e1z3i2>	<Pazunia>	<isPreferredMeaningOf>	"Pazunia"@eng	
<id_1i3wnc8_1sz_1cr0hnq>	<Telijjawila_Central_College>	skos:prefLabel	"Telijjawila Central College"@eng	
<id_1qchro0_nyg_4jmj5d>	<Aira_no_Kagaku_CD>	<isPreferredMeaningOf>	"Aira no Kagaku CD"@eng	
<id_b0c41t_1ia_1iyynz5>	<Nelson_E._Matthews>	rdfs:label	"Nelson E. Matthews"@eng	
<id_1prsjhw_1ia_1oh9d4l>	<Étienne-Gaspard_Robert>	rdfs:label	"Étienne-Gaspard Robert"@eng	
<id_1hr0n27_1ia_1hr0n27>	<Puimisson>	rdfs:label	"Puimisson"@eng	
	<Jonesville,_Michigan>	rdfs:label	"Jonesville, MI"@eng	
<id_mxf7c9_1ia_567bbj>	<British_Aerospace>	rdfs:label	"British Aerospace plc"	
<id_1mrqy1j_1ia_msqhvb>	<Carl_Rogers_(cricketer)>	rdfs:label	"Carl Rogers (cricketer)"@eng	
	<wordnet_finality_104754440>	<isPreferredMeaningOf>	"finality"@eng	
	<Tuen_Mun>	rdfs:label	"Tuen Mun Kau Hui"@eng	
<id_nwvama_1ia_hc6vof>	<Bathgate_(Lower)_railway_station>	rdfs:label	"Bathgate (Lower) railway station"@eng	
<id_1jhtokj_1sz_109it6r>	<Yang_di-Pertuan_Besar>	skos:prefLabel	"Yang di-Pertuan Besar"@eng	
<id_tyxqxq_nyg_tyxqxq>	<Numusic>	<isPreferredMeaningOf>	"Numusic"@eng	
<id_1w994cw_nyg_1dosrox>	<Alaska's_At-large_congressional_district>	<isPreferredMeaningOf>	"Alaska's At-large congressional district"@eng	
	<wordnet_servant_110582154>	rdfs:label	"retainer"@eng	
<id_l7pfpv_nyg_1ct6ypf>	<Heath_End,_Buckinghamshire>	<isPreferredMeaningOf>	"Heath End, Buckinghamshire"@eng	
<id_1eernwk_1o4_10q7elk>	<Jackie_Lewis>	<hasFamilyName>	"Lewis"@eng	
	<wordnet_volition_105652593>	skos:prefLabel	"volition"@eng	
<id_rgb44n_nyg_q3czyd>	<Thomas_Emmanuel,_Count_of_Soissons>	<isPreferredMeaningOf>	"Thomas Emmanuel, Count of Soissons"@eng	
<id_dicj2x_1ia_1g1gp5j>	<Murnau_the_Vampire>	rdfs:label	"Murnau the Vampire"@eng	
<id_1nr4t2s_1ia_txam8j>	<Angry_World>	rdfs:label	"Angry World"@eng	
<id_1py63s6_1ia_1py63s6>	<Rolleboise>	rdfs:label	"Rolleboise"@eng	
<id_1d0cztm_15u_10p11yc>	<James_Shudi_Broadwood>	<hasGivenName>	"James"@eng	
	<Limkokwing_University_of_Creative_Technology>	rdfs:label	"LUCT"@eng	
<id_phffj_1ia_1udpbq5>	<Newspaper_vending_machine>	rdfs:label	"Newspaper vending machine"@eng	
<id_1g0tvtf_nyg_1nlchde>	<Black-Ash_Inheritance>	<isPreferredMeaningOf>	"Black-Ash Inheritance"@eng	
<id_1av1wwv_1ia_611pi6>	<Ullsfjord>	rdfs:label	"Moskavuotna"	
	<Walking_to_New_Orleans>	rdfs:label	"Walking To New Orleans"@eng	
<id_1p143sd_15u_zik2vt>	<Le_Hoang>	<hasGivenName>	"Le"@eng	
<id_1q683o4_1ia_1ovoxat>	<Vivek_Sawant>	rdfs:label	"Vivek Sawant"@eng	
<id_12nunax_1sz_12nunax>	<Tortezais>	skos:prefLabel	"Tortezais"@eng	
<id_1j6fivv_1sz_1uufav0>	<Channel_Island,_Northern_Territory>	skos:prefLabel	"Channel Island, Northern Territory"@eng	
	<Spacecraft_in_Star_Trek>	rdfs:label	"List of Starfleet ship classes"@eng	
<id_1dmckl1_nyg_9ipuyb>	<I_Get_Joy>	<isPreferredMeaningOf>	"I Get Joy"@eng	
<id_zjxrvq_nyg_zjxrvq>	<KXAZ>	<isPreferredMeaningOf>	"KXAZ"@eng	
<id_glgszx_1ia_1lsqo4s>	<Catrina_River>	rdfs:label	"Catrina River"@eng	
<id_11kuhmh_1ia_1txbeyj>	<Northern_Light_Infantry>	rdfs:label	"Northern Light Infantry"@eng	
<id_bygv9_1ia_6w88ed>	<John_D._Hawks>	rdfs:label	"John D. Hawks"@eng	
<id_1c1o1u9_1o4_1way955>	<Mahalia_Barnes>	<hasFamilyName>	"Barnes"@eng	
<id_nv9hr7_1ia_fiv7nm>	<Pierre_Poussines>	rdfs:label	"Pierre Poussines"@eng	
	<Edwin_Arlington_Robinson>	rdfs:label	"House on the Hill"@eng	
<id_16srykm_1sz_191wzxi>	<Michael_Joseph_Sampoerna>	skos:prefLabel	"Michael Joseph Sampoerna"@eng	
<id_1rdefgr_1ia_ilt7zg>	<Stockdale,_Indiana>	rdfs:label	"Stockdale"@eng	
<id_gz58u0_1sz_8mqyqf>	<Kahntah_Aerodrome>	skos:prefLabel	"Kahntah Aerodrome"@eng	
<id_sxya71_1ia_1ox2wxk>	<Urbano_Noris,_Cuba>	rdfs:label	"Urbano Noris"	
<id_by88xg_1ia_16wttg3>	<Paquito_Cordero>	rdfs:label	"Paquito Cordero"@eng	
<id_pbi3iz_1ia_pbi3iz>	<Schwippe>	rdfs:label	"Schwippe"@eng	
<id_5ayb4x_1sz_5ayb4x>	<Romkerhall>	skos:prefLabel	"Romkerhall"@eng	
<id_1dr4sob_1ia_14eyl9p>	<William_Preston_(poet)>	rdfs:label	"William Preston (poet)"@eng	
	<Meskwaki>	rdfs:label	"Fox (Indian Nation)"@eng	
<id_1nscbgk_1sz_1nscbgk>	<Bellingdon>	skos:prefLabel	"Bellingdon"@eng	
<id_p3gz4x_1ia_1uaqu9s>	<Sherman_Lewis>	rdfs:label	"Sherman Lewis"@eng	
<id_g4g26y_1sz_18cwohm>	<Będargowo,_Police_County>	skos:prefLabel	"Będargowo, Police County"@eng	
<id_18jaekc_1ia_18jaekc>	<Fortisip>	rdfs:label	"Fortisip"@eng	
<id_yvykpf_1ia_yvykpf>	<Onsdagsväninnan>	rdfs:label	"Onsdagsväninnan"@eng	
<id_1qzoq5z_1sz_1xjyhp3>	<J._R._Rotem>	skos:prefLabel	"J. R. Rotem"@eng	
<id_14mb0cz_1sz_1f6q3n7>	<Underwood's_Long-tongued_Bat>	skos:prefLabel	"Underwood's Long-tongued Bat"@eng	
<id_1sp8td1_1sz_bisb5y>	<The_Overflow_of_Clancy>	skos:prefLabel	"The Overflow of Clancy"@eng	
<id_1bhlwno_1sz_16dllpw>	<Gilligan's_Last_Elephant>	skos:prefLabel	"Gilligan's Last Elephant"@eng	
	<Adams–Onís_Treaty>	rdfs:label	"The Adams–Onís Treaty"@eng	
<id_3pwb3_1ia_1qvo5pr>	<Bukit_Merah,_Perak>	rdfs:label	"Bukit Merah, Perak"@eng	
<id_rz8xme_1ia_p33sym>	<São_João_River_(Negro_River)>	rdfs:label	"São João River"@eng	
<id_qc83ol_1o4_1fb9afd>	<Vincent_Seatelli>	<hasFamilyName>	"Seatelli"@eng	
<id_1m2v5vg_1sz_159wbx9>	<St_James'_Church,_Sydney>	skos:prefLabel	"St James' Church, Sydney"@eng	
	<Šurany>	rdfs:label	"Nagy-Surány"@eng	
<id_exfzml_1sz_14dlify>	<Zaven_Andriasian>	skos:prefLabel	"Zaven Andriasian"@eng	
<id_1i4ae8j_1ia_1gtr7v8>	<Olivier_Rochus>	rdfs:label	"Olivier Rochus"@eng	
<id_bdwiw1_1sz_1gl6e0w>	<Yevgeny_Savin>	skos:prefLabel	"Yevgeny Savin"@eng	
<id_uvzvch_1ia_lvqv1r>	<Festivalul_International_de_Teatru_de_la_Sibiu>	rdfs:label	"Festivalul International de Teatru de la Sibiu"@eng	
<id_1ganwc9_15u_18scc10>	<Réginald_Bernut>	<hasGivenName>	"Réginald"@eng	
<id_1kbbyvz_1sz_1krprnj>	<William_Buckland_(architect)>	skos:prefLabel	"William Buckland (architect)"@eng	
<id_xdvp87_nyg_w3ciuw>	<Neven_Jurica>	<isPreferredMeaningOf>	"Neven Jurica"@eng	
<id_3ahkll_1sz_13oliyy>	<Jacquian_Williams>	skos:prefLabel	"Jacquian Williams"@eng	
<id_wq59tk_nyg_doqgom>	<James_Black_(cricketer)>	<isPreferredMeaningOf>	"James Black (cricketer)"@eng	
<id_2phlk8_nyg_edvp5z>	<Ministry_of_Interior_(Hungary)>	<isPreferredMeaningOf>	"Ministry of Interior (Hungary)"@eng	
<id_1k2um50_nyg_1afx5o4>	<Marcelyn_A._Atwood>	<isPreferredMeaningOf>	"Marcelyn A. Atwood"@eng	
<id_tf7fr5_nyg_tf7fr5>	<Kirkwall>	<isPreferredMeaningOf>	"Kirkwall"@eng	
<id_128q0aw_1ia_11a2yx5>	<Daniel_Gott>	rdfs:label	"Daniel Gott"@eng	
<id_1ip73xa_1sz_1acsttp>	<Palfuria_caputlari>	skos:prefLabel	"Palfuria caputlari"@eng	
<id_1uqotiy_1sz_qo6c2h>	<Weil_algebra>	skos:prefLabel	"Weil algebra"@eng	
	<Kadhi_Abdullah_al-Hagri>	rdfs:label	"Abdullah al-Hajri"@eng	
<id_1jhzxay_1ia_1ijcvx7>	<Dirk_Pitt>	rdfs:label	"Dirk Pitt"@eng	
<id_qi0zut_1sz_1pxhwuf>	<An_Poc_Fada>	skos:prefLabel	"An Poc Fada"@eng	
<id_avt6on_1sz_2jewl2>	<Sky_Architect>	skos:prefLabel	"Sky Architect"@eng	
<id_invvjn_1sz_1dmhg2a>	<Jane_Abraham>	skos:prefLabel	"Jane Abraham"@eng	
<id_1aszfzx_nyg_1hd97j1>	<John_M._Rowan>	<isPreferredMeaningOf>	"John M. Rowan"@eng	
<id_1s055hx_nyg_19ib2b9>	<Jena_West_station>	<isPreferredMeaningOf>	"Jena West station"@eng	
<id_1lx8dc5_15u_30h4al>	<Nelson_Harris>	<hasGivenName>	"Nelson"@eng	
<id_duvx62_1sz_13b1fzf>	<Matt_Rutherford>	skos:prefLabel	"Matt Rutherford"@eng	
<id_1vv3n2t_15u_10p11yc>	<James_L._Alcorn>	<hasGivenName>	"James"@eng	
<id_oarszz_1sz_enucj3>	<Engel_de_Ruyter>	skos:prefLabel	"Engel de Ruyter"@eng	
<id_zjxg8w_nyg_zjxg8w>	<KHKN>	<isPreferredMeaningOf>	"KHKN"@eng	
	<wordnet_commutator_103078670>	<isPreferredMeaningOf>	"commutator"@eng	
<id_1llmpwl_1sz_1llmpwl>	<Pramadhavanam>	skos:prefLabel	"Pramadhavanam"@eng	
	<Wilson_W._Wyatt>	rdfs:label	"Wilson Watkins Wyatt"@eng	
<id_3xgxsl_1sz_3xgxsl>	<Oligohymenophorea>	skos:prefLabel	"Oligohymenophorea"@eng	
<id_1bpfk2_nyg_r6wpb3>	<Halton_(provincial_electoral_district)>	<isPreferredMeaningOf>	"Halton (provincial electoral district)"@eng	
<id_jkooks_1ia_ia5i7h>	<Loo_(wind)>	rdfs:label	"Loo (wind)"@eng	
	<Gwyn_Jones_(physicist)>	rdfs:label	"G O Jones"@eng	
	<Martinez_Hacienda>	rdfs:label	"Hacienda Martinez"@eng	
	<Tinsley_W._Rucker,_Jr.>	rdfs:label	"T. W. Rucker, Jr."@eng	
	<wordnet_varietal_107900225>	rdfs:label	"varietal"@eng	
<id_jix3ae_1ia_r3foud>	<Lužany_(Topoľčany)>	rdfs:label	"Lužany (Topoľčany)"@eng	
<id_6s73ct_1sz_w78dzx>	<Henry_Corby,_Jr.>	skos:prefLabel	"Henry Corby, Jr."@eng	
<id_18sc4lr_1ia_17tp380>	<Kerr's_Pink>	rdfs:label	"Kerr's Pink"@eng	
<id_oiwhgd_nyg_n8db32>	<Tyneside_Cinema>	<isPreferredMeaningOf>	"Tyneside Cinema"@eng	
<id_mscf3t_1sz_xprit4>	<John_T._Myers_(congressman)>	skos:prefLabel	"John T. Myers (congressman)"@eng	
<id_fwwxz6_1sz_ey9wlf>	<Cristiano_Dias>	skos:prefLabel	"Cristiano Dias"@eng	
	<Catholic_Apostolic_Charismatic_Church_of_Jesus_the_King>	rdfs:label	"Catholic Apostolic Charismatic Church of &quot;Jesus the King&quot;"@eng	
<id_1hqzukm_1sz_1hqzukm>	<Pitseng>	skos:prefLabel	"Pitseng"@eng	
<id_ah63ir_1ia_dm2034>	<Bundamba_State_Secondary_College>	rdfs:label	"Bundamba State Secondary College"@eng	
<id_142ck6c_1ia_12rtdt1>	<John_Wittig>	rdfs:label	"John Wittig"@eng	
<id_1b2qjud_nyg_4a345x>	<Stratified_charge_engine>	<isPreferredMeaningOf>	"Stratified charge engine"@eng	
	<Crotalus_durissus>	rdfs:label	"South American rattlesnake"@eng	
<id_1nz1mqq_1ia_xd481t>	<Ole_Barndorff-Nielsen>	rdfs:label	"Ole Barndorff-Nielsen"@eng	
<id_14d86wq_nyg_14c3yqh>	<Esbensen_Bay>	<isPreferredMeaningOf>	"Esbensen Bay"@eng	
<id_1329tmq_1ia_1329tmq>	<Mexazolam>	rdfs:label	"Mexazolam"@eng	
	<Narrhallamarsch>	rdfs:label	"Narhallamarsch"@eng	
<id_y6hve2_1sz_pu3lah>	<Kirillo-Belozersky_Monastery>	skos:prefLabel	"Kirillo-Belozersky Monastery"@eng	
	<Grupo_ACS>	rdfs:label	"Actividades de Construcción y Servicios"@eng	
	<President-elect>	rdfs:label	"President-designate"@eng	
<id_15jp7k7_nyg_x7axgm>	<Savvas_Exouzidis>	<isPreferredMeaningOf>	"Savvas Exouzidis"@eng	
<id_ezddaj_1sz_17y0xoq>	<Ministry_of_Justice_(Georgia)>	skos:prefLabel	"Ministry of Justice (Georgia)"@eng	
<id_1q2j4lv_1ia_rfj104>	<Helen_Blaxland>	rdfs:label	"Helen Blaxland"@eng	
<id_11g0duy_1sz_105h7hn>	<Mike_Bamber>	skos:prefLabel	"Mike Bamber"@eng	
	<Remetea_Chioarului>	rdfs:label	"Remetea"@eng	
<id_11kvyhn_1sz_2xvuvw>	<Alamance_Crossing>	skos:prefLabel	"Alamance Crossing"@eng	
<id_f3o6k4_nyg_14jtpdh>	<Alteon_WebSystems>	<isPreferredMeaningOf>	"Alteon WebSystems"@eng	
<id_1jssgfl_1sz_xjgv5b>	<Wilhelm_Busch_Prize>	skos:prefLabel	"Wilhelm Busch Prize"@eng	
<id_yuqjj5_nyg_154pypt>	<Daniel_Owen_Stolpe>	<isPreferredMeaningOf>	"Daniel Owen Stolpe"@eng	
<id_w259xt_nyg_urm3ki>	<John_Floyer>	<isPreferredMeaningOf>	"John Floyer"@eng	
<id_kg8a9l_nyg_14qdi63>	<Powell_River_Regals>	<isPreferredMeaningOf>	"Powell River Regals"@eng	
<id_ru3p31_1ia_2h5eak>	<Mahara_(software)>	rdfs:label	"Mahara"@eng	
<id_my8px5_1sz_1mdpmwr>	<Hillside,_New_York>	skos:prefLabel	"Hillside, New York"@eng	
<id_15als8a_1ia_10c52on>	<Hysteria_(The_Human_League_album)>	rdfs:label	"Hysteria"@eng	
<id_1nom5j8_1ia_turyoz>	<Sidetrack_Films>	rdfs:label	"Sidetrack Films"@eng	
<id_1vgxyxb_1sz_1u6esk0>	<Stepan_Reznik>	skos:prefLabel	"Stepan Reznik"@eng	
<id_zjyw33_nyg_zjyw33>	<Lnfs>	<isPreferredMeaningOf>	"Lnfs"@eng	
<id_11hpmrf_1ia_yxsbzv>	<Fellowship_of_the_Dice_(film)>	rdfs:label	"Fellowship of the Dice (film)"@eng	
<id_16fzhg4_nyg_cm5alv>	<Hollandaise_sauce>	<isPreferredMeaningOf>	"Hollandaise sauce"@eng	
<id_scnuhj_1ia_1xjxpme>	<Loutrochori,_Pella>	rdfs:label	"Loutrochori, Pella"@eng	
	<Karahisar>	rdfs:label	"Karahisar, Denizli"@eng	
<id_stmyik_1sz_1dkhk7x>	<Oak_Creek_Historical_Society>	skos:prefLabel	"Oak Creek Historical Society"@eng	
<id_1c1jss6_15u_10mh18x>	<Eliud_Wabukala>	<hasGivenName>	"Eliud"@eng	
<id_12n5v9h_nyg_8tbof8>	<Hamada_Helal>	<isPreferredMeaningOf>	"Hamada Helal"@eng	
<id_frico3_1sz_1aq3x6q>	<Paula_Goodyer>	skos:prefLabel	"Paula Goodyer"@eng	
	<Wan_Tsai>	rdfs:label	"Wan Chai (disambiguation)"@eng	
	<DistrictCut.com>	rdfs:label	"District Cut"@eng	
	<Vad,_Cluj>	rdfs:label	"Kálna"@eng	
	<wordnet_leucothoe_112239647>	<isPreferredMeaningOf>	"leucothoe"@eng	
<id_jrhvak_1ia_igyox9>	<UXB_(band)>	rdfs:label	"UXB (band)"@eng	
	<wordnet_latchkey_child_110247519>	<isPreferredMeaningOf>	"latchkey child"@eng	
<id_cwtnss_nyg_cvpfmj>	<Owtah_Kol>	<isPreferredMeaningOf>	"Owtah Kol"@eng	
<id_1595do9_1sz_13ym7ay>	<Ranji_Wilson>	skos:prefLabel	"Ranji Wilson"@eng	
<id_11ozoib_15u_5wg0mc>	<Thomas_Vipont>	<hasGivenName>	"Thomas"@eng	
<id_1cuz0g4_1sz_1bwbz2d>	<DaShaun_Wood>	skos:prefLabel	"DaShaun Wood"@eng	
<id_3izajq_1o4_rgstec>	<Carol_Skelton>	<hasFamilyName>	"Skelton"@eng	
<id_1k58dn3_1ia_r4hx3h>	<Bachorza,_Kuyavian-Pomeranian_Voivodeship>	rdfs:label	"Bachorza, Kuyavian-Pomeranian Voivodeship"@eng	
<id_1ip0m9z_1ia_1q9j7ty>	<Evencio_Castellanos>	rdfs:label	"Evencio Castellanos"@eng	
<id_6unx1g_nyg_1hrrcy>	<The_Haskell_Company>	<isPreferredMeaningOf>	"The Haskell Company"@eng	
<id_n4a9py_nyg_15gw8om>	<Fajr_Aviation_&_Composites_Industry>	<isPreferredMeaningOf>	"Fajr Aviation & Composites Industry"@eng	
<id_1krypma_1ia_1ue5p1f>	<Little_Big_Man>	rdfs:label	"Charging Bear"	
	<Široka_Bara>	rdfs:label	"Široka bara"@eng	
<id_nnh582_1sz_fb2v4h>	<Talokar_(village)>	skos:prefLabel	"Talokar (village)"@eng	
	<Rom_Eiendom>	rdfs:label	"NSB Eiendom"@eng	
<id_8o6003_1ia_13mrkiq>	<IC_Mendoza>	rdfs:label	"IC Mendoza"@eng	
<id_1lsfzc9_1ia_1lsfzc9>	<Salvington>	rdfs:label	"Salvington"@eng	
<id_cfvdm4_1ia_f2wq2d>	<Carters_Cove,_Virginia>	rdfs:label	"Carters Cove"@eng	
	<Charles_N._DeGlopper>	rdfs:label	"Charles N. Deglopper"@eng	
	<Carex_pendula>	rdfs:label	"Pendulous Sedge"@eng	
<id_e4fxtc_nyg_1jbpsy7>	<Fernando_Folha>	<isPreferredMeaningOf>	"Fernando Folha"@eng	
<id_zouajt_1sz_11u6y2>	<Hype_Williams>	skos:prefLabel	"Hype Williams"@eng	
<id_zil1j4_1sz_zil1j4>	<.bt>	skos:prefLabel	".bt"@eng	
<id_1rc2sf7_1ia_1izoibm>	<Frederick_Juengling>	rdfs:label	"Frederick Juengling"@eng	
<id_1vamybg_nyg_1v9iq57>	<Yunnan–Guangxi_War>	<isPreferredMeaningOf>	"Yunnan–Guangxi War"@eng	
<id_1di1j7x_1ia_lmjqjt>	<Incomplete_(Sisqó_song)>	rdfs:label	"Incomplete (Sisqo song)"@eng	
<id_12fn918_1sz_1d16khp>	<The_Marijuana-Logues>	skos:prefLabel	"The Marijuana-Logues"@eng	
	<Li_Weifeng>	rdfs:label	"Li Wei-Feng"@eng	
<id_1a1rgnt_1sz_1a1rgnt>	<Hundling>	skos:prefLabel	"Hundling"@eng	
	<WBFO>	rdfs:label	"WBFU"@eng	
<id_1hr0jt9_1o4_10nod0n>	<Steven_M._Greer>	<hasFamilyName>	"Greer"@eng	
<id_10l2xvp_1sz_obprk2>	<Ett_bedårande_barn_av_sin_tid>	skos:prefLabel	"Ett bedårande barn av sin tid"@eng	
<id_1jcxbwk_1sz_1qp6hfm>	<Phil_Collins_discography>	skos:prefLabel	"Phil Collins discography"@eng	
<id_iyqjqo_nyg_1jcui41>	<Daniel_Scheinig>	<isPreferredMeaningOf>	"Daniel Scheinig"@eng	
	<Sinapaldehyde>	rdfs:label	"Sinapoyl aldehyde"@eng	
<id_hipjvy_1sz_p385fx>	<Hillel_Furstenberg>	skos:prefLabel	"Hillel Furstenberg"@eng	
	<Pez_Whatley>	rdfs:label	"Pistol Pez"@eng	
<id_5bhqmc_1ia_5bhqmc>	<Saldaş>	rdfs:label	"Saldaş"	
<id_1kbw5um_nyg_low28v>	<Mick_Laverick>	<isPreferredMeaningOf>	"Mick Laverick"@eng	
<id_1p396jh_1ia_wk4dd>	<Scone_Thoroughbreds>	rdfs:label	"Scone Thoroughbreds Rugby League Football Club"	
<id_k8dyjs_1sz_1kmhwx5>	<Pentagon_Barracks>	skos:prefLabel	"Pentagon Barracks"@eng	
	<Precious_Moments_(album)>	rdfs:label	"Precious Moments (Jermaine Jackson)"@eng	
<id_ii2m6s_1sz_a5oc37>	<Russell_Wangersky>	skos:prefLabel	"Russell Wangersky"@eng	
<id_1ynre28_1ia_1sx47me>	<Eureka_Municipal_Airport_(California)>	rdfs:label	"Eureka Municipal Airport"@eng	
<id_5xwuky_nyg_ylmvub>	<Monasterio_de_Santa_María_de_Villanueva_de_Oscos>	<isPreferredMeaningOf>	"Monasterio de Santa María de Villanueva de Oscos"@eng	
<id_5d12sw_1sz_1marlv6>	<Aerobic_methane_production>	skos:prefLabel	"Aerobic methane production"@eng	
<id_3thu87_1ia_122xg7f>	<Zuzana_Vojířová>	rdfs:label	"Zuzana Vojirova"@eng	
<id_k98iwl_1ia_k84aqc>	<Victor_Löw>	rdfs:label	"Victor Löw"@eng	
<id_rka1z0_nyg_j7vrvf>	<Christophe_Laudamiel>	<isPreferredMeaningOf>	"Christophe Laudamiel"@eng	
	<Passive_smoking>	rdfs:label	"Theory of second hand smoke"@eng	
<id_1o7mm8_1sz_88he5c>	<Embalse_de_Arcos>	skos:prefLabel	"Embalse de Arcos"@eng	
<id_b9lorn_1ia_aayndw>	<Nizas,_Gers>	rdfs:label	"Nizas, Gers"@eng	
<id_1n5yvpe_1sz_oiys3n>	<Sara_McGreavy>	skos:prefLabel	"Sara McGreavy"@eng	
<id_78n8il_1ia_15g0bod>	<Super-Toys_Last_All_Summer_Long>	rdfs:label	"Super-Toys Last All Summer Long"@eng	
<id_1dkkj5t_nyg_1ca1csi>	<Marvin_Priest>	<isPreferredMeaningOf>	"Marvin Priest"@eng	
<id_dk96vr_nyg_1qc1nkl>	<Samya_Garh,_Bihar>	<isPreferredMeaningOf>	"Samya Garh, Bihar"@eng	
<id_1d4u1a4_1sz_xfdnz1>	<Voices_of_Classic_Rock>	skos:prefLabel	"Voices of Classic Rock"@eng	
<id_4oscy6_15u_40n1vd>	<Pierre_de_Nesson>	<hasGivenName>	"Pierre"@eng	
<id_1f4gnak_1ia_ghgjot>	<Nyimang_language>	rdfs:label	"Nyimang language"@eng	
<id_1ou2jy3_1ia_1nvfikc>	<Etidronic_acid>	rdfs:label	"Etidronic acid"@eng	
<id_1a35tu4_1sz_1a21lnv>	<Hung_Fut>	skos:prefLabel	"Hung Fut"@eng	
<id_16nsbmr_15u_zilsxr>	<Sam_Claflin>	<hasGivenName>	"Sam"@eng	
<id_13b0gkn_nyg_120ha7c>	<Bill_Burich>	<isPreferredMeaningOf>	"Bill Burich"@eng	
	<Ulluco>	rdfs:label	"Mellocos"@eng	
<id_e31j9_1sz_1y4nx52>	<Fritz_Teufel>	skos:prefLabel	"Fritz Teufel"@eng	
	<Giulio_Benso>	rdfs:label	"Giulio Benson"@eng	
<id_1jscl0a_1ia_149tv43>	<Raïs_M'Bolhi>	rdfs:label	"| accessdate = 2010-07-13}}</ref>"	
	<Dream_Well_(film)>	rdfs:label	"Alom.net"@eng	
<id_1jex75l_1sz_4zui2j>	<Grant_Boyhood_Home>	skos:prefLabel	"Grant Boyhood Home"@eng	
<id_zik6ym_nyg_zik6ym>	<Ḿ>	<isPreferredMeaningOf>	"Ḿ"@eng	
<id_1lpi1il_nyg_s8ivil>	<William_Reynolds_(actor)>	<isPreferredMeaningOf>	"William Reynolds (actor)"@eng	
<id_v9czbj_1sz_1tf918t>	<A_Spooky_Night_in_Disney's_Haunted_Mansion>	skos:prefLabel	"A Spooky Night in Disney's Haunted Mansion"@eng	
	<Gentlemen's_club>	rdfs:label	"Gentlemen's club (traditional)"@eng	
<id_1qrr0mv_1ia_102a6by>	<Pingxiang>	rdfs:label	"萍乡市"	
<id_p7pdi7_nyg_1ymuji8>	<Sean_O'Brien_(ice_hockey)>	<isPreferredMeaningOf>	"Sean O'Brien (ice hockey)"@eng	
	<Passoré_Province>	rdfs:label	"Passore Province, Burkina Faso"@eng	
<id_9ukko_1ia_pcjfvr>	<Jupiter_(Cave_In_album)>	rdfs:label	"Jupiter (Cave In album)"@eng	
	<Kim_Yong_Suk>	rdfs:label	"Kim Yong-suk"@eng	
<id_cn1u7o_1ia_1mzg5e>	<Sainte-Agathe-des-Monts,_Quebec>	rdfs:label	"Sainte-Agathe-des-Monts"@eng	
<id_sklhik_1ia_hp9a4s>	<The_Wolf_(magazine)>	rdfs:label	"The Wolf (magazine)"@eng	
<id_18jiqvu_1ia_1uue0y2>	<Woodland_Hills,_Kentucky>	rdfs:label	"Woodland Hills"@eng	
<id_18w7lkm_1o4_10u0n7e>	<Luis_Patricio_Núñez>	<hasFamilyName>	"Núñez"@eng	
<id_pawrki_nyg_1mpzwz6>	<The_Falsetto_Basses>	<isPreferredMeaningOf>	"The Falsetto Basses"@eng	
<id_esf9y_nyg_1on3tva>	<Poojapitiya_Divisional_Secretariat>	<isPreferredMeaningOf>	"Poojapitiya Divisional Secretariat"@eng	
<id_gtu1c5_1sz_1m13wh0>	<He_Lives>	skos:prefLabel	"He Lives"@eng	
	<Crazy_Rasberry_ant>	rdfs:label	"Crazy Rasberry ants"@eng	
<id_m5741p_1ia_92vepr>	<Hua_Sai_District>	rdfs:label	"Hua Sai District"@eng	
<id_bdhnxm_15u_lt0ejy>	<Përparim_Kalo>	<hasGivenName>	"Përparim"@eng	
<id_1xjqx9m_1ia_1xjqx9m>	<Dubble>	rdfs:label	"Dubble"@eng	
<id_17r1aml_1sz_3oit64>	<Farmton,_Florida>	skos:prefLabel	"Farmton, Florida"@eng	
<id_ad6bq6_1sz_15brw8t>	<Nabari_Station>	skos:prefLabel	"Nabari Station"@eng	
<id_mmqf3p_1sz_zv0j9x>	<Fred_J._Carpenter>	skos:prefLabel	"Fred J. Carpenter"@eng	
<id_1287lkg_1sz_8edeq7>	<Philip_Hoare>	skos:prefLabel	"Philip Hoare"@eng	
<id_1g2lvr4_1ia_m8rowv>	<Râșdaș_River>	rdfs:label	"Râșdaș River"@eng	
<id_1msc3p3_1ia_syhwuu>	<Kevin_Duers>	rdfs:label	"Kevin Duers"@eng	
<id_zst744_1ia_1urermr>	<Arandilla_(river)>	rdfs:label	"Arandilla (river)"@eng	
	<Democratic_Party_(Serbia)>	rdfs:label	"Demokratska Stranka"@eng	
	<Kavalan_people>	rdfs:label	"Kavalan"@eng	
	<Space_Shuttle_Discovery>	rdfs:label	"Discovery (shuttle)"@eng	
<id_ec8rxs_1sz_16kpe8g>	<Daniel_Dennis_McLean>	skos:prefLabel	"Daniel Dennis McLean"@eng	
<id_1wyjgi3_1o4_870tpv>	<Prunella_Ransome>	<hasFamilyName>	"Ransome"@eng	
<id_1blvkw3_1ia_1blvkw3>	<Katymár>	rdfs:label	"Katymár"	
<id_b3k3h8_1sz_b3k3h8>	<Carperidine>	skos:prefLabel	"Carperidine"@eng	
	<wordnet_gyrfalcon_101611800>	<isPreferredMeaningOf>	"gyrfalcon"@eng	
<id_qlpsql_1sz_i9bin0>	<Alfredo_Giannetti>	skos:prefLabel	"Alfredo Giannetti"@eng	
<id_12g4jfm_1ia_12g4jfm>	<Enånger>	rdfs:label	"Enånger"	
<id_1w42tor_nyg_151lbmz>	<House_of_Lacković>	<isPreferredMeaningOf>	"House of Lacković"@eng	
<id_1u9k0av_1ia_q71iue>	<Master_Francke>	rdfs:label	"Master Francke"@eng	
<id_16x87s8_1ia_1ehqtc7>	<Cusco_Declaration>	rdfs:label	"Cusco Declaration"@eng	
<id_15b2vw7_nyg_15b2vw7>	<Tilston>	<isPreferredMeaningOf>	"Tilston"@eng	
<id_uuxrtz_1ia_15vcpo4>	<Humono_language>	rdfs:label	"Kohumono"	
<id_9u1lkw_1sz_14sn63j>	<The_Virtues>	skos:prefLabel	"The Virtues"@eng	
<id_19bfdft_1ia_19bfdft>	<Faygate>	rdfs:label	"Faygate"	
<id_f8w70n_1ia_zjxbci>	<KAWS_(artist)>	rdfs:label	"KAWS"@eng	
<id_jjt3w4_nyg_jiovpv>	<OpenOffice.org_XML>	<isPreferredMeaningOf>	"OpenOffice.org XML"@eng	
<id_1l97n0c_1ia_1l97n0c>	<Šampēteris>	rdfs:label	"Šampēteris"@eng	
<id_13cyn6f_1sz_12vu7p3>	<Bertha_of_Putelendorf>	skos:prefLabel	"Bertha of Putelendorf"@eng	
<id_17g80h1_nyg_16hkz3a>	<Qinhuangdao_Port>	<isPreferredMeaningOf>	"Qinhuangdao Port"@eng	
<id_1d1cf6e_1ia_8ytxpx>	<Renske_Leijten>	rdfs:label	"Renske Leijten"@eng	
<id_10uru53_1ia_10uru53>	<Tohku>	rdfs:label	"Tohku"@eng	
<id_1iiyj75_1ia_10i8ju7>	<Upper_Yoder_Township,_Cambria_County,_Pennsylvania>	rdfs:label	"Upper Yoder Township, Pennsylvania"	
<id_1cjvpym_1sz_137pik0>	<Terra_(Mariza_album)>	skos:prefLabel	"Terra (Mariza album)"@eng	
<id_ntg3aw_1sz_e6imu0>	<Koi_no_Jubaku>	skos:prefLabel	"Koi no Jubaku"@eng	
<id_szry15_1sz_nelnl3>	<Northern_Epirote_Declaration_of_Independence>	skos:prefLabel	"Northern Epirote Declaration of Independence"@eng	
	<Chignecto-Central_Regional_School_Board>	rdfs:label	"Truro Junior High"@eng	
<id_1sb8ym7_nyg_o8qh5q>	<Steve_Padilla>	<isPreferredMeaningOf>	"Steve Padilla"@eng	
<id_5u0txs_nyg_5u0txs>	<Emphasizer>	<isPreferredMeaningOf>	"Emphasizer"@eng	
<id_17jl8qh_nyg_xwns9l>	<Anne_V._Coates>	<isPreferredMeaningOf>	"Anne V. Coates"@eng	
<id_ptle7c_1ia_15yxp7a>	<Pârâul_Şcolii>	rdfs:label	"Paraul Scolii"@eng	
<id_24gi5m_1sz_24gi5m>	<Lieoux>	skos:prefLabel	"Lieoux"@eng	
<id_1mocxri_nyg_1syccy6>	<Hello_(Poe_album)>	<isPreferredMeaningOf>	"Hello (Poe album)"@eng	
<id_o2av0e_1ia_1j0wfj1>	<Los_Chichos>	rdfs:label	"Los Chichos"@eng	
<id_12h5ryf_1ia_12h5ryf>	<Wykebeck>	rdfs:label	"Wykebeck"@eng	
<id_4ugmio_15u_1xgnst2>	<Donald_Sultan>	<hasGivenName>	"Donald"@eng	
	<World_Series_Baseball_Starring_Deion_Sanders>	rdfs:label	"World Series Baseball starring Deion Sanders"@eng	
<id_zykjom_1ia_zykjom>	<Emarcea>	rdfs:label	"Emarcea"@eng	
<id_1ign3mx_1ia_2mh8cf>	<Măgura_River_(Bahlui)>	rdfs:label	"Măgura River"@eng	
<id_19ahrcv_1ia_fgnkim>	<Kingsley_Ofosu>	rdfs:label	"Kingsley Ofosu"@eng	
<id_o050dc_1ia_o050dc>	<Swartkrans>	rdfs:label	"Swartkrans"@eng	
<id_1oxqjd2_1ia_yc8g5i>	<Electoral_district_of_Flinders_(Queensland)>	rdfs:label	"Electoral district of Flinders (Queensland)"@eng	
<id_1inkh24_nyg_15czbp9>	<Exploits_Valley_Air_Services>	<isPreferredMeaningOf>	"Exploits Valley Air Services"@eng	
<id_wae5u0_1o4_zjt8e1>	<Jürgen_Croy>	<hasFamilyName>	"Croy"@eng	
<id_2xlsy8_1sz_xw7dgv>	<Equivocation_(magic)>	skos:prefLabel	"Equivocation (magic)"@eng	
<id_1eefeqz_nyg_kkl7wq>	<Ames-Florida_House>	<isPreferredMeaningOf>	"Ames-Florida House"@eng	
<id_13dwjui_1ia_1hug5bw>	<John_Ireland_(archbishop)>	rdfs:label	"John Ireland (archbishop)"@eng	
<id_1dlpqia_nyg_15cjxxu>	<Reform_(think_tank)>	<isPreferredMeaningOf>	"Reform (think tank)"@eng	
<id_2lpvpn_15u_10m2tfr>	<Duane_Purvis>	<hasGivenName>	"Duane"@eng	
<id_10u71ik_nyg_10u71ik>	<Smuxi>	<isPreferredMeaningOf>	"Smuxi"@eng	
<id_7bzoe0_1ia_7bzoe0>	<Wigrid>	rdfs:label	"Wigrid"@eng	
<id_mdyiv2_1ia_786p1c>	<North_Hills_(Pennsylvania)>	rdfs:label	"North Hills (Pennsylvania)"@eng	
<id_5bs5oz_1ia_1w0hxki>	<Telégrafo_Mercantil>	rdfs:label	"Telégrafo Mercantil"@eng	
	<Sasha_Alexander>	rdfs:label	"Suzana Alexander"@eng	
<id_1w7hxbd_1sz_1auxksp>	<Absence_of_War_Does_Not_Mean_Peace>	skos:prefLabel	"Absence of War Does Not Mean Peace"@eng	
<id_1tcbii0_nyg_1vq22v>	<Hyeongjebong_(Sobaeksan)>	<isPreferredMeaningOf>	"Hyeongjebong (Sobaeksan)"@eng	
<id_1e4vpyc_15u_351yk9>	<Jérôme_Golmard>	<hasGivenName>	"Jérôme"@eng	
	<Belgian_Antarctic_Expedition>	rdfs:label	"Belgica (disambiguation)"@eng	
<id_16ypmet_1o4_947mkl>	<Micheal_Spurlock>	<hasFamilyName>	"Spurlock"@eng	
	<Rendez-vous_du_cinéma_québécois>	rdfs:label	"Les Rendez-vous du cinéma québécois"@eng	
<id_sn9vrn_1sz_ke4377>	<Eric_Gandar_Dower>	skos:prefLabel	"Eric Gandar Dower"@eng	
<id_gzxr74_1sz_1byjbpr>	<ABC_Highway>	skos:prefLabel	"ABC Highway"@eng	
	<Back_in_Black>	rdfs:label	"Have a Drink on Me"@eng	
<id_1m7phjp_1sz_1dvb7g4>	<Ksenia_Kahnovich>	skos:prefLabel	"Ksenia Kahnovich"@eng	
	<wordnet_business_editor_109881895>	<isPreferredMeaningOf>	"business editor"@eng	
	<Operation_Hardtack_I>	rdfs:label	"Hardtack I"@eng	
<id_1t32to8_1ia_14uxkwk>	<I_Would_Like_to_See_You_Again>	rdfs:label	"I Would Like to See You Again"@eng	
<id_1uv26sv_1sz_1uv26sv>	<Buigiri>	skos:prefLabel	"Buigiri"@eng	
	<Banns_of_marriage>	rdfs:label	"Marriage Banns"@eng	
<id_1w8zhdl_15u_132yrc1>	<Konstantin_Yuon>	<hasGivenName>	"Konstantin"@eng	
<id_3fl9sh_1ia_4ezfn6>	<Church_of_St_Mary_the_Virgin,_Halkyn>	rdfs:label	"Church of St Mary the Virgin"@eng	
<id_1jgqk6u_1sz_1h36f1x>	<Discovery_Times_Square_Exposition>	skos:prefLabel	"Discovery Times Square Exposition"@eng	
<id_10hy72p_1ia_1rl4di4>	<Jermaine_Holwyn>	rdfs:label	"Jermaine Titano Benito Holwyn"	
	<Slavery_in_medieval_Europe>	rdfs:label	"Slave trade in the Middle Ages"@eng	
<id_15wrgaj_1sz_15wrgaj>	<Achrafieh>	skos:prefLabel	"Achrafieh"@eng	
<id_16ga3sf_nyg_155qxf4>	<Peregrine_Pelham>	<isPreferredMeaningOf>	"Peregrine Pelham"@eng	
	<The_Likely_Lads>	rdfs:label	"Terry Collier"@eng	
<id_ikdt2p_1sz_180jbw2>	<Amphisbaena_fuliginosa>	skos:prefLabel	"Amphisbaena fuliginosa"@eng	
<id_q9dzy5_1ia_pq8v17>	<Harvard_Works_Because_We_Do>	rdfs:label	"Harvard Works Because We Do"@eng	
	<Roman_consul>	rdfs:label	"Cos"@eng	
<id_1a094n3_nyg_bd911c>	<Moose_Clabaugh>	<isPreferredMeaningOf>	"Moose Clabaugh"@eng	
<id_1p2lx4d_1ia_1ns2qr2>	<Admonitions_Scroll>	rdfs:label	"Admonitions Scroll"@eng	
	<Tasiilaq>	rdfs:label	"Angmagsalik"@eng	
<id_1w0erdu_1ia_140bkc4>	<Vlădeţ_River>	rdfs:label	"Vladet River"@eng	
<id_8og1er_1ia_1wrxjzc>	<Canyon_(band)>	rdfs:label	"Canyon"@eng	
<id_ja83g6_nyg_1joc1tj>	<Molybdenum(V)_chloride>	<isPreferredMeaningOf>	"Molybdenum(V) chloride"@eng	
<id_jp11w9_1ia_motc3g>	<The_Hottest_Show_on_Earth_Tour>	rdfs:label	"The Hottest Show on Earth Tour"@eng	
	<Abdisalam_Ibrahim>	rdfs:label	"Abdisalam Abdulkadir Ibrahim"@eng	
<id_q2rrxk_1o4_3yeiy1>	<Reginald_Pecock>	<hasFamilyName>	"Pecock"@eng	
<id_1n54pv5_1ia_1m6hohe>	<Business_game>	rdfs:label	"Business game"@eng	
	<Piero_Soderini>	rdfs:label	"Pierre Soderini"@eng	
	<Battle_of_the_Gridiron_Stars>	rdfs:label	"Battle of the gridiron stars"@eng	
<id_1svc39g_nyg_u8bznp>	<Robert_Trefusis>	<isPreferredMeaningOf>	"Robert Trefusis"@eng	
<id_13m8wd5_1sz_12bppzu>	<Kris_Norris>	skos:prefLabel	"Kris Norris"@eng	
<id_9nmars_1ia_jfsug8>	<Oil_Springs,_Kentucky>	rdfs:label	"Oil Springs, Kentucky"@eng	
<id_1qd8vx4_1ia_1v574rp>	<National_Register_of_Historic_Places_listings_in_Marshall_County,_South_Dakota>	rdfs:label	"National Register of Historic Places listings in Marshall County"@eng	
<id_2fveyq_1sz_17n5a3l>	<La_Plaza>	skos:prefLabel	"La Plaza"@eng	
<id_ngi7no_1ia_1num611>	<Tirna,_Slovenia>	rdfs:label	"Tirna, Slovenia"@eng	
<id_1yliy2w_1ia_nupllu>	<David_Poole_(footballer)>	rdfs:label	"David Andrew Poole"	
	<Sanabares_of_Parthia>	rdfs:label	"Sanabares of parthia"@eng	
<id_13lixqs_1sz_1t1ogk5>	<Choi_Chang-Hwan>	skos:prefLabel	"Choi Chang-Hwan"@eng	
<id_3e8lga_15u_10lqh5g>	<David_Braine>	<hasGivenName>	"David"@eng	
<id_1e6dcr5_1ia_1d7qbde>	<Nine_Dead>	rdfs:label	"Nine Dead"@eng	
<id_1h2m1xp_1ia_1xkc5o>	<The_Art_of_Amália>	rdfs:label	"The Art of Amália"@eng	
	<wordnet_fennel_flower_111737009>	skos:prefLabel	"fennel flower"@eng	
<id_khzkm2_1ia_nc6922>	<Jimmy_Moore_(author)>	rdfs:label	"Jimmy Moore"@eng	
	<First_Chicago_Bank>	rdfs:label	"First Chicago Corporation"@eng	
<id_1drgt0z_1sz_1cgxmno>	<Kevin_Kimura>	skos:prefLabel	"Kevin Kimura"@eng	
<id_6g5807_1ia_1bnf352>	<Sing_girls>	rdfs:label	"Sing girls"@eng	
<id_3i3wt4_nyg_qf2gag>	<No_Limits_(FIRST)>	<isPreferredMeaningOf>	"No Limits (FIRST)"@eng	
<id_ncfbla_1ia_1ckhu8e>	<Menongue_Airport>	rdfs:label	"Aeroporto de Menongue"	
	<J._Leonard_Reinsch>	rdfs:label	"James Leonard Reinsch"@eng	
	<Reaganomics>	rdfs:label	"Reganomics"@eng	
<id_rth075_1o4_4wo15j>	<Jerome_H._Remick>	<hasFamilyName>	"Remick"@eng	
<id_1gy3jlr_nyg_hcgem9>	<Jack_van_Lint>	<isPreferredMeaningOf>	"Jack van Lint"@eng	
<id_19iivgk_nyg_19iivgk>	<Tribble>	<isPreferredMeaningOf>	"Tribble"@eng	
	<Tymfristos,_Greece>	rdfs:label	"Tymfristós, Greece"@eng	
	<Animal_hoarding>	rdfs:label	"Hoarding (disambiguation)"@eng	
<id_roo9xq_1ia_1ow311p>	<Northome_(unorganized_territory),_Minnesota>	rdfs:label	"Northome (unorganized territory), Minnesota"@eng	
	<James_Rennell>	rdfs:label	"Rennell"@eng	
<id_1pc8wxh_15u_zjxn97>	<José_Güity>	<hasGivenName>	"José"@eng	
<id_nejbsw_nyg_n3oxmm>	<Alexander_Pollock_Moore>	<isPreferredMeaningOf>	"Alexander Pollock Moore"@eng	
<id_1yvl2ce_1sz_ut2kvx>	<Akishima_Station>	skos:prefLabel	"Akishima Station"@eng	
<id_1t25zw0_1o4_8ecypv>	<Augusto_Andaveris>	<hasFamilyName>	"Andaveris"@eng	
<id_rssom2_1ia_je726x>	<Lakhimpur_(Lok_Sabha_constituency)>	rdfs:label	"Lakhimpur (Lok Sabha constituency)"@eng	
<id_lme1s_1ia_1n0vav4>	<Yang_Yang_(musician,_orchestra_conductor)>	rdfs:label	"Yang Yang"@eng	
<id_pg1ssp_1sz_o5imfe>	<Paso_Flores>	skos:prefLabel	"Paso Flores"@eng	
	<wordnet_vertebra_105284333>	<isPreferredMeaningOf>	"vertebra"@eng	
<id_1md8q4o_nyg_1l2pjrd>	<Chinchiná,_Caldas>	<isPreferredMeaningOf>	"Chinchiná, Caldas"@eng	
	<wordnet_physical_geography_106122445>	rdfs:label	"physical geography"@eng	
	<The_Pirates_of_Dark_Water>	rdfs:label	"Pirates of the Dark Water"@eng	
<id_rcoad6_1ia_o1k9o7>	<Daniel_Béguin>	rdfs:label	"Daniel Beguin"@eng	
<id_67h3s1_15u_zilliu>	<Ian_Barritt>	<hasGivenName>	"Ian"@eng	
<id_1th0oz8_1ia_nt2ls1>	<Daniel_Gonzalez>	rdfs:label	"Daniel Francis Gonzalez"	
<id_1xm029a_nyg_1nz2lse>	<Shivers_in_Summer>	<isPreferredMeaningOf>	"Shivers in Summer"@eng	
<id_l7gejh_1ia_jwx866>	<Steve_Harvey>	rdfs:label	"Steve Harvey"@eng	
<id_1bh96u6_1o4_fe6pep>	<Arthur_Quartley>	<hasFamilyName>	"Quartley"@eng	
<id_bb5h1a_nyg_ivo2l9>	<Pitcher_(container)>	<isPreferredMeaningOf>	"Pitcher (container)"@eng	
<id_gqxd98_1sz_1672w2l>	<Infanta,_Pangasinan>	skos:prefLabel	"Infanta, Pangasinan"@eng	
	<Esophageal_food_bolus_obstruction>	rdfs:label	"Steakhouse syndrome"@eng	
	<Joseph_G._Wilson>	rdfs:label	"Joseph g wilson"@eng	
	<wordnet_leaf_106256229>	<hasGloss>	"a sheet of any written or printed material (especially in a manuscript or book)"@eng	
<id_l3p456_nyg_f5998b>	<Mission_San_Fernando_Rey_de_España>	<isPreferredMeaningOf>	"Mission San Fernando Rey de España"@eng	
<id_ol4gz4_nyg_1tsec3z>	<Pamela_Blake>	<isPreferredMeaningOf>	"Pamela Blake"@eng	
<id_1s69ccv_nyg_2g5fgx>	<Casbah_Recording_Studio>	<isPreferredMeaningOf>	"Casbah Recording Studio"@eng	
	<Joginder_Singh_Sahnan>	rdfs:label	"Subedar Joginder Singh Sahnan"@eng	
<id_pmh01u_1sz_x6zllt>	<Cerise_(satellite)>	skos:prefLabel	"Cerise (satellite)"@eng	
<id_zl63rp_1sz_jj7d9x>	<Battle_of_Bennington>	skos:prefLabel	"Battle of Bennington"@eng	
	<Charles_C._Hagemeister>	rdfs:label	"Charles Chris Hagemeister"@eng	
	<Quarto_Oggiaro>	rdfs:label	"Quarto (disambiguation)"@eng	
<id_qmxi6z_1ia_1r11gkc>	<Carl-Erik_Holmberg>	rdfs:label	"Carl-Erik Holmberg"	
<id_1hp62r0_1sz_g3k2p7>	<Neighborhoods_of_Hartford,_Connecticut>	skos:prefLabel	"Neighborhoods of Hartford, Connecticut"@eng	
<id_z4eo7k_1sz_5akhdb>	<Hell_Razah>	skos:prefLabel	"Hell Razah"@eng	
	<Nina_Onilova>	rdfs:label	"N. A. Onilova"@eng	
<id_uixci3_1ia_1kw5e6h>	<O'Brien_class_destroyer>	rdfs:label	"O'Brien class destroyer"@eng	
<id_1i6a807_1sz_101vvag>	<Take_Your_Daughter_to_Work_Day_(The_Office)>	skos:prefLabel	"Take Your Daughter to Work Day (The Office)"@eng	
<id_1okfjbs_1ia_1nlsctr>	<Skomorochy_Małe>	rdfs:label	"Skomorochy Male"@eng	
<id_g2jg40_1sz_1ggnehd>	<Tsugaru_Nobuhira>	skos:prefLabel	"Tsugaru Nobuhira"@eng	
<id_1ng5epa_nyg_1mhidbj>	<Patrick_Cham>	<isPreferredMeaningOf>	"Patrick Cham"@eng	
<id_e959pc_1ia_cym3c1>	<Jimmy_Martin>	rdfs:label	"Jimmy Martin"@eng	
<id_1m699qm_1ia_r98egc>	<The_Age_of_Aquarius_(album)>	rdfs:label	"The Age of Aquarius (album)"@eng	
<id_7vhjez_1ia_ncks5o>	<Like_It_or_Not_(Madonna_song)>	rdfs:label	"Like It or Not (Madonna song)"@eng	
<id_22nsqp_nyg_x19d9c>	<Westfield_Sunrise>	<isPreferredMeaningOf>	"Westfield Sunrise"@eng	
<id_jay7e2_1sz_167wqve>	<Hillsboro_Beach,_Florida>	skos:prefLabel	"Hillsboro Beach, Florida"@eng	
<id_x5ry22_1ia_4sr9mz>	<Death_of_a_Gossip>	rdfs:label	"Death of a Gossip"@eng	
<id_11y6rj8_1sz_xki3ic>	<North_East_River>	skos:prefLabel	"North East River"@eng	
<id_t4ae7t_1o4_qotcfa>	<Camper_Van_Beethoven>	<hasFamilyName>	"Beethoven"@eng	
<id_1tzkxmn_1sz_1sp1r9c>	<Aidan_O'Shea>	skos:prefLabel	"Aidan O'Shea"@eng	
<id_ajs7uj_1o4_irugk>	<Naomi_Gonzalez>	<hasFamilyName>	"Gonzalez"@eng	
<id_xgg3ut_1o4_3l825v>	<Mark_Oldman>	<hasFamilyName>	"Oldman"@eng	
<id_c6d5b5_1ia_avtyxu>	<Heinrich_Escher>	rdfs:label	"Heinrich Escher"@eng	
	<Cephrenes_trichopepla>	rdfs:label	"Yellow Palm Dart"@eng	
<id_lz2mhj_1sz_1gxo706>	<Dan_Buckley>	skos:prefLabel	"Dan Buckley"@eng	
<id_rjoh91_nyg_1vagw1f>	<History_Teachers'_Association_of_Victoria>	<isPreferredMeaningOf>	"History Teachers' Association of Victoria"@eng	
<id_1943upe_1sz_17tkoc3>	<Orien_Greene>	skos:prefLabel	"Orien Greene"@eng	
<id_1jge4ej_nyg_pmjxka>	<Tikkurilan_lukio>	<isPreferredMeaningOf>	"Tikkurilan lukio"@eng	
<id_1jl926u_15u_10wqcxm>	<Xaver_Hohenleiter>	<hasGivenName>	"Xaver"@eng	
<id_ge70q1_15u_10uj0pl>	<Tania_Sikorsky_von_York>	<hasGivenName>	"Tania"@eng	
<id_8zccho_1ia_3mg6t6>	<Novy_Urengoy_Airport>	rdfs:label	"Novy Urengoy Airport"@eng	
<id_2g0vte_nyg_2g0vte>	<Bagendon>	<isPreferredMeaningOf>	"Bagendon"@eng	
	<wordnet_dead_weight_105027446>	rdfs:label	"dead weight"@eng	
	<Burn_(Fumetsu_no_Face)>	rdfs:label	"Burn: Fumetsu no Face"@eng	
<id_mau064_1ia_1h9fkor>	<Wei_Guanzhi>	rdfs:label	"Wei Guanzhi"@eng	
<id_11y90eb_1ia_3b8wsk>	<Nikandr_Chibisov>	rdfs:label	"Nikandr Chibisov"@eng	
<id_1cr01nm_1ia_igaf1e>	<Hamilton-Brown_Shoe_Factory_(Columbia,_Missouri)>	rdfs:label	"Hamilton-Brown Shoe Factory (Columbia, Missouri)"@eng	
<id_1iuvoue_1ia_k7vl8n>	<Shoreham,_Michigan>	rdfs:label	"Shoreham, Michigan"	
<id_1ny38kx_1ia_1mzg776>	<Archibald_Mill>	rdfs:label	"Archibald Mill"@eng	
	<Hackensack_Township,_New_Jersey>	rdfs:label	"Hacksack Township, New Jersey"@eng	
<id_5shqo2_15u_zk1bnf>	<Phil_Niekro>	<hasGivenName>	"Phil"@eng	
	<European_Beer_Consumers'_Union>	rdfs:label	"EBCU"@eng	
<id_1egs3su_nyg_16p06bk>	<Howard_Beach_(harpsichordist)>	<isPreferredMeaningOf>	"Howard Beach (harpsichordist)"@eng	
<id_1u1vxd6_1ia_1tr1j6w>	<Jakob_Wilhelm_Hauer>	rdfs:label	"Jakob Wilhelm Hauer"@eng	
<id_4ao5vo_1sz_tttxuv>	<King_Mongkut's_Institute_of_Technology_Ladkrabang>	skos:prefLabel	"King Mongkut's Institute of Technology Ladkrabang"@eng	
	<Danish_East_India_Company>	rdfs:label	"EIC"@eng	
<id_1oqlicr_1sz_lwizxn>	<National_Do_Not_Call_Registry>	skos:prefLabel	"National Do Not Call Registry"@eng	
	<Jerusalem_Bird_Observatory>	rdfs:label	"JBO"@eng	
<id_js38me_1ia_itg78n>	<Wu_Yulu>	rdfs:label	"Wu Yulu"@eng	
	<KVER_(FM)>	rdfs:label	"91.1 FM"@eng	
<id_11sdb40_1ia_zzlh34>	<Robert_I,_Duke_of_Bar>	rdfs:label	"Robert I, Duke of Bar"@eng	
<id_2dbef1_1ia_17kl9jw>	<Calgary_South>	rdfs:label	"Calgary South"@eng	
<id_bysxvc_1ia_1snc2rj>	<Big_Lake_Township,_Sherburne_County,_Minnesota>	rdfs:label	"Big Lake Township"@eng	
<id_49i8jh_nyg_49i8jh>	<Pyinzi>	<isPreferredMeaningOf>	"Pyinzi"@eng	
<id_1bgauvy_1sz_ctara7>	<Ruslan_Solyanyk>	skos:prefLabel	"Ruslan Solyanyk"@eng	
	<Tabelbala>	rdfs:label	"Tabalbala"@eng	
<id_1wor6v4_1o4_1aw18u7>	<William_J._Federer>	<hasFamilyName>	"Federer"@eng	
<id_vh11wl_1ia_1kapgaf>	<Iran_national_rugby_union_team_(sevens)>	rdfs:label	"Iran national rugby union team"@eng	
<id_hppnqg_1ia_1x17d9j>	<Oxford_University_Wine_Society>	rdfs:label	"Oxford University Wine Society"@eng	
	<wordnet_old_boy_110375129>	<hasGloss>	"a former male pupil of a school"@eng	
<id_ntlkx6_1ia_1is75ft>	<Neil_Grayson>	rdfs:label	"Neil Grayson"@eng	
<id_1kxjljw_1ia_1kxjljw>	<Kukinka>	rdfs:label	"Kukinka"@eng	
<id_1nwjcg1_nyg_4zelvo>	<Die_for_You_(song)>	<isPreferredMeaningOf>	"Die for You (song)"@eng	
<id_1ccrrfd_1sz_3ovr4n>	<Harley_Ellis_Devereaux>	skos:prefLabel	"Harley Ellis Devereaux"@eng	
<id_7fjdjr_1ia_wvowd4>	<Bromela,_California>	rdfs:label	"Bromela, California"@eng	
<id_1gdazoh_1sz_1gdazoh>	<Afrojack>	skos:prefLabel	"Afrojack"@eng	
	<Argentina>	rdfs:label	"الأرجنتين"@eng	
<id_8anrrk_nyg_eiif75>	<Say_G'day_Rail_Trail>	<isPreferredMeaningOf>	"Say G'day Rail Trail"@eng	
<id_1ieudha_1ia_1a2g3dp>	<François-Pierre_Chaumeton>	rdfs:label	"François-Pierre Chaumeton"@eng	
	<Isabel_(film)>	rdfs:label	"Isabel (disambiguation)"@eng	
<id_1c4btgz_nyg_1b5os38>	<Laurie_Olin>	<isPreferredMeaningOf>	"Laurie Olin"@eng	
<id_1ivn20u_1ia_k8myf3>	<Daihatsu_Charmant>	rdfs:label	"Daihatsu Charmant"@eng	
<id_1atuvdb_nyg_6rcdwu>	<Childe_Rowland>	<isPreferredMeaningOf>	"Childe Rowland"@eng	
<id_owdk8r_nyg_ikud6i>	<Too_Stuffed_to_Jump>	<isPreferredMeaningOf>	"Too Stuffed to Jump"@eng	
	<Culter_School>	rdfs:label	"Culter"@eng	
<id_k5uyre_nyg_1ambhyx>	<Goulbi_de_Maradi_River>	<isPreferredMeaningOf>	"Goulbi de Maradi River"@eng	
<id_1el55x_1ia_1el55x>	<Precisionism>	rdfs:label	"Precisionism"@eng	
	<wordnet_particle_beam_111485907>	<isPreferredMeaningOf>	"particle beam"@eng	
<id_h2xkxn_15u_eb0z6r>	<William_Richard_Scott>	<hasGivenName>	"William"@eng	
<id_qh1nb4_1ia_1x1pcsf>	<Valea_Peştilor_River_(Firiza)>	rdfs:label	"Valea Peştilor River"@eng	
<id_5rw3c9_1ia_vyxx7v>	<Tripuraribhatla_Ramakrishna_Sastry>	rdfs:label	"Tripuraribhatla Ramakrishna Sastry"	
<id_66vdbd_1sz_1l6bs4o>	<Baron_Williams_de_Thame>	skos:prefLabel	"Baron Williams de Thame"@eng	
<id_a8oql5_nyg_12h5cvt>	<Christoph_August_Tiedge>	<isPreferredMeaningOf>	"Christoph August Tiedge"@eng	
<id_1plspzs_1ia_u2god0>	<Las_Vegas_Union_Pacific_Station>	rdfs:label	"Las Vegas Union Pacific Station"@eng	
<id_1x0033h_nyg_q55rvu>	<Flann_Óc_mac_Séoan_Ó_Domhnalláin>	<isPreferredMeaningOf>	"Flann Óc mac Séoan Ó Domhnalláin"@eng	
<id_4vb3e0_1sz_p5gbai>	<It's_Still_Living>	skos:prefLabel	"It's Still Living"@eng	
<id_7kje10_1ia_1x9h8li>	<William_Alanson_Howard>	rdfs:label	"William Alanson Howard"@eng	
	<Adobe_Content_Server>	rdfs:label	".acsm"@eng	
	<Monastery_of_Santa_María_la_Real_in_Obona>	rdfs:label	"Monasterio de Santa Maria la Real (Obona)"@eng	
<id_1qo0iqo_1ia_1pwor4w>	<Green_Isle,_Minnesota>	rdfs:label	"Green Isle"@eng	
<id_a279bx_1sz_150stuk>	<Yuma,_Arizona>	skos:prefLabel	"Yuma, Arizona"@eng	
<id_8lrja1_1o4_lmjmm3>	<Roman_Ghirshman>	<hasFamilyName>	"Ghirshman"@eng	
<id_1qc67rk_1o4_zjvigb>	<Josh_Geer>	<hasFamilyName>	"Geer"@eng	
<id_16ut4ry_15u_10tz6q3>	<Sally_Pechinsky>	<hasGivenName>	"Sally"@eng	
<id_1d5oikc_1o4_1x8uk9z>	<Alfonso_Gumucio_Dagron>	<hasFamilyName>	"Dagron"@eng	
<id_dcqovc_1ia_1w6hki>	<Henry_Maurice_(minister)>	rdfs:label	"Henry Maurice"@eng	
<id_xkwxs2_1sz_43xrs2>	<The_Whispers_(album)>	skos:prefLabel	"The Whispers (album)"@eng	
<id_1jjxrvt_1sz_1hbu9yd>	<Soul_Train_Music_Award_for_Best_R&B/Soul_Album,_Female>	skos:prefLabel	"Soul Train Music Award for Best R&B/Soul Album, Female"@eng	
<id_13n16t7_1sz_1qjzqaj>	<Clifton_Beach,_Karachi>	skos:prefLabel	"Clifton Beach, Karachi"@eng	
	<I'll_Play_the_Blues_for_You>	rdfs:label	"I'll Play the Blues For You"@eng	
<id_zk52tf_nyg_zk52tf>	<WFTH>	<isPreferredMeaningOf>	"WFTH"@eng	
<id_wpkyt9_1ia_1fhzjqo>	<Darcy_Blake>	rdfs:label	"| accessdate = 2009-08-28}}</ref>"	
<id_ui2dhf_1sz_m5o3du>	<Atrosalarias_hosokawai>	skos:prefLabel	"Atrosalarias hosokawai"@eng	
	<Joseph_Stilwell>	rdfs:label	"Stilwell"@eng	
<id_kp4mba_1ia_1fnq6tx>	<Stereotype_Anomaly>	rdfs:label	"Stereotype Anomaly"@eng	
<id_1hp396m_1sz_1gek2tb>	<Justel,_Zamora>	skos:prefLabel	"Justel, Zamora"@eng	
	<Lebyazhsky_District>	rdfs:label	"Lebyajskii District"@eng	
	<Rozwi_Empire>	rdfs:label	"WaRozwi"@eng	
	<Strake_Jesuit_College_Preparatory>	rdfs:label	"Strake Jesuit Educational Television (SJET)"@eng	
<id_1pkvxqz_1sz_lidgai>	<Sammy_Onyango>	skos:prefLabel	"Sammy Onyango"@eng	
	<Camp_Hill,_Alabama>	rdfs:label	"Camp Hill, AL"@eng	
<id_1l0n34j_1ia_1unjd79>	<North_Ridgeville,_Ohio>	rdfs:label	"North Ridgeville, Ohio"@eng	
	<Hayden,_Indiana>	rdfs:label	"Six Mile, Indiana"@eng	
<id_h0o57j_1ia_fq4yu8>	<Gabor_Geller>	rdfs:label	"Gabor Geller"@eng	
<id_du977c_1sz_cjq0u1>	<Ivi_Adamou>	skos:prefLabel	"Ivi Adamou"@eng	
<id_jtxcma_1ia_zk39gc>	<Sims_(river)>	rdfs:label	"Sims"@eng	
<id_1evm2d0_1ia_frhj9x>	<Yohannes_II_of_Ethiopia>	rdfs:label	"Yohannes II of Ethiopia"@eng	
	<wordnet_launching_pad_103647691>	rdfs:label	"launch area"@eng	
	<Pareto_principle>	rdfs:label	"90/10 law"@eng	
<id_8t583f_1sz_1y7btln>	<Newland_H._Holmes>	skos:prefLabel	"Newland H. Holmes"@eng	
	<Jaynestown>	rdfs:label	"Jayne's Town"@eng	
<id_1ye4nei_nyg_1x3lh17>	<Sebastian_Heidel>	<isPreferredMeaningOf>	"Sebastian Heidel"@eng	
<id_1l23qn6_1ia_6b4wkk>	<Liuqiao,_Suixi_County>	rdfs:label	"Liuqiao, Suixi County"@eng	
	<Victor_Bernal>	rdfs:label	"Bernal"@eng	
<id_1nacong_nyg_1mbpn9p>	<David_Molk>	<isPreferredMeaningOf>	"David Molk"@eng	
<id_1fe4oyz_1sz_1fuihqj>	<Wrzoski,_Masovian_Voivodeship>	skos:prefLabel	"Wrzoski, Masovian Voivodeship"@eng	
<id_ich2hq_1ia_10iizi6>	<David_Barr_(cricketer)>	rdfs:label	"David Barr (cricketer)"@eng	
	<The_Hyannis_Sound>	rdfs:label	"Hyannis Sound"@eng	
<id_1ccglt9_1sz_1b1xffy>	<Matija_Dulvat>	skos:prefLabel	"Matija Dulvat"@eng	
<id_43wjso_1ia_43wjso>	<Pocsaj>	rdfs:label	"Pocsaj"	
<id_1x6cgul_1ia_1inpcdi>	<Jürgen_Wagner>	rdfs:label	"Juergen Wagner"@eng	
<id_khv90g_1sz_1hni340>	<The_Comeback_Trail>	skos:prefLabel	"The Comeback Trail"@eng	
<id_44u8yq_1ia_whb6as>	<Lewisville,_North_Carolina>	rdfs:label	"Lewisville, North Carolina"	
<id_1v6j8hi_nyg_f1uln7>	<La_Ronge_Water_Aerodrome>	<isPreferredMeaningOf>	"La Ronge Water Aerodrome"@eng	
	<wordnet_emissary_vein_105365838>	rdfs:label	"emissary vein"@eng	
<id_4m9dlg_1ia_132sj8t>	<Andre_Smith_(American_football)>	rdfs:label	"Andre Smith"@eng	
	<Skabersjö_Castle>	rdfs:label	"Skabersjo Castle"@eng	
	<Masashi_Tashiro>	rdfs:label	"Tashiro Matsuri"@eng	
<id_31rlsb_nyg_1891gx6>	<Kungsparken,_Malmö>	<isPreferredMeaningOf>	"Kungsparken, Malmö"@eng	
<id_x10f79_1ia_pxe6pg>	<Western_Wayne_Athletic_Conference>	rdfs:label	"Western Wayne Athletic Conference"@eng	
<id_aj84mh_nyg_1fqhzrc>	<Heather_Beers>	<isPreferredMeaningOf>	"Heather Beers"@eng	
<id_1ktxvlj_1sz_1ktxvlj>	<Kudwiny>	skos:prefLabel	"Kudwiny"@eng	
<id_9fxdma_nyg_wcvx3m>	<Esteban_Piñero_Camacho>	<isPreferredMeaningOf>	"Esteban Piñero Camacho"@eng	
<id_1qqvijs_1sz_1ps8h61>	<Vaughn_Nark>	skos:prefLabel	"Vaughn Nark"@eng	
<id_442foj_1sz_442foj>	<Polyxo>	skos:prefLabel	"Polyxo"@eng	
<id_11e351h_1ia_7mv6dg>	<Sampath_Lakmal_de_Silva>	rdfs:label	"Sampath Lakmal de Silva"@eng	
<id_1rt0h5m_1ia_xz6abd>	<Landi_Kotal>	rdfs:label	"Landi Kotal"@eng	
<id_mg3xsa_15u_ebj4sb>	<Lawrence_Babbio,_Jr.>	<hasGivenName>	"Lawrence"@eng	
<id_1cd49v0_nyg_1beh8h9>	<Mara_Davi>	<isPreferredMeaningOf>	"Mara Davi"@eng	
	<City_of_Heroes>	rdfs:label	"CoH"@eng	
	<Dirty_Harry_(film_series)>	rdfs:label	"Dirty Harry series"@eng	
	<Hiroshi_Miyazaki>	rdfs:label	"Miyashiro Sugito"@eng	
<id_1hix8jz_1ia_1n0g92o>	<Army_of_West_Virginia>	rdfs:label	"Army of West Virginia"@eng	
<id_yrnkzp_nyg_xh4eme>	<Neve_(band)>	<isPreferredMeaningOf>	"Neve (band)"@eng	
<id_1099of1_1ia_xaownt>	<Michael_Brown_(Australian_rules_footballer)>	rdfs:label	"Michael Brown (Australian rules footballer)"@eng	
<id_1g3j222_1sz_2n3ecr>	<Sufflamen_albicaudatum>	skos:prefLabel	"Sufflamen albicaudatum"@eng	
	<wordnet_genus_Gesneria_112829809>	<isPreferredMeaningOf>	"genus Gesneria"@eng	
<id_1a6zjcc_1ia_upc8a3>	<Lesser_Tube-nosed_Fruit_Bat>	rdfs:label	"Lesser Tube-nosed Fruit Bat"@eng	
	<Dorothy_Arzner>	rdfs:label	"Arzner"@eng	
	<Morning_Edition>	rdfs:label	"Morning E-dition"@eng	
<id_1cu7k48_nyg_1cjd5xy>	<Santo_Domingo_River>	<isPreferredMeaningOf>	"Santo Domingo River"@eng	
<id_5rkt2k_nyg_1wgaky3>	<Sybil_Stockdale>	<isPreferredMeaningOf>	"Sybil Stockdale"@eng	
<id_rwwnfv_1ia_1sb0lt8>	<Stoneham,_Colorado>	rdfs:label	"Stoneham, Colorado"	
<id_i78h49_1sz_i648y0>	<André_Vos>	skos:prefLabel	"André Vos"@eng	
<id_1wkrfhj_1ia_si8y12>	<Prospekt_(album)>	rdfs:label	"Prospekt (album)"@eng	
	<Alexander_Parygin>	rdfs:label	"Alex Parygin"@eng	
<id_1uuywep_1ia_194zws2>	<Titãs_&_Paralamas_Juntos_Ao_Vivo>	rdfs:label	"Titas & Paralamas Juntos Ao Vivo"@eng	
<id_704y1x_nyg_1c7et6s>	<Eddie_Chong>	<isPreferredMeaningOf>	"Eddie Chong"@eng	
<id_v8vfie_nyg_1fj0new>	<AS_Bordj_Ghédir>	<isPreferredMeaningOf>	"AS Bordj Ghédir"@eng	
<id_1w5jeaa_1o4_1s81mcm>	<Emil_Schallopp>	<hasFamilyName>	"Schallopp"@eng	
	<Deda>	rdfs:label	"Bistra Mureşului"@eng	
<id_1syz5ck_1sz_z54yib>	<Les_Nabis>	skos:prefLabel	"Les Nabis"@eng	
	<Collectives_of_Communist_Youth>	rdfs:label	"CJC-JCPC"@eng	
<id_ametrt_1sz_15l0eag>	<Plumpton,_Cumbria>	skos:prefLabel	"Plumpton, Cumbria"@eng	
<id_4n7scb_1ia_p9958d>	<Karachi_Fashion_Week>	rdfs:label	"Karachi Fashion Week"@eng	
<id_1qta81u_1sz_wzg17l>	<Lord_Peter>	skos:prefLabel	"Lord Peter"@eng	
<id_11dispc_1ia_7jolv3>	<Hal_Crook>	rdfs:label	"Hal Crook"@eng	
<id_1v2d83t_nyg_lheoy2>	<Blair_(typeface)>	<isPreferredMeaningOf>	"Blair (typeface)"@eng	
<id_1gwvra_nyg_1gwvra>	<WOKA-FM>	<isPreferredMeaningOf>	"WOKA-FM"@eng	
	<Sharpe_ratio>	rdfs:label	"Sharpe ratios"@eng	
<id_1ozorl3_1sz_1o11q7c>	<Fred_Chao>	skos:prefLabel	"Fred Chao"@eng	
<id_3s2nor_1sz_1466m24>	<Will_Davidson>	skos:prefLabel	"Will Davidson"@eng	
<id_1djd6fk_1ia_1ckq51t>	<Lilli_Jahn>	rdfs:label	"Lilli Jahn"@eng	
<id_1dtrx7s_1o4_41haf>	<Henry_Oliver_Hansen>	<hasFamilyName>	"Hansen"@eng	
<id_fwchvs_1sz_fwchvs>	<Agasalkatta>	skos:prefLabel	"Agasalkatta"@eng	
<id_rtt556_1ia_haagco>	<Il_sogno_eretico>	rdfs:label	"Il sogno eretico"@eng	
	<Bidet_shower>	rdfs:label	"Bum gun"@eng	
<id_1s43grq_1ia_ya99xh>	<Hala_Halim>	rdfs:label	"Hala Halim"@eng	
<id_1xgn0ob_1ia_1xgn0ob>	<Dolyna>	rdfs:label	"Dolyna"	
<id_1bm2hlu_1sz_213yg3>	<Johmari_Logtenberg>	skos:prefLabel	"Johmari Logtenberg"@eng	
<id_16t1l3g_15u_1o9th9j>	<Chandler_Lindauer>	<hasGivenName>	"Chandler"@eng	
<id_hbneny_1sz_17ip8jk>	<Walling_Cobblestone_Tavern>	skos:prefLabel	"Walling Cobblestone Tavern"@eng	
<id_gw26bt_1o4_1wrymm1>	<Adam_Caporn>	<hasFamilyName>	"Caporn"@eng	
<id_ymr17q_1ia_1z0uzl3>	<Joe_Tabberer>	rdfs:label	"Joe Tabberer"@eng	
<id_11y532w_nyg_11y532w>	<Malsaram>	<isPreferredMeaningOf>	"Malsaram"@eng	
<id_qd5im7_15u_10p11yc>	<James_R._Lyons>	<hasGivenName>	"James"@eng	
	<Methyl_red>	rdfs:label	"Methyl Red"@eng	
<id_ki5rgh_1ia_1ppfmlc>	<Hanora_Mills>	rdfs:label	"Hanora Mills"@eng	
	<Beth_Green_(photographer)>	rdfs:label	"Beth S. Green"@eng	
<id_1o4p0ww_nyg_mio4cg>	<Invisible_(Hautman_novel)>	<isPreferredMeaningOf>	"Invisible (Hautman novel)"@eng	
<id_nx5lrb_nyg_fjn3hh>	<Sigma_Gamma_Rho>	<isPreferredMeaningOf>	"Sigma Gamma Rho"@eng	
<id_g96mwo_1sz_eyngjd>	<Cl-transporting_ATPase>	skos:prefLabel	"Cl-transporting ATPase"@eng	
	<Flatiron_Building>	rdfs:label	"Fuller flatiron"@eng	
	<Journal_of_Investigative_Dermatology>	rdfs:label	"J. Invest. Dermatol."@eng	
<id_1jlyx0w_1ia_ps4q6n>	<Jon_Wayne>	rdfs:label	"Jon Wayne"@eng	
<id_x5ib87_1o4_1kah4gn>	<Cyril_Ponnamperuma>	<hasFamilyName>	"Ponnamperuma"@eng	
<id_1cza68k_1sz_13o8ur8>	<Porky's_Hare_Hunt>	skos:prefLabel	"Porky's Hare Hunt"@eng	
<id_1gbk5g6_1ia_1klbdk>	<Maulana_Abdur_Rahman>	rdfs:label	"Maulana Abdur Rahman"@eng	
	<Edgar_Lee_McWethy,_Jr.>	rdfs:label	"Edgar L. McWethy Jr."@eng	
<id_11frzj3_1ia_zilp8m>	<Nay,_Manche>	rdfs:label	"Nay"@eng	
<id_1ewblii_1o4_10r86qu>	<Koji_Nakao>	<hasFamilyName>	"Nakao"@eng	
<id_r8ii7_1ia_3n34z4>	<Even_(company)>	rdfs:label	"Even Construtora e Incorporadora S.A."	
<id_9e0qun_nyg_xjn3ap>	<Janwar_Aur_Insaan>	<isPreferredMeaningOf>	"Janwar Aur Insaan"@eng	
<id_1os9tpi_nyg_1nhqnc7>	<Minquan_County>	<isPreferredMeaningOf>	"Minquan County"@eng	
<id_mo0f48_1ia_el95wo>	<Fort_Lauderdale_Sun>	rdfs:label	"Fort Lauderdale Sun"@eng	
<id_1o1cylq_nyg_jyuh59>	<The_Parkers>	<isPreferredMeaningOf>	"The Parkers"@eng	
	<wordnet_marathoner_110292969>	<isPreferredMeaningOf>	"road runner"@eng	
<id_m7035r_1sz_m7035r>	<Swiniuchy>	skos:prefLabel	"Swiniuchy"@eng	
<id_13g5szf_nyg_13g5szf>	<Chaillevois>	<isPreferredMeaningOf>	"Chaillevois"@eng	
<id_dkbety_nyg_1212qd4>	<Franciscan_Church_of_the_Annunciation>	<isPreferredMeaningOf>	"Franciscan Church of the Annunciation"@eng	
<id_1baaljv_1o4_1n4xlc1>	<Öztürk_Serengil>	<hasFamilyName>	"Serengil"@eng	
<id_1xgqn6p_1ia_1xgqn6p>	<Dorong>	rdfs:label	"Dorong"	
<id_1ibax7x_1ia_4uv9im>	<Guimarães_Municipality>	rdfs:label	"Guimarães Municipality"@eng	
<id_9x1dv3_nyg_1ab5c8g>	<Lillian_Chalmers>	<isPreferredMeaningOf>	"Lillian Chalmers"@eng	
<id_1b0nvze_1ia_1vat3vw>	<Lit_Bar-e_Zivdar>	rdfs:label	"Lit Bar-e Zivdar"@eng	
<id_1ei6glj_nyg_koc9ra>	<Tammie_Leady>	<isPreferredMeaningOf>	"Tammie Leady"@eng	
<id_12tujhp_nyg_1qzgvxr>	<Chamisal,_New_Mexico>	<isPreferredMeaningOf>	"Chamisal, New Mexico"@eng	
<id_1mqvc3a_nyg_1mg0xx0>	<Percy_Redfern_Creed>	<isPreferredMeaningOf>	"Percy Redfern Creed"@eng	
<id_no2dyd_nyg_1o26cbq>	<Sabaot_language>	<isPreferredMeaningOf>	"Sabaot language"@eng	
<id_xxh269_nyg_43mvc0>	<Gerald_Govan>	<isPreferredMeaningOf>	"Gerald Govan"@eng	
<id_2g5cpn_nyg_2g5cpn>	<Breuil-le-Vert>	<isPreferredMeaningOf>	"Breuil-le-Vert"@eng	
	<Ikarus_Grasshopper>	rdfs:label	"Icarus (disambiguation)"@eng	
<id_auq9pp_1ia_1g204uk>	<Nicolas_Kiesa>	rdfs:label	"Nicolas Kiesa"@eng	
	<Zəylik,_Kalbajar>	rdfs:label	"Zeylik, Kalbajar"@eng	
<id_1c23s8g_1sz_1k20kz3>	<Christie_Downs,_South_Australia>	skos:prefLabel	"Christie Downs, South Australia"@eng	
<id_dln1ur_nyg_15u3o5f>	<Gold_Point,_Nevada>	<isPreferredMeaningOf>	"Gold Point, Nevada"@eng	
<id_1rbcey0_1o4_zjw8cj>	<Jody_Hice>	<hasFamilyName>	"Hice"@eng	
<id_1mf5f6f_15u_zjxmwb>	<John_Hickenlooper>	<hasGivenName>	"John"@eng	
<id_14jevjo_1sz_apkopf>	<Frank_Braña>	skos:prefLabel	"Frank Braña"@eng	
<id_ogw11v_1ia_14v6k66>	<MacPherson,_Singapore>	rdfs:label	"MacPherson"@eng	
<id_o73qsb_1sz_o73qsb>	<Ambohimiarivo>	skos:prefLabel	"Ambohimiarivo"@eng	
<id_onyo6o_1sz_1h0fliq>	<Francisco_Costa_(tennis)>	skos:prefLabel	"Francisco Costa (tennis)"@eng	
<id_1gh1ogv_nyg_cej70e>	<Katy_Freeway>	<isPreferredMeaningOf>	"Katy Freeway"@eng	
<id_1pnwr5s_nyg_1pnwr5s>	<Thannithode>	<isPreferredMeaningOf>	"Thannithode"@eng	
	<Mary_FitzAlan>	rdfs:label	"Mary Fitzalan"@eng	
	<Rookwood_Cemetery_railway_line>	rdfs:label	"Rookwood Cemetery railway line, Sydney"@eng	
<id_40cbj4_1ia_1t5qz27>	<Before_Flying_Back_to_the_Earth>	rdfs:label	"Before Flying Back to the Earth"@eng	
<id_par9s9_1o4_1hxrqwr>	<George_Emlen_Roosevelt>	<hasFamilyName>	"Roosevelt"@eng	
	<Gorham,_Kansas>	rdfs:label	"Gorham, KS"@eng	
<id_1r2kz33_1sz_hgi7r3>	<Halton_Region_EMS>	skos:prefLabel	"Halton Region EMS"@eng	
<id_140rzxg_nyg_vjqgdf>	<Tavern_Hall_Preservation_Society>	<isPreferredMeaningOf>	"Tavern Hall Preservation Society"@eng	
	<Borshchahivka>	rdfs:label	"Borschahivka"@eng	
<id_1f3dt87_nyg_l9jmdy>	<Carlos_Jayme>	<isPreferredMeaningOf>	"Carlos Jayme"@eng	
<id_8rp61j_1o4_10prssu>	<Anthony_Robert_Klitz>	<hasFamilyName>	"Klitz"@eng	
	<Eduard_Telcs>	rdfs:label	"Telcs Ede"@eng	
<id_1j79sb1_nyg_pdflgs>	<Ulrich_Eicke>	<isPreferredMeaningOf>	"Ulrich Eicke"@eng	
<id_ea170f_1sz_1ftv1tq>	<New_Orleans_Police_Department>	skos:prefLabel	"New Orleans Police Department"@eng	
<id_10ppazd_1ia_10ppazd>	<Gällö>	rdfs:label	"Gällö"	
<id_wfr2g1_nyg_1recmyo>	<James_Kakooza>	<isPreferredMeaningOf>	"James Kakooza"@eng	
<id_wpwdj2_1ia_wpwdj2>	<Jagadal>	rdfs:label	"Jagadal"	
	<Mahmoud_Abou_Rafeh>	rdfs:label	"Mahmoud Rafeh"@eng	
<id_1ty08ir_1ia_1ty08ir>	<Hållsta>	rdfs:label	"Hållsta"	
<id_1vos199_15u_zilgsx>	<Bud_Daugherty>	<hasGivenName>	"Bud"@eng	
	<Daredevil_(Lev_Gleason_Publications)>	rdfs:label	"Daredevil Comics"@eng	
	<Clone_trooper>	rdfs:label	"Clone trooper captain"@eng	
<id_idg04c_15u_zjxmwb>	<John_Woodford>	<hasGivenName>	"John"@eng	
	<William_Cleaveland>	rdfs:label	"Bill Cleaveland"@eng	
<id_1b6zwbn_1sz_t3mdet>	<John_Francis_Cunningham>	skos:prefLabel	"John Francis Cunningham"@eng	
<id_1ibefii_1o4_45pas>	<Cherise_Haugen>	<hasFamilyName>	"Haugen"@eng	
<id_17psz4n_1ia_115uhl>	<Barco,_North_Carolina>	rdfs:label	"Barco, North Carolina"@eng	
<id_1vuih4l_nyg_1vuih4l>	<Nawamidanda>	<isPreferredMeaningOf>	"Nawamidanda"@eng	
	<Floridablanca_(Patagonia)>	rdfs:label	"Florida blanca"@eng	
	<Minor_League_Baseball_rosters>	rdfs:label	"List of current Minor League Baseball rosters"@eng	
<id_11a68y5_1ia_1b5srx>	<Church_Street_(Manhattan)>	rdfs:label	"Church Street (Manhattan)"@eng	
<id_dp72b7_1ia_dp72b7>	<Tekkadon>	rdfs:label	"Tekkadon"@eng	
<id_7p08h1_1sz_6jtlt1>	<United_States_Ambassador_to_Kenya>	skos:prefLabel	"United States Ambassador to Kenya"@eng	
<id_xqqops_1sz_j2k7ts>	<Real_Casa_de_la_Aduana>	skos:prefLabel	"Real Casa de la Aduana"@eng	
<id_19v2bbk_1o4_xqd7sg>	<Tomas_J._Philipson>	<hasFamilyName>	"Philipson"@eng	
<id_1fc9llv_nyg_1vtxwk>	<Glavinitsa_Municipality>	<isPreferredMeaningOf>	"Glavinitsa Municipality"@eng	
	<Johan_Ludvig_Heiberg_(historian)>	rdfs:label	"Johan Ludvig Heiberg (1854–1928)"@eng	
	<Linghai>	rdfs:label	"凌海市"@eng	
	<Cancionero_de_Palacio>	rdfs:label	"Cancionero Musical de Palacio"@eng	
<id_1sokwxn_nyg_yuqq3e>	<Stephan_Pyles>	<isPreferredMeaningOf>	"Stephan Pyles"@eng	
<id_g872cs_nyg_1b6smvf>	<Billy_Madison>	<isPreferredMeaningOf>	"Billy Madison"@eng	
	<Richard_Barnett_(sport_shooter)>	rdfs:label	"Richard Whieldon Barnett"@eng	
	<wordnet_light-o'-love_110262343>	<isPreferredMeaningOf>	"light-of-love"@eng	
<id_1b8ail6_nyg_1ist455>	<Eschweilera_tetrapetala>	<isPreferredMeaningOf>	"Eschweilera tetrapetala"@eng	
<id_i101jd_1sz_1if3zwq>	<Kristian_Prestrud>	skos:prefLabel	"Kristian Prestrud"@eng	
<id_1087vzy_1ia_6edp5p>	<Santosh_Sivan>	rdfs:label	"Santosh Sivan"@eng	
<id_5mxwm5_nyg_4ceq8u>	<Bettles,_Alaska>	<isPreferredMeaningOf>	"Bettles, Alaska"@eng	
<id_nphork_1ia_1o3ln4x>	<Paulita_Sedgwick>	rdfs:label	"Paulita Sedgwick"@eng	
<id_tvmjih_1ia_1ou8414>	<Colonia_Condesa>	rdfs:label	"Colonia Condesa"@eng	
	<China-Nepal_Highway>	rdfs:label	"Sino-Nepal highway"@eng	
	<wordnet_radiotelegraph_106275471>	<isPreferredMeaningOf>	"radiotelegraphy"@eng	
<id_j6qy8d_1ia_1awcv7y>	<Favorite_Son_(film)>	rdfs:label	"Favorite Son"@eng	
<id_1m4omke_1ia_1wvm1b2>	<Cheila_(film)>	rdfs:label	"Cheila"@eng	
<id_5qkq5p_nyg_12lgb6z>	<SeaWorld_San_Diego>	<isPreferredMeaningOf>	"SeaWorld San Diego"@eng	
<id_17abvcv_nyg_16botz4>	<Ralph_Howe>	<isPreferredMeaningOf>	"Ralph Howe"@eng	
<id_35f4gb_1sz_13jj2to>	<Saint-Josse-ten-Noode_Cemetery>	skos:prefLabel	"Saint-Josse-ten-Noode Cemetery"@eng	
<id_1j9wyin_1ia_18qe9q5>	<Dottie's_Magic_Pockets>	rdfs:label	"Dottie's Magic Pockets"@eng	
	<Mepenzolate>	rdfs:label	"Colibantil"@eng	
<id_1y99a2u_nyg_1y99a2u>	<Fenjal>	<isPreferredMeaningOf>	"Fenjal"@eng	
<id_1br0tl8_1ia_y7xc18>	<John_Murphy_(loyalist)>	rdfs:label	"John Murphy"@eng	
	<Dima_Bilan>	rdfs:label	"Not That Simple"@eng	
<id_1vy6ry5_nyg_124cl3w>	<Durfee_Mills>	<isPreferredMeaningOf>	"Durfee Mills"@eng	
	<S._R._Rana>	rdfs:label	"Sardar Singh Rana"@eng	
<id_89bjz7_nyg_ttzy90>	<James_Lindsay-Fynn>	<isPreferredMeaningOf>	"James Lindsay-Fynn"@eng	
<id_fcextb_1ia_lwopcf>	<Castle_of_Vêves>	rdfs:label	"Castle of Vêves"@eng	
<id_wypkvf_1o4_142egod>	<Franz_Michelberger>	<hasFamilyName>	"Michelberger"@eng	
<id_u0dbfj_15u_1txzy55>	<Lillete_Dubey>	<hasGivenName>	"Lillete"@eng	
<id_pj9mvl_nyg_1pxdl8y>	<Sappy_Birthday>	<isPreferredMeaningOf>	"Sappy Birthday"@eng	
<id_139eqi4_1ia_12arp4d>	<Erki_Pehk>	rdfs:label	"Erki Pehk"@eng	
